{"framework": "h2o", "accuracy_score": 0.956140350877193, "average_precision_score": 0.9413946934332406, "balanced_accuracy_score": 0.9464461185718964, "cohen_kappa_score": 0.9053470607771504, "f1_score_macro": 0.9526381387619443, "f1_score_micro": 0.956140350877193, "f1_score_weighted": 0.9558014271241044, "matthews_corrcoef": 0.9068106119605033, "precision_score": 0.9459459459459459, "recall_score": 0.9859154929577465, "roc_auc_score": 0.9464461185718965, "training_time": "00:09:59", "test_time": "00:00:00"}