{"framework": "flaml", "accuracy_score": 0.9649122807017544, "average_precision_score": 0.9541703477292498, "balanced_accuracy_score": 0.9580740255486406, "cohen_kappa_score": 0.9246280991735537, "f1_score_macro": 0.9623015873015873, "f1_score_micro": 0.9649122807017544, "f1_score_weighted": 0.9647382344750767, "matthews_corrcoef": 0.9252853920667758, "precision_score": 0.958904109589041, "recall_score": 0.9859154929577465, "roc_auc_score": 0.9580740255486406, "training_time": "00:10:00", "test_time": "00:00:00"}