{"framework": "autokeras", "accuracy_score": 0.9824561403508771, "average_precision_score": 0.9808012890786777, "balanced_accuracy_score": 0.981329839502129, "cohen_kappa_score": 0.9626596790042581, "f1_score_macro": 0.981329839502129, "f1_score_micro": 0.9824561403508771, "f1_score_weighted": 0.9824561403508771, "matthews_corrcoef": 0.9626596790042581, "precision_score": 0.9859154929577465, "recall_score": 0.9859154929577465, "roc_auc_score": 0.9813298395021289, "training_time": "00:00:05", "test_time": "00:00:00"}