{
    "id": 41465,
    "framework": "autosklearn",
    "results": [
        {
            "seed": "2",
            "accuracy_score": 0.2857142857142857,
            "average_precision_score": 0.539948943518086,
            "balanced_accuracy_score": -1.0,
            "cohen_kappa_score": -1.0,
            "f1_score_macro": 0.6649584105190511,
            "f1_score_micro": 0.6869565217391305,
            "f1_score_weighted": 0.6823459880592886,
            "matthews_corrcoef": -1.0,
            "precision_score": -1.0,
            "recall_score": -1.0,
            "roc_auc_score": 0.7610598920038414,
            "coverage_error": 3.7899159663865545,
            "label_ranking_average_precision_score": 0.6349206349206348,
            "label_ranking_loss": 0.3833566760037349,
            "training_time": 301.38823796703946,
            "test_time": 1.1097320270491764
        },
        {
            "seed": "3",
            "accuracy_score": 0.33613445378151263,
            "average_precision_score": 0.5640135519392601,
            "balanced_accuracy_score": -1.0,
            "cohen_kappa_score": -1.0,
            "f1_score_macro": 0.6944240930544875,
            "f1_score_micro": 0.7122736418511065,
            "f1_score_weighted": 0.7110681322154474,
            "matthews_corrcoef": -1.0,
            "precision_score": -1.0,
            "recall_score": -1.0,
            "roc_auc_score": 0.7851696298769912,
            "coverage_error": 3.5546218487394956,
            "label_ranking_average_precision_score": 0.6587301587301587,
            "label_ranking_loss": 0.32927170868347344,
            "training_time": 299.98129157803487,
            "test_time": 0.7742088929517195
        },
        {
            "seed": "5",
            "accuracy_score": 0.37815126050420167,
            "average_precision_score": 0.6284167982126907,
            "balanced_accuracy_score": -1.0,
            "cohen_kappa_score": -1.0,
            "f1_score_macro": 0.7163842150905677,
            "f1_score_micro": 0.7325842696629213,
            "f1_score_weighted": 0.7192608429928706,
            "matthews_corrcoef": -1.0,
            "precision_score": -1.0,
            "recall_score": -1.0,
            "roc_auc_score": 0.8010320605102197,
            "coverage_error": 3.8151260504201683,
            "label_ranking_average_precision_score": 0.6953781512605043,
            "label_ranking_loss": 0.34498132586367886,
            "training_time": 296.6688858389389,
            "test_time": 1.4934007909614593
        },
        {
            "seed": "7",
            "accuracy_score": 0.24369747899159663,
            "average_precision_score": 0.5601011857065913,
            "balanced_accuracy_score": -1.0,
            "cohen_kappa_score": -1.0,
            "f1_score_macro": 0.6521158828557253,
            "f1_score_micro": 0.6713286713286714,
            "f1_score_weighted": 0.6587788780879207,
            "matthews_corrcoef": -1.0,
            "precision_score": -1.0,
            "recall_score": -1.0,
            "roc_auc_score": 0.7501011439783607,
            "coverage_error": 4.352941176470588,
            "label_ranking_average_precision_score": 0.6353874883286649,
            "label_ranking_loss": 0.4281512605042017,
            "training_time": 301.2693434810499,
            "test_time": 2.4666823300067335
        },
        {
            "seed": "11",
            "accuracy_score": 0.3277310924369748,
            "average_precision_score": 0.6003941211793691,
            "balanced_accuracy_score": -1.0,
            "cohen_kappa_score": -1.0,
            "f1_score_macro": 0.7075336049871369,
            "f1_score_micro": 0.7251732101616627,
            "f1_score_weighted": 0.7179666308606468,
            "matthews_corrcoef": -1.0,
            "precision_score": -1.0,
            "recall_score": -1.0,
            "roc_auc_score": 0.7923383632180158,
            "coverage_error": 3.7563025210084033,
            "label_ranking_average_precision_score": 0.6846405228758173,
            "label_ranking_loss": 0.332889822595705,
            "training_time": 300.5723016191041,
            "test_time": 2.4965295490110293
        },
        {
            "seed": "13",
            "accuracy_score": 0.36134453781512604,
            "average_precision_score": 0.58268695304172,
            "balanced_accuracy_score": -1.0,
            "cohen_kappa_score": -1.0,
            "f1_score_macro": 0.6825576416640854,
            "f1_score_micro": 0.697986577181208,
            "f1_score_weighted": 0.68786076260284,
            "matthews_corrcoef": -1.0,
            "precision_score": -1.0,
            "recall_score": -1.0,
            "roc_auc_score": 0.7693115506814093,
            "coverage_error": 3.8403361344537816,
            "label_ranking_average_precision_score": 0.6741363211951449,
            "label_ranking_loss": 0.3757236227824463,
            "training_time": 301.65170791803394,
            "test_time": 1.5904846519697458
        },
        {
            "seed": "17",
            "accuracy_score": 0.3025210084033613,
            "average_precision_score": 0.5632028377692868,
            "balanced_accuracy_score": -1.0,
            "cohen_kappa_score": -1.0,
            "f1_score_macro": 0.6931773639733998,
            "f1_score_micro": 0.704225352112676,
            "f1_score_weighted": 0.7070855403749943,
            "matthews_corrcoef": -1.0,
            "precision_score": -1.0,
            "recall_score": -1.0,
            "roc_auc_score": 0.794609573329462,
            "coverage_error": 3.680672268907563,
            "label_ranking_average_precision_score": 0.6447245564892622,
            "label_ranking_loss": 0.34649859943977596,
            "training_time": 297.2181005469756,
            "test_time": 1.7873289120616391
        },
        {
            "seed": "19",
            "accuracy_score": 0.35294117647058826,
            "average_precision_score": 0.5812937928563866,
            "balanced_accuracy_score": -1.0,
            "cohen_kappa_score": -1.0,
            "f1_score_macro": 0.699264521445686,
            "f1_score_micro": 0.7158836689038032,
            "f1_score_weighted": 0.7144877357663749,
            "matthews_corrcoef": -1.0,
            "precision_score": -1.0,
            "recall_score": -1.0,
            "roc_auc_score": 0.7881644626623009,
            "coverage_error": 3.672268907563025,
            "label_ranking_average_precision_score": 0.6722689075630254,
            "label_ranking_loss": 0.34365079365079365,
            "training_time": 298.8519671270624,
            "test_time": 0.9027130469912663
        },
        {
            "seed": "23",
            "accuracy_score": 0.19327731092436976,
            "average_precision_score": 0.5047803427367052,
            "balanced_accuracy_score": -1.0,
            "cohen_kappa_score": -1.0,
            "f1_score_macro": 0.6444438869096404,
            "f1_score_micro": 0.650375939849624,
            "f1_score_weighted": 0.653963408665786,
            "matthews_corrcoef": -1.0,
            "precision_score": -1.0,
            "recall_score": -1.0,
            "roc_auc_score": 0.7483692534903786,
            "coverage_error": 3.8739495798319328,
            "label_ranking_average_precision_score": 0.5715452847805789,
            "label_ranking_loss": 0.41106442577030816,
            "training_time": 300.93860868702177,
            "test_time": 2.468591518001631
        },
        {
            "seed": "29",
            "accuracy_score": 0.2773109243697479,
            "average_precision_score": 0.5520876103769572,
            "balanced_accuracy_score": -1.0,
            "cohen_kappa_score": -1.0,
            "f1_score_macro": 0.6611699112472563,
            "f1_score_micro": 0.6710526315789473,
            "f1_score_weighted": 0.6632526781520264,
            "matthews_corrcoef": -1.0,
            "precision_score": -1.0,
            "recall_score": -1.0,
            "roc_auc_score": 0.7572318314959267,