{
    "id": 41465,
    "framework": "autogluon",
    "results": [
        {
            "seed": "2",
            "accuracy_score": 0.07563025210084033,
            "average_precision_score": 0.3553406431273256,
            "balanced_accuracy_score": -1.0,
            "cohen_kappa_score": -1.0,
            "f1_score_macro": 0.2402891004599912,
            "f1_score_micro": 0.2763466042154567,
            "f1_score_weighted": 0.23193037884252313,
            "matthews_corrcoef": -1.0,
            "precision_score": -1.0,
            "recall_score": -1.0,
            "roc_auc_score": 0.48363542006777777,
            "coverage_error": 5.46218487394958,
            "label_ranking_average_precision_score": 0.4129318394024275,
            "label_ranking_loss": 0.775326797385621,
            "training_time": 96.34581901300044,
            "test_time": 0.16182565999952203
        },
        {
            "seed": "3",
            "accuracy_score": 0.07563025210084033,
            "average_precision_score": 0.3678638939331289,
            "balanced_accuracy_score": -1.0,
            "cohen_kappa_score": -1.0,
            "f1_score_macro": 0.24658369371618594,
            "f1_score_micro": 0.2717149220489978,
            "f1_score_weighted": 0.21949944725130455,
            "matthews_corrcoef": -1.0,
            "precision_score": -1.0,
            "recall_score": -1.0,
            "roc_auc_score": 0.48166155993206394,
            "coverage_error": 5.504201680672269,
            "label_ranking_average_precision_score": 0.4012605042016802,
            "label_ranking_loss": 0.7927871148459384,
            "training_time": 88.86117627899876,
            "test_time": 0.38596734200109495
        },
        {
            "seed": "5",
            "accuracy_score": 0.07563025210084033,
            "average_precision_score": 0.3752809696779115,
            "balanced_accuracy_score": -1.0,
            "cohen_kappa_score": -1.0,
            "f1_score_macro": 0.232968811411321,
            "f1_score_micro": 0.2657657657657658,
            "f1_score_weighted": 0.20680879946703687,
            "matthews_corrcoef": -1.0,
            "precision_score": -1.0,
            "recall_score": -1.0,
            "roc_auc_score": 0.48098300745811784,
            "coverage_error": 5.495798319327731,
            "label_ranking_average_precision_score": 0.40826330532212873,
            "label_ranking_loss": 0.7923202614379083,
            "training_time": 73.86054526899898,
            "test_time": 0.2449051569983567
        },
        {
            "seed": "7",
            "accuracy_score": 0.03361344537815126,
            "average_precision_score": 0.3417805529013114,
            "balanced_accuracy_score": -1.0,
            "cohen_kappa_score": -1.0,
            "f1_score_macro": 0.22625675138552914,
            "f1_score_micro": 0.25986078886310904,
            "f1_score_weighted": 0.2442332102655938,
            "matthews_corrcoef": -1.0,
            "precision_score": -1.0,
            "recall_score": -1.0,
            "roc_auc_score": 0.45576922441213963,
            "coverage_error": 5.6722689075630255,
            "label_ranking_average_precision_score": 0.3942577030812326,
            "label_ranking_loss": 0.8075863678804854,
            "training_time": 73.66939396900125,
            "test_time": 0.07225650399959704
        },
        {
            "seed": "11",
            "accuracy_score": 0.05042016806722689,
            "average_precision_score": 0.3688386151114802,
            "balanced_accuracy_score": -1.0,
            "cohen_kappa_score": -1.0,
            "f1_score_macro": 0.27743947862409685,
            "f1_score_micro": 0.3066361556064073,
            "f1_score_weighted": 0.27879772802570124,
            "matthews_corrcoef": -1.0,
            "precision_score": -1.0,
            "recall_score": -1.0,
            "roc_auc_score": 0.5005410688474071,
            "coverage_error": 5.563025210084033,
            "label_ranking_average_precision_score": 0.4077964519140986,
            "label_ranking_loss": 0.7573996265172734,
            "training_time": 71.10725212800025,
            "test_time": 0.27104830499956734
        },
        {
            "seed": "13",
            "accuracy_score": 0.07563025210084033,
            "average_precision_score": 0.37827485044005865,
            "balanced_accuracy_score": -1.0,
            "cohen_kappa_score": -1.0,
            "f1_score_macro": 0.24103561056091874,
            "f1_score_micro": 0.28045977011494255,
            "f1_score_weighted": 0.23682628171115394,
            "matthews_corrcoef": -1.0,
            "precision_score": -1.0,
            "recall_score": -1.0,
            "roc_auc_score": 0.4890504844028271,
            "coverage_error": 5.554621848739496,
            "label_ranking_average_precision_score": 0.4066293183940243,
            "label_ranking_loss": 0.7907096171802054,
            "training_time": 76.25542811000014,
            "test_time": 0.3798140440012503
        },
        {
            "seed": "17",
            "accuracy_score": 0.03361344537815126,
            "average_precision_score": 0.3577974169585265,
            "balanced_accuracy_score": -1.0,
            "cohen_kappa_score": -1.0,
            "f1_score_macro": 0.2388956454173846,
            "f1_score_micro": 0.2678983833718245,
            "f1_score_weighted": 0.2090608715830042,
            "matthews_corrcoef": -1.0,
            "precision_score": -1.0,
            "recall_score": -1.0,
            "roc_auc_score": 0.49140941512600805,
            "coverage_error": 5.630252100840337,
            "label_ranking_average_precision_score": 0.3998599439775909,
            "label_ranking_loss": 0.7928804855275443,
            "training_time": 78.72247190999951,
            "test_time": 0.14341604099899996
        },
        {
            "seed": "19",
            "accuracy_score": 0.08403361344537816,
            "average_precision_score": 0.3723599594101787,
            "balanced_accuracy_score": -1.0,
            "cohen_kappa_score": -1.0,
            "f1_score_macro": 0.22050399642702925,
            "f1_score_micro": 0.2725173210161662,
            "f1_score_weighted": 0.2198853955381175,
            "matthews_corrcoef": -1.0,
            "precision_score": -1.0,
            "recall_score": -1.0,
            "roc_auc_score": 0.477740974239572,
            "coverage_error": 5.411764705882353,
            "label_ranking_average_precision_score": 0.41573295985060676,
            "label_ranking_loss": 0.7753267973856209,
            "training_time": 82.36008938899977,
            "test_time": 0.1131186170005094
        },
        {
            "seed": "23",
            "accuracy_score": 0.06722689075630252,
            "average_precision_score": 0.3594446703930318,
            "balanced_accuracy_score": -1.0,
            "cohen_kappa_score": -1.0,
            "f1_score_macro": 0.20974811739429433,
            "f1_score_micro": 0.25058004640371234,
            "f1_score_weighted": 0.20899025018938158,
            "matthews_corrcoef": -1.0,
            "precision_score": -1.0,
            "recall_score": -1.0,
            "roc_auc_score": 0.4604053093110962,
            "coverage_error": 5.495798319327731,
            "label_ranking_average_precision_score": 0.4014939309056955,
            "label_ranking_loss": 0.8062558356676003,
            "training_time": 71.66521761899821,
            "test_time": 0.25066945999969903
        },
        {
            "seed": "29",
            "accuracy_score": 0.06722689075630252,
            "average_precision_score": 0.3569301611382432,
            "balanced_accuracy_score": -1.0,
            "cohen_kappa_score": -1.0,
            "f1_score_macro": 0.25475177843598895,
            "f1_score_micro": 0.28634361233480177,
            "f1_score_weighted": 0.25600641333974666,
            "matthews_corrcoef": -1.0,
            "precision_score": -1.0,
            "recall_score": -1.0,