{
    "id": 41465,
    "framework": "fedot",
    "results": [
        {
            "seed": "2",
            "accuracy_score": 0.33613445378151263,
            "average_precision_score": 0.539717529079169,
            "balanced_accuracy_score": -1.0,
            "cohen_kappa_score": -1.0,
            "f1_score_macro": 0.6222701261759968,
            "f1_score_micro": 0.6699751861042184,
            "f1_score_weighted": 0.6499161248285712,
            "matthews_corrcoef": -1.0,
            "precision_score": -1.0,
            "recall_score": -1.0,
            "roc_auc_score": 0.7310978701523015,
            "coverage_error": 4.176470588235294,
            "label_ranking_average_precision_score": 0.6547619047619049,
            "label_ranking_loss": 0.43013538748832864,
            "training_time": 308.7869470190053,
            "test_time": 0.03859929800091777
        },
        {
            "seed": "3",
            "accuracy_score": 0.3697478991596639,
            "average_precision_score": 0.5941046088310437,
            "balanced_accuracy_score": -1.0,
            "cohen_kappa_score": -1.0,
            "f1_score_macro": 0.6713557475505837,
            "f1_score_micro": 0.7067307692307694,
            "f1_score_weighted": 0.6914152582622769,
            "matthews_corrcoef": -1.0,
            "precision_score": -1.0,
            "recall_score": -1.0,
            "roc_auc_score": 0.7637971799326168,
            "coverage_error": 3.9831932773109244,
            "label_ranking_average_precision_score": 0.6865079365079365,
            "label_ranking_loss": 0.3830765639589169,
            "training_time": 311.8354399230011,
            "test_time": 0.04073875199537724
        },
        {
            "seed": "5",
            "accuracy_score": 0.3445378151260504,
            "average_precision_score": 0.6056016440958383,
            "balanced_accuracy_score": -1.0,
            "cohen_kappa_score": -1.0,
            "f1_score_macro": 0.6655472689245646,
            "f1_score_micro": 0.6911764705882353,
            "f1_score_weighted": 0.6716965199410658,
            "matthews_corrcoef": -1.0,
            "precision_score": -1.0,
            "recall_score": -1.0,
            "roc_auc_score": 0.7649619924522679,
            "coverage_error": 4.201680672268908,
            "label_ranking_average_precision_score": 0.6673669467787116,
            "label_ranking_loss": 0.42093837535014,
            "training_time": 308.59823159901134,
            "test_time": 0.044022898000548594
        },
        {
            "seed": "7",
            "accuracy_score": 0.19327731092436976,
            "average_precision_score": 0.5321974900388587,
            "balanced_accuracy_score": -1.0,
            "cohen_kappa_score": -1.0,
            "f1_score_macro": 0.5855830237413165,
            "f1_score_micro": 0.6259541984732825,
            "f1_score_weighted": 0.5995810290025172,
            "matthews_corrcoef": -1.0,
            "precision_score": -1.0,
            "recall_score": -1.0,
            "roc_auc_score": 0.7136215068101741,
            "coverage_error": 4.722689075630252,
            "label_ranking_average_precision_score": 0.5940709617180204,
            "label_ranking_loss": 0.5115546218487396,
            "training_time": 297.42846751899924,
            "test_time": 0.04259400498995092
        },
        {
            "seed": "11",
            "accuracy_score": 0.29411764705882354,
            "average_precision_score": 0.5511985379203449,
            "balanced_accuracy_score": -1.0,
            "cohen_kappa_score": -1.0,
            "f1_score_macro": 0.617878199597354,
            "f1_score_micro": 0.6683937823834196,
            "f1_score_weighted": 0.6417561768340098,
            "matthews_corrcoef": -1.0,
            "precision_score": -1.0,
            "recall_score": -1.0,
            "roc_auc_score": 0.7345973643417861,
            "coverage_error": 4.319327731092437,
            "label_ranking_average_precision_score": 0.6409897292250233,
            "label_ranking_loss": 0.4475256769374416,
            "training_time": 306.0380978540052,
            "test_time": 0.05326105900167022
        },
        {
            "seed": "13",
            "accuracy_score": 0.31932773109243695,
            "average_precision_score": 0.5591521720065668,
            "balanced_accuracy_score": -1.0,
            "cohen_kappa_score": -1.0,
            "f1_score_macro": 0.6276480605813405,
            "f1_score_micro": 0.6486486486486487,
            "f1_score_weighted": 0.6346157648107855,
            "matthews_corrcoef": -1.0,
            "precision_score": -1.0,
            "recall_score": -1.0,
            "roc_auc_score": 0.7291107237244953,
            "coverage_error": 4.277310924369748,
            "label_ranking_average_precision_score": 0.6444911297852476,
            "label_ranking_loss": 0.45585901027077497,
            "training_time": 301.9730641060014,
            "test_time": 0.03963272599503398
        },
        {
            "seed": "17",
            "accuracy_score": 0.2857142857142857,
            "average_precision_score": 0.6156856939596335,
            "balanced_accuracy_score": -1.0,
            "cohen_kappa_score": -1.0,
            "f1_score_macro": 0.6724954792043402,
            "f1_score_micro": 0.6982543640897756,
            "f1_score_weighted": 0.6663741076933666,
            "matthews_corrcoef": -1.0,
            "precision_score": -1.0,
            "recall_score": -1.0,
            "roc_auc_score": 0.7765856317379008,
            "coverage_error": 4.294117647058823,
            "label_ranking_average_precision_score": 0.6514939309056954,
            "label_ranking_loss": 0.417623716153128,
            "training_time": 308.6506566480093,
            "test_time": 0.07402681899839081
        },
        {
            "seed": "19",
            "accuracy_score": 0.3949579831932773,
            "average_precision_score": 0.6252652806214462,
            "balanced_accuracy_score": -1.0,
            "cohen_kappa_score": -1.0,
            "f1_score_macro": 0.7054215558452847,
            "f1_score_micro": 0.7355163727959698,
            "f1_score_weighted": 0.7266453537175619,
            "matthews_corrcoef": -1.0,
            "precision_score": -1.0,
            "recall_score": -1.0,
            "roc_auc_score": 0.7844437460972551,
            "coverage_error": 3.966386554621849,
            "label_ranking_average_precision_score": 0.7100840336134456,
            "label_ranking_loss": 0.35896358543417367,
            "training_time": 304.0014538800024,
            "test_time": 0.04461065700161271
        },
        {
            "seed": "23",
            "accuracy_score": 0.36134453781512604,
            "average_precision_score": 0.5852476012619848,
            "balanced_accuracy_score": -1.0,
            "cohen_kappa_score": -1.0,
            "f1_score_macro": 0.6569854973830086,
            "f1_score_micro": 0.6829268292682927,
            "f1_score_weighted": 0.6673960566599982,
            "matthews_corrcoef": -1.0,
            "precision_score": -1.0,
            "recall_score": -1.0,
            "roc_auc_score": 0.7514299256524324,
            "coverage_error": 4.033613445378151,
            "label_ranking_average_precision_score": 0.662464985994398,
            "label_ranking_loss": 0.4170868347338936,
            "training_time": 302.050732660995,
            "test_time": 0.044294310006080195
        },
        {
            "seed": "29",
            "accuracy_score": 0.2689075630252101,
            "average_precision_score": 0.5650198550308417,
            "balanced_accuracy_score": -1.0,
            "cohen_kappa_score": -1.0,
            "f1_score_macro": 0.6266915854875862,
            "f1_score_micro": 0.6584766584766586,
            "f1_score_weighted": 0.6288680883924422,
            "matthews_corrcoef": -1.0,
            "precision_score": -1.0,
            "recall_score": -1.0,
            "roc_auc_score": 0.7401897020191052,