{
    "id": 41465,
    "framework": "autokeras",
    "results": [
        {
            "seed": "2",
            "accuracy_score": 0.19327731092436976,
            "average_precision_score": 0.4728214394528911,
            "balanced_accuracy_score": -1.0,
            "cohen_kappa_score": -1.0,
            "f1_score_macro": 0.46273638157778213,
            "f1_score_micro": 0.5384615384615384,
            "f1_score_weighted": 0.4916710089343379,
            "matthews_corrcoef": -1.0,
            "precision_score": -1.0,
            "recall_score": -1.0,
            "roc_auc_score": 0.6614331566652135,
            "coverage_error": 5.033613445378151,
            "label_ranking_average_precision_score": 0.6316526610644256,
            "label_ranking_loss": 0.5476190476190476,
            "training_time": 38.8104251769837,
            "test_time": 0.5543275090167299
        },
        {
            "seed": "3",
            "accuracy_score": 0.15966386554621848,
            "average_precision_score": 0.43216866649788854,
            "balanced_accuracy_score": -1.0,
            "cohen_kappa_score": -1.0,
            "f1_score_macro": 0.44153454064965586,
            "f1_score_micro": 0.46783625730994155,
            "f1_score_weighted": 0.4552322402803761,
            "matthews_corrcoef": -1.0,
            "precision_score": -1.0,
            "recall_score": -1.0,
            "roc_auc_score": 0.6325385467724874,
            "coverage_error": 5.201680672268908,
            "label_ranking_average_precision_score": 0.5826330532212881,
            "label_ranking_loss": 0.6176470588235295,
            "training_time": 28.763943620957434,
            "test_time": 0.5251650549471378
        },
        {
            "seed": "5",
            "accuracy_score": 0.15966386554621848,
            "average_precision_score": 0.4896407912289343,
            "balanced_accuracy_score": -1.0,
            "cohen_kappa_score": -1.0,
            "f1_score_macro": 0.49918255503361886,
            "f1_score_micro": 0.5000000000000001,
            "f1_score_weighted": 0.48805569371526814,
            "matthews_corrcoef": -1.0,
            "precision_score": -1.0,
            "recall_score": -1.0,
            "roc_auc_score": 0.6607220556547723,
            "coverage_error": 5.201680672268908,
            "label_ranking_average_precision_score": 0.6036414565826328,
            "label_ranking_loss": 0.5910364145658263,
            "training_time": 32.31222291698214,
            "test_time": 0.6216329060262069
        },
        {
            "seed": "7",
            "accuracy_score": 0.15126050420168066,
            "average_precision_score": 0.47403432151413183,
            "balanced_accuracy_score": -1.0,
            "cohen_kappa_score": -1.0,
            "f1_score_macro": 0.48038973175694855,
            "f1_score_micro": 0.49562682215743437,
            "f1_score_weighted": 0.4740349304359057,
            "matthews_corrcoef": -1.0,
            "precision_score": -1.0,
            "recall_score": -1.0,
            "roc_auc_score": 0.6585769737052808,
            "coverage_error": 5.243697478991597,
            "label_ranking_average_precision_score": 0.5980392156862743,
            "label_ranking_loss": 0.596638655462185,
            "training_time": 34.74211243505124,
            "test_time": 0.5230076699517667
        },
        {
            "seed": "11",
            "accuracy_score": 0.15966386554621848,
            "average_precision_score": 0.46050176281220584,
            "balanced_accuracy_score": -1.0,
            "cohen_kappa_score": -1.0,
            "f1_score_macro": 0.4737208418059482,
            "f1_score_micro": 0.5194029850746269,
            "f1_score_weighted": 0.49622153522862744,
            "matthews_corrcoef": -1.0,
            "precision_score": -1.0,
            "recall_score": -1.0,
            "roc_auc_score": 0.6537812664884893,
            "coverage_error": 5.201680672268908,
            "label_ranking_average_precision_score": 0.6036414565826328,
            "label_ranking_loss": 0.57703081232493,
            "training_time": 29.751195761025883,
            "test_time": 0.504225616925396
        },
        {
            "seed": "13",
            "accuracy_score": 0.15126050420168066,
            "average_precision_score": 0.45680557856282017,
            "balanced_accuracy_score": -1.0,
            "cohen_kappa_score": -1.0,
            "f1_score_macro": 0.45472124462320535,
            "f1_score_micro": 0.47536231884057967,
            "f1_score_weighted": 0.46270354204763364,
            "matthews_corrcoef": -1.0,
            "precision_score": -1.0,
            "recall_score": -1.0,
            "roc_auc_score": 0.6376187227851339,
            "coverage_error": 5.243697478991597,
            "label_ranking_average_precision_score": 0.5952380952380951,
            "label_ranking_loss": 0.6064425770308124,
            "training_time": 29.561994520016015,
            "test_time": 0.511772513971664
        },
        {
            "seed": "17",
            "accuracy_score": 0.15966386554621848,
            "average_precision_score": 0.48573064479970046,
            "balanced_accuracy_score": -1.0,
            "cohen_kappa_score": -1.0,
            "f1_score_macro": 0.4899629252100182,
            "f1_score_micro": 0.5235294117647059,
            "f1_score_weighted": 0.5018877506822104,
            "matthews_corrcoef": -1.0,
            "precision_score": -1.0,
            "recall_score": -1.0,
            "roc_auc_score": 0.666835958402007,
            "coverage_error": 5.201680672268908,
            "label_ranking_average_precision_score": 0.6120448179271706,
            "label_ranking_loss": 0.5728291316526612,
            "training_time": 27.080904597998597,
            "test_time": 0.49094852106645703
        },
        {
            "seed": "19",
            "accuracy_score": 0.226890756302521,
            "average_precision_score": 0.47743931568248094,
            "balanced_accuracy_score": -1.0,
            "cohen_kappa_score": -1.0,
            "f1_score_macro": 0.49698010108226826,
            "f1_score_micro": 0.5325443786982249,
            "f1_score_weighted": 0.5180632084974932,
            "matthews_corrcoef": -1.0,
            "precision_score": -1.0,
            "recall_score": -1.0,
            "roc_auc_score": 0.6647071028175955,
            "coverage_error": 4.8655462184873945,
            "label_ranking_average_precision_score": 0.6414565826330528,
            "label_ranking_loss": 0.5392156862745098,
            "training_time": 40.44131269608624,
            "test_time": 0.5141662789974362
        },
        {
            "seed": "23",
            "accuracy_score": 0.16806722689075632,
            "average_precision_score": 0.476659327323991,
            "balanced_accuracy_score": -1.0,
            "cohen_kappa_score": -1.0,
            "f1_score_macro": 0.44451174825384004,
            "f1_score_micro": 0.49707602339181284,
            "f1_score_weighted": 0.4429781603665673,
            "matthews_corrcoef": -1.0,
            "precision_score": -1.0,
            "recall_score": -1.0,
            "roc_auc_score": 0.6582191407125063,
            "coverage_error": 5.159663865546219,
            "label_ranking_average_precision_score": 0.6036414565826331,
            "label_ranking_loss": 0.5896358543417368,
            "training_time": 51.11023061093874,
            "test_time": 0.5221328639890999
        },
        {
            "seed": "29",
            "accuracy_score": 0.14285714285714285,
            "average_precision_score": 0.45884588263329235,
            "balanced_accuracy_score": -1.0,
            "cohen_kappa_score": -1.0,
            "f1_score_macro": 0.44020484841770985,
            "f1_score_micro": 0.46511627906976744,
            "f1_score_weighted": 0.44645336717121364,
            "matthews_corrcoef": -1.0,
            "precision_score": -1.0,
            "recall_score": -1.0,