{
    "id": 1466,
    "framework": "h2o",
    "results": [
        {
            "seed": "2",
            "accuracy_score": 0.92018779342723,
            "average_precision_score": -1.0,
            "balanced_accuracy_score": 0.7,
            "cohen_kappa_score": 0.9036301697982647,
            "f1_score_macro": 0.646875,
            "f1_score_micro": 0.92018779342723,
            "f1_score_weighted": 0.9014818075117371,
            "matthews_corrcoef": 0.9083420880201558,
            "precision_score": -1.0,
            "recall_score": -1.0,
            "roc_auc_score": -1.0,
            "coverage_error": -1.0,
            "label_ranking_average_precision_score": -1.0,
            "label_ranking_loss": -1.0,
            "training_time": 305.8203802439384,
            "test_time": 0.4716480739880353
        },
        {
            "seed": "3",
            "accuracy_score": 0.5938967136150235,
            "average_precision_score": -1.0,
            "balanced_accuracy_score": 0.2793673012318029,
            "cohen_kappa_score": 0.47801512876448427,
            "f1_score_macro": 0.23747934246343574,
            "f1_score_micro": 0.5938967136150235,
            "f1_score_weighted": 0.48200527168858187,
            "matthews_corrcoef": 0.5107846946146161,
            "precision_score": -1.0,
            "recall_score": -1.0,
            "roc_auc_score": -1.0,
            "coverage_error": -1.0,
            "label_ranking_average_precision_score": -1.0,
            "label_ranking_loss": -1.0,
            "training_time": 305.4649221380241,
            "test_time": 0.06182659906335175
        },
        {
            "seed": "5",
            "accuracy_score": 0.5,
            "average_precision_score": -1.0,
            "balanced_accuracy_score": 0.2508743386243386,
            "cohen_kappa_score": 0.3594572844456366,
            "f1_score_macro": 0.20747997213514457,
            "f1_score_micro": 0.5,
            "f1_score_weighted": 0.3851645400091247,
            "matthews_corrcoef": 0.4044092811125705,
            "precision_score": -1.0,
            "recall_score": -1.0,
            "roc_auc_score": -1.0,
            "coverage_error": -1.0,
            "label_ranking_average_precision_score": -1.0,
            "label_ranking_loss": -1.0,
            "training_time": 305.30324764794204,
            "test_time": 0.26302188402041793
        },
        {
            "seed": "7",
            "accuracy_score": 0.8615023474178404,
            "average_precision_score": -1.0,
            "balanced_accuracy_score": 0.6,
            "cohen_kappa_score": 0.83158670597695,
            "f1_score_macro": 0.5724527344245655,
            "f1_score_micro": 0.8615023474178404,
            "f1_score_weighted": 0.8069243613778428,
            "matthews_corrcoef": 0.8422544781215675,
            "precision_score": -1.0,
            "recall_score": -1.0,
            "roc_auc_score": -1.0,
            "coverage_error": -1.0,
            "label_ranking_average_precision_score": -1.0,
            "label_ranking_loss": -1.0,
            "training_time": 308.38579603808466,
            "test_time": 0.7037471979856491
        },
        {
            "seed": "11",
            "accuracy_score": 0.8403755868544601,
            "average_precision_score": -1.0,
            "balanced_accuracy_score": 0.793398172277041,
            "cohen_kappa_score": 0.8089383706205149,
            "f1_score_macro": 0.8005200584135699,
            "f1_score_micro": 0.8403755868544601,
            "f1_score_weighted": 0.8388711911460595,
            "matthews_corrcoef": 0.809836383612497,
            "precision_score": -1.0,
            "recall_score": -1.0,
            "roc_auc_score": -1.0,
            "coverage_error": -1.0,
            "label_ranking_average_precision_score": -1.0,
            "label_ranking_loss": -1.0,
            "training_time": 305.3890826869756,
            "test_time": 0.0611375099979341
        },
        {
            "seed": "13",
            "accuracy_score": 0.931924882629108,
            "average_precision_score": -1.0,
            "balanced_accuracy_score": 0.8,
            "cohen_kappa_score": 0.9181398923904689,
            "f1_score_macro": 0.7508474576271187,
            "f1_score_micro": 0.931924882629108,
            "f1_score_weighted": 0.9146176493992202,
            "matthews_corrcoef": 0.9221255686423976,
            "precision_score": -1.0,
            "recall_score": -1.0,
            "roc_auc_score": -1.0,
            "coverage_error": -1.0,
            "label_ranking_average_precision_score": -1.0,
            "label_ranking_loss": -1.0,
            "training_time": 305.4503772211028,
            "test_time": 0.6788773599546403
        },
        {
            "seed": "17",
            "accuracy_score": 0.8568075117370892,
            "average_precision_score": -1.0,
            "balanced_accuracy_score": 0.6,
            "cohen_kappa_score": 0.8260002008771636,
            "f1_score_macro": 0.5714376482548289,
            "f1_score_micro": 0.8568075117370892,
            "f1_score_weighted": 0.7970317812216118,
            "matthews_corrcoef": 0.8354252340403971,
            "precision_score": -1.0,
            "recall_score": -1.0,
            "roc_auc_score": -1.0,
            "coverage_error": -1.0,
            "label_ranking_average_precision_score": -1.0,
            "label_ranking_loss": -1.0,
            "training_time": 307.1911354960175,
            "test_time": 0.4663484509801492
        },
        {
            "seed": "19",
            "accuracy_score": 0.8708920187793427,
            "average_precision_score": -1.0,
            "balanced_accuracy_score": 0.6104183323322079,
            "cohen_kappa_score": 0.8405829642179176,
            "f1_score_macro": 0.610918761775641,
            "f1_score_micro": 0.8708920187793427,
            "f1_score_weighted": 0.8309141189429918,
            "matthews_corrcoef": 0.8459632615020141,
            "precision_score": -1.0,
            "recall_score": -1.0,
            "roc_auc_score": -1.0,
            "coverage_error": -1.0,
            "label_ranking_average_precision_score": -1.0,
            "label_ranking_loss": -1.0,
            "training_time": 305.3691449969774,
            "test_time": 0.06364702200517058
        },
        {
            "seed": "23",
            "accuracy_score": 0.5539906103286385,
            "average_precision_score": -1.0,
            "balanced_accuracy_score": 0.2666721607696628,
            "cohen_kappa_score": 0.43352253242163175,
            "f1_score_macro": 0.21076890910424767,
            "f1_score_micro": 0.5539906103286385,
            "f1_score_weighted": 0.4348539334704828,
            "matthews_corrcoef": 0.4734180246119373,
            "precision_score": -1.0,
            "recall_score": -1.0,
            "roc_auc_score": -1.0,
            "coverage_error": -1.0,
            "label_ranking_average_precision_score": -1.0,
            "label_ranking_loss": -1.0,
            "training_time": 305.481292353943,
            "test_time": 0.06554727500770241
        },
        {
            "seed": "29",
            "accuracy_score": 0.2793427230046948,
            "average_precision_score": -1.0,
            "balanced_accuracy_score": 0.18606357212914593,
            "cohen_kappa_score": 0.10458245753370277,
            "f1_score_macro": 0.17544800541949415,
            "f1_score_micro": 0.2793427230046948,
            "f1_score_weighted": 0.21514537965772554,
            "matthews_corrcoef": 0.11578817650069749,
            "precision_score": -1.0,
            "recall_score": -1.0,
            "roc_auc_score": -1.0,
            "coverage_error": -1.0,
            "label_ranking_average_precision_score": -1.0,
            "label_ranking_loss": -1.0,
            "training_time": 305.4159776160959,
            "test_time": 0.06170506600756198
        },
        {
            "seed": "31",
            "accuracy_score": 0.38967136150234744,