{"framework": "h2o", "accuracy_score": 0.9014084507042254, "average_precision_score": -1.0, "balanced_accuracy_score": 0.7, "cohen_kappa_score": 0.8829256801853088, "f1_score_macro": 0.6475, "f1_score_micro": 0.9014084507042254, "f1_score_weighted": 0.8779929577464788, "matthews_corrcoef": 0.8898503695391101, "precision_score": -1.0, "recall_score": -1.0, "roc_auc_score": -1.0, "training_time": "00:10:06", "test_time": "00:00:00"}