{"framework": "autokeras", "accuracy_score": 0.9976525821596244, "average_precision_score": -1.0, "balanced_accuracy_score": 0.9991228070175439, "cohen_kappa_score": 0.9972171777217439, "f1_score_macro": 0.9986420401729783, "f1_score_micro": 0.9976525821596244, "f1_score_weighted": 0.9976581796074917, "matthews_corrcoef": 0.9972237660992082, "precision_score": -1.0, "recall_score": -1.0, "roc_auc_score": -1.0, "training_time": "00:01:23", "test_time": "00:00:01"}