{"framework": "h2o", "accuracy_score": 0.9061032863849765, "average_precision_score": -1.0, "balanced_accuracy_score": 0.7300619966835137, "cohen_kappa_score": 0.88791833298253, "f1_score_macro": 0.7415902128988192, "f1_score_micro": 0.9061032863849765, "f1_score_weighted": 0.8908052565956103, "matthews_corrcoef": 0.8898361891718531, "precision_score": -1.0, "recall_score": -1.0, "roc_auc_score": -1.0, "coverage_error": -1.0, "label_ranking_average_precision_score": -1.0, "label_ranking_loss": -1.0, "training_time": "00:10:05", "test_time": "00:00:00"}