{"accuracy_score": 0.5765472312703583, "average_precision_score": 0.4234527687296417, "balanced_accuracy_score": 0.5, "f1_score_micro": 0.5765472312703583, "f1_score_macro": 0.365702479338843, "f1_score_weighted": 0.42168950386303067, "precision_score": 0.0, "recall_score": 0.0, "roc_auc_score": 0.5}