{"framework": "autogluon", "accuracy_score": 0.7597402597402597, "average_precision_score": 0.7762640409699233, "balanced_accuracy_score": 0.7323232323232323, "cohen_kappa_score": 0.4703476482617587, "f1_score_macro": 0.7350630027432928, "f1_score_micro": 0.7597402597402597, "f1_score_weighted": 0.7581651156766236, "matthews_corrcoef": 0.47078196950619655, "precision_score": 0.803921568627451, "recall_score": 0.8282828282828283, "roc_auc_score": 0.7323232323232324, "training_time": "00:00:08", "test_time": "00:00:00"}