{"framework": "h2o", "accuracy_score": 0.7792207792207793, "average_precision_score": 0.7964420540178115, "balanced_accuracy_score": 0.7595959595959596, "cohen_kappa_score": 0.5191919191919192, "f1_score_macro": 0.7595959595959596, "f1_score_micro": 0.7792207792207793, "f1_score_weighted": 0.7792207792207793, "matthews_corrcoef": 0.5191919191919192, "precision_score": 0.8282828282828283, "recall_score": 0.8282828282828283, "roc_auc_score": 0.7595959595959596, "training_time": "00:09:54", "test_time": "00:00:00"}