{"framework": "autokeras", "accuracy_score": 0.7142857142857143, "average_precision_score": 0.7477954144620811, "balanced_accuracy_score": 0.6888888888888889, "cohen_kappa_score": 0.37777777777777777, "f1_score_macro": 0.6888888888888889, "f1_score_micro": 0.7142857142857143, "f1_score_weighted": 0.7142857142857143, "matthews_corrcoef": 0.37777777777777777, "precision_score": 0.7777777777777778, "recall_score": 0.7777777777777778, "roc_auc_score": 0.6888888888888889, "training_time": "00:00:05", "test_time": "00:00:00"}