{"framework": "gama", "accuracy_score": 0.7727272727272727, "average_precision_score": 0.7931354359925789, "balanced_accuracy_score": 0.7545454545454546, "cohen_kappa_score": 0.5070422535211268, "f1_score_macro": 0.7535098550326977, "f1_score_micro": 0.7727272727272727, "f1_score_weighted": 0.7731741894178443, "matthews_corrcoef": 0.5070925528371099, "precision_score": 0.826530612244898, "recall_score": 0.8181818181818182, "roc_auc_score": 0.7545454545454546, "training_time": "00:08:59", "test_time": "00:00:00"}