{"framework": "autosklearn", "accuracy_score": 0.7532467532467533, "average_precision_score": 0.7763712157651551, "balanced_accuracy_score": 0.7313131313131314, "cohen_kappa_score": 0.4626262626262626, "f1_score_macro": 0.7313131313131314, "f1_score_micro": 0.7532467532467532, "f1_score_weighted": 0.7532467532467533, "matthews_corrcoef": 0.4626262626262626, "precision_score": 0.8080808080808081, "recall_score": 0.8080808080808081, "roc_auc_score": 0.7313131313131314, "training_time": "00:14:39", "test_time": "00:00:02"}