{
    "id": 41468,
    "framework": "pycaret",
    "results": [
        {
            "seed": "3",
            "accuracy_score": 0.4625,
            "average_precision_score": -1.0,
            "balanced_accuracy_score": 0.17275681062264997,
            "cohen_kappa_score": 0.3636794128092814,
            "f1_score_macro": 0.16044120386094463,
            "f1_score_micro": 0.4625,
            "f1_score_weighted": 0.4225140302535617,
            "matthews_corrcoef": 0.3669806110886174,
            "precision_score": -1.0,
            "recall_score": -1.0,
            "roc_auc_score": -1.0,
            "coverage_error": -1.0,
            "label_ranking_average_precision_score": -1.0,
            "label_ranking_loss": -1.0,
            "training_time": 314.1700929813087,
            "test_time": 0.18636980094015598
        },
        {
            "seed": "13",
            "accuracy_score": 0.5475,
            "average_precision_score": -1.0,
            "balanced_accuracy_score": 0.23161244470856207,
            "cohen_kappa_score": 0.46357257700030385,
            "f1_score_macro": 0.21812439221420324,
            "f1_score_micro": 0.5475,
            "f1_score_weighted": 0.5152638042408151,
            "matthews_corrcoef": 0.4670983777448164,
            "precision_score": -1.0,
            "recall_score": -1.0,
            "roc_auc_score": -1.0,
            "coverage_error": -1.0,
            "label_ranking_average_precision_score": -1.0,
            "label_ranking_loss": -1.0,
            "training_time": 1403.2336397115141,
            "test_time": 0.11197228636592627
        },
        {
            "seed": "17",
            "accuracy_score": 0.5225,
            "average_precision_score": -1.0,
            "balanced_accuracy_score": 0.22300945675118683,
            "cohen_kappa_score": 0.43923724521626795,
            "f1_score_macro": 0.22191419689182962,
            "f1_score_micro": 0.5225,
            "f1_score_weighted": 0.4892963481491042,
            "matthews_corrcoef": 0.44277401260859317,
            "precision_score": -1.0,
            "recall_score": -1.0,
            "roc_auc_score": -1.0,
            "coverage_error": -1.0,
            "label_ranking_average_precision_score": -1.0,
            "label_ranking_loss": -1.0,
            "training_time": 312.1066897325218,
            "test_time": 0.19088411703705788
        },
        {
            "seed": "29",
            "accuracy_score": 0.4875,
            "average_precision_score": -1.0,
            "balanced_accuracy_score": 0.18927835746985125,
            "cohen_kappa_score": 0.3891310016016687,
            "f1_score_macro": 0.18353538432887867,
            "f1_score_micro": 0.4875,
            "f1_score_weighted": 0.4581204475592166,
            "matthews_corrcoef": 0.391030779848085,
            "precision_score": -1.0,
            "recall_score": -1.0,
            "roc_auc_score": -1.0,
            "coverage_error": -1.0,
            "label_ranking_average_precision_score": -1.0,
            "label_ranking_loss": -1.0,
            "training_time": 317.17920597922057,
            "test_time": 0.12093982752412558
        },
        {
            "seed": "43",
            "accuracy_score": 0.5025,
            "average_precision_score": -1.0,
            "balanced_accuracy_score": 0.20912085329378044,
            "cohen_kappa_score": 0.41154727581873296,
            "f1_score_macro": 0.19988728820189494,
            "f1_score_micro": 0.5025,
            "f1_score_weighted": 0.471398532870443,
            "matthews_corrcoef": 0.4146066635709322,
            "precision_score": -1.0,
            "recall_score": -1.0,
            "roc_auc_score": -1.0,
            "coverage_error": -1.0,
            "label_ranking_average_precision_score": -1.0,
            "label_ranking_loss": -1.0,
            "training_time": 314.89882339630276,
            "test_time": 0.18288843799382448
        },
        {
            "seed": "47",
            "accuracy_score": 0.495,
            "average_precision_score": -1.0,
            "balanced_accuracy_score": 0.20836363333212074,
            "cohen_kappa_score": 0.4025259546274661,
            "f1_score_macro": 0.2003135103783309,
            "f1_score_micro": 0.495,
            "f1_score_weighted": 0.4635404046342842,
            "matthews_corrcoef": 0.40653376977370614,
            "precision_score": -1.0,
            "recall_score": -1.0,
            "roc_auc_score": -1.0,
            "coverage_error": -1.0,
            "label_ranking_average_precision_score": -1.0,
            "label_ranking_loss": -1.0,
            "training_time": 305.34868234209716,
            "test_time": 0.11528057605028152
        },
        {
            "seed": "53",
            "accuracy_score": 0.49,
            "average_precision_score": -1.0,
            "balanced_accuracy_score": 0.19716159531153288,
            "cohen_kappa_score": 0.3964273826694775,
            "f1_score_macro": 0.18508112182947847,
            "f1_score_micro": 0.49,
            "f1_score_weighted": 0.4606767497891478,
            "matthews_corrcoef": 0.3984608995898651,
            "precision_score": -1.0,
            "recall_score": -1.0,
            "roc_auc_score": -1.0,
            "coverage_error": -1.0,
            "label_ranking_average_precision_score": -1.0,
            "label_ranking_loss": -1.0,
            "training_time": 310.7700451994315,
            "test_time": 0.113807144574821
        },
        {
            "seed": "59",
            "accuracy_score": 0.4825,
            "average_precision_score": -1.0,
            "balanced_accuracy_score": 0.20911244527135953,
            "cohen_kappa_score": 0.3925343350158469,
            "f1_score_macro": 0.19612380456468417,
            "f1_score_micro": 0.4825,
            "f1_score_weighted": 0.4461349905030505,
            "matthews_corrcoef": 0.3962199019693181,
            "precision_score": -1.0,
            "recall_score": -1.0,
            "roc_auc_score": -1.0,
            "coverage_error": -1.0,
            "label_ranking_average_precision_score": -1.0,
            "label_ranking_loss": -1.0,
            "training_time": 1219.0377063378692,
            "test_time": 0.18450200278311968
        },
        {
            "seed": "61",
            "accuracy_score": 0.5075,
            "average_precision_score": -1.0,
            "balanced_accuracy_score": 0.2224845594351513,
            "cohen_kappa_score": 0.41254966862731934,
            "f1_score_macro": 0.20499085696095584,
            "f1_score_micro": 0.5075,
            "f1_score_weighted": 0.48240198659509786,
            "matthews_corrcoef": 0.4146256906853381,
            "precision_score": -1.0,
            "recall_score": -1.0,
            "roc_auc_score": -1.0,
            "coverage_error": -1.0,
            "label_ranking_average_precision_score": -1.0,
            "label_ranking_loss": -1.0,
            "training_time": 312.75447126850486,
            "test_time": 0.20778578892350197
        }
    ]
}