{
    "id": 41468,
    "framework": "mljar",
    "results": [
        {
            "seed": "2",
            "accuracy_score": 0.4575,
            "average_precision_score": -1.0,
            "balanced_accuracy_score": 0.1903661010753882,
            "cohen_kappa_score": 0.36447968604710757,
            "f1_score_macro": 0.18821389823891801,
            "f1_score_micro": 0.4575,
            "f1_score_weighted": 0.4389267016126716,
            "matthews_corrcoef": 0.3661278383371142,
            "precision_score": -1.0,
            "recall_score": -1.0,
            "roc_auc_score": -1.0,
            "coverage_error": -1.0,
            "label_ranking_average_precision_score": -1.0,
            "label_ranking_loss": -1.0,
            "training_time": 120.61769038900002,
            "test_time": 0.17884518899973045
        },
        {
            "seed": "3",
            "accuracy_score": 0.445,
            "average_precision_score": -1.0,
            "balanced_accuracy_score": 0.1960265078355731,
            "cohen_kappa_score": 0.3472747987798155,
            "f1_score_macro": 0.18774174315041323,
            "f1_score_micro": 0.445,
            "f1_score_weighted": 0.42190841734450935,
            "matthews_corrcoef": 0.3494640999838069,
            "precision_score": -1.0,
            "recall_score": -1.0,
            "roc_auc_score": -1.0,
            "coverage_error": -1.0,
            "label_ranking_average_precision_score": -1.0,
            "label_ranking_loss": -1.0,
            "training_time": 117.355784761,
            "test_time": 0.14711169800011703
        },
        {
            "seed": "5",
            "accuracy_score": 0.5,
            "average_precision_score": -1.0,
            "balanced_accuracy_score": 0.19536377714199774,
            "cohen_kappa_score": 0.4144213384864256,
            "f1_score_macro": 0.17842188917199842,
            "f1_score_micro": 0.5,
            "f1_score_weighted": 0.4654170878922369,
            "matthews_corrcoef": 0.4176025414339643,
            "precision_score": -1.0,
            "recall_score": -1.0,
            "roc_auc_score": -1.0,
            "coverage_error": -1.0,
            "label_ranking_average_precision_score": -1.0,
            "label_ranking_loss": -1.0,
            "training_time": 104.48337708700001,
            "test_time": 0.1534399759993903
        },
        {
            "seed": "7",
            "accuracy_score": 0.47,
            "average_precision_score": -1.0,
            "balanced_accuracy_score": 0.19958194665212325,
            "cohen_kappa_score": 0.3797905330290796,
            "f1_score_macro": 0.1847475994653624,
            "f1_score_micro": 0.47,
            "f1_score_weighted": 0.4431866065063524,
            "matthews_corrcoef": 0.3825378685070661,
            "precision_score": -1.0,
            "recall_score": -1.0,
            "roc_auc_score": -1.0,
            "coverage_error": -1.0,
            "label_ranking_average_precision_score": -1.0,
            "label_ranking_loss": -1.0,
            "training_time": 119.95567126400056,
            "test_time": 0.1880770179996034
        },
        {
            "seed": "11",
            "accuracy_score": 0.44,
            "average_precision_score": -1.0,
            "balanced_accuracy_score": 0.18673906841876575,
            "cohen_kappa_score": 0.3458469311022041,
            "f1_score_macro": 0.16044628629719748,
            "f1_score_micro": 0.44,
            "f1_score_weighted": 0.4187831041862949,
            "matthews_corrcoef": 0.35109981181295663,
            "precision_score": -1.0,
            "recall_score": -1.0,
            "roc_auc_score": -1.0,
            "coverage_error": -1.0,
            "label_ranking_average_precision_score": -1.0,
            "label_ranking_loss": -1.0,
            "training_time": 106.19456404300036,
            "test_time": 0.1979698350005492
        },
        {
            "seed": "13",
            "accuracy_score": 0.4925,
            "average_precision_score": -1.0,
            "balanced_accuracy_score": 0.22858415404189253,
            "cohen_kappa_score": 0.40344123308403257,
            "f1_score_macro": 0.21881158577737622,
            "f1_score_micro": 0.4925,
            "f1_score_weighted": 0.47671149567190524,
            "matthews_corrcoef": 0.40471527062903095,
            "precision_score": -1.0,
            "recall_score": -1.0,
            "roc_auc_score": -1.0,
            "coverage_error": -1.0,
            "label_ranking_average_precision_score": -1.0,
            "label_ranking_loss": -1.0,
            "training_time": 119.59801564999998,
            "test_time": 0.17158815099992353
        },
        {
            "seed": "17",
            "accuracy_score": 0.45,
            "average_precision_score": -1.0,
            "balanced_accuracy_score": 0.1849214004549451,
            "cohen_kappa_score": 0.35599074968531363,
            "f1_score_macro": 0.17658657072246597,
            "f1_score_micro": 0.45,
            "f1_score_weighted": 0.41727113555533635,
            "matthews_corrcoef": 0.35840211251397414,
            "precision_score": -1.0,
            "recall_score": -1.0,
            "roc_auc_score": -1.0,
            "coverage_error": -1.0,
            "label_ranking_average_precision_score": -1.0,
            "label_ranking_loss": -1.0,
            "training_time": 127.95817822900062,
            "test_time": 0.2858787029999803
        },
        {
            "seed": "19",
            "accuracy_score": 0.4925,
            "average_precision_score": -1.0,
            "balanced_accuracy_score": 0.21347649913987854,
            "cohen_kappa_score": 0.4064544424545887,
            "f1_score_macro": 0.20071089647105855,
            "f1_score_micro": 0.4925,
            "f1_score_weighted": 0.47174905996812116,
            "matthews_corrcoef": 0.4087431951373051,
            "precision_score": -1.0,
            "recall_score": -1.0,
            "roc_auc_score": -1.0,
            "coverage_error": -1.0,
            "label_ranking_average_precision_score": -1.0,
            "label_ranking_loss": -1.0,
            "training_time": 108.55974117000005,
            "test_time": 0.1289593440014869
        },
        {
            "seed": "23",
            "accuracy_score": 0.45,
            "average_precision_score": -1.0,
            "balanced_accuracy_score": 0.15892277268987542,
            "cohen_kappa_score": 0.35454058692797985,
            "f1_score_macro": 0.14156414953463056,
            "f1_score_micro": 0.45,
            "f1_score_weighted": 0.42070033128857715,
            "matthews_corrcoef": 0.35784660960385767,
            "precision_score": -1.0,
            "recall_score": -1.0,
            "roc_auc_score": -1.0,
            "coverage_error": -1.0,
            "label_ranking_average_precision_score": -1.0,
            "label_ranking_loss": -1.0,
            "training_time": 106.81158100399989,
            "test_time": 0.14428674400005548
        },
        {
            "seed": "29",
            "accuracy_score": 0.47,
            "average_precision_score": -1.0,
            "balanced_accuracy_score": 0.18183836880785645,
            "cohen_kappa_score": 0.37271146946776634,
            "f1_score_macro": 0.17928002368344628,
            "f1_score_micro": 0.47,
            "f1_score_weighted": 0.45171021582491433,
            "matthews_corrcoef": 0.37373740670351707,
            "precision_score": -1.0,
            "recall_score": -1.0,
            "roc_auc_score": -1.0,
            "coverage_error": -1.0,
            "label_ranking_average_precision_score": -1.0,
            "label_ranking_loss": -1.0,
            "training_time": 117.8188380520005,
            "test_time": 0.17030444699958025
        },
        {
            "seed": "31",
            "accuracy_score": 0.475,
            "average_precision_score": -1.0,
            "balanced_accuracy_score": 0.1817746823327325,
            "cohen_kappa_score": 0.3810604497627399,