{"id": 41468, "framework": "gama", "results": [{"seed": "31", "accuracy_score": 0.4825, "average_precision_score": -1.0, "balanced_accuracy_score": 0.17019601401284692, "cohen_kappa_score": 0.38190043222179926, "f1_score_macro": 0.1614035771981247, "f1_score_micro": 0.4825, "f1_score_weighted": 0.44505779106651694, "matthews_corrcoef": 0.38603472001924755, "precision_score": -1.0, "recall_score": -1.0, "roc_auc_score": -1.0, "coverage_error": -1.0, "label_ranking_average_precision_score": -1.0, "label_ranking_loss": -1.0, "training_time": 269.9730830620101, "test_time": 0.008753109985264018}, {"seed": "37", "accuracy_score": 0.485, "average_precision_score": -1.0, "balanced_accuracy_score": 0.17444811789014686, "cohen_kappa_score": 0.3868043876229741, "f1_score_macro": 0.16579333418823178, "f1_score_micro": 0.485, "f1_score_weighted": 0.45580681342666246, "matthews_corrcoef": 0.3902652547274034, "precision_score": -1.0, "recall_score": -1.0, "roc_auc_score": -1.0, "coverage_error": -1.0, "label_ranking_average_precision_score": -1.0, "label_ranking_loss": -1.0, "training_time": 269.8838318559865, "test_time": 0.011249197006691247}]}