{
    "id": 41468,
    "framework": "autopytorch",
    "results": [
        {
            "seed": "2",
            "accuracy_score": 0.1225,
            "average_precision_score": -1.0,
            "balanced_accuracy_score": 0.08644630293375813,
            "cohen_kappa_score": 0.08270666867025134,
            "f1_score_macro": 0.053701758780579596,
            "f1_score_micro": 0.1225,
            "f1_score_weighted": 0.10535343430089822,
            "matthews_corrcoef": 0.09443846853645495,
            "precision_score": -1.0,
            "recall_score": -1.0,
            "roc_auc_score": -1.0,
            "coverage_error": -1.0,
            "label_ranking_average_precision_score": -1.0,
            "label_ranking_loss": -1.0,
            "training_time": 311.1225789580021,
            "test_time": 1.6748513400016236
        },
        {
            "seed": "3",
            "accuracy_score": 0.1275,
            "average_precision_score": -1.0,
            "balanced_accuracy_score": 0.05831594505303425,
            "cohen_kappa_score": 0.08478220963469973,
            "f1_score_macro": 0.050746077957160976,
            "f1_score_micro": 0.1275,
            "f1_score_weighted": 0.12039431246748744,
            "matthews_corrcoef": 0.09647207404831297,
            "precision_score": -1.0,
            "recall_score": -1.0,
            "roc_auc_score": -1.0,
            "coverage_error": -1.0,
            "label_ranking_average_precision_score": -1.0,
            "label_ranking_loss": -1.0,
            "training_time": 316.6978275950023,
            "test_time": 14.717883466000785
        },
        {
            "seed": "5",
            "accuracy_score": 0.1275,
            "average_precision_score": -1.0,
            "balanced_accuracy_score": 0.1210963139027734,
            "cohen_kappa_score": 0.0882193498664332,
            "f1_score_macro": 0.04204398469032015,
            "f1_score_micro": 0.1275,
            "f1_score_weighted": 0.10822962490953145,
            "matthews_corrcoef": 0.10059483781169744,
            "precision_score": -1.0,
            "recall_score": -1.0,
            "roc_auc_score": -1.0,
            "coverage_error": -1.0,
            "label_ranking_average_precision_score": -1.0,
            "label_ranking_loss": -1.0,
            "training_time": 312.19389688799856,
            "test_time": 4.503330442999868
        },
        {
            "seed": "7",
            "accuracy_score": 0.12,
            "average_precision_score": -1.0,
            "balanced_accuracy_score": 0.04823503931866752,
            "cohen_kappa_score": 0.07239043929691402,
            "f1_score_macro": 0.03453361911566246,
            "f1_score_micro": 0.12,
            "f1_score_weighted": 0.11096689291101057,
            "matthews_corrcoef": 0.0818528886622784,
            "precision_score": -1.0,
            "recall_score": -1.0,
            "roc_auc_score": -1.0,
            "coverage_error": -1.0,
            "label_ranking_average_precision_score": -1.0,
            "label_ranking_loss": -1.0,
            "training_time": 314.3521891629971,
            "test_time": 2.0075102470000274
        },
        {
            "seed": "11",
            "accuracy_score": 0.3775,
            "average_precision_score": -1.0,
            "balanced_accuracy_score": 0.15904150985243867,
            "cohen_kappa_score": 0.2891451899538229,
            "f1_score_macro": 0.15114156970002113,
            "f1_score_micro": 0.3775,
            "f1_score_weighted": 0.3519652047700613,
            "matthews_corrcoef": 0.30396108380328846,
            "precision_score": -1.0,
            "recall_score": -1.0,
            "roc_auc_score": -1.0,
            "coverage_error": -1.0,
            "label_ranking_average_precision_score": -1.0,
            "label_ranking_loss": -1.0,
            "training_time": 310.2241471490015,
            "test_time": 1.9728616600004898
        },
        {
            "seed": "13",
            "accuracy_score": 0.505,
            "average_precision_score": -1.0,
            "balanced_accuracy_score": 0.20959859161785016,
            "cohen_kappa_score": 0.4116336082014709,
            "f1_score_macro": 0.1991017456514802,
            "f1_score_micro": 0.505,
            "f1_score_weighted": 0.47396252112402465,
            "matthews_corrcoef": 0.4156517427349916,
            "precision_score": -1.0,
            "recall_score": -1.0,
            "roc_auc_score": -1.0,
            "coverage_error": -1.0,
            "label_ranking_average_precision_score": -1.0,
            "label_ranking_loss": -1.0,
            "training_time": 321.7040781649994,
            "test_time": 1.1080771060005645
        },
        {
            "seed": "17",
            "accuracy_score": 0.16,
            "average_precision_score": -1.0,
            "balanced_accuracy_score": 0.09727648175019533,
            "cohen_kappa_score": 0.11347985541278593,
            "f1_score_macro": 0.060683514531883746,
            "f1_score_micro": 0.16,
            "f1_score_weighted": 0.12400958792329661,
            "matthews_corrcoef": 0.12806560498873515,
            "precision_score": -1.0,
            "recall_score": -1.0,
            "roc_auc_score": -1.0,
            "coverage_error": -1.0,
            "label_ranking_average_precision_score": -1.0,
            "label_ranking_loss": -1.0,
            "training_time": 317.00394689300083,
            "test_time": 2.089727036000113
        },
        {
            "seed": "19",
            "accuracy_score": 0.385,
            "average_precision_score": -1.0,
            "balanced_accuracy_score": 0.15989912909573728,
            "cohen_kappa_score": 0.30148859594948574,
            "f1_score_macro": 0.14964570378803607,
            "f1_score_micro": 0.38499999999999995,
            "f1_score_weighted": 0.3500743232499527,
            "matthews_corrcoef": 0.3187650442747794,
            "precision_score": -1.0,
            "recall_score": -1.0,
            "roc_auc_score": -1.0,
            "coverage_error": -1.0,
            "label_ranking_average_precision_score": -1.0,
            "label_ranking_loss": -1.0,
            "training_time": 314.10650704699947,
            "test_time": 2.7032569729999523
        },
        {
            "seed": "23",
            "accuracy_score": 0.1875,
            "average_precision_score": -1.0,
            "balanced_accuracy_score": 0.05263157894736842,
            "cohen_kappa_score": 0.0,
            "f1_score_macro": 0.016620498614958446,
            "f1_score_micro": 0.1875,
            "f1_score_weighted": 0.05921052631578947,
            "matthews_corrcoef": 0.0,
            "precision_score": -1.0,
            "recall_score": -1.0,
            "roc_auc_score": -1.0,
            "coverage_error": -1.0,
            "label_ranking_average_precision_score": -1.0,
            "label_ranking_loss": -1.0,
            "training_time": 312.13206245900074,
            "test_time": 2.617804569999862
        },
        {
            "seed": "29",
            "accuracy_score": 0.485,
            "average_precision_score": -1.0,
            "balanced_accuracy_score": 0.1897244650568447,
            "cohen_kappa_score": 0.38476701037085703,
            "f1_score_macro": 0.18572641929621242,
            "f1_score_micro": 0.485,
            "f1_score_weighted": 0.4482311515497368,
            "matthews_corrcoef": 0.3874012076475246,
            "precision_score": -1.0,
            "recall_score": -1.0,
            "roc_auc_score": -1.0,
            "coverage_error": -1.0,
            "label_ranking_average_precision_score": -1.0,
            "label_ranking_loss": -1.0,
            "training_time": 311.6254693949995,
            "test_time": 3.211871870000323
        },
        {
            "seed": "31",
            "accuracy_score": 0.165,
            "average_precision_score": -1.0,
            "balanced_accuracy_score": 0.05555555555555555,
            "cohen_kappa_score": 0.0,