{
    "id": 41468,
    "framework": "autokeras",
    "results": [
        {
            "seed": "2",
            "accuracy_score": 0.5175,
            "average_precision_score": -1.0,
            "balanced_accuracy_score": 0.18302415928570484,
            "cohen_kappa_score": 0.4286517810226541,
            "f1_score_macro": 0.16418056183540433,
            "f1_score_micro": 0.5175,
            "f1_score_weighted": 0.47158295635553343,
            "matthews_corrcoef": 0.4341379275806106,
            "precision_score": -1.0,
            "recall_score": -1.0,
            "roc_auc_score": -1.0,
            "coverage_error": -1.0,
            "label_ranking_average_precision_score": -1.0,
            "label_ranking_loss": -1.0,
            "training_time": 62.92928542400114,
            "test_time": 0.6628182499989634
        },
        {
            "seed": "3",
            "accuracy_score": 0.43,
            "average_precision_score": -1.0,
            "balanced_accuracy_score": 0.16925600362196824,
            "cohen_kappa_score": 0.3306913254073095,
            "f1_score_macro": 0.1627941933157543,
            "f1_score_micro": 0.42999999999999994,
            "f1_score_weighted": 0.405201304268202,
            "matthews_corrcoef": 0.33205093056235263,
            "precision_score": -1.0,
            "recall_score": -1.0,
            "roc_auc_score": -1.0,
            "coverage_error": -1.0,
            "label_ranking_average_precision_score": -1.0,
            "label_ranking_loss": -1.0,
            "training_time": 48.26517977200274,
            "test_time": 0.6367503309993481
        },
        {
            "seed": "5",
            "accuracy_score": 0.4125,
            "average_precision_score": -1.0,
            "balanced_accuracy_score": 0.18046624281268114,
            "cohen_kappa_score": 0.31882577157474434,
            "f1_score_macro": 0.16245814839081218,
            "f1_score_micro": 0.4125,
            "f1_score_weighted": 0.39402193664551044,
            "matthews_corrcoef": 0.3196336039721315,
            "precision_score": -1.0,
            "recall_score": -1.0,
            "roc_auc_score": -1.0,
            "coverage_error": -1.0,
            "label_ranking_average_precision_score": -1.0,
            "label_ranking_loss": -1.0,
            "training_time": 55.64443697000024,
            "test_time": 0.836159475002205
        },
        {
            "seed": "7",
            "accuracy_score": 0.4725,
            "average_precision_score": -1.0,
            "balanced_accuracy_score": 0.20591125500241086,
            "cohen_kappa_score": 0.38509959346631883,
            "f1_score_macro": 0.19307086591964076,
            "f1_score_micro": 0.4725,
            "f1_score_weighted": 0.44569078529387085,
            "matthews_corrcoef": 0.38672767826487997,
            "precision_score": -1.0,
            "recall_score": -1.0,
            "roc_auc_score": -1.0,
            "coverage_error": -1.0,
            "label_ranking_average_precision_score": -1.0,
            "label_ranking_loss": -1.0,
            "training_time": 53.689425350999954,
            "test_time": 0.6535391859979427
        },
        {
            "seed": "11",
            "accuracy_score": 0.5025,
            "average_precision_score": -1.0,
            "balanced_accuracy_score": 0.22187990735728136,
            "cohen_kappa_score": 0.4156854684793141,
            "f1_score_macro": 0.22303464888964206,
            "f1_score_micro": 0.5025,
            "f1_score_weighted": 0.4874067315113827,
            "matthews_corrcoef": 0.4178795136308077,
            "precision_score": -1.0,
            "recall_score": -1.0,
            "roc_auc_score": -1.0,
            "coverage_error": -1.0,
            "label_ranking_average_precision_score": -1.0,
            "label_ranking_loss": -1.0,
            "training_time": 49.236851346999174,
            "test_time": 0.6350427859979391
        },
        {
            "seed": "13",
            "accuracy_score": 0.44,
            "average_precision_score": -1.0,
            "balanced_accuracy_score": 0.18604979359708895,
            "cohen_kappa_score": 0.3397929484581661,
            "f1_score_macro": 0.17542100722367965,
            "f1_score_micro": 0.44,
            "f1_score_weighted": 0.4175561738033134,
            "matthews_corrcoef": 0.3406033425831578,
            "precision_score": -1.0,
            "recall_score": -1.0,
            "roc_auc_score": -1.0,
            "coverage_error": -1.0,
            "label_ranking_average_precision_score": -1.0,
            "label_ranking_loss": -1.0,
            "training_time": 53.41946506200111,
            "test_time": 0.6339753300017037
        },
        {
            "seed": "17",
            "accuracy_score": 0.4025,
            "average_precision_score": -1.0,
            "balanced_accuracy_score": 0.1860885036359289,
            "cohen_kappa_score": 0.30852410401070485,
            "f1_score_macro": 0.18514717977086312,
            "f1_score_micro": 0.4025,
            "f1_score_weighted": 0.3908432224419773,
            "matthews_corrcoef": 0.30936866818280095,
            "precision_score": -1.0,
            "recall_score": -1.0,
            "roc_auc_score": -1.0,
            "coverage_error": -1.0,
            "label_ranking_average_precision_score": -1.0,
            "label_ranking_loss": -1.0,
            "training_time": 45.21933363700009,
            "test_time": 0.5924878320001881
        },
        {
            "seed": "19",
            "accuracy_score": 0.495,
            "average_precision_score": -1.0,
            "balanced_accuracy_score": 0.2037249001473229,
            "cohen_kappa_score": 0.4065325488986331,
            "f1_score_macro": 0.196242585475057,
            "f1_score_micro": 0.495,
            "f1_score_weighted": 0.47005695574106,
            "matthews_corrcoef": 0.4076146510581873,
            "precision_score": -1.0,
            "recall_score": -1.0,
            "roc_auc_score": -1.0,
            "coverage_error": -1.0,
            "label_ranking_average_precision_score": -1.0,
            "label_ranking_loss": -1.0,
            "training_time": 46.15360563300055,
            "test_time": 0.6342079470014141
        },
        {
            "seed": "23",
            "accuracy_score": 0.495,
            "average_precision_score": -1.0,
            "balanced_accuracy_score": 0.17126959627808522,
            "cohen_kappa_score": 0.4037340417681351,
            "f1_score_macro": 0.14821069604076306,
            "f1_score_micro": 0.495,
            "f1_score_weighted": 0.4363654850506456,
            "matthews_corrcoef": 0.41077713420619294,
            "precision_score": -1.0,
            "recall_score": -1.0,
            "roc_auc_score": -1.0,
            "coverage_error": -1.0,
            "label_ranking_average_precision_score": -1.0,
            "label_ranking_loss": -1.0,
            "training_time": 88.58069654100109,
            "test_time": 0.6454357350012287
        },
        {
            "seed": "29",
            "accuracy_score": 0.395,
            "average_precision_score": -1.0,
            "balanced_accuracy_score": 0.16424100345929696,
            "cohen_kappa_score": 0.30362718156050816,
            "f1_score_macro": 0.16487139576035115,
            "f1_score_micro": 0.395,
            "f1_score_weighted": 0.40519450427354625,
            "matthews_corrcoef": 0.3047607014017785,
            "precision_score": -1.0,
            "recall_score": -1.0,
            "roc_auc_score": -1.0,
            "coverage_error": -1.0,
            "label_ranking_average_precision_score": -1.0,
            "label_ranking_loss": -1.0,
            "training_time": 76.89331094299996,
            "test_time": 0.6328114679999999
        },
        {
            "seed": "31",
            "accuracy_score": 0.4425,
            "average_precision_score": -1.0,
            "balanced_accuracy_score": 0.17704394658613676,