{
    "id": 41468,
    "framework": "evalml",
    "results": [
        {
            "seed": "31",
            "accuracy_score": 0.5025,
            "average_precision_score": -1.0,
            "balanced_accuracy_score": 0.18393726850471667,
            "cohen_kappa_score": 0.4070365983566868,
            "f1_score_macro": 0.18154802771503664,
            "f1_score_micro": 0.5025,
            "f1_score_weighted": 0.46909528759250274,
            "matthews_corrcoef": 0.41040282878994033,
            "precision_score": -1.0,
            "recall_score": -1.0,
            "roc_auc_score": -1.0,
            "coverage_error": -1.0,
            "label_ranking_average_precision_score": -1.0,
            "label_ranking_loss": -1.0,
            "training_time": 308.978166062996,
            "test_time": 0.5139681349974126
        },
        {
            "seed": "37",
            "accuracy_score": 0.4775,
            "average_precision_score": -1.0,
            "balanced_accuracy_score": 0.17363129692839838,
            "cohen_kappa_score": 0.3846289739645058,
            "f1_score_macro": 0.1632388730124841,
            "f1_score_micro": 0.4775,
            "f1_score_weighted": 0.46771582438729953,
            "matthews_corrcoef": 0.385509253211557,
            "precision_score": -1.0,
            "recall_score": -1.0,
            "roc_auc_score": -1.0,
            "coverage_error": -1.0,
            "label_ranking_average_precision_score": -1.0,
            "label_ranking_loss": -1.0,
            "training_time": 303.9139488619985,
            "test_time": 0.2774483949979185
        }
    ]
}