{
    "id": 41468,
    "framework": "tpot",
    "results": [
        {
            "seed": "2",
            "accuracy_score": 0.485,
            "average_precision_score": -1.0,
            "balanced_accuracy_score": 0.17612352764424577,
            "cohen_kappa_score": 0.3893989581249213,
            "f1_score_macro": 0.1680854851113703,
            "f1_score_micro": 0.485,
            "f1_score_weighted": 0.45262968595029746,
            "matthews_corrcoef": 0.3925871889789029,
            "precision_score": -1.0,
            "recall_score": -1.0,
            "roc_auc_score": -1.0,
            "coverage_error": -1.0,
            "label_ranking_average_precision_score": -1.0,
            "label_ranking_loss": -1.0,
            "training_time": 408.1070083759987,
            "test_time": 0.01400747900333954
        },
        {
            "seed": "3",
            "accuracy_score": 0.475,
            "average_precision_score": -1.0,
            "balanced_accuracy_score": 0.18153996209750936,
            "cohen_kappa_score": 0.37751033777474774,
            "f1_score_macro": 0.17179484888258875,
            "f1_score_micro": 0.47500000000000003,
            "f1_score_weighted": 0.43705111794021173,
            "matthews_corrcoef": 0.3807136160009916,
            "precision_score": -1.0,
            "recall_score": -1.0,
            "roc_auc_score": -1.0,
            "coverage_error": -1.0,
            "label_ranking_average_precision_score": -1.0,
            "label_ranking_loss": -1.0,
            "training_time": 325.7040651319985,
            "test_time": 0.010435766002046876
        },
        {
            "seed": "5",
            "accuracy_score": 0.5225,
            "average_precision_score": -1.0,
            "balanced_accuracy_score": 0.19843567361211567,
            "cohen_kappa_score": 0.43641192092062553,
            "f1_score_macro": 0.1870307670863535,
            "f1_score_micro": 0.5225,
            "f1_score_weighted": 0.47656577740301176,
            "matthews_corrcoef": 0.4411120034654643,
            "precision_score": -1.0,
            "recall_score": -1.0,
            "roc_auc_score": -1.0,
            "coverage_error": -1.0,
            "label_ranking_average_precision_score": -1.0,
            "label_ranking_loss": -1.0,
            "training_time": 331.28663763400255,
            "test_time": 0.01134832599927904
        },
        {
            "seed": "7",
            "accuracy_score": 0.4825,
            "average_precision_score": -1.0,
            "balanced_accuracy_score": 0.19684232719049832,
            "cohen_kappa_score": 0.39134653552683807,
            "f1_score_macro": 0.1832268383181552,
            "f1_score_micro": 0.4825,
            "f1_score_weighted": 0.44286400305046053,
            "matthews_corrcoef": 0.39566881769939977,
            "precision_score": -1.0,
            "recall_score": -1.0,
            "roc_auc_score": -1.0,
            "coverage_error": -1.0,
            "label_ranking_average_precision_score": -1.0,
            "label_ranking_loss": -1.0,
            "training_time": 386.71225554200646,
            "test_time": 0.010165066996705718
        },
        {
            "seed": "11",
            "accuracy_score": 0.5,
            "average_precision_score": -1.0,
            "balanced_accuracy_score": 0.20370074353583517,
            "cohen_kappa_score": 0.40829277673407194,
            "f1_score_macro": 0.19492513457387298,
            "f1_score_micro": 0.5,
            "f1_score_weighted": 0.46816604712799476,
            "matthews_corrcoef": 0.4137160121241822,
            "precision_score": -1.0,
            "recall_score": -1.0,
            "roc_auc_score": -1.0,
            "coverage_error": -1.0,
            "label_ranking_average_precision_score": -1.0,
            "label_ranking_loss": -1.0,
            "training_time": 307.86406312799954,
            "test_time": 0.010920308995991945
        },
        {
            "seed": "13",
            "accuracy_score": 0.5225,
            "average_precision_score": -1.0,
            "balanced_accuracy_score": 0.218898866905087,
            "cohen_kappa_score": 0.43062832102427284,
            "f1_score_macro": 0.21001182473505525,
            "f1_score_micro": 0.5225,
            "f1_score_weighted": 0.4886013663690615,
            "matthews_corrcoef": 0.4350183683667829,
            "precision_score": -1.0,
            "recall_score": -1.0,
            "roc_auc_score": -1.0,
            "coverage_error": -1.0,
            "label_ranking_average_precision_score": -1.0,
            "label_ranking_loss": -1.0,
            "training_time": 364.1530918189965,
            "test_time": 0.011400335002690554
        },
        {
            "seed": "17",
            "accuracy_score": 0.525,
            "average_precision_score": -1.0,
            "balanced_accuracy_score": 0.21778099235655524,
            "cohen_kappa_score": 0.4412668538912822,
            "f1_score_macro": 0.20907625419414264,
            "f1_score_micro": 0.525,
            "f1_score_weighted": 0.4857328917801558,
            "matthews_corrcoef": 0.44748621518007015,
            "precision_score": -1.0,
            "recall_score": -1.0,
            "roc_auc_score": -1.0,
            "coverage_error": -1.0,
            "label_ranking_average_precision_score": -1.0,
            "label_ranking_loss": -1.0,
            "training_time": 361.4967653240019,
            "test_time": 0.010162926999328192
        },
        {
            "seed": "19",
            "accuracy_score": 0.5425,
            "average_precision_score": -1.0,
            "balanced_accuracy_score": 0.21567712658833485,
            "cohen_kappa_score": 0.4561866201106942,
            "f1_score_macro": 0.2094461985463053,
            "f1_score_micro": 0.5425,
            "f1_score_weighted": 0.5042410770721553,
            "matthews_corrcoef": 0.46067631316259205,
            "precision_score": -1.0,
            "recall_score": -1.0,
            "roc_auc_score": -1.0,
            "coverage_error": -1.0,
            "label_ranking_average_precision_score": -1.0,
            "label_ranking_loss": -1.0,
            "training_time": 311.1144876249964,
            "test_time": 0.017905199994856957
        },
        {
            "seed": "23",
            "accuracy_score": 0.5,
            "average_precision_score": -1.0,
            "balanced_accuracy_score": 0.17941230945225753,
            "cohen_kappa_score": 0.4087869046299376,
            "f1_score_macro": 0.16963422918131751,
            "f1_score_micro": 0.5,
            "f1_score_weighted": 0.4621096059044255,
            "matthews_corrcoef": 0.4138148419524185,
            "precision_score": -1.0,
            "recall_score": -1.0,
            "roc_auc_score": -1.0,
            "coverage_error": -1.0,
            "label_ranking_average_precision_score": -1.0,
            "label_ranking_loss": -1.0,
            "training_time": 353.3765333130068,
            "test_time": 0.009982187999412417
        },
        {
            "seed": "29",
            "accuracy_score": 0.49,
            "average_precision_score": -1.0,
            "balanced_accuracy_score": 0.2050779795157977,
            "cohen_kappa_score": 0.3935249873651039,
            "f1_score_macro": 0.20774620124101092,
            "f1_score_micro": 0.49,
            "f1_score_weighted": 0.46508155321096495,
            "matthews_corrcoef": 0.39506523287966483,
            "precision_score": -1.0,
            "recall_score": -1.0,
            "roc_auc_score": -1.0,
            "coverage_error": -1.0,
            "label_ranking_average_precision_score": -1.0,
            "label_ranking_loss": -1.0,
            "training_time": 354.7053394769973,
            "test_time": 0.015287795999029186
        },
        {
            "seed": "31",
            "accuracy_score": 0.5,
            "average_precision_score": -1.0,
            "balanced_accuracy_score": 0.17827122693169065,