{
    "id": 41468,
    "framework": "h2o",
    "results": [
        {
            "seed": "2",
            "accuracy_score": 0.375,
            "average_precision_score": -1.0,
            "balanced_accuracy_score": 0.13160517165859867,
            "cohen_kappa_score": 0.2536366553965801,
            "f1_score_macro": 0.12440550905537114,
            "f1_score_micro": 0.375,
            "f1_score_weighted": 0.3423575818154431,
            "matthews_corrcoef": 0.2559401344374596,
            "precision_score": -1.0,
            "recall_score": -1.0,
            "roc_auc_score": -1.0,
            "coverage_error": -1.0,
            "label_ranking_average_precision_score": -1.0,
            "label_ranking_loss": -1.0,
            "training_time": 307.4711434380006,
            "test_time": 0.2826469830033602
        },
        {
            "seed": "3",
            "accuracy_score": 0.3425,
            "average_precision_score": -1.0,
            "balanced_accuracy_score": 0.1355182693768003,
            "cohen_kappa_score": 0.23302372377189007,
            "f1_score_macro": 0.13224239977896726,
            "f1_score_micro": 0.3425,
            "f1_score_weighted": 0.32867093561998073,
            "matthews_corrcoef": 0.2334908252076256,
            "precision_score": -1.0,
            "recall_score": -1.0,
            "roc_auc_score": -1.0,
            "coverage_error": -1.0,
            "label_ranking_average_precision_score": -1.0,
            "label_ranking_loss": -1.0,
            "training_time": 306.9422395759975,
            "test_time": 0.27708655699825613
        },
        {
            "seed": "5",
            "accuracy_score": 0.2675,
            "average_precision_score": -1.0,
            "balanced_accuracy_score": 0.10067160088424193,
            "cohen_kappa_score": 0.15062000391352548,
            "f1_score_macro": 0.089616352099383,
            "f1_score_micro": 0.2675,
            "f1_score_weighted": 0.25102768883586557,
            "matthews_corrcoef": 0.15198633103511408,
            "precision_score": -1.0,
            "recall_score": -1.0,
            "roc_auc_score": -1.0,
            "coverage_error": -1.0,
            "label_ranking_average_precision_score": -1.0,
            "label_ranking_loss": -1.0,
            "training_time": 306.392296859005,
            "test_time": 0.2804344210017007
        },
        {
            "seed": "7",
            "accuracy_score": 0.2175,
            "average_precision_score": -1.0,
            "balanced_accuracy_score": 0.09263213795372027,
            "cohen_kappa_score": 0.09793071646780804,
            "f1_score_macro": 0.09460920109332928,
            "f1_score_micro": 0.2175,
            "f1_score_weighted": 0.21832019771661718,
            "matthews_corrcoef": 0.09870728693474118,
            "precision_score": -1.0,
            "recall_score": -1.0,
            "roc_auc_score": -1.0,
            "coverage_error": -1.0,
            "label_ranking_average_precision_score": -1.0,
            "label_ranking_loss": -1.0,
            "training_time": 306.49131490199943,
            "test_time": 0.28065729600348277
        },
        {
            "seed": "11",
            "accuracy_score": 0.3,
            "average_precision_score": -1.0,
            "balanced_accuracy_score": 0.12243827679903625,
            "cohen_kappa_score": 0.17582215419484448,
            "f1_score_macro": 0.10719115126927271,
            "f1_score_micro": 0.3,
            "f1_score_weighted": 0.28742639914602536,
            "matthews_corrcoef": 0.1767792977473207,
            "precision_score": -1.0,
            "recall_score": -1.0,
            "roc_auc_score": -1.0,
            "coverage_error": -1.0,
            "label_ranking_average_precision_score": -1.0,
            "label_ranking_loss": -1.0,
            "training_time": 306.58639302499796,
            "test_time": 0.28140025999891805
        },
        {
            "seed": "13",
            "accuracy_score": 0.265,
            "average_precision_score": -1.0,
            "balanced_accuracy_score": 0.11321862190801991,
            "cohen_kappa_score": 0.1458702536242411,
            "f1_score_macro": 0.11264090278009409,
            "f1_score_micro": 0.265,
            "f1_score_weighted": 0.2693620459676672,
            "matthews_corrcoef": 0.1482238540624281,
            "precision_score": -1.0,
            "recall_score": -1.0,
            "roc_auc_score": -1.0,
            "coverage_error": -1.0,
            "label_ranking_average_precision_score": -1.0,
            "label_ranking_loss": -1.0,
            "training_time": 307.60336480699334,
            "test_time": 0.4811888550029835
        },
        {
            "seed": "17",
            "accuracy_score": 0.3275,
            "average_precision_score": -1.0,
            "balanced_accuracy_score": 0.12606803176243772,
            "cohen_kappa_score": 0.20339961798717743,
            "f1_score_macro": 0.10652766951127891,
            "f1_score_micro": 0.3275,
            "f1_score_weighted": 0.27193034984675507,
            "matthews_corrcoef": 0.2110736817338488,
            "precision_score": -1.0,
            "recall_score": -1.0,
            "roc_auc_score": -1.0,
            "coverage_error": -1.0,
            "label_ranking_average_precision_score": -1.0,
            "label_ranking_loss": -1.0,
            "training_time": 307.04520020700147,
            "test_time": 0.27832258000125876
        },
        {
            "seed": "19",
            "accuracy_score": 0.3775,
            "average_precision_score": -1.0,
            "balanced_accuracy_score": 0.14267332679520384,
            "cohen_kappa_score": 0.2574811015521329,
            "f1_score_macro": 0.128166220946408,
            "f1_score_micro": 0.3775,
            "f1_score_weighted": 0.33149470635169004,
            "matthews_corrcoef": 0.2611626602749553,
            "precision_score": -1.0,
            "recall_score": -1.0,
            "roc_auc_score": -1.0,
            "coverage_error": -1.0,
            "label_ranking_average_precision_score": -1.0,
            "label_ranking_loss": -1.0,
            "training_time": 306.6758056940016,
            "test_time": 0.27758893099962734
        },
        {
            "seed": "23",
            "accuracy_score": 0.285,
            "average_precision_score": -1.0,
            "balanced_accuracy_score": 0.10460327404100497,
            "cohen_kappa_score": 0.17941655369298426,
            "f1_score_macro": 0.10278234880504,
            "f1_score_micro": 0.285,
            "f1_score_weighted": 0.28359260441434064,
            "matthews_corrcoef": 0.17994317258271258,
            "precision_score": -1.0,
            "recall_score": -1.0,
            "roc_auc_score": -1.0,
            "coverage_error": -1.0,
            "label_ranking_average_precision_score": -1.0,
            "label_ranking_loss": -1.0,
            "training_time": 307.0981198560039,
            "test_time": 0.47949556299863616
        },
        {
            "seed": "29",
            "accuracy_score": 0.3575,
            "average_precision_score": -1.0,
            "balanced_accuracy_score": 0.1372518365716314,
            "cohen_kappa_score": 0.24280368875401426,
            "f1_score_macro": 0.12740418797342018,
            "f1_score_micro": 0.3575,
            "f1_score_weighted": 0.3338006230767791,
            "matthews_corrcoef": 0.2455599517166423,
            "precision_score": -1.0,
            "recall_score": -1.0,
            "roc_auc_score": -1.0,
            "coverage_error": -1.0,
            "label_ranking_average_precision_score": -1.0,
            "label_ranking_loss": -1.0,
            "training_time": 306.67374025399477,
            "test_time": 0.288600749001489
        },
        {
            "seed": "31",
            "accuracy_score": 0.195,
            "average_precision_score": -1.0,
            "balanced_accuracy_score": 0.08186003754092351,