{"framework": "autosklearn", "accuracy_score": 0.6425, "average_precision_score": 0.51050638167058, "balanced_accuracy_score": -1.0, "cohen_kappa_score": -1.0, "f1_score_macro": 0.6344121793565236, "f1_score_micro": 0.7646326276463262, "f1_score_weighted": 0.7484638536371464, "matthews_corrcoef": -1.0, "precision_score": -1.0, "recall_score": -1.0, "roc_auc_score": 0.767540655289606, "coverage_error": 3.0625, "label_ranking_average_precision_score": 0.7295833333333337, "label_ranking_loss": 0.31375, "training_time": "00:10:16", "test_time": "00:00:06"}