{"framework": "autokeras", "accuracy_score": 0.6525, "average_precision_score": 0.41644053708338846, "balanced_accuracy_score": -1.0, "cohen_kappa_score": -1.0, "f1_score_macro": 0.5637663334293169, "f1_score_micro": 0.7166276346604216, "f1_score_weighted": 0.701791422782548, "matthews_corrcoef": -1.0, "precision_score": -1.0, "recall_score": -1.0, "roc_auc_score": 0.7426364723298228, "coverage_error": 3.085, "label_ranking_average_precision_score": 0.7616071428571436, "label_ranking_loss": 0.29125, "training_time": "00:03:17", "test_time": "00:00:11"}