{"framework": "autokeras", "accuracy_score": 0.645, "average_precision_score": 0.39914212837991625, "balanced_accuracy_score": -1.0, "cohen_kappa_score": -1.0, "f1_score_macro": 0.5503224927219427, "f1_score_micro": 0.702576112412178, "f1_score_weighted": 0.6918126520207699, "matthews_corrcoef": -1.0, "precision_score": -1.0, "recall_score": -1.0, "roc_auc_score": 0.7326965925147484, "coverage_error": 3.13, "label_ranking_average_precision_score": 0.7525000000000002, "label_ranking_loss": 0.3025, "training_time": "00:03:06", "test_time": "00:00:11"}