{
    "id": 41465,
    "framework": "tpot",
    "results": [
        {
            "seed": "2",
            "accuracy_score": 0.3865546218487395,
            "average_precision_score": -1.0,
            "balanced_accuracy_score": 0.1850580398364332,
            "cohen_kappa_score": 0.304372197309417,
            "f1_score_macro": 0.15772501949301895,
            "f1_score_micro": 0.38655462184873957,
            "f1_score_weighted": 0.3241978856244587,
            "matthews_corrcoef": 0.3139930852998361,
            "precision_score": -1.0,
            "recall_score": -1.0,
            "roc_auc_score": -1.0,
            "coverage_error": -1.0,
            "label_ranking_average_precision_score": -1.0,
            "label_ranking_loss": -1.0,
            "training_time": 306.91162151599997,
            "test_time": 0.005422016000011354
        },
        {
            "seed": "3",
            "accuracy_score": 0.35294117647058826,
            "average_precision_score": -1.0,
            "balanced_accuracy_score": 0.19229121512858538,
            "cohen_kappa_score": 0.27034559643255296,
            "f1_score_macro": 0.16481354154129546,
            "f1_score_micro": 0.35294117647058826,
            "f1_score_weighted": 0.2799399181552382,
            "matthews_corrcoef": 0.28281183360918294,
            "precision_score": -1.0,
            "recall_score": -1.0,
            "roc_auc_score": -1.0,
            "coverage_error": -1.0,
            "label_ranking_average_precision_score": -1.0,
            "label_ranking_loss": -1.0,
            "training_time": 301.294942386,
            "test_time": 0.005640193000090221
        },
        {
            "seed": "5",
            "accuracy_score": 0.40336134453781514,
            "average_precision_score": -1.0,
            "balanced_accuracy_score": 0.1978615520282187,
            "cohen_kappa_score": 0.3255906768837802,
            "f1_score_macro": 0.15648124389143486,
            "f1_score_micro": 0.40336134453781514,
            "f1_score_weighted": 0.30911375705510036,
            "matthews_corrcoef": 0.3385046621263382,
            "precision_score": -1.0,
            "recall_score": -1.0,
            "roc_auc_score": -1.0,
            "coverage_error": -1.0,
            "label_ranking_average_precision_score": -1.0,
            "label_ranking_loss": -1.0,
            "training_time": 316.820399232,
            "test_time": 0.0060106989999439975
        },
        {
            "seed": "7",
            "accuracy_score": 0.35294117647058826,
            "average_precision_score": -1.0,
            "balanced_accuracy_score": 0.1509710197210197,
            "cohen_kappa_score": 0.2825150732127476,
            "f1_score_macro": 0.12548272357723578,
            "f1_score_micro": 0.35294117647058826,
            "f1_score_weighted": 0.28477366556378647,
            "matthews_corrcoef": 0.29104960168336014,
            "precision_score": -1.0,
            "recall_score": -1.0,
            "roc_auc_score": -1.0,
            "coverage_error": -1.0,
            "label_ranking_average_precision_score": -1.0,
            "label_ranking_loss": -1.0,
            "training_time": 308.26925475100006,
            "test_time": 0.005630075000226498
        },
        {
            "seed": "11",
            "accuracy_score": 0.36134453781512604,
            "average_precision_score": -1.0,
            "balanced_accuracy_score": 0.17982707605133236,
            "cohen_kappa_score": 0.2741573033707865,
            "f1_score_macro": 0.13818447634237108,
            "f1_score_micro": 0.36134453781512604,
            "f1_score_weighted": 0.27463076139546727,
            "matthews_corrcoef": 0.28527343877881367,
            "precision_score": -1.0,
            "recall_score": -1.0,
            "roc_auc_score": -1.0,
            "coverage_error": -1.0,
            "label_ranking_average_precision_score": -1.0,
            "label_ranking_loss": -1.0,
            "training_time": 337.7806350149999,
            "test_time": 0.005593784999746276
        },
        {
            "seed": "13",
            "accuracy_score": 0.4369747899159664,
            "average_precision_score": -1.0,
            "balanced_accuracy_score": 0.19965728715728714,
            "cohen_kappa_score": 0.3565491082237108,
            "f1_score_macro": 0.170646752427528,
            "f1_score_micro": 0.4369747899159664,
            "f1_score_weighted": 0.35701175766664606,
            "matthews_corrcoef": 0.3718052233427843,
            "precision_score": -1.0,
            "recall_score": -1.0,
            "roc_auc_score": -1.0,
            "coverage_error": -1.0,
            "label_ranking_average_precision_score": -1.0,
            "label_ranking_loss": -1.0,
            "training_time": 301.50391621100016,
            "test_time": 0.005638334999730432
        },
        {
            "seed": "17",
            "accuracy_score": 0.36134453781512604,
            "average_precision_score": -1.0,
            "balanced_accuracy_score": 0.18253431566532427,
            "cohen_kappa_score": 0.2776357827476039,
            "f1_score_macro": 0.15451665378592497,
            "f1_score_micro": 0.36134453781512604,
            "f1_score_weighted": 0.2886014362847928,
            "matthews_corrcoef": 0.28865432704040656,
            "precision_score": -1.0,
            "recall_score": -1.0,
            "roc_auc_score": -1.0,
            "coverage_error": -1.0,
            "label_ranking_average_precision_score": -1.0,
            "label_ranking_loss": -1.0,
            "training_time": 316.24012546099993,
            "test_time": 0.005872968999938166
        },
        {
            "seed": "19",
            "accuracy_score": 0.47058823529411764,
            "average_precision_score": -1.0,
            "balanced_accuracy_score": 0.23138103726339018,
            "cohen_kappa_score": 0.39715342553875843,
            "f1_score_macro": 0.20686643603310267,
            "f1_score_micro": 0.47058823529411764,
            "f1_score_weighted": 0.3848603543981695,
            "matthews_corrcoef": 0.41112906399090543,
            "precision_score": -1.0,
            "recall_score": -1.0,
            "roc_auc_score": -1.0,
            "coverage_error": -1.0,
            "label_ranking_average_precision_score": -1.0,
            "label_ranking_loss": -1.0,
            "training_time": 322.93923934899976,
            "test_time": 0.005789582000033988
        },
        {
            "seed": "23",
            "accuracy_score": 0.40336134453781514,
            "average_precision_score": -1.0,
            "balanced_accuracy_score": 0.17784188034188034,
            "cohen_kappa_score": 0.3220189375702134,
            "f1_score_macro": 0.15280112044817928,
            "f1_score_micro": 0.40336134453781514,
            "f1_score_weighted": 0.32540074853470796,
            "matthews_corrcoef": 0.33257522384204424,
            "precision_score": -1.0,
            "recall_score": -1.0,
            "roc_auc_score": -1.0,
            "coverage_error": -1.0,
            "label_ranking_average_precision_score": -1.0,
            "label_ranking_loss": -1.0,
            "training_time": 337.9681480059994,
            "test_time": 0.0056844820001060725
        },
        {
            "seed": "29",
            "accuracy_score": 0.3697478991596639,
            "average_precision_score": -1.0,
            "balanced_accuracy_score": 0.16338843904633377,
            "cohen_kappa_score": 0.28064802127831057,
            "f1_score_macro": 0.14246818193626704,
            "f1_score_micro": 0.3697478991596639,
            "f1_score_weighted": 0.3142057021191654,
            "matthews_corrcoef": 0.2914195905840005,
            "precision_score": -1.0,
            "recall_score": -1.0,
            "roc_auc_score": -1.0,
            "coverage_error": -1.0,
            "label_ranking_average_precision_score": -1.0,
            "label_ranking_loss": -1.0,
            "training_time": 341.9146277379996,