{
    "id": 41465,
    "framework": "autopytorch",
    "results": [
        {
            "seed": "2",
            "accuracy_score": 0.33613445378151263,
            "average_precision_score": -1.0,
            "balanced_accuracy_score": 0.15676361957525392,
            "cohen_kappa_score": 0.25204869122444107,
            "f1_score_macro": 0.12170483383988846,
            "f1_score_micro": 0.33613445378151263,
            "f1_score_weighted": 0.27284959784521673,
            "matthews_corrcoef": 0.2595802025969274,
            "precision_score": -1.0,
            "recall_score": -1.0,
            "roc_auc_score": -1.0,
            "coverage_error": -1.0,
            "label_ranking_average_precision_score": -1.0,
            "label_ranking_loss": -1.0,
            "training_time": 315.63320239499444,
            "test_time": 1.16556311500608
        },
        {
            "seed": "3",
            "accuracy_score": 0.31932773109243695,
            "average_precision_score": -1.0,
            "balanced_accuracy_score": 0.16748672319606575,
            "cohen_kappa_score": 0.23493928089530924,
            "f1_score_macro": 0.14406898112780467,
            "f1_score_micro": 0.31932773109243695,
            "f1_score_weighted": 0.2685254303741699,
            "matthews_corrcoef": 0.24524058357082498,
            "precision_score": -1.0,
            "recall_score": -1.0,
            "roc_auc_score": -1.0,
            "coverage_error": -1.0,
            "label_ranking_average_precision_score": -1.0,
            "label_ranking_loss": -1.0,
            "training_time": 309.9218074470118,
            "test_time": 1.3515493540035095
        },
        {
            "seed": "5",
            "accuracy_score": 0.33613445378151263,
            "average_precision_score": -1.0,
            "balanced_accuracy_score": 0.15677910052910052,
            "cohen_kappa_score": 0.24828082520390204,
            "f1_score_macro": 0.10328844531743082,
            "f1_score_micro": 0.33613445378151263,
            "f1_score_weighted": 0.2229574103889047,
            "matthews_corrcoef": 0.262086635355817,
            "precision_score": -1.0,
            "recall_score": -1.0,
            "roc_auc_score": -1.0,
            "coverage_error": -1.0,
            "label_ranking_average_precision_score": -1.0,
            "label_ranking_loss": -1.0,
            "training_time": 311.59361443601665,
            "test_time": 1.7655394519970287
        },
        {
            "seed": "7",
            "accuracy_score": 0.2605042016806723,
            "average_precision_score": -1.0,
            "balanced_accuracy_score": 0.10336850649350648,
            "cohen_kappa_score": 0.17905299466917535,
            "f1_score_macro": 0.0694262365314997,
            "f1_score_micro": 0.2605042016806723,
            "f1_score_weighted": 0.17746413005148076,
            "matthews_corrcoef": 0.18680054836329352,
            "precision_score": -1.0,
            "recall_score": -1.0,
            "roc_auc_score": -1.0,
            "coverage_error": -1.0,
            "label_ranking_average_precision_score": -1.0,
            "label_ranking_loss": -1.0,
            "training_time": 313.14146400999743,
            "test_time": 1.0783712140109856
        },
        {
            "seed": "11",
            "accuracy_score": 0.35294117647058826,
            "average_precision_score": -1.0,
            "balanced_accuracy_score": 0.17027198583262657,
            "cohen_kappa_score": 0.2638386759861814,
            "f1_score_macro": 0.13202481814902048,
            "f1_score_micro": 0.35294117647058826,
            "f1_score_weighted": 0.278373474047546,
            "matthews_corrcoef": 0.2726928468226422,
            "precision_score": -1.0,
            "recall_score": -1.0,
            "roc_auc_score": -1.0,
            "coverage_error": -1.0,
            "label_ranking_average_precision_score": -1.0,
            "label_ranking_loss": -1.0,
            "training_time": 313.11145329798455,
            "test_time": 1.1692760800069664
        },
        {
            "seed": "13",
            "accuracy_score": 0.3865546218487395,
            "average_precision_score": -1.0,
            "balanced_accuracy_score": 0.1723684210526316,
            "cohen_kappa_score": 0.29977430275673067,
            "f1_score_macro": 0.13090587397209966,
            "f1_score_micro": 0.38655462184873957,
            "f1_score_weighted": 0.29311568875558747,
            "matthews_corrcoef": 0.3137747746631226,
            "precision_score": -1.0,
            "recall_score": -1.0,
            "roc_auc_score": -1.0,
            "coverage_error": -1.0,
            "label_ranking_average_precision_score": -1.0,
            "label_ranking_loss": -1.0,
            "training_time": 318.62395422600093,
            "test_time": 3.310578214004636
        },
        {
            "seed": "17",
            "accuracy_score": 0.29411764705882354,
            "average_precision_score": -1.0,
            "balanced_accuracy_score": 0.13294653041271912,
            "cohen_kappa_score": 0.20178870877585242,
            "f1_score_macro": 0.09625411308397845,
            "f1_score_micro": 0.29411764705882354,
            "f1_score_weighted": 0.20943747477849492,
            "matthews_corrcoef": 0.21110999722407625,
            "precision_score": -1.0,
            "recall_score": -1.0,
            "roc_auc_score": -1.0,
            "coverage_error": -1.0,
            "label_ranking_average_precision_score": -1.0,
            "label_ranking_loss": -1.0,
            "training_time": 308.6721298219927,
            "test_time": 4.544978983991314
        },
        {
            "seed": "19",
            "accuracy_score": 0.40336134453781514,
            "average_precision_score": -1.0,
            "balanced_accuracy_score": 0.19386865857454094,
            "cohen_kappa_score": 0.3240259220737658,
            "f1_score_macro": 0.16287032646479652,
            "f1_score_micro": 0.40336134453781514,
            "f1_score_weighted": 0.3236448715672664,
            "matthews_corrcoef": 0.33605269914248453,
            "precision_score": -1.0,
            "recall_score": -1.0,
            "roc_auc_score": -1.0,
            "coverage_error": -1.0,
            "label_ranking_average_precision_score": -1.0,
            "label_ranking_loss": -1.0,
            "training_time": 305.3434343840054,
            "test_time": 2.537930910009891
        },
        {
            "seed": "23",
            "accuracy_score": 0.37815126050420167,
            "average_precision_score": -1.0,
            "balanced_accuracy_score": 0.16020299145299144,
            "cohen_kappa_score": 0.2932017015811863,
            "f1_score_macro": 0.12825544990386795,
            "f1_score_micro": 0.37815126050420167,
            "f1_score_weighted": 0.28181196188534136,
            "matthews_corrcoef": 0.30518256784459674,
            "precision_score": -1.0,
            "recall_score": -1.0,
            "roc_auc_score": -1.0,
            "coverage_error": -1.0,
            "label_ranking_average_precision_score": -1.0,
            "label_ranking_loss": -1.0,
            "training_time": 318.49565387901384,
            "test_time": 1.104726015997585
        },
        {
            "seed": "29",
            "accuracy_score": 0.3865546218487395,
            "average_precision_score": -1.0,
            "balanced_accuracy_score": 0.19844579397210976,
            "cohen_kappa_score": 0.3078639152258783,
            "f1_score_macro": 0.1779983004983005,
            "f1_score_micro": 0.38655462184873957,
            "f1_score_weighted": 0.33339838675973127,
            "matthews_corrcoef": 0.31804285375070734,
            "precision_score": -1.0,
            "recall_score": -1.0,
            "roc_auc_score": -1.0,
            "coverage_error": -1.0,
            "label_ranking_average_precision_score": -1.0,
            "label_ranking_loss": -1.0,
            "training_time": 315.33272404398303,