{
    "id": 41465,
    "framework": "naive",
    "results": [
        {
            "seed": "2",
            "accuracy_score": 0.40336134453781514,
            "average_precision_score": -1.0,
            "balanced_accuracy_score": 0.19250648551202568,
            "cohen_kappa_score": 0.3210382513661202,
            "f1_score_macro": 0.1628351137176643,
            "f1_score_micro": 0.40336134453781514,
            "f1_score_weighted": 0.3327562868485587,
            "matthews_corrcoef": 0.3309160303423065,
            "precision_score": -1.0,
            "recall_score": -1.0,
            "roc_auc_score": -1.0,
            "coverage_error": -1.0,
            "label_ranking_average_precision_score": -1.0,
            "label_ranking_loss": -1.0,
            "training_time": 291.4331834579998,
            "test_time": 0.023633845999938785
        },
        {
            "seed": "3",
            "accuracy_score": 0.35294117647058826,
            "average_precision_score": -1.0,
            "balanced_accuracy_score": 0.19335589439395667,
            "cohen_kappa_score": 0.27416032953105196,
            "f1_score_macro": 0.17147192900089817,
            "f1_score_micro": 0.35294117647058826,
            "f1_score_weighted": 0.2968134787165067,
            "matthews_corrcoef": 0.28257881175490074,
            "precision_score": -1.0,
            "recall_score": -1.0,
            "roc_auc_score": -1.0,
            "coverage_error": -1.0,
            "label_ranking_average_precision_score": -1.0,
            "label_ranking_loss": -1.0,
            "training_time": 282.41603142299937,
            "test_time": 0.005376152000280854
        },
        {
            "seed": "5",
            "accuracy_score": 0.4369747899159664,
            "average_precision_score": -1.0,
            "balanced_accuracy_score": 0.2413910934744268,
            "cohen_kappa_score": 0.36692075591551543,
            "f1_score_macro": 0.21318835573976655,
            "f1_score_micro": 0.4369747899159664,
            "f1_score_weighted": 0.3577671402593337,
            "matthews_corrcoef": 0.37684871366119455,
            "precision_score": -1.0,
            "recall_score": -1.0,
            "roc_auc_score": -1.0,
            "coverage_error": -1.0,
            "label_ranking_average_precision_score": -1.0,
            "label_ranking_loss": -1.0,
            "training_time": 289.03635758200016,
            "test_time": 0.025116531999628933
        },
        {
            "seed": "7",
            "accuracy_score": 0.31932773109243695,
            "average_precision_score": -1.0,
            "balanced_accuracy_score": 0.1363035113035113,
            "cohen_kappa_score": 0.2464232663591588,
            "f1_score_macro": 0.11169045564669668,
            "f1_score_micro": 0.31932773109243695,
            "f1_score_weighted": 0.2562577153344307,
            "matthews_corrcoef": 0.2536158185172756,
            "precision_score": -1.0,
            "recall_score": -1.0,
            "roc_auc_score": -1.0,
            "coverage_error": -1.0,
            "label_ranking_average_precision_score": -1.0,
            "label_ranking_loss": -1.0,
            "training_time": 278.3831725,
            "test_time": 0.007258085000103165
        },
        {
            "seed": "11",
            "accuracy_score": 0.37815126050420167,
            "average_precision_score": -1.0,
            "balanced_accuracy_score": 0.18650137048306384,
            "cohen_kappa_score": 0.2909822866344606,
            "f1_score_macro": 0.14624443543604412,
            "f1_score_micro": 0.37815126050420167,
            "f1_score_weighted": 0.2863410019549112,
            "matthews_corrcoef": 0.3031679914757518,
            "precision_score": -1.0,
            "recall_score": -1.0,
            "roc_auc_score": -1.0,
            "coverage_error": -1.0,
            "label_ranking_average_precision_score": -1.0,
            "label_ranking_loss": -1.0,
            "training_time": 279.575241644,
            "test_time": 0.02090600799965614
        },
        {
            "seed": "13",
            "accuracy_score": 0.37815126050420167,
            "average_precision_score": -1.0,
            "balanced_accuracy_score": 0.1692991949570897,
            "cohen_kappa_score": 0.29035377548553465,
            "f1_score_macro": 0.1461080767428009,
            "f1_score_micro": 0.37815126050420167,
            "f1_score_weighted": 0.3164743173682786,
            "matthews_corrcoef": 0.3010479901864466,
            "precision_score": -1.0,
            "recall_score": -1.0,
            "roc_auc_score": -1.0,
            "coverage_error": -1.0,
            "label_ranking_average_precision_score": -1.0,
            "label_ranking_loss": -1.0,
            "training_time": 293.6413312500008,
            "test_time": 0.005546749999666645
        },
        {
            "seed": "17",
            "accuracy_score": 0.35294117647058826,
            "average_precision_score": -1.0,
            "balanced_accuracy_score": 0.17534141080254814,
            "cohen_kappa_score": 0.268481558358614,
            "f1_score_macro": 0.14638396896014627,
            "f1_score_micro": 0.35294117647058826,
            "f1_score_weighted": 0.2772220956431483,
            "matthews_corrcoef": 0.2786759550592863,
            "precision_score": -1.0,
            "recall_score": -1.0,
            "roc_auc_score": -1.0,
            "coverage_error": -1.0,
            "label_ranking_average_precision_score": -1.0,
            "label_ranking_loss": -1.0,
            "training_time": 46.363600390999636,
            "test_time": 0.005552257999624999
        }
    ]
}