{
    "id": 41465,
    "framework": "pycaret",
    "results": [
        {
            "seed": "2",
            "accuracy_score": 0.4117647058823529,
            "average_precision_score": -1.0,
            "balanced_accuracy_score": 0.20201710416391858,
            "cohen_kappa_score": 0.33625498007968124,
            "f1_score_macro": 0.1758979237941427,
            "f1_score_micro": 0.4117647058823529,
            "f1_score_weighted": 0.35642995069668115,
            "matthews_corrcoef": 0.3429911883832761,
            "precision_score": -1.0,
            "recall_score": -1.0,
            "roc_auc_score": -1.0,
            "coverage_error": -1.0,
            "label_ranking_average_precision_score": -1.0,
            "label_ranking_loss": -1.0,
            "training_time": 742.6657168054953,
            "test_time": 0.0993849616497755
        },
        {
            "seed": "3",
            "accuracy_score": 0.35294117647058826,
            "average_precision_score": -1.0,
            "balanced_accuracy_score": 0.19335589439395667,
            "cohen_kappa_score": 0.27416032953105196,
            "f1_score_macro": 0.17147192900089817,
            "f1_score_micro": 0.35294117647058826,
            "f1_score_weighted": 0.2968134787165067,
            "matthews_corrcoef": 0.28257881175490074,
            "precision_score": -1.0,
            "recall_score": -1.0,
            "roc_auc_score": -1.0,
            "coverage_error": -1.0,
            "label_ranking_average_precision_score": -1.0,
            "label_ranking_loss": -1.0,
            "training_time": 633.3554859813303,
            "test_time": 0.10339611861854792
        },
        {
            "seed": "5",
            "accuracy_score": 0.42857142857142855,
            "average_precision_score": -1.0,
            "balanced_accuracy_score": 0.20716490299823634,
            "cohen_kappa_score": 0.35496213630928664,
            "f1_score_macro": 0.1563149417228588,
            "f1_score_micro": 0.42857142857142855,
            "f1_score_weighted": 0.33199642662341156,
            "matthews_corrcoef": 0.3696078470393094,
            "precision_score": -1.0,
            "recall_score": -1.0,
            "roc_auc_score": -1.0,
            "coverage_error": -1.0,
            "label_ranking_average_precision_score": -1.0,
            "label_ranking_loss": -1.0,
            "training_time": 641.7674802364781,
            "test_time": 0.10742751974612474
        },
        {
            "seed": "7",
            "accuracy_score": 0.2857142857142857,
            "average_precision_score": -1.0,
            "balanced_accuracy_score": 0.1226461038961039,
            "cohen_kappa_score": 0.2129629629629629,
            "f1_score_macro": 0.10219854070660522,
            "f1_score_micro": 0.2857142857142857,
            "f1_score_weighted": 0.23588575215032248,
            "matthews_corrcoef": 0.21719881537228392,
            "precision_score": -1.0,
            "recall_score": -1.0,
            "roc_auc_score": -1.0,
            "coverage_error": -1.0,
            "label_ranking_average_precision_score": -1.0,
            "label_ranking_loss": -1.0,
            "training_time": 740.7489111702889,
            "test_time": 0.10076178517192602
        },
        {
            "seed": "11",
            "accuracy_score": 0.3277310924369748,
            "average_precision_score": -1.0,
            "balanced_accuracy_score": 0.16293702483633832,
            "cohen_kappa_score": 0.24137381464658547,
            "f1_score_macro": 0.1296665849547104,
            "f1_score_micro": 0.3277310924369748,
            "f1_score_weighted": 0.260668296989315,
            "matthews_corrcoef": 0.24936587712781805,
            "precision_score": -1.0,
            "recall_score": -1.0,
            "roc_auc_score": -1.0,
            "coverage_error": -1.0,
            "label_ranking_average_precision_score": -1.0,
            "label_ranking_loss": -1.0,
            "training_time": 629.034354031086,
            "test_time": 0.10230225138366222
        },
        {
            "seed": "13",
            "accuracy_score": 0.36134453781512604,
            "average_precision_score": -1.0,
            "balanced_accuracy_score": 0.16267752715121137,
            "cohen_kappa_score": 0.27665360313524756,
            "f1_score_macro": 0.13849860999896432,
            "f1_score_micro": 0.36134453781512604,
            "f1_score_weighted": 0.3040933117252506,
            "matthews_corrcoef": 0.2837792745168911,
            "precision_score": -1.0,
            "recall_score": -1.0,
            "roc_auc_score": -1.0,
            "coverage_error": -1.0,
            "label_ranking_average_precision_score": -1.0,
            "label_ranking_loss": -1.0,
            "training_time": 770.8083702912554,
            "test_time": 0.10664408840239048
        },
        {
            "seed": "17",
            "accuracy_score": 0.35294117647058826,
            "average_precision_score": -1.0,
            "balanced_accuracy_score": 0.17534141080254814,
            "cohen_kappa_score": 0.268481558358614,
            "f1_score_macro": 0.14638396896014627,
            "f1_score_micro": 0.35294117647058826,
            "f1_score_weighted": 0.2772220956431483,
            "matthews_corrcoef": 0.2786759550592863,
            "precision_score": -1.0,
            "recall_score": -1.0,
            "roc_auc_score": -1.0,
            "coverage_error": -1.0,
            "label_ranking_average_precision_score": -1.0,
            "label_ranking_loss": -1.0,
            "training_time": 648.428269601427,
            "test_time": 0.1067492226138711
        },
        {
            "seed": "19",
            "accuracy_score": 0.40336134453781514,
            "average_precision_score": -1.0,
            "balanced_accuracy_score": 0.20396966867555105,
            "cohen_kappa_score": 0.3263971936538308,
            "f1_score_macro": 0.1866107519801979,
            "f1_score_micro": 0.40336134453781514,
            "f1_score_weighted": 0.34942478439079977,
            "matthews_corrcoef": 0.334422953059204,
            "precision_score": -1.0,
            "recall_score": -1.0,
            "roc_auc_score": -1.0,
            "coverage_error": -1.0,
            "label_ranking_average_precision_score": -1.0,
            "label_ranking_loss": -1.0,
            "training_time": 644.0552478190511,
            "test_time": 0.10387363377958536
        },
        {
            "seed": "23",
            "accuracy_score": 0.4117647058823529,
            "average_precision_score": -1.0,
            "balanced_accuracy_score": 0.17818910256410256,
            "cohen_kappa_score": 0.3304934897926378,
            "f1_score_macro": 0.15301565369888354,
            "f1_score_micro": 0.4117647058823529,
            "f1_score_weighted": 0.32938320613042676,
            "matthews_corrcoef": 0.3420849469513077,
            "precision_score": -1.0,
            "recall_score": -1.0,
            "roc_auc_score": -1.0,
            "coverage_error": -1.0,
            "label_ranking_average_precision_score": -1.0,
            "label_ranking_loss": -1.0,
            "training_time": 644.7992212586105,
            "test_time": 0.10329107660800219
        },
        {
            "seed": "29",
            "accuracy_score": 0.4117647058823529,
            "average_precision_score": -1.0,
            "balanced_accuracy_score": 0.21283288349077822,
            "cohen_kappa_score": 0.3368890304091704,
            "f1_score_macro": 0.19459627110537026,
            "f1_score_micro": 0.4117647058823529,
            "f1_score_weighted": 0.3802189657206133,
            "matthews_corrcoef": 0.3415603277127647,
            "precision_score": -1.0,
            "recall_score": -1.0,
            "roc_auc_score": -1.0,
            "coverage_error": -1.0,
            "label_ranking_average_precision_score": -1.0,
            "label_ranking_loss": -1.0,
            "training_time": 775.0678022513166,