{
    "id": 41465,
    "framework": "autosklearn",
    "results": [
        {
            "seed": "2",
            "accuracy_score": 0.3697478991596639,
            "average_precision_score": -1.0,
            "balanced_accuracy_score": 0.17336213340368464,
            "cohen_kappa_score": 0.28163232453316156,
            "f1_score_macro": 0.14420362516667107,
            "f1_score_micro": 0.3697478991596639,
            "f1_score_weighted": 0.29800673728798177,
            "matthews_corrcoef": 0.29251428702876026,
            "precision_score": -1.0,
            "recall_score": -1.0,
            "roc_auc_score": -1.0,
            "coverage_error": -1.0,
            "label_ranking_average_precision_score": -1.0,
            "label_ranking_loss": -1.0,
            "training_time": 305.4194779479876,
            "test_time": 1.4615238679980393
        },
        {
            "seed": "3",
            "accuracy_score": 0.36134453781512604,
            "average_precision_score": -1.0,
            "balanced_accuracy_score": 0.19616968959529513,
            "cohen_kappa_score": 0.27913279132791324,
            "f1_score_macro": 0.168278408316359,
            "f1_score_micro": 0.36134453781512604,
            "f1_score_weighted": 0.284421786509073,
            "matthews_corrcoef": 0.29461219259168514,
            "precision_score": -1.0,
            "recall_score": -1.0,
            "roc_auc_score": -1.0,
            "coverage_error": -1.0,
            "label_ranking_average_precision_score": -1.0,
            "label_ranking_loss": -1.0,
            "training_time": 305.4332520470198,
            "test_time": 2.006112942006439
        },
        {
            "seed": "5",
            "accuracy_score": 0.42016806722689076,
            "average_precision_score": -1.0,
            "balanced_accuracy_score": 0.20356040564373898,
            "cohen_kappa_score": 0.3419618528610353,
            "f1_score_macro": 0.1619062681831692,
            "f1_score_micro": 0.42016806722689076,
            "f1_score_weighted": 0.3159456558857352,
            "matthews_corrcoef": 0.3606351515124,
            "precision_score": -1.0,
            "recall_score": -1.0,
            "roc_auc_score": -1.0,
            "coverage_error": -1.0,
            "label_ranking_average_precision_score": -1.0,
            "label_ranking_loss": -1.0,
            "training_time": 302.6334470099828,
            "test_time": 3.1490276000113226
        },
        {
            "seed": "7",
            "accuracy_score": 0.3277310924369748,
            "average_precision_score": -1.0,
            "balanced_accuracy_score": 0.1405227873977874,
            "cohen_kappa_score": 0.2570046046983532,
            "f1_score_macro": 0.11518143203313737,
            "f1_score_micro": 0.3277310924369748,
            "f1_score_weighted": 0.2642156564035266,
            "matthews_corrcoef": 0.26415381629235074,
            "precision_score": -1.0,
            "recall_score": -1.0,
            "roc_auc_score": -1.0,
            "coverage_error": -1.0,
            "label_ranking_average_precision_score": -1.0,
            "label_ranking_loss": -1.0,
            "training_time": 303.84151279600337,
            "test_time": 0.6106900239828974
        },
        {
            "seed": "11",
            "accuracy_score": 0.3865546218487395,
            "average_precision_score": -1.0,
            "balanced_accuracy_score": 0.19402016747554504,
            "cohen_kappa_score": 0.301575816047596,
            "f1_score_macro": 0.15726090588790817,
            "f1_score_micro": 0.38655462184873957,
            "f1_score_weighted": 0.30047294280030856,
            "matthews_corrcoef": 0.3151160594715724,
            "precision_score": -1.0,
            "recall_score": -1.0,
            "roc_auc_score": -1.0,
            "coverage_error": -1.0,
            "label_ranking_average_precision_score": -1.0,
            "label_ranking_loss": -1.0,
            "training_time": 302.75253291102126,
            "test_time": 2.3248866549984086
        },
        {
            "seed": "13",
            "accuracy_score": 0.40336134453781514,
            "average_precision_score": -1.0,
            "balanced_accuracy_score": 0.17304910002278423,
            "cohen_kappa_score": 0.3158150457526925,
            "f1_score_macro": 0.1361044552773876,
            "f1_score_micro": 0.40336134453781514,
            "f1_score_weighted": 0.3079823870940318,
            "matthews_corrcoef": 0.329856078613541,
            "precision_score": -1.0,
            "recall_score": -1.0,
            "roc_auc_score": -1.0,
            "coverage_error": -1.0,
            "label_ranking_average_precision_score": -1.0,
            "label_ranking_loss": -1.0,
            "training_time": 299.18543920799857,
            "test_time": 0.914191504009068
        },
        {
            "seed": "17",
            "accuracy_score": 0.35294117647058826,
            "average_precision_score": -1.0,
            "balanced_accuracy_score": 0.16551809089286684,
            "cohen_kappa_score": 0.2625352112676055,
            "f1_score_macro": 0.13026709175421522,
            "f1_score_micro": 0.35294117647058826,
            "f1_score_weighted": 0.26163484673703247,
            "matthews_corrcoef": 0.27604157452631733,
            "precision_score": -1.0,
            "recall_score": -1.0,
            "roc_auc_score": -1.0,
            "coverage_error": -1.0,
            "label_ranking_average_precision_score": -1.0,
            "label_ranking_loss": -1.0,
            "training_time": 304.56960068800254,
            "test_time": 2.4805074770119973
        },
        {
            "seed": "19",
            "accuracy_score": 0.42857142857142855,
            "average_precision_score": -1.0,
            "balanced_accuracy_score": 0.20728291316526612,
            "cohen_kappa_score": 0.3488896041197296,
            "f1_score_macro": 0.18127715820156573,
            "f1_score_micro": 0.42857142857142855,
            "f1_score_weighted": 0.3419885417329958,
            "matthews_corrcoef": 0.36212876775169867,
            "precision_score": -1.0,
            "recall_score": -1.0,
            "roc_auc_score": -1.0,
            "coverage_error": -1.0,
            "label_ranking_average_precision_score": -1.0,
            "label_ranking_loss": -1.0,
            "training_time": 301.8279890739941,
            "test_time": 2.9517416349845007
        },
        {
            "seed": "23",
            "accuracy_score": 0.42016806722689076,
            "average_precision_score": -1.0,
            "balanced_accuracy_score": 0.18724358974358973,
            "cohen_kappa_score": 0.33936760801351673,
            "f1_score_macro": 0.16773417493342307,
            "f1_score_micro": 0.42016806722689076,
            "f1_score_weighted": 0.3408921905352057,
            "matthews_corrcoef": 0.35206766800130324,
            "precision_score": -1.0,
            "recall_score": -1.0,
            "roc_auc_score": -1.0,
            "coverage_error": -1.0,
            "label_ranking_average_precision_score": -1.0,
            "label_ranking_loss": -1.0,
            "training_time": 306.6451198240102,
            "test_time": 2.2936781650059856
        },
        {
            "seed": "29",
            "accuracy_score": 0.3949579831932773,
            "average_precision_score": -1.0,
            "balanced_accuracy_score": 0.20603463787674312,
            "cohen_kappa_score": 0.3154909323320284,
            "f1_score_macro": 0.1979319510898458,
            "f1_score_micro": 0.39495798319327724,
            "f1_score_weighted": 0.36277726401565413,
            "matthews_corrcoef": 0.32353470609946877,
            "precision_score": -1.0,
            "recall_score": -1.0,
            "roc_auc_score": -1.0,
            "coverage_error": -1.0,
            "label_ranking_average_precision_score": -1.0,
            "label_ranking_loss": -1.0,
            "training_time": 304.04084218799835,