{"framework": "autokeras", "accuracy_score": 0.61875, "average_precision_score": -1.0, "balanced_accuracy_score": 0.3836080586080586, "cohen_kappa_score": 0.40539470277350476, "f1_score_macro": 0.39298081411950275, "f1_score_micro": 0.61875, "f1_score_weighted": 0.6118000686100321, "matthews_corrcoef": 0.40585679081571713, "precision_score": -1.0, "recall_score": -1.0, "roc_auc_score": -1.0, "coverage_error": -1.0, "label_ranking_average_precision_score": -1.0, "label_ranking_loss": -1.0, "training_time": "00:00:54", "test_time": "00:00:00"}