{
    "id": 40691,
    "framework": "flaml",
    "results": [
        {
            "seed": "2",
            "accuracy_score": 0.665625,
            "average_precision_score": -1.0,
            "balanced_accuracy_score": 0.3593899855023977,
            "cohen_kappa_score": 0.45437741020492717,
            "f1_score_macro": 0.3766666158823022,
            "f1_score_micro": 0.665625,
            "f1_score_weighted": 0.6499180245136128,
            "matthews_corrcoef": 0.45776966090262544,
            "precision_score": -1.0,
            "recall_score": -1.0,
            "roc_auc_score": -1.0,
            "coverage_error": -1.0,
            "label_ranking_average_precision_score": -1.0,
            "label_ranking_loss": -1.0,
            "training_time": 303.2898067990318,
            "test_time": 0.008434313000179827
        },
        {
            "seed": "3",
            "accuracy_score": 0.690625,
            "average_precision_score": -1.0,
            "balanced_accuracy_score": 0.3210747255719045,
            "cohen_kappa_score": 0.4830034107413874,
            "f1_score_macro": 0.3284302347762947,
            "f1_score_micro": 0.690625,
            "f1_score_weighted": 0.6695398716670155,
            "matthews_corrcoef": 0.4881669338616335,
            "precision_score": -1.0,
            "recall_score": -1.0,
            "roc_auc_score": -1.0,
            "coverage_error": -1.0,
            "label_ranking_average_precision_score": -1.0,
            "label_ranking_loss": -1.0,
            "training_time": 302.7382587440079,
            "test_time": 0.007082358002662659
        },
        {
            "seed": "5",
            "accuracy_score": 0.728125,
            "average_precision_score": -1.0,
            "balanced_accuracy_score": 0.35855580981439106,
            "cohen_kappa_score": 0.5463285858618779,
            "f1_score_macro": 0.38421911185489455,
            "f1_score_micro": 0.7281249999999999,
            "f1_score_weighted": 0.710748675135656,
            "matthews_corrcoef": 0.5518714467387077,
            "precision_score": -1.0,
            "recall_score": -1.0,
            "roc_auc_score": -1.0,
            "coverage_error": -1.0,
            "label_ranking_average_precision_score": -1.0,
            "label_ranking_loss": -1.0,
            "training_time": 302.10288036894053,
            "test_time": 0.637868806021288
        },
        {
            "seed": "7",
            "accuracy_score": 0.69375,
            "average_precision_score": -1.0,
            "balanced_accuracy_score": 0.4547742028697592,
            "cohen_kappa_score": 0.5092869325738963,
            "f1_score_macro": 0.3800170888542982,
            "f1_score_micro": 0.69375,
            "f1_score_weighted": 0.6857678493986634,
            "matthews_corrcoef": 0.5102419448707963,
            "precision_score": -1.0,
            "recall_score": -1.0,
            "roc_auc_score": -1.0,
            "coverage_error": -1.0,
            "label_ranking_average_precision_score": -1.0,
            "label_ranking_loss": -1.0,
            "training_time": 300.3797267200425,
            "test_time": 0.006793161970563233
        },
        {
            "seed": "11",
            "accuracy_score": 0.671875,
            "average_precision_score": -1.0,
            "balanced_accuracy_score": 0.3325589872088212,
            "cohen_kappa_score": 0.4749507766353095,
            "f1_score_macro": 0.33844723615474637,
            "f1_score_micro": 0.671875,
            "f1_score_weighted": 0.6566947084841145,
            "matthews_corrcoef": 0.47947673179945416,
            "precision_score": -1.0,
            "recall_score": -1.0,
            "roc_auc_score": -1.0,
            "coverage_error": -1.0,
            "label_ranking_average_precision_score": -1.0,
            "label_ranking_loss": -1.0,
            "training_time": 300.14450691104867,
            "test_time": 0.04230816406197846
        },
        {
            "seed": "13",
            "accuracy_score": 0.715625,
            "average_precision_score": -1.0,
            "balanced_accuracy_score": 0.34541748206131767,
            "cohen_kappa_score": 0.5281841896336622,
            "f1_score_macro": 0.34853240483759734,
            "f1_score_micro": 0.715625,
            "f1_score_weighted": 0.6979091499722461,
            "matthews_corrcoef": 0.5311556954473103,
            "precision_score": -1.0,
            "recall_score": -1.0,
            "roc_auc_score": -1.0,
            "coverage_error": -1.0,
            "label_ranking_average_precision_score": -1.0,
            "label_ranking_loss": -1.0,
            "training_time": 300.4734772070078,
            "test_time": 0.0068773290840908885
        },
        {
            "seed": "17",
            "accuracy_score": 0.70625,
            "average_precision_score": -1.0,
            "balanced_accuracy_score": 0.3794886181046155,
            "cohen_kappa_score": 0.5193890104973877,
            "f1_score_macro": 0.38640658050937954,
            "f1_score_micro": 0.70625,
            "f1_score_weighted": 0.6832049099834809,
            "matthews_corrcoef": 0.5237173110815034,
            "precision_score": -1.0,
            "recall_score": -1.0,
            "roc_auc_score": -1.0,
            "coverage_error": -1.0,
            "label_ranking_average_precision_score": -1.0,
            "label_ranking_loss": -1.0,
            "training_time": 300.5233639279613,
            "test_time": 0.006905847927555442
        },
        {
            "seed": "19",
            "accuracy_score": 0.728125,
            "average_precision_score": -1.0,
            "balanced_accuracy_score": 0.4003731047778451,
            "cohen_kappa_score": 0.5715736665538149,
            "f1_score_macro": 0.4165672100070754,
            "f1_score_micro": 0.7281249999999999,
            "f1_score_weighted": 0.7106481036485242,
            "matthews_corrcoef": 0.5741009874344017,
            "precision_score": -1.0,
            "recall_score": -1.0,
            "roc_auc_score": -1.0,
            "coverage_error": -1.0,
            "label_ranking_average_precision_score": -1.0,
            "label_ranking_loss": -1.0,
            "training_time": 299.94324514700565,
            "test_time": 0.006477555027231574
        },
        {
            "seed": "23",
            "accuracy_score": 0.675,
            "average_precision_score": -1.0,
            "balanced_accuracy_score": 0.31559215053508294,
            "cohen_kappa_score": 0.4593013809910642,
            "f1_score_macro": 0.3186032872859472,
            "f1_score_micro": 0.675,
            "f1_score_weighted": 0.6561497325587465,
            "matthews_corrcoef": 0.4621893660521207,
            "precision_score": -1.0,
            "recall_score": -1.0,
            "roc_auc_score": -1.0,
            "coverage_error": -1.0,
            "label_ranking_average_precision_score": -1.0,
            "label_ranking_loss": -1.0,
            "training_time": 301.44858565798495,
            "test_time": 0.199233636027202
        },
        {
            "seed": "29",
            "accuracy_score": 0.7,
            "average_precision_score": -1.0,
            "balanced_accuracy_score": 0.37046335144553727,
            "cohen_kappa_score": 0.5225736265444091,
            "f1_score_macro": 0.38551945447252306,
            "f1_score_micro": 0.7,
            "f1_score_weighted": 0.6766303506962352,
            "matthews_corrcoef": 0.5276993557474308,
            "precision_score": -1.0,
            "recall_score": -1.0,
            "roc_auc_score": -1.0,
            "coverage_error": -1.0,
            "label_ranking_average_precision_score": -1.0,
            "label_ranking_loss": -1.0,
            "training_time": 300.5606594149722,
            "test_time": 0.15681322396267205
        },
        {
            "seed": "31",
            "accuracy_score": 0.709375,
            "average_precision_score": -1.0,
            "balanced_accuracy_score": 0.40598912598056436,