{
    "id": 40691,
    "framework": "fedot",
    "results": [
        {
            "seed": "2",
            "accuracy_score": 0.625,
            "average_precision_score": -1.0,
            "balanced_accuracy_score": 0.3145530525507106,
            "cohen_kappa_score": 0.38910895814441837,
            "f1_score_macro": 0.3080974159842202,
            "f1_score_micro": 0.625,
            "f1_score_weighted": 0.6078456509351311,
            "matthews_corrcoef": 0.39226572890288913,
            "precision_score": -1.0,
            "recall_score": -1.0,
            "roc_auc_score": -1.0,
            "coverage_error": -1.0,
            "label_ranking_average_precision_score": -1.0,
            "label_ranking_loss": -1.0,
            "training_time": 305.3900402829895,
            "test_time": 0.0059262360009597614
        },
        {
            "seed": "3",
            "accuracy_score": 0.703125,
            "average_precision_score": -1.0,
            "balanced_accuracy_score": 0.33959324409042296,
            "cohen_kappa_score": 0.5080746949739474,
            "f1_score_macro": 0.34281069243687656,
            "f1_score_micro": 0.703125,
            "f1_score_weighted": 0.6834760944002392,
            "matthews_corrcoef": 0.5113036261037658,
            "precision_score": -1.0,
            "recall_score": -1.0,
            "roc_auc_score": -1.0,
            "coverage_error": -1.0,
            "label_ranking_average_precision_score": -1.0,
            "label_ranking_loss": -1.0,
            "training_time": 339.4901292089926,
            "test_time": 0.005170743999769911
        },
        {
            "seed": "5",
            "accuracy_score": 0.721875,
            "average_precision_score": -1.0,
            "balanced_accuracy_score": 0.3628559623696923,
            "cohen_kappa_score": 0.5409117286736733,
            "f1_score_macro": 0.38407556993654635,
            "f1_score_micro": 0.7218749999999999,
            "f1_score_weighted": 0.7071255401753646,
            "matthews_corrcoef": 0.5448029925948171,
            "precision_score": -1.0,
            "recall_score": -1.0,
            "roc_auc_score": -1.0,
            "coverage_error": -1.0,
            "label_ranking_average_precision_score": -1.0,
            "label_ranking_loss": -1.0,
            "training_time": 333.68252179298725,
            "test_time": 0.010734564988524653
        },
        {
            "seed": "7",
            "accuracy_score": 0.715625,
            "average_precision_score": -1.0,
            "balanced_accuracy_score": 0.4681426331108923,
            "cohen_kappa_score": 0.5338189386056191,
            "f1_score_macro": 0.49714655832302884,
            "f1_score_micro": 0.715625,
            "f1_score_weighted": 0.7018560472236941,
            "matthews_corrcoef": 0.5355131931352596,
            "precision_score": -1.0,
            "recall_score": -1.0,
            "roc_auc_score": -1.0,
            "coverage_error": -1.0,
            "label_ranking_average_precision_score": -1.0,
            "label_ranking_loss": -1.0,
            "training_time": 351.98834652500227,
            "test_time": 0.019475416993373074
        },
        {
            "seed": "13",
            "accuracy_score": 0.6625,
            "average_precision_score": -1.0,
            "balanced_accuracy_score": 0.3101119457946679,
            "cohen_kappa_score": 0.4391704396085878,
            "f1_score_macro": 0.3104444109419234,
            "f1_score_micro": 0.6625,
            "f1_score_weighted": 0.6438434406251571,
            "matthews_corrcoef": 0.4419676474290215,
            "precision_score": -1.0,
            "recall_score": -1.0,
            "roc_auc_score": -1.0,
            "coverage_error": -1.0,
            "label_ranking_average_precision_score": -1.0,
            "label_ranking_loss": -1.0,
            "training_time": 303.74734822200844,
            "test_time": 0.010973071999615058
        },
        {
            "seed": "17",
            "accuracy_score": 0.71875,
            "average_precision_score": -1.0,
            "balanced_accuracy_score": 0.3446491131024818,
            "cohen_kappa_score": 0.5367317065324047,
            "f1_score_macro": 0.33590316393042935,
            "f1_score_micro": 0.71875,
            "f1_score_weighted": 0.6905693637256889,
            "matthews_corrcoef": 0.5410589333844295,
            "precision_score": -1.0,
            "recall_score": -1.0,
            "roc_auc_score": -1.0,
            "coverage_error": -1.0,
            "label_ranking_average_precision_score": -1.0,
            "label_ranking_loss": -1.0,
            "training_time": 301.37444774199685,
            "test_time": 0.010950080992188305
        },
        {
            "seed": "19",
            "accuracy_score": 0.646875,
            "average_precision_score": -1.0,
            "balanced_accuracy_score": 0.3153273192129162,
            "cohen_kappa_score": 0.43094548659196774,
            "f1_score_macro": 0.320033546381807,
            "f1_score_micro": 0.646875,
            "f1_score_weighted": 0.6261620070895744,
            "matthews_corrcoef": 0.4374090091600025,
            "precision_score": -1.0,
            "recall_score": -1.0,
            "roc_auc_score": -1.0,
            "coverage_error": -1.0,
            "label_ranking_average_precision_score": -1.0,
            "label_ranking_loss": -1.0,
            "training_time": 301.1503610039945,
            "test_time": 0.009953172993846238
        },
        {
            "seed": "23",
            "accuracy_score": 0.659375,
            "average_precision_score": -1.0,
            "balanced_accuracy_score": 0.31930174247996895,
            "cohen_kappa_score": 0.43809907370116796,
            "f1_score_macro": 0.3217110833445768,
            "f1_score_micro": 0.659375,
            "f1_score_weighted": 0.6448947682569852,
            "matthews_corrcoef": 0.4399075918309904,
            "precision_score": -1.0,
            "recall_score": -1.0,
            "roc_auc_score": -1.0,
            "coverage_error": -1.0,
            "label_ranking_average_precision_score": -1.0,
            "label_ranking_loss": -1.0,
            "training_time": 308.43971818700084,
            "test_time": 0.005755909995059483
        },
        {
            "seed": "29",
            "accuracy_score": 0.66875,
            "average_precision_score": -1.0,
            "balanced_accuracy_score": 0.36014818381212216,
            "cohen_kappa_score": 0.47461354976611636,
            "f1_score_macro": 0.37307055336193146,
            "f1_score_micro": 0.66875,
            "f1_score_weighted": 0.6470241315884976,
            "matthews_corrcoef": 0.47854861088294165,
            "precision_score": -1.0,
            "recall_score": -1.0,
            "roc_auc_score": -1.0,
            "coverage_error": -1.0,
            "label_ranking_average_precision_score": -1.0,
            "label_ranking_loss": -1.0,
            "training_time": 509.69805940199876,
            "test_time": 0.01163322500360664
        },
        {
            "seed": "37",
            "accuracy_score": 0.690625,
            "average_precision_score": -1.0,
            "balanced_accuracy_score": 0.3449008805242902,
            "cohen_kappa_score": 0.4984643637399867,
            "f1_score_macro": 0.3386348975971618,
            "f1_score_micro": 0.690625,
            "f1_score_weighted": 0.6700331851717466,
            "matthews_corrcoef": 0.5005569031024769,
            "precision_score": -1.0,
            "recall_score": -1.0,
            "roc_auc_score": -1.0,
            "coverage_error": -1.0,
            "label_ranking_average_precision_score": -1.0,
            "label_ranking_loss": -1.0,
            "training_time": 407.51008058899606,
            "test_time": 0.005447261995868757
        },
        {
            "seed": "41",
            "accuracy_score": 0.68125,
            "average_precision_score": -1.0,