{"framework": "h2o", "accuracy_score": 0.521875, "average_precision_score": -1.0, "balanced_accuracy_score": 0.21293706293706294, "cohen_kappa_score": 0.19181247936612744, "f1_score_macro": 0.18754658888348727, "f1_score_micro": 0.521875, "f1_score_weighted": 0.46024398395721927, "matthews_corrcoef": 0.21013677983800516, "precision_score": -1.0, "recall_score": -1.0, "roc_auc_score": -1.0, "coverage_error": -1.0, "label_ranking_average_precision_score": -1.0, "label_ranking_loss": -1.0, "training_time": "00:10:05", "test_time": "00:00:00"}