{
    "id": 40691,
    "framework": "lightwood",
    "results": [
        {
            "seed": "2",
            "accuracy_score": 0.353125,
            "average_precision_score": -1.0,
            "balanced_accuracy_score": 0.39917970831319777,
            "cohen_kappa_score": 0.17663144810441278,
            "f1_score_macro": 0.19534712965437076,
            "f1_score_micro": 0.353125,
            "f1_score_weighted": 0.36815753853087585,
            "matthews_corrcoef": 0.20916833311684033,
            "precision_score": -1.0,
            "recall_score": -1.0,
            "roc_auc_score": -1.0,
            "coverage_error": -1.0,
            "label_ranking_average_precision_score": -1.0,
            "label_ranking_loss": -1.0,
            "training_time": 2.8807258580000052,
            "test_time": 0.20725705599988942
        },
        {
            "seed": "3",
            "accuracy_score": 0.465625,
            "average_precision_score": -1.0,
            "balanced_accuracy_score": 0.33812122776610004,
            "cohen_kappa_score": 0.22021290239835822,
            "f1_score_macro": 0.27132858578158586,
            "f1_score_micro": 0.465625,
            "f1_score_weighted": 0.48389912222786363,
            "matthews_corrcoef": 0.2254904180558173,
            "precision_score": -1.0,
            "recall_score": -1.0,
            "roc_auc_score": -1.0,
            "coverage_error": -1.0,
            "label_ranking_average_precision_score": -1.0,
            "label_ranking_loss": -1.0,
            "training_time": 5.009459309999784,
            "test_time": 0.20093435999979192
        },
        {
            "seed": "5",
            "accuracy_score": 0.415625,
            "average_precision_score": -1.0,
            "balanced_accuracy_score": 0.2781369183829138,
            "cohen_kappa_score": 0.20206949889324477,
            "f1_score_macro": 0.23875984443333434,
            "f1_score_micro": 0.415625,
            "f1_score_weighted": 0.4717673322311608,
            "matthews_corrcoef": 0.2113157552755626,
            "precision_score": -1.0,
            "recall_score": -1.0,
            "roc_auc_score": -1.0,
            "coverage_error": -1.0,
            "label_ranking_average_precision_score": -1.0,
            "label_ranking_loss": -1.0,
            "training_time": 4.5239393869997,
            "test_time": 0.24780889299972841
        },
        {
            "seed": "7",
            "accuracy_score": 0.434375,
            "average_precision_score": -1.0,
            "balanced_accuracy_score": 0.34696095694759244,
            "cohen_kappa_score": 0.22139025931253264,
            "f1_score_macro": 0.2624381594610483,
            "f1_score_micro": 0.434375,
            "f1_score_weighted": 0.48182196716614145,
            "matthews_corrcoef": 0.231572180284293,
            "precision_score": -1.0,
            "recall_score": -1.0,
            "roc_auc_score": -1.0,
            "coverage_error": -1.0,
            "label_ranking_average_precision_score": -1.0,
            "label_ranking_loss": -1.0,
            "training_time": 6.013304970999798,
            "test_time": 0.22350968800037663
        },
        {
            "seed": "11",
            "accuracy_score": 0.26875,
            "average_precision_score": -1.0,
            "balanced_accuracy_score": 0.24260484335578203,
            "cohen_kappa_score": 0.07372587827808019,
            "f1_score_macro": 0.1425544941197345,
            "f1_score_micro": 0.26875,
            "f1_score_weighted": 0.20888252893492312,
            "matthews_corrcoef": 0.09162043433516966,
            "precision_score": -1.0,
            "recall_score": -1.0,
            "roc_auc_score": -1.0,
            "coverage_error": -1.0,
            "label_ranking_average_precision_score": -1.0,
            "label_ranking_loss": -1.0,
            "training_time": 2.2880778559997452,
            "test_time": 0.17647203600017747
        },
        {
            "seed": "13",
            "accuracy_score": 0.51875,
            "average_precision_score": -1.0,
            "balanced_accuracy_score": 0.3481958735770048,
            "cohen_kappa_score": 0.28375216196968145,
            "f1_score_macro": 0.2932885221828803,
            "f1_score_micro": 0.51875,
            "f1_score_weighted": 0.5209627860102738,
            "matthews_corrcoef": 0.29010617052293475,
            "precision_score": -1.0,
            "recall_score": -1.0,
            "roc_auc_score": -1.0,
            "coverage_error": -1.0,
            "label_ranking_average_precision_score": -1.0,
            "label_ranking_loss": -1.0,
            "training_time": 1.78193883799986,
            "test_time": 0.09566506900000604
        },
        {
            "seed": "17",
            "accuracy_score": 0.3875,
            "average_precision_score": -1.0,
            "balanced_accuracy_score": 0.464806569320343,
            "cohen_kappa_score": 0.19742027946972418,
            "f1_score_macro": 0.29605364317400557,
            "f1_score_micro": 0.3875,
            "f1_score_weighted": 0.4286766641244505,
            "matthews_corrcoef": 0.21378126524579394,
            "precision_score": -1.0,
            "recall_score": -1.0,
            "roc_auc_score": -1.0,
            "coverage_error": -1.0,
            "label_ranking_average_precision_score": -1.0,
            "label_ranking_loss": -1.0,
            "training_time": 4.002893414000027,
            "test_time": 0.1732579109998369
        },
        {
            "seed": "19",
            "accuracy_score": 0.55625,
            "average_precision_score": -1.0,
            "balanced_accuracy_score": 0.30237266979429295,
            "cohen_kappa_score": 0.35802887739820866,
            "f1_score_macro": 0.2947766341831051,
            "f1_score_micro": 0.55625,
            "f1_score_weighted": 0.5712218405489253,
            "matthews_corrcoef": 0.36152938500388193,
            "precision_score": -1.0,
            "recall_score": -1.0,
            "roc_auc_score": -1.0,
            "coverage_error": -1.0,
            "label_ranking_average_precision_score": -1.0,
            "label_ranking_loss": -1.0,
            "training_time": 2.864339389000179,
            "test_time": 0.09685846699994727
        },
        {
            "seed": "23",
            "accuracy_score": 0.534375,
            "average_precision_score": -1.0,
            "balanced_accuracy_score": 0.37171071422607865,
            "cohen_kappa_score": 0.3046014730547655,
            "f1_score_macro": 0.3332394805579349,
            "f1_score_micro": 0.534375,
            "f1_score_weighted": 0.5464837281098316,
            "matthews_corrcoef": 0.30853672970561086,
            "precision_score": -1.0,
            "recall_score": -1.0,
            "roc_auc_score": -1.0,
            "coverage_error": -1.0,
            "label_ranking_average_precision_score": -1.0,
            "label_ranking_loss": -1.0,
            "training_time": 1.9653008659997795,
            "test_time": 0.10867165399986334
        },
        {
            "seed": "29",
            "accuracy_score": 0.31875,
            "average_precision_score": -1.0,
            "balanced_accuracy_score": 0.29120274552388176,
            "cohen_kappa_score": 0.139986439006349,
            "f1_score_macro": 0.21148403474024147,
            "f1_score_micro": 0.31875,
            "f1_score_weighted": 0.35651910242007984,
            "matthews_corrcoef": 0.15481999457180923,
            "precision_score": -1.0,
            "recall_score": -1.0,
            "roc_auc_score": -1.0,
            "coverage_error": -1.0,
            "label_ranking_average_precision_score": -1.0,
            "label_ranking_loss": -1.0,
            "training_time": 2.5287427309999657,
            "test_time": 0.17919907199984664
        },
        {
            "seed": "31",
            "accuracy_score": 0.34375,
            "average_precision_score": -1.0,
            "balanced_accuracy_score": 0.34642324000200714,