{
    "id": 40691,
    "framework": "naive",
    "results": [
        {
            "seed": "2",
            "accuracy_score": 0.665625,
            "average_precision_score": -1.0,
            "balanced_accuracy_score": 0.3717470230350793,
            "cohen_kappa_score": 0.45605896930800016,
            "f1_score_macro": 0.3870877727042111,
            "f1_score_micro": 0.665625,
            "f1_score_weighted": 0.6523273401826484,
            "matthews_corrcoef": 0.45753434223176354,
            "precision_score": -1.0,
            "recall_score": -1.0,
            "roc_auc_score": -1.0,
            "coverage_error": -1.0,
            "label_ranking_average_precision_score": -1.0,
            "label_ranking_loss": -1.0,
            "training_time": 290.5052025930054,
            "test_time": 0.06186991700087674
        },
        {
            "seed": "3",
            "accuracy_score": 0.734375,
            "average_precision_score": -1.0,
            "balanced_accuracy_score": 0.3554796499121093,
            "cohen_kappa_score": 0.5594785002834237,
            "f1_score_macro": 0.3604027266120342,
            "f1_score_micro": 0.734375,
            "f1_score_weighted": 0.7146874451795604,
            "matthews_corrcoef": 0.5637139753948414,
            "precision_score": -1.0,
            "recall_score": -1.0,
            "roc_auc_score": -1.0,
            "coverage_error": -1.0,
            "label_ranking_average_precision_score": -1.0,
            "label_ranking_loss": -1.0,
            "training_time": 303.1579186519957,
            "test_time": 0.053285661997506395
        },
        {
            "seed": "5",
            "accuracy_score": 0.7375,
            "average_precision_score": -1.0,
            "balanced_accuracy_score": 0.3656210272056954,
            "cohen_kappa_score": 0.5619724277287097,
            "f1_score_macro": 0.3924201700559528,
            "f1_score_micro": 0.7375,
            "f1_score_weighted": 0.7206197068816877,
            "matthews_corrcoef": 0.5676740056144804,
            "precision_score": -1.0,
            "recall_score": -1.0,
            "roc_auc_score": -1.0,
            "coverage_error": -1.0,
            "label_ranking_average_precision_score": -1.0,
            "label_ranking_loss": -1.0,
            "training_time": 287.66885749500943,
            "test_time": 0.01804833200003486
        },
        {
            "seed": "7",
            "accuracy_score": 0.684375,
            "average_precision_score": -1.0,
            "balanced_accuracy_score": 0.39421954530541237,
            "cohen_kappa_score": 0.4844637274293372,
            "f1_score_macro": 0.38684222756689557,
            "f1_score_micro": 0.684375,
            "f1_score_weighted": 0.6667667249787955,
            "matthews_corrcoef": 0.48616145329263266,
            "precision_score": -1.0,
            "recall_score": -1.0,
            "roc_auc_score": -1.0,
            "coverage_error": -1.0,
            "label_ranking_average_precision_score": -1.0,
            "label_ranking_loss": -1.0,
            "training_time": 265.1584620009962,
            "test_time": 0.03586395199818071
        },
        {
            "seed": "11",
            "accuracy_score": 0.65,
            "average_precision_score": -1.0,
            "balanced_accuracy_score": 0.31708977146208467,
            "cohen_kappa_score": 0.4380066799429224,
            "f1_score_macro": 0.3206143378058476,
            "f1_score_micro": 0.65,
            "f1_score_weighted": 0.6319334652436343,
            "matthews_corrcoef": 0.4437965468026738,
            "precision_score": -1.0,
            "recall_score": -1.0,
            "roc_auc_score": -1.0,
            "coverage_error": -1.0,
            "label_ranking_average_precision_score": -1.0,
            "label_ranking_loss": -1.0,
            "training_time": 57.50329691798834,
            "test_time": 0.009637456998461857
        }
    ]
}