{"framework": "gama", "accuracy_score": 0.65, "average_precision_score": -1.0, "balanced_accuracy_score": 0.3213286713286713, "cohen_kappa_score": 0.43398610233733415, "f1_score_macro": 0.3214905381572048, "f1_score_micro": 0.65, "f1_score_weighted": 0.6315699628199629, "matthews_corrcoef": 0.43653772217159464, "precision_score": -1.0, "recall_score": -1.0, "roc_auc_score": -1.0, "training_time": "00:08:59", "test_time": "00:00:00"}