{
    "id": 40691,
    "framework": "tpot",
    "results": [
        {
            "seed": "2",
            "accuracy_score": 0.665625,
            "average_precision_score": -1.0,
            "balanced_accuracy_score": 0.36614933769500513,
            "cohen_kappa_score": 0.45703366581563887,
            "f1_score_macro": 0.3833396062711239,
            "f1_score_micro": 0.665625,
            "f1_score_weighted": 0.6518546592434384,
            "matthews_corrcoef": 0.46103802922064396,
            "precision_score": -1.0,
            "recall_score": -1.0,
            "roc_auc_score": -1.0,
            "coverage_error": -1.0,
            "label_ranking_average_precision_score": -1.0,
            "label_ranking_loss": -1.0,
            "training_time": 302.11419408000074,
            "test_time": 0.01103783305734396
        },
        {
            "seed": "3",
            "accuracy_score": 0.725,
            "average_precision_score": -1.0,
            "balanced_accuracy_score": 0.358313050853708,
            "cohen_kappa_score": 0.544815323688677,
            "f1_score_macro": 0.36234914499070986,
            "f1_score_micro": 0.7250000000000001,
            "f1_score_weighted": 0.7059334007160304,
            "matthews_corrcoef": 0.5482136426000035,
            "precision_score": -1.0,
            "recall_score": -1.0,
            "roc_auc_score": -1.0,
            "coverage_error": -1.0,
            "label_ranking_average_precision_score": -1.0,
            "label_ranking_loss": -1.0,
            "training_time": 324.17116652289405,
            "test_time": 0.008940146071836352
        },
        {
            "seed": "5",
            "accuracy_score": 0.71875,
            "average_precision_score": -1.0,
            "balanced_accuracy_score": 0.3552663361301805,
            "cohen_kappa_score": 0.5326647843442702,
            "f1_score_macro": 0.38009356592860694,
            "f1_score_micro": 0.71875,
            "f1_score_weighted": 0.7030928256234035,
            "matthews_corrcoef": 0.5383235577313322,
            "precision_score": -1.0,
            "recall_score": -1.0,
            "roc_auc_score": -1.0,
            "coverage_error": -1.0,
            "label_ranking_average_precision_score": -1.0,
            "label_ranking_loss": -1.0,
            "training_time": 313.3546544989804,
            "test_time": 0.009652271051891148
        },
        {
            "seed": "7",
            "accuracy_score": 0.6875,
            "average_precision_score": -1.0,
            "balanced_accuracy_score": 0.4522906300888259,
            "cohen_kappa_score": 0.4951009009293299,
            "f1_score_macro": 0.47123319428662935,
            "f1_score_micro": 0.6875,
            "f1_score_weighted": 0.6745336629019835,
            "matthews_corrcoef": 0.49681206035698794,
            "precision_score": -1.0,
            "recall_score": -1.0,
            "roc_auc_score": -1.0,
            "coverage_error": -1.0,
            "label_ranking_average_precision_score": -1.0,
            "label_ranking_loss": -1.0,
            "training_time": 310.25130577699747,
            "test_time": 0.008522101095877588
        },
        {
            "seed": "11",
            "accuracy_score": 0.68125,
            "average_precision_score": -1.0,
            "balanced_accuracy_score": 0.3414374075254523,
            "cohen_kappa_score": 0.4902867137235305,
            "f1_score_macro": 0.34341744649393263,
            "f1_score_micro": 0.68125,
            "f1_score_weighted": 0.6635703213744795,
            "matthews_corrcoef": 0.49520124298290247,
            "precision_score": -1.0,
            "recall_score": -1.0,
            "roc_auc_score": -1.0,
            "coverage_error": -1.0,
            "label_ranking_average_precision_score": -1.0,
            "label_ranking_loss": -1.0,
            "training_time": 305.58688024408184,
            "test_time": 0.008504614001139998
        },
        {
            "seed": "13",
            "accuracy_score": 0.6875,
            "average_precision_score": -1.0,
            "balanced_accuracy_score": 0.32689013740715017,
            "cohen_kappa_score": 0.47959017726459585,
            "f1_score_macro": 0.3295781072933251,
            "f1_score_micro": 0.6875,
            "f1_score_weighted": 0.6687661234352134,
            "matthews_corrcoef": 0.4827317616395629,
            "precision_score": -1.0,
            "recall_score": -1.0,
            "roc_auc_score": -1.0,
            "coverage_error": -1.0,
            "label_ranking_average_precision_score": -1.0,
            "label_ranking_loss": -1.0,
            "training_time": 321.29919657995924,
            "test_time": 0.008756365976296365
        },
        {
            "seed": "17",
            "accuracy_score": 0.74375,
            "average_precision_score": -1.0,
            "balanced_accuracy_score": 0.381712315416265,
            "cohen_kappa_score": 0.5754526186354296,
            "f1_score_macro": 0.3973155587616277,
            "f1_score_micro": 0.74375,
            "f1_score_weighted": 0.718286754656393,
            "matthews_corrcoef": 0.5798787033608428,
            "precision_score": -1.0,
            "recall_score": -1.0,
            "roc_auc_score": -1.0,
            "coverage_error": -1.0,
            "label_ranking_average_precision_score": -1.0,
            "label_ranking_loss": -1.0,
            "training_time": 309.45643178001046,
            "test_time": 0.00871138903312385
        },
        {
            "seed": "19",
            "accuracy_score": 0.7375,
            "average_precision_score": -1.0,
            "balanced_accuracy_score": 0.40245907549446874,
            "cohen_kappa_score": 0.5852619885206443,
            "f1_score_macro": 0.4186171221054942,
            "f1_score_micro": 0.7375,
            "f1_score_weighted": 0.7195675638262847,
            "matthews_corrcoef": 0.5877790747646785,
            "precision_score": -1.0,
            "recall_score": -1.0,
            "roc_auc_score": -1.0,
            "coverage_error": -1.0,
            "label_ranking_average_precision_score": -1.0,
            "label_ranking_loss": -1.0,
            "training_time": 303.35375631810166,
            "test_time": 0.009157985099591315
        },
        {
            "seed": "23",
            "accuracy_score": 0.684375,
            "average_precision_score": -1.0,
            "balanced_accuracy_score": 0.3225476354317443,
            "cohen_kappa_score": 0.47651441528992544,
            "f1_score_macro": 0.32432786249815393,
            "f1_score_micro": 0.684375,
            "f1_score_weighted": 0.6656964413249084,
            "matthews_corrcoef": 0.47909519214848373,
            "precision_score": -1.0,
            "recall_score": -1.0,
            "roc_auc_score": -1.0,
            "coverage_error": -1.0,
            "label_ranking_average_precision_score": -1.0,
            "label_ranking_loss": -1.0,
            "training_time": 303.7347907910589,
            "test_time": 0.008560610003769398
        },
        {
            "seed": "29",
            "accuracy_score": 0.678125,
            "average_precision_score": -1.0,
            "balanced_accuracy_score": 0.3561073281824365,
            "cohen_kappa_score": 0.4872114008339038,
            "f1_score_macro": 0.36952266564438396,
            "f1_score_micro": 0.678125,
            "f1_score_weighted": 0.6537769405026963,
            "matthews_corrcoef": 0.49129212296485486,
            "precision_score": -1.0,
            "recall_score": -1.0,
            "roc_auc_score": -1.0,
            "coverage_error": -1.0,
            "label_ranking_average_precision_score": -1.0,
            "label_ranking_loss": -1.0,
            "training_time": 306.4067529250169,
            "test_time": 0.008574542007409036
        },
        {
            "seed": "31",
            "accuracy_score": 0.728125,
            "average_precision_score": -1.0,
            "balanced_accuracy_score": 0.4089121589977755,