{
    "id": 40691,
    "framework": "evalml",
    "results": [
        {
            "seed": "2",
            "accuracy_score": 0.65,
            "average_precision_score": -1.0,
            "balanced_accuracy_score": 0.4393851529682911,
            "cohen_kappa_score": 0.44198791804197546,
            "f1_score_macro": 0.427034862651301,
            "f1_score_micro": 0.65,
            "f1_score_weighted": 0.6499563084366167,
            "matthews_corrcoef": 0.44281674736434673,
            "precision_score": -1.0,
            "recall_score": -1.0,
            "roc_auc_score": -1.0,
            "coverage_error": -1.0,
            "label_ranking_average_precision_score": -1.0,
            "label_ranking_loss": -1.0,
            "training_time": 302.3336070399964,
            "test_time": 0.19879525201395154
        },
        {
            "seed": "3",
            "accuracy_score": 0.690625,
            "average_precision_score": -1.0,
            "balanced_accuracy_score": 0.3211392607343487,
            "cohen_kappa_score": 0.49861517765292396,
            "f1_score_macro": 0.3349194803095512,
            "f1_score_micro": 0.690625,
            "f1_score_weighted": 0.6856212493180578,
            "matthews_corrcoef": 0.501107602219871,
            "precision_score": -1.0,
            "recall_score": -1.0,
            "roc_auc_score": -1.0,
            "coverage_error": -1.0,
            "label_ranking_average_precision_score": -1.0,
            "label_ranking_loss": -1.0,
            "training_time": 302.75679505593143,
            "test_time": 0.278441063943319
        },
        {
            "seed": "5",
            "accuracy_score": 0.721875,
            "average_precision_score": -1.0,
            "balanced_accuracy_score": 0.40806636155606407,
            "cohen_kappa_score": 0.5510931071985878,
            "f1_score_macro": 0.3960998308530425,
            "f1_score_micro": 0.7218749999999999,
            "f1_score_weighted": 0.7172719418662623,
            "matthews_corrcoef": 0.5564524950314476,
            "precision_score": -1.0,
            "recall_score": -1.0,
            "roc_auc_score": -1.0,
            "coverage_error": -1.0,
            "label_ranking_average_precision_score": -1.0,
            "label_ranking_loss": -1.0,
            "training_time": 311.8767224509502,
            "test_time": 0.4168542349943891
        },
        {
            "seed": "7",
            "accuracy_score": 0.665625,
            "average_precision_score": -1.0,
            "balanced_accuracy_score": 0.5489839956896422,
            "cohen_kappa_score": 0.4693447399417272,
            "f1_score_macro": 0.4199670601266346,
            "f1_score_micro": 0.665625,
            "f1_score_weighted": 0.6642824960943312,
            "matthews_corrcoef": 0.47084195115810085,
            "precision_score": -1.0,
            "recall_score": -1.0,
            "roc_auc_score": -1.0,
            "coverage_error": -1.0,
            "label_ranking_average_precision_score": -1.0,
            "label_ranking_loss": -1.0,
            "training_time": 302.2402484900085,
            "test_time": 0.2814075310016051
        },
        {
            "seed": "11",
            "accuracy_score": 0.621875,
            "average_precision_score": -1.0,
            "balanced_accuracy_score": 0.31379185449490726,
            "cohen_kappa_score": 0.40306791027518696,
            "f1_score_macro": 0.32703301127214174,
            "f1_score_micro": 0.621875,
            "f1_score_weighted": 0.6152117300724637,
            "matthews_corrcoef": 0.40925811081687635,
            "precision_score": -1.0,
            "recall_score": -1.0,
            "roc_auc_score": -1.0,
            "coverage_error": -1.0,
            "label_ranking_average_precision_score": -1.0,
            "label_ranking_loss": -1.0,
            "training_time": 301.777667421964,
            "test_time": 0.21952882106415927
        },
        {
            "seed": "13",
            "accuracy_score": 0.659375,
            "average_precision_score": -1.0,
            "balanced_accuracy_score": 0.3650530620261066,
            "cohen_kappa_score": 0.4442674144413996,
            "f1_score_macro": 0.36874327908810667,
            "f1_score_micro": 0.659375,
            "f1_score_weighted": 0.6520358538246469,
            "matthews_corrcoef": 0.44561922199510984,
            "precision_score": -1.0,
            "recall_score": -1.0,
            "roc_auc_score": -1.0,
            "coverage_error": -1.0,
            "label_ranking_average_precision_score": -1.0,
            "label_ranking_loss": -1.0,
            "training_time": 305.4265890979441,
            "test_time": 0.1253566580126062
        },
        {
            "seed": "17",
            "accuracy_score": 0.690625,
            "average_precision_score": -1.0,
            "balanced_accuracy_score": 0.37131686213996207,
            "cohen_kappa_score": 0.49611108460180364,
            "f1_score_macro": 0.3842483492560347,
            "f1_score_micro": 0.690625,
            "f1_score_weighted": 0.6766124716635822,
            "matthews_corrcoef": 0.498670010478082,
            "precision_score": -1.0,
            "recall_score": -1.0,
            "roc_auc_score": -1.0,
            "coverage_error": -1.0,
            "label_ranking_average_precision_score": -1.0,
            "label_ranking_loss": -1.0,
            "training_time": 303.7729205759242,
            "test_time": 0.36553894204553217
        },
        {
            "seed": "19",
            "accuracy_score": 0.66875,
            "average_precision_score": -1.0,
            "balanced_accuracy_score": 0.3509348009300137,
            "cohen_kappa_score": 0.48345439870863594,
            "f1_score_macro": 0.3544942526397274,
            "f1_score_micro": 0.66875,
            "f1_score_weighted": 0.6629844518268655,
            "matthews_corrcoef": 0.48660380292468913,
            "precision_score": -1.0,
            "recall_score": -1.0,
            "roc_auc_score": -1.0,
            "coverage_error": -1.0,
            "label_ranking_average_precision_score": -1.0,
            "label_ranking_loss": -1.0,
            "training_time": 303.8461007900769,
            "test_time": 0.37471597897820175
        },
        {
            "seed": "23",
            "accuracy_score": 0.66875,
            "average_precision_score": -1.0,
            "balanced_accuracy_score": 0.47204260889511107,
            "cohen_kappa_score": 0.4609455701231624,
            "f1_score_macro": 0.3925060125060125,
            "f1_score_micro": 0.66875,
            "f1_score_weighted": 0.658077831890332,
            "matthews_corrcoef": 0.4622342567684933,
            "precision_score": -1.0,
            "recall_score": -1.0,
            "roc_auc_score": -1.0,
            "coverage_error": -1.0,
            "label_ranking_average_precision_score": -1.0,
            "label_ranking_loss": -1.0,
            "training_time": 302.6289166039787,
            "test_time": 0.3014444679720327
        },
        {
            "seed": "29",
            "accuracy_score": 0.665625,
            "average_precision_score": -1.0,
            "balanced_accuracy_score": 0.4037989774629159,
            "cohen_kappa_score": 0.48135357023841985,
            "f1_score_macro": 0.39764911277335463,
            "f1_score_micro": 0.665625,
            "f1_score_weighted": 0.6545949159429887,
            "matthews_corrcoef": 0.4838068357190858,
            "precision_score": -1.0,
            "recall_score": -1.0,
            "roc_auc_score": -1.0,
            "coverage_error": -1.0,
            "label_ranking_average_precision_score": -1.0,
            "label_ranking_loss": -1.0,
            "training_time": 306.5311638429994,
            "test_time": 0.2797534470446408
        },
        {
            "seed": "31",
            "accuracy_score": 0.696875,
            "average_precision_score": -1.0,
            "balanced_accuracy_score": 0.3889415759278773,