{"framework": "evalml", "accuracy_score": 0.634375, "average_precision_score": -1.0, "balanced_accuracy_score": 0.34362859362859366, "cohen_kappa_score": 0.42069349672747536, "f1_score_macro": 0.35059572810502176, "f1_score_micro": 0.634375, "f1_score_weighted": 0.6268025364505384, "matthews_corrcoef": 0.42268280028644045, "precision_score": -1.0, "recall_score": -1.0, "roc_auc_score": -1.0, "training_time": "00:10:00", "test_time": "00:00:00"}