{"framework": "autogluon", "accuracy_score": 0.65625, "average_precision_score": -1.0, "balanced_accuracy_score": 0.32122599622599624, "cohen_kappa_score": 0.44654088050314467, "f1_score_macro": 0.31807295645530936, "f1_score_micro": 0.65625, "f1_score_weighted": 0.6365357620320855, "matthews_corrcoef": 0.4486195535345931, "precision_score": -1.0, "recall_score": -1.0, "roc_auc_score": -1.0, "coverage_error": -1.0, "label_ranking_average_precision_score": -1.0, "label_ranking_loss": -1.0, "training_time": "00:00:11", "test_time": "00:00:00"}