{"framework": "gama", "accuracy_score": 0.671875, "average_precision_score": -1.0, "balanced_accuracy_score": 0.3329309579309579, "cohen_kappa_score": 0.472635098017673, "f1_score_macro": 0.33112699605773804, "f1_score_micro": 0.671875, "f1_score_weighted": 0.6541608504241383, "matthews_corrcoef": 0.47464528577028814, "precision_score": -1.0, "recall_score": -1.0, "roc_auc_score": -1.0, "coverage_error": -1.0, "label_ranking_average_precision_score": -1.0, "label_ranking_loss": -1.0, "training_time": "00:09:00", "test_time": "00:00:00"}