{"framework": "autokeras", "accuracy_score": 0.6375, "average_precision_score": -1.0, "balanced_accuracy_score": 0.4121017871017871, "cohen_kappa_score": 0.4381461243888779, "f1_score_macro": 0.40839585598586153, "f1_score_micro": 0.6375, "f1_score_weighted": 0.6347597956901074, "matthews_corrcoef": 0.4382199354777941, "precision_score": -1.0, "recall_score": -1.0, "roc_auc_score": -1.0, "training_time": "00:00:54", "test_time": "00:00:00"}