{"framework": "flaml", "accuracy_score": 0.6625, "average_precision_score": -1.0, "balanced_accuracy_score": 0.33451548451548446, "cohen_kappa_score": 0.4637620444072057, "f1_score_macro": 0.33146255953273496, "f1_score_micro": 0.6625, "f1_score_weighted": 0.6490979050189576, "matthews_corrcoef": 0.46473160307579475, "precision_score": -1.0, "recall_score": -1.0, "roc_auc_score": -1.0, "training_time": "00:10:00", "test_time": "00:00:00"}