{
    "id": 40691,
    "framework": "pycaret",
    "results": [
        {
            "seed": "2",
            "accuracy_score": 0.703125,
            "average_precision_score": -1.0,
            "balanced_accuracy_score": 0.4001706875828656,
            "cohen_kappa_score": 0.5154142889023496,
            "f1_score_macro": 0.42712807100632005,
            "f1_score_micro": 0.703125,
            "f1_score_weighted": 0.6924557931673613,
            "matthews_corrcoef": 0.5168503288942742,
            "precision_score": -1.0,
            "recall_score": -1.0,
            "roc_auc_score": -1.0,
            "coverage_error": -1.0,
            "label_ranking_average_precision_score": -1.0,
            "label_ranking_loss": -1.0,
            "training_time": 24.674871468916535,
            "test_time": 0.09924020618200302
        },
        {
            "seed": "3",
            "accuracy_score": 0.725,
            "average_precision_score": -1.0,
            "balanced_accuracy_score": 0.34804735037061624,
            "cohen_kappa_score": 0.544579755146928,
            "f1_score_macro": 0.3541010628984802,
            "f1_score_micro": 0.7250000000000001,
            "f1_score_weighted": 0.7060273822334961,
            "matthews_corrcoef": 0.5484829406143148,
            "precision_score": -1.0,
            "recall_score": -1.0,
            "roc_auc_score": -1.0,
            "coverage_error": -1.0,
            "label_ranking_average_precision_score": -1.0,
            "label_ranking_loss": -1.0,
            "training_time": 25.524620045907795,
            "test_time": 0.10537657514214516
        },
        {
            "seed": "5",
            "accuracy_score": 0.7375,
            "average_precision_score": -1.0,
            "balanced_accuracy_score": 0.3697495550470378,
            "cohen_kappa_score": 0.5661787253272219,
            "f1_score_macro": 0.39439722608039435,
            "f1_score_micro": 0.7375,
            "f1_score_weighted": 0.7235360625830923,
            "matthews_corrcoef": 0.5723772202953331,
            "precision_score": -1.0,
            "recall_score": -1.0,
            "roc_auc_score": -1.0,
            "coverage_error": -1.0,
            "label_ranking_average_precision_score": -1.0,
            "label_ranking_loss": -1.0,
            "training_time": 24.31943631079048,
            "test_time": 0.09346652962267399
        },
        {
            "seed": "7",
            "accuracy_score": 0.7,
            "average_precision_score": -1.0,
            "balanced_accuracy_score": 0.4537345397519136,
            "cohen_kappa_score": 0.5122803118103735,
            "f1_score_macro": 0.4770136065738348,
            "f1_score_micro": 0.7,
            "f1_score_weighted": 0.6869907836782001,
            "matthews_corrcoef": 0.5134083197771759,
            "precision_score": -1.0,
            "recall_score": -1.0,
            "roc_auc_score": -1.0,
            "coverage_error": -1.0,
            "label_ranking_average_precision_score": -1.0,
            "label_ranking_loss": -1.0,
            "training_time": 24.70710032619536,
            "test_time": 0.09733687341213226
        },
        {
            "seed": "11",
            "accuracy_score": 0.65625,
            "average_precision_score": -1.0,
            "balanced_accuracy_score": 0.321265107954992,
            "cohen_kappa_score": 0.447513812154696,
            "f1_score_macro": 0.3249830427688867,
            "f1_score_micro": 0.65625,
            "f1_score_weighted": 0.6380370744651598,
            "matthews_corrcoef": 0.4520199112420252,
            "precision_score": -1.0,
            "recall_score": -1.0,
            "roc_auc_score": -1.0,
            "coverage_error": -1.0,
            "label_ranking_average_precision_score": -1.0,
            "label_ranking_loss": -1.0,
            "training_time": 24.317487976513803,
            "test_time": 0.1005860436707735
        },
        {
            "seed": "13",
            "accuracy_score": 0.70625,
            "average_precision_score": -1.0,
            "balanced_accuracy_score": 0.3373598047261326,
            "cohen_kappa_score": 0.5097623781739952,
            "f1_score_macro": 0.34067388521786773,
            "f1_score_micro": 0.70625,
            "f1_score_weighted": 0.6863405397305978,
            "matthews_corrcoef": 0.5128501948991495,
            "precision_score": -1.0,
            "recall_score": -1.0,
            "roc_auc_score": -1.0,
            "coverage_error": -1.0,
            "label_ranking_average_precision_score": -1.0,
            "label_ranking_loss": -1.0,
            "training_time": 23.779390655457973,
            "test_time": 0.09669745247811079
        },
        {
            "seed": "17",
            "accuracy_score": 0.7125,
            "average_precision_score": -1.0,
            "balanced_accuracy_score": 0.3690542042682767,
            "cohen_kappa_score": 0.5276828544384013,
            "f1_score_macro": 0.3791111498759525,
            "f1_score_micro": 0.7125,
            "f1_score_weighted": 0.6903352111783957,
            "matthews_corrcoef": 0.532520458003196,
            "precision_score": -1.0,
            "recall_score": -1.0,
            "roc_auc_score": -1.0,
            "coverage_error": -1.0,
            "label_ranking_average_precision_score": -1.0,
            "label_ranking_loss": -1.0,
            "training_time": 23.94729894772172,
            "test_time": 0.10166840255260468
        },
        {
            "seed": "19",
            "accuracy_score": 0.7125,
            "average_precision_score": -1.0,
            "balanced_accuracy_score": 0.39000708030292824,
            "cohen_kappa_score": 0.5456579779928084,
            "f1_score_macro": 0.40853337118729655,
            "f1_score_micro": 0.7125,
            "f1_score_weighted": 0.6967963292047749,
            "matthews_corrcoef": 0.5483745101115688,
            "precision_score": -1.0,
            "recall_score": -1.0,
            "roc_auc_score": -1.0,
            "coverage_error": -1.0,
            "label_ranking_average_precision_score": -1.0,
            "label_ranking_loss": -1.0,
            "training_time": 24.565025358460844,
            "test_time": 0.10225298069417477
        },
        {
            "seed": "23",
            "accuracy_score": 0.690625,
            "average_precision_score": -1.0,
            "balanced_accuracy_score": 0.31849545990239586,
            "cohen_kappa_score": 0.48553054662379413,
            "f1_score_macro": 0.32148134274000545,
            "f1_score_micro": 0.690625,
            "f1_score_weighted": 0.6711319613535618,
            "matthews_corrcoef": 0.488612043843775,
            "precision_score": -1.0,
            "recall_score": -1.0,
            "roc_auc_score": -1.0,
            "coverage_error": -1.0,
            "label_ranking_average_precision_score": -1.0,
            "label_ranking_loss": -1.0,
            "training_time": 24.153767176903784,
            "test_time": 0.09917132928967476
        },
        {
            "seed": "29",
            "accuracy_score": 0.7,
            "average_precision_score": -1.0,
            "balanced_accuracy_score": 0.3703630465185592,
            "cohen_kappa_score": 0.5223509290212237,
            "f1_score_macro": 0.3856373606163311,
            "f1_score_micro": 0.7,
            "f1_score_weighted": 0.6768878866229151,
            "matthews_corrcoef": 0.5267584046060834,
            "precision_score": -1.0,
            "recall_score": -1.0,
            "roc_auc_score": -1.0,
            "coverage_error": -1.0,
            "label_ranking_average_precision_score": -1.0,
            "label_ranking_loss": -1.0,
            "training_time": 25.30381845869124,
            "test_time": 0.09788209944963455
        },
        {
            "seed": "31",
            "accuracy_score": 0.703125,
            "average_precision_score": -1.0,
            "balanced_accuracy_score": 0.3877198952113336,