{"framework": "autopytorch", "accuracy_score": 0.634375, "average_precision_score": -1.0, "balanced_accuracy_score": 0.29344821844821845, "cohen_kappa_score": 0.3960705874762074, "f1_score_macro": 0.2976608813094919, "f1_score_micro": 0.634375, "f1_score_weighted": 0.6082930529202808, "matthews_corrcoef": 0.40257596672288176, "precision_score": -1.0, "recall_score": -1.0, "roc_auc_score": -1.0, "training_time": "00:11:13", "test_time": "00:00:02"}