{"framework": "flaml", "accuracy_score": 0.64375, "average_precision_score": -1.0, "balanced_accuracy_score": 0.3162143412143412, "cohen_kappa_score": 0.4309868821263122, "f1_score_macro": 0.3145371633876289, "f1_score_micro": 0.64375, "f1_score_weighted": 0.6277275688400522, "matthews_corrcoef": 0.43272210319217747, "precision_score": -1.0, "recall_score": -1.0, "roc_auc_score": -1.0, "coverage_error": -1.0, "label_ranking_average_precision_score": -1.0, "label_ranking_loss": -1.0, "training_time": "00:09:59", "test_time": "00:00:00"}