{"framework": "h2o", "accuracy_score": 0.584375, "average_precision_score": -1.0, "balanced_accuracy_score": 0.3622821622821623, "cohen_kappa_score": 0.36620452413217974, "f1_score_macro": 0.3509519177678328, "f1_score_micro": 0.584375, "f1_score_weighted": 0.5821383236321902, "matthews_corrcoef": 0.36882881719668065, "precision_score": -1.0, "recall_score": -1.0, "roc_auc_score": -1.0, "training_time": "00:10:05", "test_time": "00:00:00"}