{
    "id": 41471,
    "framework": "autosklearn",
    "results": [
        {
            "seed": "2",
            "accuracy_score": 0.6908713692946058,
            "average_precision_score": 0.6823387864492085,
            "balanced_accuracy_score": -1.0,
            "cohen_kappa_score": -1.0,
            "f1_score_macro": 0.7928332063999889,
            "f1_score_micro": 0.7812187812187813,
            "f1_score_weighted": 0.7814455705147485,
            "matthews_corrcoef": -1.0,
            "precision_score": -1.0,
            "recall_score": -1.0,
            "roc_auc_score": 0.8658138775686127,
            "coverage_error": 2.300829875518672,
            "label_ranking_average_precision_score": 0.7869986168741364,
            "label_ranking_loss": 0.2358921161825726,
            "training_time": 301.69022255798336,
            "test_time": 10.765804295078851
        },
        {
            "seed": "3",
            "accuracy_score": 0.6970954356846473,
            "average_precision_score": 0.6885957837575832,
            "balanced_accuracy_score": -1.0,
            "cohen_kappa_score": -1.0,
            "f1_score_macro": 0.7956066830672452,
            "f1_score_micro": 0.7929606625258799,
            "f1_score_weighted": 0.7914165258393062,
            "matthews_corrcoef": -1.0,
            "precision_score": -1.0,
            "recall_score": -1.0,
            "roc_auc_score": 0.8630859924960227,
            "coverage_error": 2.340248962655602,
            "label_ranking_average_precision_score": 0.7856154910096828,
            "label_ranking_loss": 0.24460580912863072,
            "training_time": 299.23607304203324,
            "test_time": 1.3756646069232374
        },
        {
            "seed": "5",
            "accuracy_score": 0.7157676348547718,
            "average_precision_score": 0.7088763859890136,
            "balanced_accuracy_score": -1.0,
            "cohen_kappa_score": -1.0,
            "f1_score_macro": 0.8075192827028812,
            "f1_score_micro": 0.7995910020449897,
            "f1_score_weighted": 0.7956917972295378,
            "matthews_corrcoef": -1.0,
            "precision_score": -1.0,
            "recall_score": -1.0,
            "roc_auc_score": 0.8691154497424738,
            "coverage_error": 2.3423236514522823,
            "label_ranking_average_precision_score": 0.8006569847856168,
            "label_ranking_loss": 0.23667012448132782,
            "training_time": 300.639180936967,
            "test_time": 1.2569908859441057
        },
        {
            "seed": "7",
            "accuracy_score": 0.7074688796680498,
            "average_precision_score": 0.6978430491127141,
            "balanced_accuracy_score": -1.0,
            "cohen_kappa_score": -1.0,
            "f1_score_macro": 0.7931992311404739,
            "f1_score_micro": 0.791578947368421,
            "f1_score_weighted": 0.7875855896717949,
            "matthews_corrcoef": -1.0,
            "precision_score": -1.0,
            "recall_score": -1.0,
            "roc_auc_score": 0.8560444834995132,
            "coverage_error": 2.421161825726141,
            "label_ranking_average_precision_score": 0.7876901798063637,
            "label_ranking_loss": 0.2566390041493776,
            "training_time": 306.5091347369598,
            "test_time": 2.934240929898806
        },
        {
            "seed": "11",
            "accuracy_score": 0.6784232365145229,
            "average_precision_score": 0.7077027851047228,
            "balanced_accuracy_score": -1.0,
            "cohen_kappa_score": -1.0,
            "f1_score_macro": 0.8165524680636641,
            "f1_score_micro": 0.8052434456928839,
            "f1_score_weighted": 0.808200939549373,
            "matthews_corrcoef": -1.0,
            "precision_score": -1.0,
            "recall_score": -1.0,
            "roc_auc_score": 0.9000672066016476,
            "coverage_error": 1.983402489626556,
            "label_ranking_average_precision_score": 0.7989280774550491,
            "label_ranking_loss": 0.17951244813278008,
            "training_time": 300.00930011703167,
            "test_time": 6.594479409046471
        },
        {
            "seed": "13",
            "accuracy_score": 0.6742738589211619,
            "average_precision_score": 0.689800070097026,
            "balanced_accuracy_score": -1.0,
            "cohen_kappa_score": -1.0,
            "f1_score_macro": 0.7870220690026585,
            "f1_score_micro": 0.7787971457696228,
            "f1_score_weighted": 0.7740192363627002,
            "matthews_corrcoef": -1.0,
            "precision_score": -1.0,
            "recall_score": -1.0,
            "roc_auc_score": 0.8548172365475146,
            "coverage_error": 2.529045643153527,
            "label_ranking_average_precision_score": 0.7759336099585072,
            "label_ranking_loss": 0.2661825726141079,
            "training_time": 298.3097807089798,
            "test_time": 2.3109283869853243
        },
        {
            "seed": "17",
            "accuracy_score": 0.6825726141078838,
            "average_precision_score": 0.6683750897641194,
            "balanced_accuracy_score": -1.0,
            "cohen_kappa_score": -1.0,
            "f1_score_macro": 0.7786568350586148,
            "f1_score_micro": 0.7736625514403291,
            "f1_score_weighted": 0.7702406264764957,
            "matthews_corrcoef": -1.0,
            "precision_score": -1.0,
            "recall_score": -1.0,
            "roc_auc_score": 0.851518262811786,
            "coverage_error": 2.4605809128630707,
            "label_ranking_average_precision_score": 0.7724757952973724,
            "label_ranking_loss": 0.2656984785615491,
            "training_time": 301.5973806499969,
            "test_time": 7.127031286014244
        },
        {
            "seed": "19",
            "accuracy_score": 0.7302904564315352,
            "average_precision_score": 0.7433494383324463,
            "balanced_accuracy_score": -1.0,
            "cohen_kappa_score": -1.0,
            "f1_score_macro": 0.8282242450400168,
            "f1_score_micro": 0.8204592901878915,
            "f1_score_weighted": 0.8155992809877759,
            "matthews_corrcoef": -1.0,
            "precision_score": -1.0,
            "recall_score": -1.0,
            "roc_auc_score": 0.8767646120948304,
            "coverage_error": 2.304979253112033,
            "label_ranking_average_precision_score": 0.8091286307053952,
            "label_ranking_loss": 0.2300829875518672,
            "training_time": 299.88457260397263,
            "test_time": 4.065373424091376
        },
        {
            "seed": "23",
            "accuracy_score": 0.7012448132780082,
            "average_precision_score": 0.6986709174877413,
            "balanced_accuracy_score": -1.0,
            "cohen_kappa_score": -1.0,
            "f1_score_macro": 0.7992465895771899,
            "f1_score_micro": 0.7880041365046535,
            "f1_score_weighted": 0.7855407649345144,
            "matthews_corrcoef": -1.0,
            "precision_score": -1.0,
            "recall_score": -1.0,
            "roc_auc_score": 0.8592933489056535,
            "coverage_error": 2.4315352697095434,
            "label_ranking_average_precision_score": 0.7876901798063631,
            "label_ranking_loss": 0.2547717842323652,
            "training_time": 299.3319262880832,
            "test_time": 4.9897885810351
        },
        {
            "seed": "29",
            "accuracy_score": 0.7012448132780082,
            "average_precision_score": 0.6894505569448612,
            "balanced_accuracy_score": -1.0,
            "cohen_kappa_score": -1.0,
            "f1_score_macro": 0.7881426512818474,
            "f1_score_micro": 0.7832460732984293,
            "f1_score_weighted": 0.7767312161761317,
            "matthews_corrcoef": -1.0,
            "precision_score": -1.0,
            "recall_score": -1.0,
            "roc_auc_score": 0.8573433195181338,