{
    "id": 41471,
    "framework": "fedot",
    "results": [
        {
            "seed": "2",
            "accuracy_score": 0.5352697095435685,
            "average_precision_score": 0.5886027425990027,
            "balanced_accuracy_score": -1.0,
            "cohen_kappa_score": -1.0,
            "f1_score_macro": 0.6763275563324084,
            "f1_score_micro": 0.6731234866828086,
            "f1_score_weighted": 0.6598060942619695,
            "matthews_corrcoef": -1.0,
            "precision_score": -1.0,
            "recall_score": -1.0,
            "roc_auc_score": 0.7720379496259703,
            "coverage_error": 3.323651452282158,
            "label_ranking_average_precision_score": 0.6372752420470263,
            "label_ranking_loss": 0.44398340248962653,
            "training_time": 362.4353354740015,
            "test_time": 0.05416320599033497
        },
        {
            "seed": "3",
            "accuracy_score": 0.504149377593361,
            "average_precision_score": 0.5499135495752334,
            "balanced_accuracy_score": -1.0,
            "cohen_kappa_score": -1.0,
            "f1_score_macro": 0.6372208672237403,
            "f1_score_micro": 0.6458852867830424,
            "f1_score_weighted": 0.6274082414056065,
            "matthews_corrcoef": -1.0,
            "precision_score": -1.0,
            "recall_score": -1.0,
            "roc_auc_score": 0.7526288675365107,
            "coverage_error": 3.4730290456431536,
            "label_ranking_average_precision_score": 0.6065006915629317,
            "label_ranking_loss": 0.4796680497925311,
            "training_time": 302.11606148298597,
            "test_time": 0.05391337498440407
        },
        {
            "seed": "5",
            "accuracy_score": 0.520746887966805,
            "average_precision_score": 0.5927705066651958,
            "balanced_accuracy_score": -1.0,
            "cohen_kappa_score": -1.0,
            "f1_score_macro": 0.6733021179941144,
            "f1_score_micro": 0.6739130434782609,
            "f1_score_weighted": 0.6559461437703943,
            "matthews_corrcoef": -1.0,
            "precision_score": -1.0,
            "recall_score": -1.0,
            "roc_auc_score": 0.7724252448566999,
            "coverage_error": 3.392116182572614,
            "label_ranking_average_precision_score": 0.631396957123098,
            "label_ranking_loss": 0.45165975103734435,
            "training_time": 373.3629484709818,
            "test_time": 0.05807568598538637
        },
        {
            "seed": "7",
            "accuracy_score": 0.5456431535269709,
            "average_precision_score": 0.6064632329304323,
            "balanced_accuracy_score": -1.0,
            "cohen_kappa_score": -1.0,
            "f1_score_macro": 0.6877561949373225,
            "f1_score_micro": 0.6987951807228914,
            "f1_score_weighted": 0.680736905154067,
            "matthews_corrcoef": -1.0,
            "precision_score": -1.0,
            "recall_score": -1.0,
            "roc_auc_score": 0.7806072499057732,
            "coverage_error": 3.263485477178423,
            "label_ranking_average_precision_score": 0.6514522821576771,
            "label_ranking_loss": 0.42572614107883816,
            "training_time": 392.1558939999959,
            "test_time": 0.05652027399628423
        },
        {
            "seed": "11",
            "accuracy_score": 0.5456431535269709,
            "average_precision_score": 0.5936905928223046,
            "balanced_accuracy_score": -1.0,
            "cohen_kappa_score": -1.0,
            "f1_score_macro": 0.6829621804309118,
            "f1_score_micro": 0.6852976913730255,
            "f1_score_weighted": 0.6700393017703742,
            "matthews_corrcoef": -1.0,
            "precision_score": -1.0,
            "recall_score": -1.0,
            "roc_auc_score": 0.7777196636984778,
            "coverage_error": 3.2780082987551866,
            "label_ranking_average_precision_score": 0.6410788381742744,
            "label_ranking_loss": 0.43775933609958506,
            "training_time": 349.5374719319807,
            "test_time": 0.05801383699872531
        },
        {
            "seed": "13",
            "accuracy_score": 0.504149377593361,
            "average_precision_score": 0.5981136854914159,
            "balanced_accuracy_score": -1.0,
            "cohen_kappa_score": -1.0,
            "f1_score_macro": 0.6625637448753625,
            "f1_score_micro": 0.6642599277978339,
            "f1_score_weighted": 0.6326479573502464,
            "matthews_corrcoef": -1.0,
            "precision_score": -1.0,
            "recall_score": -1.0,
            "roc_auc_score": 0.7710169753538257,
            "coverage_error": 3.4771784232365146,
            "label_ranking_average_precision_score": 0.6227524204702626,
            "label_ranking_loss": 0.46410788381742735,
            "training_time": 555.0408651789767,
            "test_time": 0.05879722198005766
        },
        {
            "seed": "17",
            "accuracy_score": 0.5435684647302904,
            "average_precision_score": 0.5963235799562402,
            "balanced_accuracy_score": -1.0,
            "cohen_kappa_score": -1.0,
            "f1_score_macro": 0.6802153434347017,
            "f1_score_micro": 0.6850299401197605,
            "f1_score_weighted": 0.6689934645870504,
            "matthews_corrcoef": -1.0,
            "precision_score": -1.0,
            "recall_score": -1.0,
            "roc_auc_score": 0.776254330234169,
            "coverage_error": 3.2821576763485476,
            "label_ranking_average_precision_score": 0.6438450899031806,
            "label_ranking_loss": 0.43540802213001384,
            "training_time": 772.7595141579804,
            "test_time": 0.05654150899499655
        },
        {
            "seed": "19",
            "accuracy_score": 0.5414937759336099,
            "average_precision_score": 0.6131310176666894,
            "balanced_accuracy_score": -1.0,
            "cohen_kappa_score": -1.0,
            "f1_score_macro": 0.6940001613306643,
            "f1_score_micro": 0.6906474820143884,
            "f1_score_weighted": 0.6739508210323911,
            "matthews_corrcoef": -1.0,
            "precision_score": -1.0,
            "recall_score": -1.0,
            "roc_auc_score": 0.7828610422278167,
            "coverage_error": 3.2780082987551866,
            "label_ranking_average_precision_score": 0.648340248962656,
            "label_ranking_loss": 0.4302904564315353,
            "training_time": 325.40030308501446,
            "test_time": 0.05461023698444478
        },
        {
            "seed": "23",
            "accuracy_score": 0.483402489626556,
            "average_precision_score": 0.5674109557719875,
            "balanced_accuracy_score": -1.0,
            "cohen_kappa_score": -1.0,
            "f1_score_macro": 0.6484627094329726,
            "f1_score_micro": 0.6419753086419753,
            "f1_score_weighted": 0.6257100053387701,
            "matthews_corrcoef": -1.0,
            "precision_score": -1.0,
            "recall_score": -1.0,
            "roc_auc_score": 0.7554989878721362,
            "coverage_error": 3.570539419087137,
            "label_ranking_average_precision_score": 0.5992392807745502,
            "label_ranking_loss": 0.4894190871369295,
            "training_time": 291.70193166899844,
            "test_time": 0.054931962018599734
        },
        {
            "seed": "29",
            "accuracy_score": 0.516597510373444,
            "average_precision_score": 0.5787783923410796,
            "balanced_accuracy_score": -1.0,
            "cohen_kappa_score": -1.0,
            "f1_score_macro": 0.6554976069927413,
            "f1_score_micro": 0.6642156862745099,
            "f1_score_weighted": 0.6385160470202049,
            "matthews_corrcoef": -1.0,
            "precision_score": -1.0,
            "recall_score": -1.0,
            "roc_auc_score": 0.7670306727224032,