{
    "id": 41471,
    "framework": "autogluon",
    "results": [
        {
            "seed": "2",
            "accuracy_score": 0.2572614107883817,
            "average_precision_score": 0.30060242898526257,
            "balanced_accuracy_score": -1.0,
            "cohen_kappa_score": -1.0,
            "f1_score_macro": 0.2546039687865261,
            "f1_score_micro": 0.29170829170829177,
            "f1_score_weighted": 0.2761426574365372,
            "matthews_corrcoef": -1.0,
            "precision_score": -1.0,
            "recall_score": -1.0,
            "roc_auc_score": 0.558043740495736,
            "coverage_error": 4.711618257261411,
            "label_ranking_average_precision_score": 0.40335408022129887,
            "label_ranking_loss": 0.7226659751037344,
            "training_time": 203.4232486309993,
            "test_time": 0.2681225039996207
        },
        {
            "seed": "3",
            "accuracy_score": 0.23443983402489627,
            "average_precision_score": 0.3134761153211904,
            "balanced_accuracy_score": -1.0,
            "cohen_kappa_score": -1.0,
            "f1_score_macro": 0.2641601079512408,
            "f1_score_micro": 0.2673366834170854,
            "f1_score_weighted": 0.25293948565854,
            "matthews_corrcoef": -1.0,
            "precision_score": -1.0,
            "recall_score": -1.0,
            "roc_auc_score": 0.5609884949289062,
            "coverage_error": 4.8070539419087135,
            "label_ranking_average_precision_score": 0.3834716459197777,
            "label_ranking_loss": 0.7450207468879668,
            "training_time": 202.11508066199895,
            "test_time": 0.6792124799976591
        },
        {
            "seed": "5",
            "accuracy_score": 0.26556016597510373,
            "average_precision_score": 0.3237349386778052,
            "balanced_accuracy_score": -1.0,
            "cohen_kappa_score": -1.0,
            "f1_score_macro": 0.27449655375612486,
            "f1_score_micro": 0.310483870967742,
            "f1_score_weighted": 0.3084514280502658,
            "matthews_corrcoef": -1.0,
            "precision_score": -1.0,
            "recall_score": -1.0,
            "roc_auc_score": 0.565322314705485,
            "coverage_error": 4.653526970954357,
            "label_ranking_average_precision_score": 0.4152835408022115,
            "label_ranking_loss": 0.7092323651452282,
            "training_time": 192.53624173200296,
            "test_time": 0.5535165069995855
        },
        {
            "seed": "7",
            "accuracy_score": 0.24688796680497926,
            "average_precision_score": 0.3136834209594283,
            "balanced_accuracy_score": -1.0,
            "cohen_kappa_score": -1.0,
            "f1_score_macro": 0.2643171535438227,
            "f1_score_micro": 0.29137760158572845,
            "f1_score_weighted": 0.2810402634551202,
            "matthews_corrcoef": -1.0,
            "precision_score": -1.0,
            "recall_score": -1.0,
            "roc_auc_score": 0.5616210278731657,
            "coverage_error": 4.717842323651452,
            "label_ranking_average_precision_score": 0.3959197786998601,
            "label_ranking_loss": 0.7259336099585062,
            "training_time": 188.47608541099908,
            "test_time": 0.34980541299955803
        },
        {
            "seed": "11",
            "accuracy_score": 0.24273858921161826,
            "average_precision_score": 0.31284359941053796,
            "balanced_accuracy_score": -1.0,
            "cohen_kappa_score": -1.0,
            "f1_score_macro": 0.2607613312549782,
            "f1_score_micro": 0.2782782782782783,
            "f1_score_weighted": 0.2778750088199774,
            "matthews_corrcoef": -1.0,
            "precision_score": -1.0,
            "recall_score": -1.0,
            "roc_auc_score": 0.5551744019525546,
            "coverage_error": 4.767634854771784,
            "label_ranking_average_precision_score": 0.3886583679114787,
            "label_ranking_loss": 0.7367219917012449,
            "training_time": 196.76926205700147,
            "test_time": 0.39156046900097863
        },
        {
            "seed": "13",
            "accuracy_score": 0.23651452282157676,
            "average_precision_score": 0.3092436080595515,
            "balanced_accuracy_score": -1.0,
            "cohen_kappa_score": -1.0,
            "f1_score_macro": 0.24884050867679433,
            "f1_score_micro": 0.29615004935834155,
            "f1_score_weighted": 0.3046880890885499,
            "matthews_corrcoef": -1.0,
            "precision_score": -1.0,
            "recall_score": -1.0,
            "roc_auc_score": 0.5467619680292664,
            "coverage_error": 4.773858921161826,
            "label_ranking_average_precision_score": 0.4017980636237879,
            "label_ranking_loss": 0.7255186721991701,
            "training_time": 203.03528020999875,
            "test_time": 0.10242080800162512
        },
        {
            "seed": "17",
            "accuracy_score": 0.2676348547717842,
            "average_precision_score": 0.31013104289875265,
            "balanced_accuracy_score": -1.0,
            "cohen_kappa_score": -1.0,
            "f1_score_macro": 0.2767454841141345,
            "f1_score_micro": 0.31256181998021765,
            "f1_score_weighted": 0.2987470440893651,
            "matthews_corrcoef": -1.0,
            "precision_score": -1.0,
            "recall_score": -1.0,
            "roc_auc_score": 0.5705109448421691,
            "coverage_error": 4.624481327800829,
            "label_ranking_average_precision_score": 0.4152835408022113,
            "label_ranking_loss": 0.7051175656984786,
            "training_time": 202.0531343090006,
            "test_time": 0.8325003370009654
        },
        {
            "seed": "19",
            "accuracy_score": 0.24896265560165975,
            "average_precision_score": 0.3043782742107158,
            "balanced_accuracy_score": -1.0,
            "cohen_kappa_score": -1.0,
            "f1_score_macro": 0.25991330561340464,
            "f1_score_micro": 0.28973843058350096,
            "f1_score_weighted": 0.28296576468944057,
            "matthews_corrcoef": -1.0,
            "precision_score": -1.0,
            "recall_score": -1.0,
            "roc_auc_score": 0.5571999331306464,
            "coverage_error": 4.74896265560166,
            "label_ranking_average_precision_score": 0.4019709543568448,
            "label_ranking_loss": 0.7268153526970954,
            "training_time": 210.06443213499733,
            "test_time": 0.8932579680003983
        },
        {
            "seed": "23",
            "accuracy_score": 0.2697095435684647,
            "average_precision_score": 0.3295472946645365,
            "balanced_accuracy_score": -1.0,
            "cohen_kappa_score": -1.0,
            "f1_score_macro": 0.26413031065830567,
            "f1_score_micro": 0.3121272365805169,
            "f1_score_weighted": 0.29760877871997676,
            "matthews_corrcoef": -1.0,
            "precision_score": -1.0,
            "recall_score": -1.0,
            "roc_auc_score": 0.5638003440870133,
            "coverage_error": 4.645228215767635,
            "label_ranking_average_precision_score": 0.4175311203319482,
            "label_ranking_loss": 0.7064834024896265,
            "training_time": 296.5329750889978,
            "test_time": 0.5280810010008281
        },
        {
            "seed": "29",
            "accuracy_score": 0.2551867219917012,
            "average_precision_score": 0.3322033227374802,
            "balanced_accuracy_score": -1.0,
            "cohen_kappa_score": -1.0,
            "f1_score_macro": 0.2762338950803406,
            "f1_score_micro": 0.303951367781155,
            "f1_score_weighted": 0.28896721224936306,
            "matthews_corrcoef": -1.0,
            "precision_score": -1.0,
            "recall_score": -1.0,