{"framework": "gama", "accuracy_score": 0.9218241042345277, "average_precision_score": 0.8990739281110488, "balanced_accuracy_score": 0.9162031001014052, "cohen_kappa_score": 0.8386875483484886, "f1_score_macro": 0.9192962642027476, "f1_score_micro": 0.9218241042345277, "f1_score_weighted": 0.9214829233713426, "matthews_corrcoef": 0.8397082024187554, "precision_score": 0.9150090415913201, "recall_score": 0.9529190207156308, "roc_auc_score": 0.9162031001014052, "training_time": "00:00:53", "test_time": "00:00:00"}