{"framework": "autokeras", "accuracy_score": 0.9261672095548317, "average_precision_score": 0.8998462288108626, "balanced_accuracy_score": 0.9189482833550631, "cohen_kappa_score": 0.8471249890154955, "f1_score_macro": 0.9234668439421638, "f1_score_micro": 0.9261672095548317, "f1_score_weighted": 0.925667719961737, "matthews_corrcoef": 0.8493256970167057, "precision_score": 0.911190053285968, "recall_score": 0.9661016949152542, "roc_auc_score": 0.9189482833550631, "training_time": "00:00:25", "test_time": "00:00:02"}