{"framework": "evalml", "accuracy_score": 0.9533116178067318, "average_precision_score": 0.9407524674200399, "balanced_accuracy_score": 0.950999565406345, "cohen_kappa_score": 0.9041537489744502, "f1_score_macro": 0.9520740327493504, "f1_score_micro": 0.9533116178067318, "f1_score_weighted": 0.953253083378342, "matthews_corrcoef": 0.9042638271003043, "precision_score": 0.9535315985130112, "recall_score": 0.9661016949152542, "roc_auc_score": 0.9509995654063451, "training_time": "00:01:00", "test_time": "00:00:00"}