{"framework": "h2o", "accuracy_score": 0.8306188925081434, "average_precision_score": 0.7960241900047442, "balanced_accuracy_score": 0.8166811531218311, "cohen_kappa_score": 0.6461199698523652, "f1_score_macro": 0.8223239018599129, "f1_score_micro": 0.8306188925081432, "f1_score_weighted": 0.8282012570428299, "matthews_corrcoef": 0.6517860904991034, "precision_score": 0.8183361629881154, "recall_score": 0.9077212806026366, "roc_auc_score": 0.8166811531218312, "training_time": "00:01:06", "test_time": "00:00:00"}