{"framework": "flaml", "accuracy_score": 0.9500542888165038, "average_precision_score": 0.9303370672098776, "balanced_accuracy_score": 0.9451108213820079, "cohen_kappa_score": 0.8969392670004233, "f1_score_macro": 0.9484392799073109, "f1_score_micro": 0.9500542888165038, "f1_score_weighted": 0.9498363121539133, "matthews_corrcoef": 0.8980308114205698, "precision_score": 0.9385171790235082, "recall_score": 0.9774011299435028, "roc_auc_score": 0.9451108213820077, "training_time": "00:01:00", "test_time": "00:00:00"}