{"framework": "autokeras", "accuracy_score": 0.8793103448275862, "average_precision_score": 0.8864802354920102, "balanced_accuracy_score": 0.851388888888889, "cohen_kappa_score": 0.7136812411847673, "f1_score_macro": 0.8567901234567901, "f1_score_micro": 0.8793103448275863, "f1_score_weighted": 0.8783312047679863, "matthews_corrcoef": 0.7142789961197124, "precision_score": 0.9024390243902439, "recall_score": 0.925, "roc_auc_score": 0.8513888888888889, "training_time": "00:00:05", "test_time": "00:00:00"}