{"framework": "gama", "accuracy_score": 0.8275862068965517, "average_precision_score": 0.8, "balanced_accuracy_score": 0.7222222222222222, "cohen_kappa_score": 0.5245901639344263, "f1_score_macro": 0.7521367521367521, "f1_score_micro": 0.8275862068965517, "f1_score_weighted": 0.8040082522841143, "matthews_corrcoef": 0.5962847939999439, "precision_score": 0.8, "recall_score": 1.0, "roc_auc_score": 0.7222222222222222, "training_time": "00:00:53", "test_time": "00:00:00"}