{"framework": "lightautoml", "accuracy_score": 0.2857142857142857, "average_precision_score": 0.7142857142857143, "balanced_accuracy_score": 0.5, "cohen_kappa_score": 0.0, "f1_score_macro": 0.22222222222222224, "f1_score_micro": 0.2857142857142857, "f1_score_weighted": 0.126984126984127, "matthews_corrcoef": 0.0, "precision_score": 0.0, "recall_score": 0.0, "roc_auc_score": 0.5, "training_time": "00:00:09", "test_time": "00:00:00"}