{"framework": "h2o", "accuracy_score": 0.8448275862068966, "average_precision_score": 0.8163265306122449, "balanced_accuracy_score": 0.75, "cohen_kappa_score": 0.5797101449275363, "f1_score_macro": 0.7827715355805243, "f1_score_micro": 0.8448275862068967, "f1_score_weighted": 0.8268113134444014, "matthews_corrcoef": 0.6388765649999399, "precision_score": 0.8163265306122449, "recall_score": 1.0, "roc_auc_score": 0.75, "training_time": "00:01:05", "test_time": "00:00:00"}