{"framework": "autosklearn", "accuracy_score": 0.7931034482758621, "average_precision_score": 0.7865660919540229, "balanced_accuracy_score": 0.6972222222222222, "cohen_kappa_score": 0.4493670886075949, "f1_score_macro": 0.7175324675324675, "f1_score_micro": 0.7931034482758621, "f1_score_weighted": 0.7729511867442901, "matthews_corrcoef": 0.48309381038223786, "precision_score": 0.7916666666666666, "recall_score": 0.95, "roc_auc_score": 0.6972222222222222, "training_time": "00:01:18", "test_time": "00:00:00"}