{"framework": "flaml", "accuracy_score": 0.6623376623376623, "average_precision_score": -1.0, "balanced_accuracy_score": 0.622454304954305, "cohen_kappa_score": 0.6460865337870686, "f1_score_macro": 0.5201696738074446, "f1_score_micro": 0.6623376623376623, "f1_score_weighted": 0.659531609121493, "matthews_corrcoef": 0.6473741061055212, "precision_score": -1.0, "recall_score": -1.0, "roc_auc_score": -1.0, "training_time": "00:09:59", "test_time": "00:00:00"}