{"framework": "autokeras", "accuracy_score": 0.6298701298701299, "average_precision_score": -1.0, "balanced_accuracy_score": 0.6046170033670034, "cohen_kappa_score": 0.6118505416758788, "f1_score_macro": 0.5230506233858168, "f1_score_micro": 0.6298701298701299, "f1_score_weighted": 0.6188337329305377, "matthews_corrcoef": 0.614050663796362, "precision_score": -1.0, "recall_score": -1.0, "roc_auc_score": -1.0, "training_time": "00:00:12", "test_time": "00:00:00"}