{"framework": "autosklearn", "accuracy_score": 0.7207792207792207, "average_precision_score": -1.0, "balanced_accuracy_score": 0.6560479797979798, "cohen_kappa_score": 0.7070948336871904, "f1_score_macro": 0.5825906319161452, "f1_score_micro": 0.7207792207792207, "f1_score_weighted": 0.7185935662810401, "matthews_corrcoef": 0.7086936496348393, "precision_score": -1.0, "recall_score": -1.0, "roc_auc_score": -1.0, "training_time": "00:10:03", "test_time": "00:00:00"}