{"framework": "h2o", "accuracy_score": 0.22727272727272727, "average_precision_score": -1.0, "balanced_accuracy_score": 0.12467592592592593, "cohen_kappa_score": 0.17379739416617823, "f1_score_macro": 0.062046753787755586, "f1_score_micro": 0.22727272727272727, "f1_score_weighted": 0.11240995989296156, "matthews_corrcoef": 0.19759607157112866, "precision_score": -1.0, "recall_score": -1.0, "roc_auc_score": -1.0, "training_time": "00:10:19", "test_time": "00:00:00"}