{"framework": "tpot", "accuracy_score": 0.7077922077922078, "average_precision_score": -1.0, "balanced_accuracy_score": 0.6524500962000963, "cohen_kappa_score": 0.6932678263178861, "f1_score_macro": 0.5903980263293, "f1_score_micro": 0.7077922077922078, "f1_score_weighted": 0.7061581100048656, "matthews_corrcoef": 0.6945284227152861, "precision_score": -1.0, "recall_score": -1.0, "roc_auc_score": -1.0, "training_time": "00:10:09", "test_time": "00:00:00"}