{"framework": "autogluon", "accuracy_score": 0.6948051948051948, "average_precision_score": -1.0, "balanced_accuracy_score": 0.6398112073112073, "cohen_kappa_score": 0.6794366446698259, "f1_score_macro": 0.5626734226255757, "f1_score_micro": 0.6948051948051948, "f1_score_weighted": 0.6857080904210091, "matthews_corrcoef": 0.6804315041140737, "precision_score": -1.0, "recall_score": -1.0, "roc_auc_score": -1.0, "training_time": "00:00:24", "test_time": "00:00:00"}