{"accuracy_score": 0.9207383279044516, "average_precision_score": 0.8990848361046562, "balanced_accuracy_score": 0.9156019122120818, "cohen_kappa_score": 0.8366152208621607, "f1_score_macro": 0.9182717613150815, "f1_score_micro": 0.9207383279044516, "f1_score_weighted": 0.920445423121964, "matthews_corrcoef": 0.8373726987288702, "precision_score": 0.9163636363636364, "recall_score": 0.9491525423728814, "roc_auc_score": 0.9156019122120816, "training_time": "00:00:56", "test_time": "00:00:03"}