{"accuracy_score": 0.9294245385450597, "average_precision_score": 0.9136135435780148, "balanced_accuracy_score": 0.9265391858612197, "cohen_kappa_score": 0.8551161321706805, "f1_score_macro": 0.9275537704350646, "f1_score_micro": 0.9294245385450597, "f1_score_weighted": 0.9293360562695869, "matthews_corrcoef": 0.855220240107327, "precision_score": 0.9330855018587361, "recall_score": 0.9453860640301318, "roc_auc_score": 0.9265391858612199, "training_time": "00:01:07", "test_time": "00:00:00"}