{"accuracy_score": 0.9500542888165038, "average_precision_score": 0.9329662223068245, "balanced_accuracy_score": 0.9461321164710995, "cohen_kappa_score": 0.8971509307542168, "f1_score_macro": 0.9485594809080224, "f1_score_micro": 0.9500542888165038, "f1_score_weighted": 0.9499019517048114, "matthews_corrcoef": 0.8977255466499393, "precision_score": 0.943327239488117, "recall_score": 0.9717514124293786, "roc_auc_score": 0.9461321164710995, "training_time": "00:01:01", "test_time": "00:00:00"}