{"accuracy_score": 0.9587404994571118, "average_precision_score": 0.945642855455795, "balanced_accuracy_score": 0.9560480950311459, "cohen_kappa_score": 0.9152118613271314, "f1_score_macro": 0.9576007947276604, "f1_score_micro": 0.9587404994571118, "f1_score_weighted": 0.9586650223227111, "matthews_corrcoef": 0.915439767901228, "precision_score": 0.955637707948244, "recall_score": 0.9736346516007532, "roc_auc_score": 0.9560480950311459, "training_time": "00:01:00", "test_time": "00:00:00"}