{"accuracy_score": 0.36666666666666664, "average_precision_score": -1.0, "balanced_accuracy_score": 0.3333333333333333, "cohen_kappa_score": 0.04841402337228706, "f1_score_macro": 0.3333333333333333, "f1_score_micro": 0.36666666666666664, "f1_score_weighted": 0.36666666666666664, "matthews_corrcoef": 0.048494983277591976, "precision_score": -1.0, "recall_score": -1.0, "roc_auc_score": -1.0, "training_time": "00:00:06", "test_time": "00:00:00"}