{
    "id": 41473,
    "framework": "lightwood",
    "results": [
        {
            "seed": "2",
            "accuracy_score": 0.012396694214876033,
            "average_precision_score": -1.0,
            "balanced_accuracy_score": 0.007830379010436398,
            "cohen_kappa_score": 0.0012519318603707585,
            "f1_score_macro": 0.003907976636005732,
            "f1_score_micro": 0.012396694214876033,
            "f1_score_weighted": 0.012079904262278817,
            "matthews_corrcoef": 0.0012815221634479993,
            "precision_score": -1.0,
            "recall_score": -1.0,
            "roc_auc_score": -1.0,
            "coverage_error": -1.0,
            "label_ranking_average_precision_score": -1.0,
            "label_ranking_loss": -1.0,
            "training_time": 8.8127211179999,
            "test_time": 0.6560169220001626
        },
        {
            "seed": "3",
            "accuracy_score": 0.002066115702479339,
            "average_precision_score": -1.0,
            "balanced_accuracy_score": 0.0012376237623762376,
            "cohen_kappa_score": -0.0025474101330313914,
            "f1_score_macro": 0.0002206531332744925,
            "f1_score_micro": 0.002066115702479339,
            "f1_score_weighted": 0.0003756574004507889,
            "matthews_corrcoef": -0.003850848748890597,
            "precision_score": -1.0,
            "recall_score": -1.0,
            "roc_auc_score": -1.0,
            "coverage_error": -1.0,
            "label_ranking_average_precision_score": -1.0,
            "label_ranking_loss": -1.0,
            "training_time": 8.444343308000498,
            "test_time": 0.5331999889995132
        },
        {
            "seed": "5",
            "accuracy_score": 0.008264462809917356,
            "average_precision_score": -1.0,
            "balanced_accuracy_score": 0.0012988101223395342,
            "cohen_kappa_score": -0.0039497679403299735,
            "f1_score_macro": 0.0014977359804946011,
            "f1_score_micro": 0.008264462809917356,
            "f1_score_weighted": 0.012913115192967003,
            "matthews_corrcoef": -0.004042617697103198,
            "precision_score": -1.0,
            "recall_score": -1.0,
            "roc_auc_score": -1.0,
            "coverage_error": -1.0,
            "label_ranking_average_precision_score": -1.0,
            "label_ranking_loss": -1.0,
            "training_time": 8.871619010000359,
            "test_time": 0.6939211989993055
        },
        {
            "seed": "7",
            "accuracy_score": 0.012396694214876033,
            "average_precision_score": -1.0,
            "balanced_accuracy_score": 0.007009345794392523,
            "cohen_kappa_score": -0.0017449739985881951,
            "f1_score_macro": 0.00027454300029742157,
            "f1_score_micro": 0.012396694214876033,
            "f1_score_weighted": 0.0004946311906184951,
            "matthews_corrcoef": -0.0030534775594934374,
            "precision_score": -1.0,
            "recall_score": -1.0,
            "roc_auc_score": -1.0,
            "coverage_error": -1.0,
            "label_ranking_average_precision_score": -1.0,
            "label_ranking_loss": -1.0,
            "training_time": 7.780782301000727,
            "test_time": 0.5302623250008764
        },
        {
            "seed": "11",
            "accuracy_score": 0.006198347107438017,
            "average_precision_score": -1.0,
            "balanced_accuracy_score": 0.00676937441643324,
            "cohen_kappa_score": 0.0006439039467017738,
            "f1_score_macro": 0.001997072753207932,
            "f1_score_micro": 0.006198347107438017,
            "f1_score_weighted": 0.005495443151518163,
            "matthews_corrcoef": 0.001121025461055852,
            "precision_score": -1.0,
            "recall_score": -1.0,
            "roc_auc_score": -1.0,
            "coverage_error": -1.0,
            "label_ranking_average_precision_score": -1.0,
            "label_ranking_loss": -1.0,
            "training_time": 7.313207780000084,
            "test_time": 0.5329519829992933
        },
        {
            "seed": "13",
            "accuracy_score": 0.004132231404958678,
            "average_precision_score": -1.0,
            "balanced_accuracy_score": 0.0048543689320388345,
            "cohen_kappa_score": -0.00346261877212517,
            "f1_score_macro": 0.00021946452682839802,
            "f1_score_micro": 0.004132231404958678,
            "f1_score_weighted": 0.0002430852484283319,
            "matthews_corrcoef": -0.004813911704086762,
            "precision_score": -1.0,
            "recall_score": -1.0,
            "roc_auc_score": -1.0,
            "coverage_error": -1.0,
            "label_ranking_average_precision_score": -1.0,
            "label_ranking_loss": -1.0,
            "training_time": 7.811395589000313,
            "test_time": 0.5486599659998319
        },
        {
            "seed": "17",
            "accuracy_score": 0.006198347107438017,
            "average_precision_score": -1.0,
            "balanced_accuracy_score": 0.005504587155963302,
            "cohen_kappa_score": -0.002851702837056491,
            "f1_score_macro": 0.00014150609655432656,
            "f1_score_micro": 0.006198347107438017,
            "f1_score_weighted": 0.0001593405426076611,
            "matthews_corrcoef": -0.00483300300836148,
            "precision_score": -1.0,
            "recall_score": -1.0,
            "roc_auc_score": -1.0,
            "coverage_error": -1.0,
            "label_ranking_average_precision_score": -1.0,
            "label_ranking_loss": -1.0,
            "training_time": 7.906769043000168,
            "test_time": 0.5571424499994464
        },
        {
            "seed": "19",
            "accuracy_score": 0.01652892561983471,
            "average_precision_score": -1.0,
            "balanced_accuracy_score": 0.018763102725366878,
            "cohen_kappa_score": 0.006597273127107561,
            "f1_score_macro": 0.007063804408937152,
            "f1_score_micro": 0.01652892561983471,
            "f1_score_weighted": 0.009829315201216028,
            "matthews_corrcoef": 0.006756639461100938,
            "precision_score": -1.0,
            "recall_score": -1.0,
            "roc_auc_score": -1.0,
            "coverage_error": -1.0,
            "label_ranking_average_precision_score": -1.0,
            "label_ranking_loss": -1.0,
            "training_time": 8.24008230399886,
            "test_time": 0.5498168129997794
        },
        {
            "seed": "23",
            "accuracy_score": 0.012396694214876033,
            "average_precision_score": -1.0,
            "balanced_accuracy_score": 0.00892857142857143,
            "cohen_kappa_score": 0.00022039472262669335,
            "f1_score_macro": 0.002534696251973739,
            "f1_score_micro": 0.012396694214876033,
            "f1_score_weighted": 0.0035925653488718696,
            "matthews_corrcoef": 0.0003574814819360292,
            "precision_score": -1.0,
            "recall_score": -1.0,
            "roc_auc_score": -1.0,
            "coverage_error": -1.0,
            "label_ranking_average_precision_score": -1.0,
            "label_ranking_loss": -1.0,
            "training_time": 9.17181963999974,
            "test_time": 0.5660306640002091
        },
        {
            "seed": "29",
            "accuracy_score": 0.01652892561983471,
            "average_precision_score": -1.0,
            "balanced_accuracy_score": 0.010891089108910892,
            "cohen_kappa_score": 0.002783224471598511,
            "f1_score_macro": 0.0024207963510848125,
            "f1_score_micro": 0.01652892561983471,
            "f1_score_weighted": 0.004246132655223564,
            "matthews_corrcoef": 0.004544298364374442,
            "precision_score": -1.0,
            "recall_score": -1.0,
            "roc_auc_score": -1.0,
            "coverage_error": -1.0,