{
    "id": 41473,
    "framework": "h2o",
    "results": [
        {
            "seed": "2",
            "accuracy_score": 0.1797520661157025,
            "average_precision_score": -1.0,
            "balanced_accuracy_score": 0.018976462561828417,
            "cohen_kappa_score": 0.10285837014072419,
            "f1_score_macro": 0.009006590231133656,
            "f1_score_micro": 0.17975206611570252,
            "f1_score_weighted": 0.08676469387641018,
            "matthews_corrcoef": 0.13374834501095365,
            "precision_score": -1.0,
            "recall_score": -1.0,
            "roc_auc_score": -1.0,
            "coverage_error": -1.0,
            "label_ranking_average_precision_score": -1.0,
            "label_ranking_loss": -1.0,
            "training_time": 365.31857604699326,
            "test_time": 0.9942684829875361
        },
        {
            "seed": "3",
            "accuracy_score": 0.24793388429752067,
            "average_precision_score": -1.0,
            "balanced_accuracy_score": 0.03469408222700769,
            "cohen_kappa_score": 0.18985385952488243,
            "f1_score_macro": 0.02513726941458826,
            "f1_score_micro": 0.24793388429752067,
            "f1_score_weighted": 0.17911086591489533,
            "matthews_corrcoef": 0.19472262813540842,
            "precision_score": -1.0,
            "recall_score": -1.0,
            "roc_auc_score": -1.0,
            "coverage_error": -1.0,
            "label_ranking_average_precision_score": -1.0,
            "label_ranking_loss": -1.0,
            "training_time": 330.26813730198774,
            "test_time": 0.626568114006659
        },
        {
            "seed": "5",
            "accuracy_score": 0.23553719008264462,
            "average_precision_score": -1.0,
            "balanced_accuracy_score": 0.03796272407598517,
            "cohen_kappa_score": 0.17897651729797637,
            "f1_score_macro": 0.028932061919619896,
            "f1_score_micro": 0.23553719008264462,
            "f1_score_weighted": 0.17063580250660693,
            "matthews_corrcoef": 0.1844432666840948,
            "precision_score": -1.0,
            "recall_score": -1.0,
            "roc_auc_score": -1.0,
            "coverage_error": -1.0,
            "label_ranking_average_precision_score": -1.0,
            "label_ranking_loss": -1.0,
            "training_time": 387.8921816320217,
            "test_time": 0.60286816599546
        },
        {
            "seed": "7",
            "accuracy_score": 0.0743801652892562,
            "average_precision_score": -1.0,
            "balanced_accuracy_score": 0.009345794392523364,
            "cohen_kappa_score": 0.0,
            "f1_score_macro": 0.0012940330697340044,
            "f1_score_micro": 0.0743801652892562,
            "f1_score_weighted": 0.010298792116973935,
            "matthews_corrcoef": 0.0,
            "precision_score": -1.0,
            "recall_score": -1.0,
            "roc_auc_score": -1.0,
            "coverage_error": -1.0,
            "label_ranking_average_precision_score": -1.0,
            "label_ranking_loss": -1.0,
            "training_time": 335.73279311400256,
            "test_time": 0.6422928340034559
        },
        {
            "seed": "11",
            "accuracy_score": 0.1487603305785124,
            "average_precision_score": -1.0,
            "balanced_accuracy_score": 0.014951669448465123,
            "cohen_kappa_score": 0.06300718457642018,
            "f1_score_macro": 0.006830376998330079,
            "f1_score_micro": 0.1487603305785124,
            "f1_score_weighted": 0.0705151472359,
            "matthews_corrcoef": 0.09543915012226052,
            "precision_score": -1.0,
            "recall_score": -1.0,
            "roc_auc_score": -1.0,
            "coverage_error": -1.0,
            "label_ranking_average_precision_score": -1.0,
            "label_ranking_loss": -1.0,
            "training_time": 319.3021434620023,
            "test_time": 1.0032625870080665
        },
        {
            "seed": "13",
            "accuracy_score": 0.2128099173553719,
            "average_precision_score": -1.0,
            "balanced_accuracy_score": 0.021646771712027165,
            "cohen_kappa_score": 0.12385911732146149,
            "f1_score_macro": 0.00961098945145325,
            "f1_score_micro": 0.21280991735537194,
            "f1_score_weighted": 0.09693189566998076,
            "matthews_corrcoef": 0.14168567120083306,
            "precision_score": -1.0,
            "recall_score": -1.0,
            "roc_auc_score": -1.0,
            "coverage_error": -1.0,
            "label_ranking_average_precision_score": -1.0,
            "label_ranking_loss": -1.0,
            "training_time": 317.2915520929964,
            "test_time": 1.0190638229832985
        },
        {
            "seed": "17",
            "accuracy_score": 0.21074380165289255,
            "average_precision_score": -1.0,
            "balanced_accuracy_score": 0.021079804164492264,
            "cohen_kappa_score": 0.12871697721981878,
            "f1_score_macro": 0.009738630538471479,
            "f1_score_micro": 0.21074380165289255,
            "f1_score_weighted": 0.09607883843165166,
            "matthews_corrcoef": 0.1530213310894572,
            "precision_score": -1.0,
            "recall_score": -1.0,
            "roc_auc_score": -1.0,
            "coverage_error": -1.0,
            "label_ranking_average_precision_score": -1.0,
            "label_ranking_loss": -1.0,
            "training_time": 362.8145018990035,
            "test_time": 0.7344382500159554
        },
        {
            "seed": "19",
            "accuracy_score": 0.1962809917355372,
            "average_precision_score": -1.0,
            "balanced_accuracy_score": 0.022141080299477416,
            "cohen_kappa_score": 0.120973728564292,
            "f1_score_macro": 0.010673583097080988,
            "f1_score_micro": 0.1962809917355372,
            "f1_score_weighted": 0.09234107468381128,
            "matthews_corrcoef": 0.13320977939970705,
            "precision_score": -1.0,
            "recall_score": -1.0,
            "roc_auc_score": -1.0,
            "coverage_error": -1.0,
            "label_ranking_average_precision_score": -1.0,
            "label_ranking_loss": -1.0,
            "training_time": 368.56430333000026,
            "test_time": 0.9461063439957798
        },
        {
            "seed": "23",
            "accuracy_score": 0.2396694214876033,
            "average_precision_score": -1.0,
            "balanced_accuracy_score": 0.04640343337189957,
            "cohen_kappa_score": 0.18996184299689367,
            "f1_score_macro": 0.03503875371525035,
            "f1_score_micro": 0.2396694214876033,
            "f1_score_weighted": 0.1737210869284507,
            "matthews_corrcoef": 0.19356512853024163,
            "precision_score": -1.0,
            "recall_score": -1.0,
            "roc_auc_score": -1.0,
            "coverage_error": -1.0,
            "label_ranking_average_precision_score": -1.0,
            "label_ranking_loss": -1.0,
            "training_time": 368.4491819590039,
            "test_time": 0.537762724008644
        },
        {
            "seed": "29",
            "accuracy_score": 0.1859504132231405,
            "average_precision_score": -1.0,
            "balanced_accuracy_score": 0.019078716382276525,
            "cohen_kappa_score": 0.09754481609782883,
            "f1_score_macro": 0.0098911383675681,
            "f1_score_micro": 0.18595041322314051,
            "f1_score_weighted": 0.09368964296088206,
            "matthews_corrcoef": 0.13997710444221,
            "precision_score": -1.0,
            "recall_score": -1.0,
            "roc_auc_score": -1.0,
            "coverage_error": -1.0,
            "label_ranking_average_precision_score": -1.0,
            "label_ranking_loss": -1.0,
            "training_time": 380.9523963020183,