{
    "id": 41473,
    "framework": "autopytorch",
    "results": [
        {
            "seed": "2",
            "accuracy_score": 0.256198347107438,
            "average_precision_score": -1.0,
            "balanced_accuracy_score": 0.04294559382695437,
            "cohen_kappa_score": 0.19952588998993903,
            "f1_score_macro": 0.03633283253861096,
            "f1_score_micro": 0.256198347107438,
            "f1_score_weighted": 0.19303122330095526,
            "matthews_corrcoef": 0.21498834359777072,
            "precision_score": -1.0,
            "recall_score": -1.0,
            "roc_auc_score": -1.0,
            "coverage_error": -1.0,
            "label_ranking_average_precision_score": -1.0,
            "label_ranking_loss": -1.0,
            "training_time": 316.97893453299184,
            "test_time": 3.3466011290147435
        },
        {
            "seed": "3",
            "accuracy_score": 0.29958677685950413,
            "average_precision_score": -1.0,
            "balanced_accuracy_score": 0.046404619018999636,
            "cohen_kappa_score": 0.2419856321175302,
            "f1_score_macro": 0.03701095405273234,
            "f1_score_micro": 0.29958677685950413,
            "f1_score_weighted": 0.216666742748165,
            "matthews_corrcoef": 0.25242230568363905,
            "precision_score": -1.0,
            "recall_score": -1.0,
            "roc_auc_score": -1.0,
            "coverage_error": -1.0,
            "label_ranking_average_precision_score": -1.0,
            "label_ranking_loss": -1.0,
            "training_time": 308.40331293299096,
            "test_time": 7.600928030005889
        },
        {
            "seed": "5",
            "accuracy_score": 0.25826446280991733,
            "average_precision_score": -1.0,
            "balanced_accuracy_score": 0.0355946374651225,
            "cohen_kappa_score": 0.19736513890300356,
            "f1_score_macro": 0.02571451042454054,
            "f1_score_micro": 0.25826446280991733,
            "f1_score_weighted": 0.17020398470786433,
            "matthews_corrcoef": 0.21016642229426136,
            "precision_score": -1.0,
            "recall_score": -1.0,
            "roc_auc_score": -1.0,
            "coverage_error": -1.0,
            "label_ranking_average_precision_score": -1.0,
            "label_ranking_loss": -1.0,
            "training_time": 319.66423236898845,
            "test_time": 1.143862982018618
        },
        {
            "seed": "7",
            "accuracy_score": 0.2231404958677686,
            "average_precision_score": -1.0,
            "balanced_accuracy_score": 0.036133685493701745,
            "cohen_kappa_score": 0.16492754421225542,
            "f1_score_macro": 0.022447386705897566,
            "f1_score_micro": 0.2231404958677686,
            "f1_score_weighted": 0.1288828252002007,
            "matthews_corrcoef": 0.17867363240896544,
            "precision_score": -1.0,
            "recall_score": -1.0,
            "roc_auc_score": -1.0,
            "coverage_error": -1.0,
            "label_ranking_average_precision_score": -1.0,
            "label_ranking_loss": -1.0,
            "training_time": 320.9598470730125,
            "test_time": 1.257219052000437
        },
        {
            "seed": "11",
            "accuracy_score": 0.26239669421487605,
            "average_precision_score": -1.0,
            "balanced_accuracy_score": 0.048889932418493875,
            "cohen_kappa_score": 0.20470947787024085,
            "f1_score_macro": 0.03988889423268929,
            "f1_score_micro": 0.26239669421487605,
            "f1_score_weighted": 0.18798701510734614,
            "matthews_corrcoef": 0.2216392841371597,
            "precision_score": -1.0,
            "recall_score": -1.0,
            "roc_auc_score": -1.0,
            "coverage_error": -1.0,
            "label_ranking_average_precision_score": -1.0,
            "label_ranking_loss": -1.0,
            "training_time": 318.87697256199317,
            "test_time": 1.6737850689969491
        },
        {
            "seed": "13",
            "accuracy_score": 0.26239669421487605,
            "average_precision_score": -1.0,
            "balanced_accuracy_score": 0.04564904450471012,
            "cohen_kappa_score": 0.19954415320899455,
            "f1_score_macro": 0.025340905247921867,
            "f1_score_micro": 0.26239669421487605,
            "f1_score_weighted": 0.1645511126930583,
            "matthews_corrcoef": 0.21190182245826594,
            "precision_score": -1.0,
            "recall_score": -1.0,
            "roc_auc_score": -1.0,
            "coverage_error": -1.0,
            "label_ranking_average_precision_score": -1.0,
            "label_ranking_loss": -1.0,
            "training_time": 321.76128718000837,
            "test_time": 1.0641248949978035
        },
        {
            "seed": "17",
            "accuracy_score": 0.2665289256198347,
            "average_precision_score": -1.0,
            "balanced_accuracy_score": 0.04706593163373591,
            "cohen_kappa_score": 0.20580187109418335,
            "f1_score_macro": 0.03562022849328419,
            "f1_score_micro": 0.2665289256198347,
            "f1_score_weighted": 0.17981510343630172,
            "matthews_corrcoef": 0.21845490121643335,
            "precision_score": -1.0,
            "recall_score": -1.0,
            "roc_auc_score": -1.0,
            "coverage_error": -1.0,
            "label_ranking_average_precision_score": -1.0,
            "label_ranking_loss": -1.0,
            "training_time": 314.76061850300175,
            "test_time": 1.6545881849888247
        },
        {
            "seed": "19",
            "accuracy_score": 0.25826446280991733,
            "average_precision_score": -1.0,
            "balanced_accuracy_score": 0.04911834337943304,
            "cohen_kappa_score": 0.19884176115012375,
            "f1_score_macro": 0.040190923236112855,
            "f1_score_micro": 0.25826446280991733,
            "f1_score_weighted": 0.17616198646506032,
            "matthews_corrcoef": 0.2099213354881367,
            "precision_score": -1.0,
            "recall_score": -1.0,
            "roc_auc_score": -1.0,
            "coverage_error": -1.0,
            "label_ranking_average_precision_score": -1.0,
            "label_ranking_loss": -1.0,
            "training_time": 310.6065650449891,
            "test_time": 1.0428232949925587
        },
        {
            "seed": "23",
            "accuracy_score": 0.23140495867768596,
            "average_precision_score": -1.0,
            "balanced_accuracy_score": 0.03751089261502107,
            "cohen_kappa_score": 0.17439850330840367,
            "f1_score_macro": 0.026887599650162027,
            "f1_score_micro": 0.23140495867768596,
            "f1_score_weighted": 0.15083264990970113,
            "matthews_corrcoef": 0.1852322488396094,
            "precision_score": -1.0,
            "recall_score": -1.0,
            "roc_auc_score": -1.0,
            "coverage_error": -1.0,
            "label_ranking_average_precision_score": -1.0,
            "label_ranking_loss": -1.0,
            "training_time": 309.4878090749844,
            "test_time": 1.1628677159897052
        },
        {
            "seed": "29",
            "accuracy_score": 0.24380165289256198,
            "average_precision_score": -1.0,
            "balanced_accuracy_score": 0.03212693229809303,
            "cohen_kappa_score": 0.1847389373403594,
            "f1_score_macro": 0.02399861800600937,
            "f1_score_micro": 0.24380165289256198,
            "f1_score_weighted": 0.1746096874596001,
            "matthews_corrcoef": 0.1965998911846356,
            "precision_score": -1.0,
            "recall_score": -1.0,
            "roc_auc_score": -1.0,
            "coverage_error": -1.0,
            "label_ranking_average_precision_score": -1.0,
            "label_ranking_loss": -1.0,
            "training_time": 311.0496539029991,