{
    "id": 41473,
    "framework": "tpot",
    "results": [
        {
            "seed": "2",
            "accuracy_score": 0.24586776859504134,
            "average_precision_score": -1.0,
            "balanced_accuracy_score": 0.03608831544582731,
            "cohen_kappa_score": 0.1865546218487396,
            "f1_score_macro": 0.02848209927618123,
            "f1_score_micro": 0.24586776859504134,
            "f1_score_weighted": 0.1706729924676392,
            "matthews_corrcoef": 0.20744170427183334,
            "precision_score": -1.0,
            "recall_score": -1.0,
            "roc_auc_score": -1.0,
            "coverage_error": -1.0,
            "label_ranking_average_precision_score": -1.0,
            "label_ranking_loss": -1.0,
            "training_time": 341.7800041330047,
            "test_time": 0.024296985007822514
        },
        {
            "seed": "3",
            "accuracy_score": 0.2706611570247934,
            "average_precision_score": -1.0,
            "balanced_accuracy_score": 0.05786990405813276,
            "cohen_kappa_score": 0.21845852641016605,
            "f1_score_macro": 0.048291812469222456,
            "f1_score_micro": 0.2706611570247934,
            "f1_score_weighted": 0.20827123251440072,
            "matthews_corrcoef": 0.22175193286821104,
            "precision_score": -1.0,
            "recall_score": -1.0,
            "roc_auc_score": -1.0,
            "coverage_error": -1.0,
            "label_ranking_average_precision_score": -1.0,
            "label_ranking_loss": -1.0,
            "training_time": 600.0467983029957,
            "test_time": 0.03628961500362493
        },
        {
            "seed": "5",
            "accuracy_score": 0.2665289256198347,
            "average_precision_score": -1.0,
            "balanced_accuracy_score": 0.04635441408532224,
            "cohen_kappa_score": 0.1997652669622565,
            "f1_score_macro": 0.03596400457809199,
            "f1_score_micro": 0.2665289256198347,
            "f1_score_weighted": 0.1793354522266396,
            "matthews_corrcoef": 0.21792755583627288,
            "precision_score": -1.0,
            "recall_score": -1.0,
            "roc_auc_score": -1.0,
            "coverage_error": -1.0,
            "label_ranking_average_precision_score": -1.0,
            "label_ranking_loss": -1.0,
            "training_time": 347.97116065298906,
            "test_time": 0.026106444012839347
        },
        {
            "seed": "7",
            "accuracy_score": 0.25206611570247933,
            "average_precision_score": -1.0,
            "balanced_accuracy_score": 0.08015522093277941,
            "cohen_kappa_score": 0.21070722269023034,
            "f1_score_macro": 0.06062931566366826,
            "f1_score_micro": 0.25206611570247933,
            "f1_score_weighted": 0.18979591968592793,
            "matthews_corrcoef": 0.2131059227237457,
            "precision_score": -1.0,
            "recall_score": -1.0,
            "roc_auc_score": -1.0,
            "coverage_error": -1.0,
            "label_ranking_average_precision_score": -1.0,
            "label_ranking_loss": -1.0,
            "training_time": 322.8405089629814,
            "test_time": 0.04001412799698301
        },
        {
            "seed": "13",
            "accuracy_score": 0.29338842975206614,
            "average_precision_score": -1.0,
            "balanced_accuracy_score": 0.052000267324063564,
            "cohen_kappa_score": 0.22751179536958843,
            "f1_score_macro": 0.043991674029205105,
            "f1_score_micro": 0.29338842975206614,
            "f1_score_weighted": 0.2125996349418851,
            "matthews_corrcoef": 0.2422560126146068,
            "precision_score": -1.0,
            "recall_score": -1.0,
            "roc_auc_score": -1.0,
            "coverage_error": -1.0,
            "label_ranking_average_precision_score": -1.0,
            "label_ranking_loss": -1.0,
            "training_time": 342.20426886100904,
            "test_time": 0.028567731991643086
        },
        {
            "seed": "17",
            "accuracy_score": 0.2665289256198347,
            "average_precision_score": -1.0,
            "balanced_accuracy_score": 0.04741014999705827,
            "cohen_kappa_score": 0.20124587420389572,
            "f1_score_macro": 0.036110744065951834,
            "f1_score_micro": 0.2665289256198347,
            "f1_score_weighted": 0.18084831724659145,
            "matthews_corrcoef": 0.22153346250965722,
            "precision_score": -1.0,
            "recall_score": -1.0,
            "roc_auc_score": -1.0,
            "coverage_error": -1.0,
            "label_ranking_average_precision_score": -1.0,
            "label_ranking_loss": -1.0,
            "training_time": 392.21806232398376,
            "test_time": 0.02696817700052634
        },
        {
            "seed": "19",
            "accuracy_score": 0.2231404958677686,
            "average_precision_score": -1.0,
            "balanced_accuracy_score": 0.044348026749414744,
            "cohen_kappa_score": 0.16862042815243905,
            "f1_score_macro": 0.035713771321963815,
            "f1_score_micro": 0.2231404958677686,
            "f1_score_weighted": 0.1515030256603258,
            "matthews_corrcoef": 0.17324443133116982,
            "precision_score": -1.0,
            "recall_score": -1.0,
            "roc_auc_score": -1.0,
            "coverage_error": -1.0,
            "label_ranking_average_precision_score": -1.0,
            "label_ranking_loss": -1.0,
            "training_time": 399.55536528798984,
            "test_time": 0.15915492401109077
        },
        {
            "seed": "23",
            "accuracy_score": 0.2644628099173554,
            "average_precision_score": -1.0,
            "balanced_accuracy_score": 0.0630913515452881,
            "cohen_kappa_score": 0.20286462429564112,
            "f1_score_macro": 0.05878189581739653,
            "f1_score_micro": 0.2644628099173554,
            "f1_score_weighted": 0.19398705386790033,
            "matthews_corrcoef": 0.21761989782848157,
            "precision_score": -1.0,
            "recall_score": -1.0,
            "roc_auc_score": -1.0,
            "coverage_error": -1.0,
            "label_ranking_average_precision_score": -1.0,
            "label_ranking_loss": -1.0,
            "training_time": 391.29380099099944,
            "test_time": 0.02799375998438336
        },
        {
            "seed": "29",
            "accuracy_score": 0.26239669421487605,
            "average_precision_score": -1.0,
            "balanced_accuracy_score": 0.03583207940854875,
            "cohen_kappa_score": 0.19080601879820724,
            "f1_score_macro": 0.027954509736687953,
            "f1_score_micro": 0.26239669421487605,
            "f1_score_weighted": 0.17559312129560062,
            "matthews_corrcoef": 0.214155506140247,
            "precision_score": -1.0,
            "recall_score": -1.0,
            "roc_auc_score": -1.0,
            "coverage_error": -1.0,
            "label_ranking_average_precision_score": -1.0,
            "label_ranking_loss": -1.0,
            "training_time": 400.6505346999911,
            "test_time": 0.023861502995714545
        },
        {
            "seed": "31",
            "accuracy_score": 0.2706611570247934,
            "average_precision_score": -1.0,
            "balanced_accuracy_score": 0.05268432151876182,
            "cohen_kappa_score": 0.20914666604948262,
            "f1_score_macro": 0.041038386431419174,
            "f1_score_micro": 0.2706611570247934,
            "f1_score_weighted": 0.17867927476548595,
            "matthews_corrcoef": 0.23139628776470675,
            "precision_score": -1.0,
            "recall_score": -1.0,
            "roc_auc_score": -1.0,
            "coverage_error": -1.0,
            "label_ranking_average_precision_score": -1.0,
            "label_ranking_loss": -1.0,