{
    "id": 41473,
    "framework": "naive",
    "results": [
        {
            "seed": "2",
            "accuracy_score": 0.2665289256198347,
            "average_precision_score": -1.0,
            "balanced_accuracy_score": 0.04167296455404156,
            "cohen_kappa_score": 0.21156361133417456,
            "f1_score_macro": 0.03271547450591178,
            "f1_score_micro": 0.2665289256198347,
            "f1_score_weighted": 0.19630386301945238,
            "matthews_corrcoef": 0.23066920785384737,
            "precision_score": -1.0,
            "recall_score": -1.0,
            "roc_auc_score": -1.0,
            "coverage_error": -1.0,
            "label_ranking_average_precision_score": -1.0,
            "label_ranking_loss": -1.0,
            "training_time": 298.7461461310013,
            "test_time": 0.15964663999693585
        },
        {
            "seed": "3",
            "accuracy_score": 0.30165289256198347,
            "average_precision_score": -1.0,
            "balanced_accuracy_score": 0.04847982464911125,
            "cohen_kappa_score": 0.24279789676368202,
            "f1_score_macro": 0.04018284317107636,
            "f1_score_micro": 0.30165289256198347,
            "f1_score_weighted": 0.2240911174195632,
            "matthews_corrcoef": 0.25468896451342876,
            "precision_score": -1.0,
            "recall_score": -1.0,
            "roc_auc_score": -1.0,
            "coverage_error": -1.0,
            "label_ranking_average_precision_score": -1.0,
            "label_ranking_loss": -1.0,
            "training_time": 299.8557633599994,
            "test_time": 0.024585086001025047
        },
        {
            "seed": "5",
            "accuracy_score": 0.2603305785123967,
            "average_precision_score": -1.0,
            "balanced_accuracy_score": 0.052244172522810294,
            "cohen_kappa_score": 0.19946036850178328,
            "f1_score_macro": 0.0432838834004055,
            "f1_score_micro": 0.2603305785123967,
            "f1_score_weighted": 0.1879975561062119,
            "matthews_corrcoef": 0.20977722889423933,
            "precision_score": -1.0,
            "recall_score": -1.0,
            "roc_auc_score": -1.0,
            "coverage_error": -1.0,
            "label_ranking_average_precision_score": -1.0,
            "label_ranking_loss": -1.0,
            "training_time": 296.60343052999815,
            "test_time": 0.030920903001970146
        },
        {
            "seed": "7",
            "accuracy_score": 0.25,
            "average_precision_score": -1.0,
            "balanced_accuracy_score": 0.06046552855051143,
            "cohen_kappa_score": 0.19509245175832424,
            "f1_score_macro": 0.049075545023805844,
            "f1_score_micro": 0.25,
            "f1_score_weighted": 0.17583752505242597,
            "matthews_corrcoef": 0.2051713573907653,
            "precision_score": -1.0,
            "recall_score": -1.0,
            "roc_auc_score": -1.0,
            "coverage_error": -1.0,
            "label_ranking_average_precision_score": -1.0,
            "label_ranking_loss": -1.0,
            "training_time": 278.28443363399856,
            "test_time": 0.03689904200291494
        },
        {
            "seed": "11",
            "accuracy_score": 0.2644628099173554,
            "average_precision_score": -1.0,
            "balanced_accuracy_score": 0.05074730619237619,
            "cohen_kappa_score": 0.20722909305064785,
            "f1_score_macro": 0.041540323919433665,
            "f1_score_micro": 0.2644628099173554,
            "f1_score_weighted": 0.1909180334497643,
            "matthews_corrcoef": 0.2244210154600225,
            "precision_score": -1.0,
            "recall_score": -1.0,
            "roc_auc_score": -1.0,
            "coverage_error": -1.0,
            "label_ranking_average_precision_score": -1.0,
            "label_ranking_loss": -1.0,
            "training_time": 300.84198414300045,
            "test_time": 0.026046012000733754
        },
        {
            "seed": "13",
            "accuracy_score": 0.2892561983471074,
            "average_precision_score": -1.0,
            "balanced_accuracy_score": 0.06784503436545361,
            "cohen_kappa_score": 0.22772286412698128,
            "f1_score_macro": 0.060892819560874806,
            "f1_score_micro": 0.2892561983471074,
            "f1_score_weighted": 0.21738028451004976,
            "matthews_corrcoef": 0.2381225709766352,
            "precision_score": -1.0,
            "recall_score": -1.0,
            "roc_auc_score": -1.0,
            "coverage_error": -1.0,
            "label_ranking_average_precision_score": -1.0,
            "label_ranking_loss": -1.0,
            "training_time": 284.84237133600254,
            "test_time": 0.02510620799876051
        },
        {
            "seed": "17",
            "accuracy_score": 0.2644628099173554,
            "average_precision_score": -1.0,
            "balanced_accuracy_score": 0.060572996413955874,
            "cohen_kappa_score": 0.20269863818721112,
            "f1_score_macro": 0.054234285363929456,
            "f1_score_micro": 0.2644628099173554,
            "f1_score_weighted": 0.18547706422732413,
            "matthews_corrcoef": 0.21670700516323974,
            "precision_score": -1.0,
            "recall_score": -1.0,
            "roc_auc_score": -1.0,
            "coverage_error": -1.0,
            "label_ranking_average_precision_score": -1.0,
            "label_ranking_loss": -1.0,
            "training_time": 292.3072347330017,
            "test_time": 0.02642674899834674
        },
        {
            "seed": "19",
            "accuracy_score": 0.2665289256198347,
            "average_precision_score": -1.0,
            "balanced_accuracy_score": 0.06274787233161809,
            "cohen_kappa_score": 0.2075892857142857,
            "f1_score_macro": 0.05630432773329873,
            "f1_score_micro": 0.2665289256198347,
            "f1_score_weighted": 0.1818338281546126,
            "matthews_corrcoef": 0.21833937661233208,
            "precision_score": -1.0,
            "recall_score": -1.0,
            "roc_auc_score": -1.0,
            "coverage_error": -1.0,
            "label_ranking_average_precision_score": -1.0,
            "label_ranking_loss": -1.0,
            "training_time": 290.0948927040008,
            "test_time": 0.026456752999365563
        },
        {
            "seed": "23",
            "accuracy_score": 0.26859504132231404,
            "average_precision_score": -1.0,
            "balanced_accuracy_score": 0.06769746057118275,
            "cohen_kappa_score": 0.21020024338975551,
            "f1_score_macro": 0.05722588783299241,
            "f1_score_micro": 0.26859504132231404,
            "f1_score_weighted": 0.1898072820625975,
            "matthews_corrcoef": 0.22235804459534772,
            "precision_score": -1.0,
            "recall_score": -1.0,
            "roc_auc_score": -1.0,
            "coverage_error": -1.0,
            "label_ranking_average_precision_score": -1.0,
            "label_ranking_loss": -1.0,
            "training_time": 300.1540326059985,
            "test_time": 0.030516680002619978
        },
        {
            "seed": "29",
            "accuracy_score": 0.32231404958677684,
            "average_precision_score": -1.0,
            "balanced_accuracy_score": 0.059180342806317114,
            "cohen_kappa_score": 0.2646250909074065,
            "f1_score_macro": 0.05381136105978121,
            "f1_score_micro": 0.32231404958677684,
            "f1_score_weighted": 0.24602238900158568,
            "matthews_corrcoef": 0.2804400355211794,
            "precision_score": -1.0,
            "recall_score": -1.0,
            "roc_auc_score": -1.0,
            "coverage_error": -1.0,
            "label_ranking_average_precision_score": -1.0,
            "label_ranking_loss": -1.0,
            "training_time": 296.04498792899903,