{
    "id": 41473,
    "framework": "pycaret",
    "results": [
        {
            "seed": "2",
            "accuracy_score": 0.2727272727272727,
            "average_precision_score": -1.0,
            "balanced_accuracy_score": 0.0477378289240023,
            "cohen_kappa_score": 0.2209504908842318,
            "f1_score_macro": 0.04168190132851299,
            "f1_score_micro": 0.2727272727272727,
            "f1_score_weighted": 0.20577079879790827,
            "matthews_corrcoef": 0.23406226467052846,
            "precision_score": -1.0,
            "recall_score": -1.0,
            "roc_auc_score": -1.0,
            "coverage_error": -1.0,
            "label_ranking_average_precision_score": -1.0,
            "label_ranking_loss": -1.0,
            "training_time": 2075.556605699472,
            "test_time": 0.1405781153589487
        },
        {
            "seed": "3",
            "accuracy_score": 0.30165289256198347,
            "average_precision_score": -1.0,
            "balanced_accuracy_score": 0.04847982464911125,
            "cohen_kappa_score": 0.24279789676368202,
            "f1_score_macro": 0.04018284317107636,
            "f1_score_micro": 0.30165289256198347,
            "f1_score_weighted": 0.2240911174195632,
            "matthews_corrcoef": 0.25468896451342876,
            "precision_score": -1.0,
            "recall_score": -1.0,
            "roc_auc_score": -1.0,
            "coverage_error": -1.0,
            "label_ranking_average_precision_score": -1.0,
            "label_ranking_loss": -1.0,
            "training_time": 2167.416787508875,
            "test_time": 0.14137888327240944
        },
        {
            "seed": "5",
            "accuracy_score": 0.2644628099173554,
            "average_precision_score": -1.0,
            "balanced_accuracy_score": 0.053156481891002014,
            "cohen_kappa_score": 0.2036677573808071,
            "f1_score_macro": 0.04376025656708664,
            "f1_score_micro": 0.2644628099173554,
            "f1_score_weighted": 0.18900865070449013,
            "matthews_corrcoef": 0.21480348474492775,
            "precision_score": -1.0,
            "recall_score": -1.0,
            "roc_auc_score": -1.0,
            "coverage_error": -1.0,
            "label_ranking_average_precision_score": -1.0,
            "label_ranking_loss": -1.0,
            "training_time": 2156.1705603245646,
            "test_time": 0.14577289670705795
        },
        {
            "seed": "7",
            "accuracy_score": 0.25826446280991733,
            "average_precision_score": -1.0,
            "balanced_accuracy_score": 0.07197362807596742,
            "cohen_kappa_score": 0.2050581717198059,
            "f1_score_macro": 0.055081672659063066,
            "f1_score_micro": 0.25826446280991733,
            "f1_score_weighted": 0.1770987853599699,
            "matthews_corrcoef": 0.2140786935131794,
            "precision_score": -1.0,
            "recall_score": -1.0,
            "roc_auc_score": -1.0,
            "coverage_error": -1.0,
            "label_ranking_average_precision_score": -1.0,
            "label_ranking_loss": -1.0,
            "training_time": 2159.514746049419,
            "test_time": 0.1449915748089552
        },
        {
            "seed": "11",
            "accuracy_score": 0.25206611570247933,
            "average_precision_score": -1.0,
            "balanced_accuracy_score": 0.05117818399423068,
            "cohen_kappa_score": 0.19503813286777538,
            "f1_score_macro": 0.04337467770625576,
            "f1_score_micro": 0.25206611570247933,
            "f1_score_weighted": 0.1809910010671098,
            "matthews_corrcoef": 0.2080476314758183,
            "precision_score": -1.0,
            "recall_score": -1.0,
            "roc_auc_score": -1.0,
            "coverage_error": -1.0,
            "label_ranking_average_precision_score": -1.0,
            "label_ranking_loss": -1.0,
            "training_time": 2163.523543674499,
            "test_time": 0.14180584158748388
        },
        {
            "seed": "13",
            "accuracy_score": 0.3037190082644628,
            "average_precision_score": -1.0,
            "balanced_accuracy_score": 0.06921272188517603,
            "cohen_kappa_score": 0.24381661481972572,
            "f1_score_macro": 0.0622411379753435,
            "f1_score_micro": 0.3037190082644628,
            "f1_score_weighted": 0.22294514594659126,
            "matthews_corrcoef": 0.2545210538403454,
            "precision_score": -1.0,
            "recall_score": -1.0,
            "roc_auc_score": -1.0,
            "coverage_error": -1.0,
            "label_ranking_average_precision_score": -1.0,
            "label_ranking_loss": -1.0,
            "training_time": 2104.2415438909084,
            "test_time": 0.14657878689467907
        },
        {
            "seed": "17",
            "accuracy_score": 0.24793388429752067,
            "average_precision_score": -1.0,
            "balanced_accuracy_score": 0.05598578609876727,
            "cohen_kappa_score": 0.18555056792703195,
            "f1_score_macro": 0.047044694679384706,
            "f1_score_micro": 0.24793388429752067,
            "f1_score_weighted": 0.17225452570086539,
            "matthews_corrcoef": 0.1976187314319379,
            "precision_score": -1.0,
            "recall_score": -1.0,
            "roc_auc_score": -1.0,
            "coverage_error": -1.0,
            "label_ranking_average_precision_score": -1.0,
            "label_ranking_loss": -1.0,
            "training_time": 2110.5116189252585,
            "test_time": 0.14307411666959524
        },
        {
            "seed": "19",
            "accuracy_score": 0.24586776859504134,
            "average_precision_score": -1.0,
            "balanced_accuracy_score": 0.05599039530237692,
            "cohen_kappa_score": 0.18505738642654168,
            "f1_score_macro": 0.04721270334165639,
            "f1_score_micro": 0.24586776859504134,
            "f1_score_weighted": 0.16423455844923454,
            "matthews_corrcoef": 0.19541216234877154,
            "precision_score": -1.0,
            "recall_score": -1.0,
            "roc_auc_score": -1.0,
            "coverage_error": -1.0,
            "label_ranking_average_precision_score": -1.0,
            "label_ranking_loss": -1.0,
            "training_time": 2170.4456059634686,
            "test_time": 0.14366840664297342
        },
        {
            "seed": "23",
            "accuracy_score": 0.2665289256198347,
            "average_precision_score": -1.0,
            "balanced_accuracy_score": 0.06584952952813616,
            "cohen_kappa_score": 0.20698949544925882,
            "f1_score_macro": 0.05865667482910335,
            "f1_score_micro": 0.2665289256198347,
            "f1_score_weighted": 0.18573189288048686,
            "matthews_corrcoef": 0.22003268692312844,
            "precision_score": -1.0,
            "recall_score": -1.0,
            "roc_auc_score": -1.0,
            "coverage_error": -1.0,
            "label_ranking_average_precision_score": -1.0,
            "label_ranking_loss": -1.0,
            "training_time": 2197.644584555179,
            "test_time": 0.14176506455987692
        },
        {
            "seed": "29",
            "accuracy_score": 0.2768595041322314,
            "average_precision_score": -1.0,
            "balanced_accuracy_score": 0.045794687371472714,
            "cohen_kappa_score": 0.21489020512963097,
            "f1_score_macro": 0.03893462016996577,
            "f1_score_micro": 0.2768595041322314,
            "f1_score_weighted": 0.19621727915298803,
            "matthews_corrcoef": 0.22473714659278277,
            "precision_score": -1.0,
            "recall_score": -1.0,
            "roc_auc_score": -1.0,
            "coverage_error": -1.0,
            "label_ranking_average_precision_score": -1.0,
            "label_ranking_loss": -1.0,
            "training_time": 2214.4672346636653,