{
    "id": 41473,
    "framework": "mljar",
    "results": [
        {
            "seed": "2",
            "accuracy_score": 0.14049586776859505,
            "average_precision_score": -1.0,
            "balanced_accuracy_score": 0.024720609296020005,
            "cohen_kappa_score": 0.11057316399779127,
            "f1_score_macro": 0.01648743663788394,
            "f1_score_micro": 0.14049586776859505,
            "f1_score_weighted": 0.13266152913664972,
            "matthews_corrcoef": 0.11128458739025474,
            "precision_score": -1.0,
            "recall_score": -1.0,
            "roc_auc_score": -1.0,
            "coverage_error": -1.0,
            "label_ranking_average_precision_score": -1.0,
            "label_ranking_loss": -1.0,
            "training_time": 151.6862416920012,
            "test_time": 0.06346909899730235
        },
        {
            "seed": "3",
            "accuracy_score": 0.14049586776859505,
            "average_precision_score": -1.0,
            "balanced_accuracy_score": 0.03051491854890993,
            "cohen_kappa_score": 0.10737529038321725,
            "f1_score_macro": 0.022901455904694824,
            "f1_score_micro": 0.14049586776859505,
            "f1_score_weighted": 0.15028104133793369,
            "matthews_corrcoef": 0.10773388782980965,
            "precision_score": -1.0,
            "recall_score": -1.0,
            "roc_auc_score": -1.0,
            "coverage_error": -1.0,
            "label_ranking_average_precision_score": -1.0,
            "label_ranking_loss": -1.0,
            "training_time": 184.8313373409983,
            "test_time": 0.06388337400130695
        },
        {
            "seed": "5",
            "accuracy_score": 0.16115702479338842,
            "average_precision_score": -1.0,
            "balanced_accuracy_score": 0.03282035302159141,
            "cohen_kappa_score": 0.12508570868841207,
            "f1_score_macro": 0.023086352938904944,
            "f1_score_micro": 0.16115702479338842,
            "f1_score_weighted": 0.15120916686460809,
            "matthews_corrcoef": 0.12553572563445062,
            "precision_score": -1.0,
            "recall_score": -1.0,
            "roc_auc_score": -1.0,
            "coverage_error": -1.0,
            "label_ranking_average_precision_score": -1.0,
            "label_ranking_loss": -1.0,
            "training_time": 190.4511180189984,
            "test_time": 0.055334524000500096
        },
        {
            "seed": "7",
            "accuracy_score": 0.12190082644628099,
            "average_precision_score": -1.0,
            "balanced_accuracy_score": 0.03950114693134372,
            "cohen_kappa_score": 0.08835469517275618,
            "f1_score_macro": 0.026957483523106448,
            "f1_score_micro": 0.12190082644628099,
            "f1_score_weighted": 0.11126794889846646,
            "matthews_corrcoef": 0.08861771958719981,
            "precision_score": -1.0,
            "recall_score": -1.0,
            "roc_auc_score": -1.0,
            "coverage_error": -1.0,
            "label_ranking_average_precision_score": -1.0,
            "label_ranking_loss": -1.0,
            "training_time": 185.66116533100285,
            "test_time": 0.049826311002107104
        },
        {
            "seed": "11",
            "accuracy_score": 0.14669421487603307,
            "average_precision_score": -1.0,
            "balanced_accuracy_score": 0.02681443988293904,
            "cohen_kappa_score": 0.11478183082312177,
            "f1_score_macro": 0.018267526234951193,
            "f1_score_micro": 0.14669421487603307,
            "f1_score_weighted": 0.1410918841919922,
            "matthews_corrcoef": 0.11516336434988643,
            "precision_score": -1.0,
            "recall_score": -1.0,
            "roc_auc_score": -1.0,
            "coverage_error": -1.0,
            "label_ranking_average_precision_score": -1.0,
            "label_ranking_loss": -1.0,
            "training_time": 190.0196492540017,
            "test_time": 0.05407714700049837
        },
        {
            "seed": "13",
            "accuracy_score": 0.18801652892561985,
            "average_precision_score": -1.0,
            "balanced_accuracy_score": 0.04865622372431128,
            "cohen_kappa_score": 0.15377462996658908,
            "f1_score_macro": 0.03683747568828992,
            "f1_score_micro": 0.18801652892561985,
            "f1_score_weighted": 0.19362965782134858,
            "matthews_corrcoef": 0.15435439449220528,
            "precision_score": -1.0,
            "recall_score": -1.0,
            "roc_auc_score": -1.0,
            "coverage_error": -1.0,
            "label_ranking_average_precision_score": -1.0,
            "label_ranking_loss": -1.0,
            "training_time": 182.195732477001,
            "test_time": 0.08141158500075107
        },
        {
            "seed": "17",
            "accuracy_score": 0.16115702479338842,
            "average_precision_score": -1.0,
            "balanced_accuracy_score": 0.049056982625401216,
            "cohen_kappa_score": 0.1292109438009058,
            "f1_score_macro": 0.03855551635938438,
            "f1_score_micro": 0.16115702479338842,
            "f1_score_weighted": 0.16187618984318186,
            "matthews_corrcoef": 0.1296602862704323,
            "precision_score": -1.0,
            "recall_score": -1.0,
            "roc_auc_score": -1.0,
            "coverage_error": -1.0,
            "label_ranking_average_precision_score": -1.0,
            "label_ranking_loss": -1.0,
            "training_time": 198.41967199899955,
            "test_time": 0.0581286109991197
        },
        {
            "seed": "19",
            "accuracy_score": 0.14049586776859505,
            "average_precision_score": -1.0,
            "balanced_accuracy_score": 0.03740793254836212,
            "cohen_kappa_score": 0.10924711774126483,
            "f1_score_macro": 0.03098840733568341,
            "f1_score_micro": 0.14049586776859505,
            "f1_score_weighted": 0.13899098031928253,
            "matthews_corrcoef": 0.109616205068622,
            "precision_score": -1.0,
            "recall_score": -1.0,
            "roc_auc_score": -1.0,
            "coverage_error": -1.0,
            "label_ranking_average_precision_score": -1.0,
            "label_ranking_loss": -1.0,
            "training_time": 184.95529984699897,
            "test_time": 0.060871429999679094
        },
        {
            "seed": "23",
            "accuracy_score": 0.14669421487603307,
            "average_precision_score": -1.0,
            "balanced_accuracy_score": 0.04884435812660524,
            "cohen_kappa_score": 0.11063454915954052,
            "f1_score_macro": 0.03111122145160925,
            "f1_score_micro": 0.14669421487603307,
            "f1_score_weighted": 0.1377435220090016,
            "matthews_corrcoef": 0.11094290727456617,
            "precision_score": -1.0,
            "recall_score": -1.0,
            "roc_auc_score": -1.0,
            "coverage_error": -1.0,
            "label_ranking_average_precision_score": -1.0,
            "label_ranking_loss": -1.0,
            "training_time": 191.57253788399976,
            "test_time": 0.06847043800007668
        },
        {
            "seed": "29",
            "accuracy_score": 0.13016528925619836,
            "average_precision_score": -1.0,
            "balanced_accuracy_score": 0.02799102858614129,
            "cohen_kappa_score": 0.09719096145325656,
            "f1_score_macro": 0.022548761852645982,
            "f1_score_micro": 0.13016528925619836,
            "f1_score_weighted": 0.13171142813601358,
            "matthews_corrcoef": 0.0976820393005062,
            "precision_score": -1.0,
            "recall_score": -1.0,
            "roc_auc_score": -1.0,
            "coverage_error": -1.0,
            "label_ranking_average_precision_score": -1.0,
            "label_ranking_loss": -1.0,