{
    "id": 41473,
    "framework": "autokeras",
    "results": [
        {
            "seed": "2",
            "accuracy_score": 0.21694214876033058,
            "average_precision_score": -1.0,
            "balanced_accuracy_score": 0.05389615047478222,
            "cohen_kappa_score": 0.18111122023517234,
            "f1_score_macro": 0.044846511013664346,
            "f1_score_micro": 0.21694214876033058,
            "f1_score_weighted": 0.20856578022465927,
            "matthews_corrcoef": 0.18165766167554695,
            "precision_score": -1.0,
            "recall_score": -1.0,
            "roc_auc_score": -1.0,
            "coverage_error": -1.0,
            "label_ranking_average_precision_score": -1.0,
            "label_ranking_loss": -1.0,
            "training_time": 73.7023128879955,
            "test_time": 0.5882983549963683
        },
        {
            "seed": "3",
            "accuracy_score": 0.22933884297520662,
            "average_precision_score": -1.0,
            "balanced_accuracy_score": 0.03937409786947155,
            "cohen_kappa_score": 0.17808493589743601,
            "f1_score_macro": 0.03184967127241619,
            "f1_score_micro": 0.22933884297520662,
            "f1_score_weighted": 0.1902521119215815,
            "matthews_corrcoef": 0.1805808372607168,
            "precision_score": -1.0,
            "recall_score": -1.0,
            "roc_auc_score": -1.0,
            "coverage_error": -1.0,
            "label_ranking_average_precision_score": -1.0,
            "label_ranking_loss": -1.0,
            "training_time": 60.6967239859805,
            "test_time": 0.6123948029999156
        },
        {
            "seed": "5",
            "accuracy_score": 0.16735537190082644,
            "average_precision_score": -1.0,
            "balanced_accuracy_score": 0.04122984476441649,
            "cohen_kappa_score": 0.1322730609248839,
            "f1_score_macro": 0.029583240543287034,
            "f1_score_micro": 0.16735537190082644,
            "f1_score_weighted": 0.16051570570051416,
            "matthews_corrcoef": 0.13264888465009447,
            "precision_score": -1.0,
            "recall_score": -1.0,
            "roc_auc_score": -1.0,
            "coverage_error": -1.0,
            "label_ranking_average_precision_score": -1.0,
            "label_ranking_loss": -1.0,
            "training_time": 70.13102045899723,
            "test_time": 0.645922262017848
        },
        {
            "seed": "7",
            "accuracy_score": 0.15289256198347106,
            "average_precision_score": -1.0,
            "balanced_accuracy_score": 0.05153958980655445,
            "cohen_kappa_score": 0.12338594607966569,
            "f1_score_macro": 0.03536029166417019,
            "f1_score_micro": 0.15289256198347106,
            "f1_score_weighted": 0.14711764286681192,
            "matthews_corrcoef": 0.12368591249987526,
            "precision_score": -1.0,
            "recall_score": -1.0,
            "roc_auc_score": -1.0,
            "coverage_error": -1.0,
            "label_ranking_average_precision_score": -1.0,
            "label_ranking_loss": -1.0,
            "training_time": 62.51657233000151,
            "test_time": 0.5898486819933169
        },
        {
            "seed": "11",
            "accuracy_score": 0.23553719008264462,
            "average_precision_score": -1.0,
            "balanced_accuracy_score": 0.055631269110065065,
            "cohen_kappa_score": 0.18775739763058097,
            "f1_score_macro": 0.051157052266819776,
            "f1_score_micro": 0.23553719008264462,
            "f1_score_weighted": 0.19404561747583057,
            "matthews_corrcoef": 0.19211645524361715,
            "precision_score": -1.0,
            "recall_score": -1.0,
            "roc_auc_score": -1.0,
            "coverage_error": -1.0,
            "label_ranking_average_precision_score": -1.0,
            "label_ranking_loss": -1.0,
            "training_time": 77.38725196500309,
            "test_time": 0.6038526110060047
        },
        {
            "seed": "13",
            "accuracy_score": 0.23140495867768596,
            "average_precision_score": -1.0,
            "balanced_accuracy_score": 0.04383260957871719,
            "cohen_kappa_score": 0.18088886260344206,
            "f1_score_macro": 0.036947124670611384,
            "f1_score_micro": 0.23140495867768596,
            "f1_score_weighted": 0.20157885065359046,
            "matthews_corrcoef": 0.1828879258193916,
            "precision_score": -1.0,
            "recall_score": -1.0,
            "roc_auc_score": -1.0,
            "coverage_error": -1.0,
            "label_ranking_average_precision_score": -1.0,
            "label_ranking_loss": -1.0,
            "training_time": 68.5161801049835,
            "test_time": 0.6143601150251925
        },
        {
            "seed": "17",
            "accuracy_score": 0.16735537190082644,
            "average_precision_score": -1.0,
            "balanced_accuracy_score": 0.05163406034407959,
            "cohen_kappa_score": 0.13317927295351528,
            "f1_score_macro": 0.03664480813605357,
            "f1_score_micro": 0.16735537190082644,
            "f1_score_weighted": 0.16231518638166592,
            "matthews_corrcoef": 0.13341961704309302,
            "precision_score": -1.0,
            "recall_score": -1.0,
            "roc_auc_score": -1.0,
            "coverage_error": -1.0,
            "label_ranking_average_precision_score": -1.0,
            "label_ranking_loss": -1.0,
            "training_time": 62.32335731899366,
            "test_time": 0.5638310310023371
        },
        {
            "seed": "19",
            "accuracy_score": 0.1921487603305785,
            "average_precision_score": -1.0,
            "balanced_accuracy_score": 0.06853002929862563,
            "cohen_kappa_score": 0.15875104464873113,
            "f1_score_macro": 0.053686186018697464,
            "f1_score_micro": 0.1921487603305785,
            "f1_score_weighted": 0.1815386530387945,
            "matthews_corrcoef": 0.15912199747031883,
            "precision_score": -1.0,
            "recall_score": -1.0,
            "roc_auc_score": -1.0,
            "coverage_error": -1.0,
            "label_ranking_average_precision_score": -1.0,
            "label_ranking_loss": -1.0,
            "training_time": 73.23057183000492,
            "test_time": 0.5731778360204771
        },
        {
            "seed": "23",
            "accuracy_score": 0.1797520661157025,
            "average_precision_score": -1.0,
            "balanced_accuracy_score": 0.04146212059779251,
            "cohen_kappa_score": 0.14496764949316054,
            "f1_score_macro": 0.02931884212874954,
            "f1_score_micro": 0.17975206611570252,
            "f1_score_weighted": 0.1692733922237379,
            "matthews_corrcoef": 0.14526765773698797,
            "precision_score": -1.0,
            "recall_score": -1.0,
            "roc_auc_score": -1.0,
            "coverage_error": -1.0,
            "label_ranking_average_precision_score": -1.0,
            "label_ranking_loss": -1.0,
            "training_time": 123.06272461198387,
            "test_time": 0.6873424320074264
        },
        {
            "seed": "29",
            "accuracy_score": 0.18388429752066116,
            "average_precision_score": -1.0,
            "balanced_accuracy_score": 0.05159533506542143,
            "cohen_kappa_score": 0.15060934160894612,
            "f1_score_macro": 0.0395675026594449,
            "f1_score_micro": 0.18388429752066116,
            "f1_score_weighted": 0.18597947168384102,
            "matthews_corrcoef": 0.1509981179657456,
            "precision_score": -1.0,
            "recall_score": -1.0,
            "roc_auc_score": -1.0,
            "coverage_error": -1.0,
            "label_ranking_average_precision_score": -1.0,
            "label_ranking_loss": -1.0,
            "training_time": 101.47800922900205,