{"framework": "h2o", "accuracy_score": 0.6428571428571429, "average_precision_score": 0.6640211640211641, "balanced_accuracy_score": 0.5444444444444444, "cohen_kappa_score": 0.10256410256410264, "f1_score_macro": 0.5238095238095238, "f1_score_micro": 0.6428571428571429, "f1_score_weighted": 0.5918367346938777, "matthews_corrcoef": 0.12171612389003691, "precision_score": 0.6666666666666666, "recall_score": 0.8888888888888888, "roc_auc_score": 0.5444444444444444, "coverage_error": -1.0, "label_ranking_average_precision_score": -1.0, "label_ranking_loss": -1.0, "training_time": "00:09:54", "test_time": "00:00:00"}