{
    "id": 37,
    "framework": "h2o",
    "results": [
        {
            "seed": "2",
            "accuracy_score": 0.7922077922077922,
            "average_precision_score": 0.7970257366703224,
            "balanced_accuracy_score": 0.6901121304791029,
            "cohen_kappa_score": 0.43081543081543083,
            "f1_score_macro": 0.7099811676082862,
            "f1_score_micro": 0.7922077922077922,
            "f1_score_weighted": 0.7741580453444861,
            "matthews_corrcoef": 0.4547530156530778,
            "precision_score": 0.8031496062992126,
            "recall_score": 0.9357798165137615,
            "roc_auc_score": 0.690112130479103,
            "coverage_error": -1.0,
            "label_ranking_average_precision_score": -1.0,
            "label_ranking_loss": -1.0,
            "training_time": 302.2197860860033,
            "test_time": 0.0785659960238263
        },
        {
            "seed": "3",
            "accuracy_score": 0.6883116883116883,
            "average_precision_score": 0.722666349668638,
            "balanced_accuracy_score": 0.697054698457223,
            "cohen_kappa_score": 0.3781965006729475,
            "f1_score_macro": 0.6857142857142857,
            "f1_score_micro": 0.6883116883116883,
            "f1_score_weighted": 0.6912801484230057,
            "matthews_corrcoef": 0.3865916335587165,
            "precision_score": 0.7894736842105263,
            "recall_score": 0.6521739130434783,
            "roc_auc_score": 0.697054698457223,
            "coverage_error": -1.0,
            "label_ranking_average_precision_score": -1.0,
            "label_ranking_loss": -1.0,
            "training_time": 305.37291312401067,
            "test_time": 0.07781537401024252
        },
        {
            "seed": "5",
            "accuracy_score": 0.7402597402597403,
            "average_precision_score": 0.7666119174942704,
            "balanced_accuracy_score": 0.7105555555555556,
            "cohen_kappa_score": 0.42472917444901015,
            "f1_score_macro": 0.7123108537268821,
            "f1_score_micro": 0.7402597402597403,
            "f1_score_weighted": 0.7390952033208712,
            "matthews_corrcoef": 0.42490498154100403,
            "precision_score": 0.7941176470588235,
            "recall_score": 0.81,
            "roc_auc_score": 0.7105555555555556,
            "coverage_error": -1.0,
            "label_ranking_average_precision_score": -1.0,
            "label_ranking_loss": -1.0,
            "training_time": 302.49198669200996,
            "test_time": 0.07588997899438255
        },
        {
            "seed": "7",
            "accuracy_score": 0.7597402597402597,
            "average_precision_score": 0.7336323470344089,
            "balanced_accuracy_score": 0.6899077590884428,
            "cohen_kappa_score": 0.4243281471004243,
            "f1_score_macro": 0.6993932999208652,
            "f1_score_micro": 0.7597402597402597,
            "f1_score_weighted": 0.7343770447437026,
            "matthews_corrcoef": 0.4754794060540156,
            "precision_score": 0.7380952380952381,
            "recall_score": 0.9587628865979382,
            "roc_auc_score": 0.6899077590884428,
            "coverage_error": -1.0,
            "label_ranking_average_precision_score": -1.0,
            "label_ranking_loss": -1.0,
            "training_time": 302.01774881000165,
            "test_time": 0.07559827901422977
        },
        {
            "seed": "11",
            "accuracy_score": 0.7077922077922078,
            "average_precision_score": 0.7204660045836516,
            "balanced_accuracy_score": 0.6387037037037037,
            "cohen_kappa_score": 0.3018335684062059,
            "f1_score_macro": 0.6444512852085578,
            "f1_score_micro": 0.7077922077922078,
            "f1_score_weighted": 0.689277168883141,
            "matthews_corrcoef": 0.3158693091759673,
            "precision_score": 0.7310924369747899,
            "recall_score": 0.87,
            "roc_auc_score": 0.6387037037037038,
            "coverage_error": -1.0,
            "label_ranking_average_precision_score": -1.0,
            "label_ranking_loss": -1.0,
            "training_time": 301.8912728000141,
            "test_time": 0.07154162399820052
        },
        {
            "seed": "13",
            "accuracy_score": 0.6883116883116883,
            "average_precision_score": 0.7095602634190167,
            "balanced_accuracy_score": 0.6476758907578224,
            "cohen_kappa_score": 0.3064364796397073,
            "f1_score_macro": 0.6515837104072397,
            "f1_score_micro": 0.6883116883116883,
            "f1_score_weighted": 0.6809660927307986,
            "matthews_corrcoef": 0.3096863560701709,
            "precision_score": 0.7289719626168224,
            "recall_score": 0.8041237113402062,
            "roc_auc_score": 0.6476758907578224,
            "coverage_error": -1.0,
            "label_ranking_average_precision_score": -1.0,
            "label_ranking_loss": -1.0,
            "training_time": 301.98769101299695,
            "test_time": 0.07237787600024603
        },
        {
            "seed": "17",
            "accuracy_score": 0.7597402597402597,
            "average_precision_score": 0.7522091310751106,
            "balanced_accuracy_score": 0.7152287936335684,
            "cohen_kappa_score": 0.45515394912985274,
            "f1_score_macro": 0.72461456671983,
            "f1_score_micro": 0.7597402597402597,
            "f1_score_weighted": 0.7501605252801427,
            "matthews_corrcoef": 0.4666808772349958,
            "precision_score": 0.7678571428571429,
            "recall_score": 0.8865979381443299,
            "roc_auc_score": 0.7152287936335685,
            "coverage_error": -1.0,
            "label_ranking_average_precision_score": -1.0,
            "label_ranking_loss": -1.0,
            "training_time": 302.77715015399735,
            "test_time": 0.05985115098883398
        },
        {
            "seed": "19",
            "accuracy_score": 0.7337662337662337,
            "average_precision_score": 0.7239222792711164,
            "balanced_accuracy_score": 0.6459259259259259,
            "cohen_kappa_score": 0.3329811958588633,
            "f1_score_macro": 0.6509866784589022,
            "f1_score_micro": 0.7337662337662337,
            "f1_score_weighted": 0.7017581390473989,
            "matthews_corrcoef": 0.37765433459693093,
            "precision_score": 0.7286821705426356,
            "recall_score": 0.94,
            "roc_auc_score": 0.6459259259259259,
            "coverage_error": -1.0,
            "label_ranking_average_precision_score": -1.0,
            "label_ranking_loss": -1.0,
            "training_time": 302.9962997950206,
            "test_time": 0.07857965401490219
        },
        {
            "seed": "23",
            "accuracy_score": 0.7987012987012987,
            "average_precision_score": 0.8005014787193006,
            "balanced_accuracy_score": 0.7568653091724267,
            "cohen_kappa_score": 0.5353319057815845,
            "f1_score_macro": 0.7667464699271999,
            "f1_score_micro": 0.7987012987012987,
            "f1_score_weighted": 0.7936557994211778,
            "matthews_corrcoef": 0.5402706699302198,
            "precision_score": 0.8181818181818182,
            "recall_score": 0.8910891089108911,
            "roc_auc_score": 0.7568653091724267,
            "coverage_error": -1.0,
            "label_ranking_average_precision_score": -1.0,
            "label_ranking_loss": -1.0,
            "training_time": 302.601251265005,
            "test_time": 0.07144265799433924
        },
        {
            "seed": "29",
            "accuracy_score": 0.7727272727272727,
            "average_precision_score": 0.7778794975516287,
            "balanced_accuracy_score": 0.6918367346938775,
            "cohen_kappa_score": 0.4227886056971515,
            "f1_score_macro": 0.7068581062707348,