{"id": 37, "framework": "autogluon", "results": [{"seed": "2", "accuracy_score": 0.7857142857142857, "average_precision_score": 0.8172087850986934, "balanced_accuracy_score": 0.7246687054026504, "cohen_kappa_score": 0.4644889357218125, "f1_score_macro": 0.7318913215510419, "f1_score_micro": 0.7857142857142857, "f1_score_weighted": 0.7818140709198478, "matthews_corrcoef": 0.46602548058651827, "precision_score": 0.8333333333333334, "recall_score": 0.8715596330275229, "roc_auc_score": 0.7246687054026503, "coverage_error": -1.0, "label_ranking_average_precision_score": -1.0, "label_ranking_loss": -1.0, "training_time": 12.381780413008528, "test_time": 0.0077816020057071}, {"seed": "3", "accuracy_score": 0.7402597402597403, "average_precision_score": 0.7292227167546861, "balanced_accuracy_score": 0.7168653576437588, "cohen_kappa_score": 0.44544472452286643, "f1_score_macro": 0.7214686200036173, "f1_score_micro": 0.7402597402597403, "f1_score_weighted": 0.7355619601957096, "matthews_corrcoef": 0.44978832578566225, "precision_score": 0.7549019607843137, "recall_score": 0.8369565217391305, "roc_auc_score": 0.7168653576437587, "coverage_error": -1.0, "label_ranking_average_precision_score": -1.0, "label_ranking_loss": -1.0, "training_time": 32.115634298999794, "test_time": 0.09156357598840259}, {"seed": "5", "accuracy_score": 0.7597402597402597, "average_precision_score": 0.779224561845921, "balanced_accuracy_score": 0.7298148148148148, "cohen_kappa_score": 0.4655786906771713, "f1_score_macro": 0.7326765188834155, "f1_score_micro": 0.7597402597402597, "f1_score_weighted": 0.7580832960143304, "matthews_corrcoef": 0.46601639597086725, "precision_score": 0.8058252427184466, "recall_score": 0.83, "roc_auc_score": 0.7298148148148148, "coverage_error": -1.0, "label_ranking_average_precision_score": -1.0, "label_ranking_loss": -1.0, "training_time": 41.30731788399862, "test_time": 0.005396488006226718}, {"seed": "7", "accuracy_score": 0.7922077922077922, "average_precision_score": 0.7906511964664301, "balanced_accuracy_score": 0.7663230240549828, "cohen_kappa_score": 0.5444629321501202, "f1_score_macro": 0.7718518518518518, "f1_score_micro": 0.7922077922077922, "f1_score_weighted": 0.7895526695526696, "matthews_corrcoef": 0.5464599068453465, "precision_score": 0.8155339805825242, "recall_score": 0.865979381443299, "roc_auc_score": 0.766323024054983, "coverage_error": -1.0, "label_ranking_average_precision_score": -1.0, "label_ranking_loss": -1.0, "training_time": 14.381692977010971, "test_time": 0.010853618994588032}, {"seed": "11", "accuracy_score": 0.7597402597402597, "average_precision_score": 0.7602111801242235, "balanced_accuracy_score": 0.7042592592592593, "cohen_kappa_score": 0.43639960435212666, "f1_score_macro": 0.7150287571892973, "f1_score_micro": 0.7597402597402597, "f1_score_weighted": 0.7487456279654328, "matthews_corrcoef": 0.4482573346795994, "precision_score": 0.7739130434782608, "recall_score": 0.89, "roc_auc_score": 0.7042592592592594, "coverage_error": -1.0, "label_ranking_average_precision_score": -1.0, "label_ranking_loss": -1.0, "training_time": 10.810783066990552, "test_time": 0.01270789501722902}, {"seed": "13", "accuracy_score": 0.7532467532467533, "average_precision_score": 0.7546531895698482, "balanced_accuracy_score": 0.7173087357569181, "cohen_kappa_score": 0.45092887971476825, "f1_score_macro": 0.7241704374057314, "f1_score_micro": 0.7532467532467532, "f1_score_weighted": 0.7474314900785488, "matthews_corrcoef": 0.45571115348231517, "precision_score": 0.7757009345794392, "recall_score": 0.8556701030927835, "roc_auc_score": 0.7173087357569181, "coverage_error": -1.0, "label_ranking_average_precision_score": -1.0, "label_ranking_loss": -1.0, "training_time": 15.80859205199522, "test_time": 0.009273532981751487}, {"seed": "17", "accuracy_score": 0.7727272727272727, "average_precision_score": 0.7616397777480253, "balanced_accuracy_score": 0.7291553626333875, "cohen_kappa_score": 0.4846050870147256, "f1_score_macro": 0.7395002658160553, "f1_score_micro": 0.7727272727272727, "f1_score_weighted": 0.7636653617514862, "matthews_corrcoef": 0.49687787517373083, "precision_score": 0.7767857142857143, "recall_score": 0.8969072164948454, "roc_auc_score": 0.7291553626333875, "coverage_error": -1.0, "label_ranking_average_precision_score": -1.0, "label_ranking_loss": -1.0, "training_time": 11.832675722980639, "test_time": 0.008292807004181668}, {"seed": "19", "accuracy_score": 0.7597402597402597, "average_precision_score": 0.7486252771618626, "balanced_accuracy_score": 0.6872222222222222, "cohen_kappa_score": 0.41510983370971044, "f1_score_macro": 0.6993932999208652, "f1_score_micro": 0.7597402597402597, "f1_score_weighted": 0.7396246064671281, "matthews_corrcoef": 0.44560583461075415, "precision_score": 0.7560975609756098, "recall_score": 0.93, "roc_auc_score": 0.6872222222222222, "coverage_error": -1.0, "label_ranking_average_precision_score": -1.0, "label_ranking_loss": -1.0, "training_time": 36.29087646098924, "test_time": 0.005849832989042625}, {"seed": "23", "accuracy_score": 0.8051948051948052, "average_precision_score": 0.8184876740101195, "balanced_accuracy_score": 0.7797496730805156, "cohen_kappa_score": 0.5645617342130066, "f1_score_macro": 0.7822398190045248, "f1_score_micro": 0.8051948051948051, "f1_score_weighted": 0.804276605747194, "matthews_corrcoef": 0.5647997614731399, "precision_score": 0.8446601941747572, "recall_score": 0.8613861386138614, "roc_auc_score": 0.7797496730805157, "coverage_error": -1.0, "label_ranking_average_precision_score": -1.0, "label_ranking_loss": -1.0, "training_time": 10.194348705001175, "test_time": 0.026095220004208386}, {"seed": "29", "accuracy_score": 0.7402597402597403, "average_precision_score": 0.7851989280560709, "balanced_accuracy_score": 0.7006802721088435, "cohen_kappa_score": 0.4013605442176871, "f1_score_macro": 0.7006802721088435, "f1_score_micro": 0.7402597402597403, "f1_score_weighted": 0.7402597402597403, "matthews_corrcoef": 0.4013605442176871, "precision_score": 0.8095238095238095, "recall_score": 0.8095238095238095, "roc_auc_score": 0.7006802721088435, "coverage_error": -1.0, "label_ranking_average_precision_score": -1.0, "label_ranking_loss": -1.0, "training_time": 17.535144894005498, "test_time": 0.01673511101398617}, {"seed": "31", "accuracy_score": 0.6883116883116883, "average_precision_score": 0.7260232478891371, "balanced_accuracy_score": 0.6632653061224489, "cohen_kappa_score": 0.3265306122448979, "f1_score_macro": 0.6632653061224489, "f1_score_micro": 0.6883116883116883, "f1_score_weighted": 0.6883116883116883, "matthews_corrcoef": 0.32653061224489793, "precision_score": 0.7551020408163265, "recall_score": 0.7551020408163265, "roc_auc_score": 0.6632653061224489, "coverage_error": -1.0, "label_ranking_average_precision_score": -1.0, "label_ranking_loss": -1.0, "training_time": 18.224719104007818, "test_time": 0.011937701987335458}, {"seed": "37", "accuracy_score": 0.7467532467532467, "average_precision_score": 0.7836005571854628, "balanced_accuracy_score": 0.6906446540880503, "cohen_kappa_score": 0.392474205947805, "f1_score_macro": 0.695852534562212, "f1_score_micro": 0.7467532467532466, "f1_score_weighted": 0.7427135076904662, "matthews_corrcoef": 0.39367012799499945, "precision_score": 0.8018018018018018, "recall_score": 0.839622641509434, "roc_auc_score": 0.6906446540880504, "coverage_error": -1.0, "label_ranking_average_precision_score": -1.0, "label_ranking_loss": -1.0, "training_time": 31.412124319002032, "test_time": 0.003416059975279495}, {"seed": "41", "accuracy_score": 0.7532467532467533, "average_precision_score": 0.7378701298701299, "balanced_accuracy_score": 0.6787878787878788, "cohen_kappa_score": 0.399548532731377, "f1_score_macro": 0.6889880952380952, "f1_score_micro": 0.7532467532467532, "f1_score_weighted": 0.7293792517006803, "matthews_corrcoef": 0.43824099809784245, "precision_score": 0.744, "recall_score": 0.9393939393939394,