{"framework": "autokeras", "accuracy_score": 0.6363636363636364, "average_precision_score": 0.6405464542719443, "balanced_accuracy_score": 0.494949494949495, "cohen_kappa_score": -0.012919896640826822, "f1_score_macro": 0.38888888888888884, "f1_score_micro": 0.6363636363636364, "f1_score_weighted": 0.4999999999999999, "matthews_corrcoef": -0.06025846050518227, "precision_score": 0.6405228758169934, "recall_score": 0.98989898989899, "roc_auc_score": 0.494949494949495, "training_time": "00:00:26", "test_time": "00:00:00"}