{"framework": "gama", "accuracy_score": 0.7662337662337663, "average_precision_score": 0.7863046044864227, "balanced_accuracy_score": 0.7454545454545455, "cohen_kappa_score": 0.49090909090909085, "f1_score_macro": 0.7454545454545455, "f1_score_micro": 0.7662337662337663, "f1_score_weighted": 0.7662337662337663, "matthews_corrcoef": 0.4909090909090909, "precision_score": 0.8181818181818182, "recall_score": 0.8181818181818182, "roc_auc_score": 0.7454545454545456, "training_time": "00:08:59", "test_time": "00:00:00"}