{
    "id": 37,
    "framework": "tpot",
    "results": [
        {
            "seed": "2",
            "accuracy_score": 0.7532467532467533,
            "average_precision_score": 0.7902591801674371,
            "balanced_accuracy_score": 0.6756371049949031,
            "cohen_kappa_score": 0.3706173370617336,
            "f1_score_macro": 0.6842218864666524,
            "f1_score_micro": 0.7532467532467532,
            "f1_score_weighted": 0.7455773236045199,
            "matthews_corrcoef": 0.3739142173714644,
            "precision_score": 0.8034188034188035,
            "recall_score": 0.8623853211009175,
            "roc_auc_score": 0.6756371049949033,
            "coverage_error": -1.0,
            "label_ranking_average_precision_score": -1.0,
            "label_ranking_loss": -1.0,
            "training_time": 302.6842297830153,
            "test_time": 0.001194045995362103
        },
        {
            "seed": "3",
            "accuracy_score": 0.7077922077922078,
            "average_precision_score": 0.6915608965703484,
            "balanced_accuracy_score": 0.666023842917251,
            "cohen_kappa_score": 0.35342414629595065,
            "f1_score_macro": 0.6685320705983642,
            "f1_score_micro": 0.7077922077922078,
            "f1_score_weighted": 0.6907547897646907,
            "matthews_corrcoef": 0.37446306918433714,
            "precision_score": 0.7043478260869566,
            "recall_score": 0.8804347826086957,
            "roc_auc_score": 0.6660238429172511,
            "coverage_error": -1.0,
            "label_ranking_average_precision_score": -1.0,
            "label_ranking_loss": -1.0,
            "training_time": 308.4721627769759,
            "test_time": 0.006430816021747887
        },
        {
            "seed": "5",
            "accuracy_score": 0.7792207792207793,
            "average_precision_score": 0.7852489177489177,
            "balanced_accuracy_score": 0.7405555555555556,
            "cohen_kappa_score": 0.4980828220858896,
            "f1_score_macro": 0.7482692307692307,
            "f1_score_micro": 0.7792207792207793,
            "f1_score_weighted": 0.7746353646353646,
            "matthews_corrcoef": 0.5015930071484076,
            "precision_score": 0.8055555555555556,
            "recall_score": 0.87,
            "roc_auc_score": 0.7405555555555556,
            "coverage_error": -1.0,
            "label_ranking_average_precision_score": -1.0,
            "label_ranking_loss": -1.0,
            "training_time": 304.08851985196816,
            "test_time": 0.005212229967582971
        },
        {
            "seed": "7",
            "accuracy_score": 0.7987012987012987,
            "average_precision_score": 0.7810533538626322,
            "balanced_accuracy_score": 0.7570085006330258,
            "cohen_kappa_score": 0.5435073627844712,
            "f1_score_macro": 0.7692716640085061,
            "f1_score_micro": 0.7987012987012987,
            "f1_score_weighted": 0.7906750346941734,
            "matthews_corrcoef": 0.5572718710512009,
            "precision_score": 0.7946428571428571,
            "recall_score": 0.9175257731958762,
            "roc_auc_score": 0.7570085006330258,
            "coverage_error": -1.0,
            "label_ranking_average_precision_score": -1.0,
            "label_ranking_loss": -1.0,
            "training_time": 306.9684416500386,
            "test_time": 0.008359213010407984
        },
        {
            "seed": "11",
            "accuracy_score": 0.7467532467532467,
            "average_precision_score": 0.745607333842628,
            "balanced_accuracy_score": 0.6814814814814815,
            "cohen_kappa_score": 0.3949224259520451,
            "f1_score_macro": 0.6918577805140835,
            "f1_score_micro": 0.7467532467532466,
            "f1_score_weighted": 0.7307068796987222,
            "matthews_corrcoef": 0.4132869465853778,
            "precision_score": 0.7563025210084033,
            "recall_score": 0.9,
            "roc_auc_score": 0.6814814814814815,
            "coverage_error": -1.0,
            "label_ranking_average_precision_score": -1.0,
            "label_ranking_loss": -1.0,
            "training_time": 305.25562979798997,
            "test_time": 0.009091924992389977
        },
        {
            "seed": "13",
            "accuracy_score": 0.7857142857142857,
            "average_precision_score": 0.7774232258768341,
            "balanced_accuracy_score": 0.7503165129318141,
            "cohen_kappa_score": 0.5213787907327181,
            "f1_score_macro": 0.7593180203646697,
            "f1_score_micro": 0.7857142857142857,
            "f1_score_weighted": 0.7800209735800548,
            "matthews_corrcoef": 0.528143570591854,
            "precision_score": 0.7962962962962963,
            "recall_score": 0.8865979381443299,
            "roc_auc_score": 0.7503165129318141,
            "coverage_error": -1.0,
            "label_ranking_average_precision_score": -1.0,
            "label_ranking_loss": -1.0,
            "training_time": 303.2203785360325,
            "test_time": 0.006043549976311624
        },
        {
            "seed": "17",
            "accuracy_score": 0.7922077922077922,
            "average_precision_score": 0.7715863249256346,
            "balanced_accuracy_score": 0.7446192801591608,
            "cohen_kappa_score": 0.5233120526213968,
            "f1_score_macro": 0.7578616352201257,
            "f1_score_micro": 0.7922077922077922,
            "f1_score_weighted": 0.781548640039206,
            "matthews_corrcoef": 0.5432037391859202,
            "precision_score": 0.782608695652174,
            "recall_score": 0.9278350515463918,
            "roc_auc_score": 0.7446192801591607,
            "coverage_error": -1.0,
            "label_ranking_average_precision_score": -1.0,
            "label_ranking_loss": -1.0,
            "training_time": 306.7254547490156,
            "test_time": 0.005663874035235494
        },
        {
            "seed": "19",
            "accuracy_score": 0.7467532467532467,
            "average_precision_score": 0.7542385932651419,
            "balanced_accuracy_score": 0.6942592592592592,
            "cohen_kappa_score": 0.4112919035483238,
            "f1_score_macro": 0.7031875463306152,
            "f1_score_micro": 0.7467532467532466,
            "f1_score_weighted": 0.7371540246262261,
            "matthews_corrcoef": 0.41944734894242286,
            "precision_score": 0.7699115044247787,
            "recall_score": 0.87,
            "roc_auc_score": 0.6942592592592594,
            "coverage_error": -1.0,
            "label_ranking_average_precision_score": -1.0,
            "label_ranking_loss": -1.0,
            "training_time": 305.0520194210112,
            "test_time": 0.001297284965403378
        },
        {
            "seed": "23",
            "accuracy_score": 0.7922077922077922,
            "average_precision_score": 0.8121599995926042,
            "balanced_accuracy_score": 0.7698486829815057,
            "cohen_kappa_score": 0.5396973659630114,
            "f1_score_macro": 0.7698486829815057,
            "f1_score_micro": 0.7922077922077922,
            "f1_score_weighted": 0.7922077922077922,
            "matthews_corrcoef": 0.5396973659630114,
            "precision_score": 0.8415841584158416,
            "recall_score": 0.8415841584158416,
            "roc_auc_score": 0.7698486829815057,
            "coverage_error": -1.0,
            "label_ranking_average_precision_score": -1.0,
            "label_ranking_loss": -1.0,
            "training_time": 309.3756696470082,
            "test_time": 0.005322790006175637
        },
        {
            "seed": "29",
            "accuracy_score": 0.7597402597402597,
            "average_precision_score": 0.786178107606679,
            "balanced_accuracy_score": 0.7040816326530612,
            "cohen_kappa_score": 0.4243281471004243,
            "f1_score_macro": 0.7114498404820986,