{"id": 37, "framework": "autokeras", "results": [{"seed": "2", "accuracy_score": 0.7727272727272727, "average_precision_score": 0.8009448955647059, "balanced_accuracy_score": 0.6959225280326198, "cohen_kappa_score": 0.4162876326619017, "f1_score_macro": 0.7068581062707348, "f1_score_micro": 0.7727272727272727, "f1_score_weighted": 0.7646064165887955, "matthews_corrcoef": 0.4210577093174484, "precision_score": 0.8135593220338984, "recall_score": 0.8807339449541285, "roc_auc_score": 0.6959225280326198, "coverage_error": -1.0, "label_ranking_average_precision_score": -1.0, "label_ranking_loss": -1.0, "training_time": 19.28902529698098, "test_time": 0.2935722880065441}, {"seed": "3", "accuracy_score": 0.7402597402597403, "average_precision_score": 0.7342804710817132, "balanced_accuracy_score": 0.722124824684432, "cohen_kappa_score": 0.4513715710723192, "f1_score_macro": 0.7252453166815342, "f1_score_micro": 0.7402597402597403, "f1_score_weighted": 0.7377573363300393, "matthews_corrcoef": 0.45290780061348224, "precision_score": 0.7653061224489796, "recall_score": 0.8152173913043478, "roc_auc_score": 0.722124824684432, "coverage_error": -1.0, "label_ranking_average_precision_score": -1.0, "label_ranking_loss": -1.0, "training_time": 16.18620940600522, "test_time": 0.2582093689998146}, {"seed": "5", "accuracy_score": 0.7597402597402597, "average_precision_score": 0.7826256911405427, "balanced_accuracy_score": 0.7340740740740741, "cohen_kappa_score": 0.47015064162172204, "f1_score_macro": 0.735063002743293, "f1_score_micro": 0.7597402597402597, "f1_score_weighted": 0.7592152117190476, "matthews_corrcoef": 0.470198855849646, "precision_score": 0.8118811881188119, "recall_score": 0.82, "roc_auc_score": 0.7340740740740741, "coverage_error": -1.0, "label_ranking_average_precision_score": -1.0, "label_ranking_loss": -1.0, "training_time": 18.205545264005195, "test_time": 0.26083227098570205}, {"seed": "7", "accuracy_score": 0.7727272727272727, "average_precision_score": 0.7836486047089877, "balanced_accuracy_score": 0.7544763971785133, "cohen_kappa_score": 0.5108005082592122, "f1_score_macro": 0.7553891536192421, "f1_score_micro": 0.7727272727272727, "f1_score_weighted": 0.7723043917734183, "matthews_corrcoef": 0.5108504105944282, "precision_score": 0.8163265306122449, "recall_score": 0.8247422680412371, "roc_auc_score": 0.7544763971785132, "coverage_error": -1.0, "label_ranking_average_precision_score": -1.0, "label_ranking_loss": -1.0, "training_time": 16.28566479901201, "test_time": 0.2549100550240837}, {"seed": "11", "accuracy_score": 0.7467532467532467, "average_precision_score": 0.7428217237308147, "balanced_accuracy_score": 0.6772222222222222, "cohen_kappa_score": 0.38926174496644295, "f1_score_macro": 0.6876267748478702, "f1_score_micro": 0.7467532467532466, "f1_score_weighted": 0.7282210689918601, "matthews_corrcoef": 0.4121880516208469, "precision_score": 0.7520661157024794, "recall_score": 0.91, "roc_auc_score": 0.6772222222222223, "coverage_error": -1.0, "label_ranking_average_precision_score": -1.0, "label_ranking_loss": -1.0, "training_time": 20.198725258000195, "test_time": 0.2611302360019181}, {"seed": "13", "accuracy_score": 0.7337662337662337, "average_precision_score": 0.7505931182219843, "balanced_accuracy_score": 0.7090793995297522, "cohen_kappa_score": 0.4227463887365148, "f1_score_macro": 0.7112544016097316, "f1_score_micro": 0.7337662337662337, "f1_score_weighted": 0.7321956408250825, "matthews_corrcoef": 0.4231239953597295, "precision_score": 0.78, "recall_score": 0.8041237113402062, "roc_auc_score": 0.7090793995297522, "coverage_error": -1.0, "label_ranking_average_precision_score": -1.0, "label_ranking_loss": -1.0, "training_time": 17.515275529003702, "test_time": 0.261466421012301}, {"seed": "17", "accuracy_score": 0.7402597402597403, "average_precision_score": 0.745249210756485, "balanced_accuracy_score": 0.703382166757099, "cohen_kappa_score": 0.4220303996997561, "f1_score_macro": 0.7096530920060331, "f1_score_micro": 0.7402597402597403, "f1_score_weighted": 0.7341384106089988, "matthews_corrcoef": 0.4265061939998863, "precision_score": 0.7663551401869159, "recall_score": 0.845360824742268, "roc_auc_score": 0.7033821667570989, "coverage_error": -1.0, "label_ranking_average_precision_score": -1.0, "label_ranking_loss": -1.0, "training_time": 17.11513561301399, "test_time": 0.26141845202073455}, {"seed": "19", "accuracy_score": 0.7077922077922078, "average_precision_score": 0.7365541934700813, "balanced_accuracy_score": 0.6642592592592593, "cohen_kappa_score": 0.3386142393586562, "f1_score_macro": 0.6685320705983642, "f1_score_micro": 0.7077922077922078, "f1_score_weighted": 0.7026069066533982, "matthews_corrcoef": 0.3404206665803463, "precision_score": 0.7570093457943925, "recall_score": 0.81, "roc_auc_score": 0.6642592592592593, "coverage_error": -1.0, "label_ranking_average_precision_score": -1.0, "label_ranking_loss": -1.0, "training_time": 17.629209843988065, "test_time": 0.2525909320102073}, {"seed": "23", "accuracy_score": 0.8311688311688312, "average_precision_score": 0.8352192362093351, "balanced_accuracy_score": 0.8040351204931814, "cohen_kappa_score": 0.6191744340878829, "f1_score_macro": 0.8094422234913383, "f1_score_micro": 0.8311688311688312, "f1_score_weighted": 0.8294975536551779, "matthews_corrcoef": 0.6202398724683343, "precision_score": 0.8571428571428571, "recall_score": 0.8910891089108911, "roc_auc_score": 0.8040351204931815, "coverage_error": -1.0, "label_ranking_average_precision_score": -1.0, "label_ranking_loss": -1.0, "training_time": 32.22084015898872, "test_time": 0.2827508950140327}, {"seed": "29", "accuracy_score": 0.7662337662337663, "average_precision_score": 0.8072416256882275, "balanced_accuracy_score": 0.7360544217687075, "cohen_kappa_score": 0.46702557200538364, "f1_score_macro": 0.7334615384615385, "f1_score_micro": 0.7662337662337663, "f1_score_weighted": 0.7674475524475525, "matthews_corrcoef": 0.46723043526792946, "precision_score": 0.8349514563106796, "recall_score": 0.819047619047619, "roc_auc_score": 0.7360544217687075, "coverage_error": -1.0, "label_ranking_average_precision_score": -1.0, "label_ranking_loss": -1.0, "training_time": 38.92991405702196, "test_time": 0.23548084101639688}, {"seed": "31", "accuracy_score": 0.6298701298701299, "average_precision_score": 0.7564672524241257, "balanced_accuracy_score": 0.6862244897959184, "cohen_kappa_score": 0.3177366702937975, "f1_score_macro": 0.6297296157253132, "f1_score_micro": 0.6298701298701299, "f1_score_weighted": 0.6277624176978798, "matthews_corrcoef": 0.37711622550715695, "precision_score": 0.8867924528301887, "recall_score": 0.47959183673469385, "roc_auc_score": 0.6862244897959183, "coverage_error": -1.0, "label_ranking_average_precision_score": -1.0, "label_ranking_loss": -1.0, "training_time": 18.86181712799589, "test_time": 0.2549005300097633}, {"seed": "37", "accuracy_score": 0.7662337662337663, "average_precision_score": 0.7878150639211147, "balanced_accuracy_score": 0.6990959119496856, "cohen_kappa_score": 0.4222592746977908, "f1_score_macro": 0.7096165933375236, "f1_score_micro": 0.7662337662337663, "f1_score_weighted": 0.7579077113960834, "matthews_corrcoef": 0.42780425201778105, "precision_score": 0.8017241379310345, "recall_score": 0.8773584905660378, "roc_auc_score": 0.6990959119496855, "coverage_error": -1.0, "label_ranking_average_precision_score": -1.0, "label_ranking_loss": -1.0, "training_time": 44.22445932999835, "test_time": 0.2655724349897355}, {"seed": "41", "accuracy_score": 0.7597402597402597, "average_precision_score": 0.7796103896103896, "balanced_accuracy_score": 0.7363636363636363, "cohen_kappa_score": 0.4746450304259635, "f1_score_macro": 0.737310405237195, "f1_score_micro": 0.7597402597402597, "f1_score_weighted": 0.7592418185290805, "matthews_corrcoef": 0.47469288317114394, "precision_score": 0.81, "recall_score": 0.8181818181818182, "roc_auc_score": 0.7363636363636363, "coverage_error": -1.0,