{"id": 37, "framework": "flaml", "results": [{"seed": "2", "accuracy_score": 0.7662337662337663, "average_precision_score": 0.794923640849167, "balanced_accuracy_score": 0.6848114169215087, "cohen_kappa_score": 0.3954198473282443, "f1_score_macro": 0.6960526315789473, "f1_score_micro": 0.7662337662337663, "f1_score_weighted": 0.7567498291182502, "matthews_corrcoef": 0.4011167477429753, "precision_score": 0.8067226890756303, "recall_score": 0.8807339449541285, "roc_auc_score": 0.6848114169215087, "coverage_error": -1.0, "label_ranking_average_precision_score": -1.0, "label_ranking_loss": -1.0, "training_time": 299.9596603649843, "test_time": 0.019433828972978517}, {"seed": "3", "accuracy_score": 0.6688311688311688, "average_precision_score": 0.6677181033664296, "balanced_accuracy_score": 0.6281556802244039, "cohen_kappa_score": 0.27129337539432175, "f1_score_macro": 0.6280369405635804, "f1_score_micro": 0.6688311688311688, "f1_score_weighted": 0.6520335454268678, "matthews_corrcoef": 0.28439795164691684, "precision_score": 0.6814159292035398, "recall_score": 0.8369565217391305, "roc_auc_score": 0.6281556802244039, "coverage_error": -1.0, "label_ranking_average_precision_score": -1.0, "label_ranking_loss": -1.0, "training_time": 299.9650403120031, "test_time": 0.005582824989687651}, {"seed": "5", "accuracy_score": 0.7792207792207793, "average_precision_score": 0.7956608097784568, "balanced_accuracy_score": 0.7533333333333333, "cohen_kappa_score": 0.5110197982816587, "f1_score_macro": 0.7554642256678497, "f1_score_micro": 0.7792207792207793, "f1_score_weighted": 0.7782309228227403, "matthews_corrcoef": 0.5112313234371975, "precision_score": 0.8235294117647058, "recall_score": 0.84, "roc_auc_score": 0.7533333333333334, "coverage_error": -1.0, "label_ranking_average_precision_score": -1.0, "label_ranking_loss": -1.0, "training_time": 300.0649391830084, "test_time": 0.005515786004252732}, {"seed": "7", "accuracy_score": 0.7857142857142857, "average_precision_score": 0.7838604694274798, "balanced_accuracy_score": 0.7575510942304214, "cohen_kappa_score": 0.5284839487845612, "f1_score_macro": 0.7637048402845585, "f1_score_micro": 0.7857142857142857, "f1_score_weighted": 0.7824362832034752, "matthews_corrcoef": 0.5311473489489306, "precision_score": 0.8076923076923077, "recall_score": 0.865979381443299, "roc_auc_score": 0.7575510942304214, "coverage_error": -1.0, "label_ranking_average_precision_score": -1.0, "label_ranking_loss": -1.0, "training_time": 300.0072776719753, "test_time": 0.006080379011109471}, {"seed": "11", "accuracy_score": 0.7142857142857143, "average_precision_score": 0.7258562623816861, "balanced_accuracy_score": 0.647962962962963, "cohen_kappa_score": 0.3204973926995588, "f1_score_macro": 0.654638124362895, "f1_score_micro": 0.7142857142857143, "f1_score_weighted": 0.6975098296199214, "matthews_corrcoef": 0.33364732020792237, "precision_score": 0.7372881355932204, "recall_score": 0.87, "roc_auc_score": 0.647962962962963, "coverage_error": -1.0, "label_ranking_average_precision_score": -1.0, "label_ranking_loss": -1.0, "training_time": 300.0342670310056, "test_time": 0.022224093991098925}, {"seed": "13", "accuracy_score": 0.7402597402597403, "average_precision_score": 0.7293243445456908, "balanced_accuracy_score": 0.6816784228612769, "cohen_kappa_score": 0.3947730398899587, "f1_score_macro": 0.6900161030595813, "f1_score_micro": 0.7402597402597403, "f1_score_weighted": 0.7224313528661354, "matthews_corrcoef": 0.41864811385085554, "precision_score": 0.7394957983193278, "recall_score": 0.9072164948453608, "roc_auc_score": 0.6816784228612769, "coverage_error": -1.0, "label_ranking_average_precision_score": -1.0, "label_ranking_loss": -1.0, "training_time": 300.00367300599464, "test_time": 0.02160919300513342}, {"seed": "17", "accuracy_score": 0.7597402597402597, "average_precision_score": 0.7609149263496667, "balanced_accuracy_score": 0.7260806655814794, "cohen_kappa_score": 0.46737707982800525, "f1_score_macro": 0.7326765188834155, "f1_score_micro": 0.7597402597402597, "f1_score_weighted": 0.754769368562472, "matthews_corrcoef": 0.47134962118432305, "precision_score": 0.7830188679245284, "recall_score": 0.8556701030927835, "roc_auc_score": 0.7260806655814795, "coverage_error": -1.0, "label_ranking_average_precision_score": -1.0, "label_ranking_loss": -1.0, "training_time": 300.0925038449932, "test_time": 0.00538234700798057}, {"seed": "19", "accuracy_score": 0.7662337662337663, "average_precision_score": 0.779006370987503, "balanced_accuracy_score": 0.7305555555555556, "cohen_kappa_score": 0.4732041049030786, "f1_score_macro": 0.7361507709880069, "f1_score_micro": 0.7662337662337663, "f1_score_weighted": 0.7627626513977172, "matthews_corrcoef": 0.47503861698921623, "precision_score": 0.8018867924528302, "recall_score": 0.85, "roc_auc_score": 0.7305555555555556, "coverage_error": -1.0, "label_ranking_average_precision_score": -1.0, "label_ranking_loss": -1.0, "training_time": 299.93742930100416, "test_time": 0.004657506011426449}, {"seed": "23", "accuracy_score": 0.7727272727272727, "average_precision_score": 0.7917293102936668, "balanced_accuracy_score": 0.7415467961890528, "cohen_kappa_score": 0.4896799848513539, "f1_score_macro": 0.7447312337201042, "f1_score_micro": 0.7727272727272727, "f1_score_weighted": 0.7710804469033217, "matthews_corrcoef": 0.49014911975253894, "precision_score": 0.8173076923076923, "recall_score": 0.8415841584158416, "roc_auc_score": 0.7415467961890528, "coverage_error": -1.0, "label_ranking_average_precision_score": -1.0, "label_ranking_loss": -1.0, "training_time": 300.2006168840162, "test_time": 0.005373596999561414}, {"seed": "29", "accuracy_score": 0.7792207792207793, "average_precision_score": 0.7872239805012915, "balanced_accuracy_score": 0.7074829931972789, "cohen_kappa_score": 0.44918998527245957, "f1_score_macro": 0.7217261904761905, "f1_score_micro": 0.7792207792207793, "f1_score_weighted": 0.7677218614718615, "matthews_corrcoef": 0.4612089080788965, "precision_score": 0.7983193277310925, "recall_score": 0.9047619047619048, "roc_auc_score": 0.7074829931972788, "coverage_error": -1.0, "label_ranking_average_precision_score": -1.0, "label_ranking_loss": -1.0, "training_time": 299.9758244830009, "test_time": 0.02196497900877148}, {"seed": "31", "accuracy_score": 0.7337662337662337, "average_precision_score": 0.753908043865611, "balanced_accuracy_score": 0.7066326530612245, "cohen_kappa_score": 0.4180645161290323, "f1_score_macro": 0.7089115301277027, "f1_score_micro": 0.7337662337662337, "f1_score_weighted": 0.7321092535236651, "matthews_corrcoef": 0.41844403104218786, "precision_score": 0.7821782178217822, "recall_score": 0.8061224489795918, "roc_auc_score": 0.7066326530612246, "coverage_error": -1.0, "label_ranking_average_precision_score": -1.0, "label_ranking_loss": -1.0, "training_time": 300.74265852800454, "test_time": 0.005229849979514256}, {"seed": "37", "accuracy_score": 0.7272727272727273, "average_precision_score": 0.7865130614853145, "balanced_accuracy_score": 0.6935927672955975, "cohen_kappa_score": 0.37855495772482706, "f1_score_macro": 0.6890384615384615, "f1_score_micro": 0.7272727272727273, "f1_score_weighted": 0.7301048951048951, "matthews_corrcoef": 0.3792197234217904, "precision_score": 0.8137254901960784, "recall_score": 0.7830188679245284, "roc_auc_score": 0.6935927672955975, "coverage_error": -1.0, "label_ranking_average_precision_score": -1.0, "label_ranking_loss": -1.0, "training_time": 300.0753711339785, "test_time": 0.0051159129943698645}, {"seed": "41", "accuracy_score": 0.7857142857142857, "average_precision_score": 0.7761449077238551, "balanced_accuracy_score": 0.7363636363636363, "cohen_kappa_score": 0.5032258064516129, "f1_score_macro": 0.7488510007412899, "f1_score_micro": 0.7857142857142857, "f1_score_weighted": 0.7763422641109817, "matthews_corrcoef": 0.5165676192553671, "precision_score": 0.7894736842105263, "recall_score": 0.9090909090909091,