{"id": 37, "framework": "mljar", "results": [{"seed": "2", "accuracy_score": 0.7857142857142857, "average_precision_score": 0.7911540867389492, "balanced_accuracy_score": 0.6790010193679918, "cohen_kappa_score": 0.40865720269955774, "f1_score_macro": 0.6979853806382599, "f1_score_micro": 0.7857142857142857, "f1_score_weighted": 0.7656317652751955, "matthews_corrcoef": 0.43462364218098454, "precision_score": 0.796875, "recall_score": 0.9357798165137615, "roc_auc_score": 0.679001019367992, "coverage_error": -1.0, "label_ranking_average_precision_score": -1.0, "label_ranking_loss": -1.0, "training_time": 25.175411650998285, "test_time": 0.08661567099989043}, {"seed": "3", "accuracy_score": 0.7077922077922078, "average_precision_score": 0.6820914737436476, "balanced_accuracy_score": 0.652875175315568, "cohen_kappa_score": 0.33480514494144753, "f1_score_macro": 0.6490606168025523, "f1_score_micro": 0.7077922077922078, "f1_score_weighted": 0.6770280410833407, "matthews_corrcoef": 0.3835329816328623, "precision_score": 0.688, "recall_score": 0.9347826086956522, "roc_auc_score": 0.652875175315568, "coverage_error": -1.0, "label_ranking_average_precision_score": -1.0, "label_ranking_loss": -1.0, "training_time": 22.408648278000328, "test_time": 0.016768110002885805}, {"seed": "5", "accuracy_score": 0.7987012987012987, "average_precision_score": 0.7879480519480521, "balanced_accuracy_score": 0.747037037037037, "cohen_kappa_score": 0.5277942631058359, "f1_score_macro": 0.7612403100775194, "f1_score_micro": 0.7987012987012987, "f1_score_weighted": 0.7894895801872546, "matthews_corrcoef": 0.5421353440277294, "precision_score": 0.8, "recall_score": 0.92, "roc_auc_score": 0.747037037037037, "coverage_error": -1.0, "label_ranking_average_precision_score": -1.0, "label_ranking_loss": -1.0, "training_time": 22.922672182998213, "test_time": 0.039628048998565646}, {"seed": "7", "accuracy_score": 0.7857142857142857, "average_precision_score": 0.7596152987905566, "balanced_accuracy_score": 0.728612769035992, "cohen_kappa_score": 0.49871769579798775, "f1_score_macro": 0.7426444523218716, "f1_score_micro": 0.7857142857142857, "f1_score_weighted": 0.7699903782853091, "matthews_corrcoef": 0.5322598326682683, "precision_score": 0.7666666666666667, "recall_score": 0.9484536082474226, "roc_auc_score": 0.728612769035992, "coverage_error": -1.0, "label_ranking_average_precision_score": -1.0, "label_ranking_loss": -1.0, "training_time": 23.001436652000848, "test_time": 0.0440619630026049}, {"seed": "11", "accuracy_score": 0.7662337662337663, "average_precision_score": 0.7632109270040305, "balanced_accuracy_score": 0.7092592592592593, "cohen_kappa_score": 0.4491255961844197, "f1_score_macro": 0.7210144927536233, "f1_score_micro": 0.7662337662337663, "f1_score_weighted": 0.7545642763034068, "matthews_corrcoef": 0.46322369481325704, "precision_score": 0.7758620689655172, "recall_score": 0.9, "roc_auc_score": 0.7092592592592593, "coverage_error": -1.0, "label_ranking_average_precision_score": -1.0, "label_ranking_loss": -1.0, "training_time": 22.35351253099725, "test_time": 0.06576255400068476}, {"seed": "13", "accuracy_score": 0.7532467532467533, "average_precision_score": 0.7381648066911863, "balanced_accuracy_score": 0.695604991861096, "cohen_kappa_score": 0.4250343878954608, "f1_score_macro": 0.7055152979066023, "f1_score_micro": 0.7532467532467532, "f1_score_weighted": 0.7363097852228287, "matthews_corrcoef": 0.45073960689865633, "precision_score": 0.7478991596638656, "recall_score": 0.9175257731958762, "roc_auc_score": 0.695604991861096, "coverage_error": -1.0, "label_ranking_average_precision_score": -1.0, "label_ranking_loss": -1.0, "training_time": 23.905130736999126, "test_time": 0.05348393100211979}, {"seed": "17", "accuracy_score": 0.7857142857142857, "average_precision_score": 0.7624452255764506, "balanced_accuracy_score": 0.7322300596852958, "cohen_kappa_score": 0.5026423957721667, "f1_score_macro": 0.7458364591147788, "f1_score_micro": 0.7857142857142857, "f1_score_weighted": 0.7719858536062587, "matthews_corrcoef": 0.5298823703419195, "precision_score": 0.7711864406779662, "recall_score": 0.9381443298969072, "roc_auc_score": 0.7322300596852958, "coverage_error": -1.0, "label_ranking_average_precision_score": -1.0, "label_ranking_loss": -1.0, "training_time": 23.44347146400105, "test_time": 0.05451591800010647}, {"seed": "19", "accuracy_score": 0.7467532467532467, "average_precision_score": 0.7373745454545454, "balanced_accuracy_score": 0.6687037037037037, "cohen_kappa_score": 0.37761658031088086, "f1_score_macro": 0.6783935742971887, "f1_score_micro": 0.7467532467532466, "f1_score_weighted": 0.7226829395504095, "matthews_corrcoef": 0.4118105678657055, "precision_score": 0.744, "recall_score": 0.93, "roc_auc_score": 0.6687037037037038, "coverage_error": -1.0, "label_ranking_average_precision_score": -1.0, "label_ranking_loss": -1.0, "training_time": 21.94837880400155, "test_time": 0.041523003001202596}, {"seed": "23", "accuracy_score": 0.8116883116883117, "average_precision_score": 0.7962189681437877, "balanced_accuracy_score": 0.7533158976274985, "cohen_kappa_score": 0.548432760364004, "f1_score_macro": 0.7708686060232928, "f1_score_micro": 0.8116883116883117, "f1_score_weighted": 0.8010123886682297, "matthews_corrcoef": 0.5687204036569078, "precision_score": 0.8050847457627118, "recall_score": 0.9405940594059405, "roc_auc_score": 0.7533158976274985, "coverage_error": -1.0, "label_ranking_average_precision_score": -1.0, "label_ranking_loss": -1.0, "training_time": 23.19816881600127, "test_time": 0.012010171001747949}, {"seed": "29", "accuracy_score": 0.7402597402597403, "average_precision_score": 0.7962000962000962, "balanced_accuracy_score": 0.7170068027210884, "cohen_kappa_score": 0.42028985507246375, "f1_score_macro": 0.7096530920060332, "f1_score_micro": 0.7402597402597403, "f1_score_weighted": 0.7439325380501851, "matthews_corrcoef": 0.42188792112291856, "precision_score": 0.8282828282828283, "recall_score": 0.780952380952381, "roc_auc_score": 0.7170068027210885, "coverage_error": -1.0, "label_ranking_average_precision_score": -1.0, "label_ranking_loss": -1.0, "training_time": 23.182014303998585, "test_time": 0.07752330299990717}, {"seed": "31", "accuracy_score": 0.7402597402597403, "average_precision_score": 0.7633561773503463, "balanced_accuracy_score": 0.7193877551020409, "cohen_kappa_score": 0.43877551020408156, "f1_score_macro": 0.7193877551020409, "f1_score_micro": 0.7402597402597403, "f1_score_weighted": 0.7402597402597403, "matthews_corrcoef": 0.4387755102040816, "precision_score": 0.7959183673469388, "recall_score": 0.7959183673469388, "roc_auc_score": 0.7193877551020408, "coverage_error": -1.0, "label_ranking_average_precision_score": -1.0, "label_ranking_loss": -1.0, "training_time": 24.11352470700149, "test_time": 0.031899952999083325}, {"seed": "37", "accuracy_score": 0.7142857142857143, "average_precision_score": 0.8362484022861381, "balanced_accuracy_score": 0.758254716981132, "cohen_kappa_score": 0.43683510638297873, "f1_score_macro": 0.7059027777777778, "f1_score_micro": 0.7142857142857143, "f1_score_weighted": 0.7246031746031747, "matthews_corrcoef": 0.4788405888559898, "precision_score": 0.918918918918919, "recall_score": 0.6415094339622641, "roc_auc_score": 0.758254716981132, "coverage_error": -1.0, "label_ranking_average_precision_score": -1.0, "label_ranking_loss": -1.0, "training_time": 22.225648397998157, "test_time": 0.03382100400267518}, {"seed": "41", "accuracy_score": 0.7792207792207793, "average_precision_score": 0.7699040090344439, "balanced_accuracy_score": 0.7272727272727273, "cohen_kappa_score": 0.48596112311015116, "f1_score_macro": 0.7397096838337642, "f1_score_micro": 0.7792207792207793, "f1_score_weighted": 0.7686844871175752, "matthews_corrcoef": 0.5008354224706334, "precision_score": 0.782608695652174, "recall_score": 0.9090909090909091, "roc_auc_score": 0.7272727272727272, "coverage_error": -1.0,