{"id": 37, "framework": "evalml", "results": [{"seed": "2", "accuracy_score": 0.7532467532467533, "average_precision_score": 0.7505625677595227, "balanced_accuracy_score": 0.5973496432212029, "cohen_kappa_score": 0.2460706003607318, "f1_score_macro": 0.5964137931034483, "f1_score_micro": 0.7532467532467532, "f1_score_weighted": 0.7009690998656517, "matthews_corrcoef": 0.318495010587225, "precision_score": 0.75177304964539, "recall_score": 0.9724770642201835, "roc_auc_score": 0.5973496432212029, "coverage_error": -1.0, "label_ranking_average_precision_score": -1.0, "label_ranking_loss": -1.0, "training_time": 301.3353437700134, "test_time": 0.10191680499701761}, {"seed": "3", "accuracy_score": 0.7077922077922078, "average_precision_score": 0.6955593368636847, "balanced_accuracy_score": 0.6712833099579243, "cohen_kappa_score": 0.36058313341945003, "f1_score_macro": 0.6748768472906405, "f1_score_micro": 0.7077922077922078, "f1_score_weighted": 0.6950291088222124, "matthews_corrcoef": 0.37448901573064264, "precision_score": 0.7117117117117117, "recall_score": 0.8586956521739131, "roc_auc_score": 0.6712833099579243, "coverage_error": -1.0, "label_ranking_average_precision_score": -1.0, "label_ranking_loss": -1.0, "training_time": 306.7469450579956, "test_time": 0.1924555279838387}, {"seed": "5", "accuracy_score": 0.8051948051948052, "average_precision_score": 0.7978165584415584, "balanced_accuracy_score": 0.7605555555555557, "cohen_kappa_score": 0.5491803278688525, "f1_score_macro": 0.772995283018868, "f1_score_micro": 0.8051948051948051, "f1_score_weighted": 0.798532835089439, "matthews_corrcoef": 0.5583333333333333, "precision_score": 0.8125, "recall_score": 0.91, "roc_auc_score": 0.7605555555555557, "coverage_error": -1.0, "label_ranking_average_precision_score": -1.0, "label_ranking_loss": -1.0, "training_time": 306.4549836239894, "test_time": 0.06424723300733604}, {"seed": "7", "accuracy_score": 0.7987012987012987, "average_precision_score": 0.7941195402535609, "balanced_accuracy_score": 0.7714776632302405, "cohen_kappa_score": 0.5570606791612545, "f1_score_macro": 0.7780257590551913, "f1_score_micro": 0.7987012987012987, "f1_score_weighted": 0.7956219630093252, "matthews_corrcoef": 0.5598680974524893, "precision_score": 0.8173076923076923, "recall_score": 0.8762886597938144, "roc_auc_score": 0.7714776632302407, "coverage_error": -1.0, "label_ranking_average_precision_score": -1.0, "label_ranking_loss": -1.0, "training_time": 306.9643954609928, "test_time": 0.14050167199457064}, {"seed": "11", "accuracy_score": 0.7467532467532467, "average_precision_score": 0.7542385932651419, "balanced_accuracy_score": 0.6942592592592592, "cohen_kappa_score": 0.4112919035483238, "f1_score_macro": 0.7031875463306152, "f1_score_micro": 0.7467532467532466, "f1_score_weighted": 0.7371540246262261, "matthews_corrcoef": 0.41944734894242286, "precision_score": 0.7699115044247787, "recall_score": 0.87, "roc_auc_score": 0.6942592592592594, "coverage_error": -1.0, "label_ranking_average_precision_score": -1.0, "label_ranking_loss": -1.0, "training_time": 306.03505746499286, "test_time": 0.20532376898336224}, {"seed": "13", "accuracy_score": 0.7532467532467533, "average_precision_score": 0.7461845243525748, "balanced_accuracy_score": 0.706456863809007, "cohen_kappa_score": 0.43827990017277785, "f1_score_macro": 0.7156462585034014, "f1_score_micro": 0.7532467532467532, "f1_score_weighted": 0.7425037547486527, "matthews_corrcoef": 0.45107781329150226, "precision_score": 0.7610619469026548, "recall_score": 0.8865979381443299, "roc_auc_score": 0.7064568638090071, "coverage_error": -1.0, "label_ranking_average_precision_score": -1.0, "label_ranking_loss": -1.0, "training_time": 309.1346357539878, "test_time": 0.2320157089852728}, {"seed": "17", "accuracy_score": 0.7402597402597403, "average_precision_score": 0.7171751767771907, "balanced_accuracy_score": 0.6635919696147585, "cohen_kappa_score": 0.37001431785641226, "f1_score_macro": 0.6676019857543708, "f1_score_micro": 0.7402597402597403, "f1_score_weighted": 0.7079674049240204, "matthews_corrcoef": 0.4284009373487659, "precision_score": 0.7209302325581395, "recall_score": 0.9587628865979382, "roc_auc_score": 0.6635919696147585, "coverage_error": -1.0, "label_ranking_average_precision_score": -1.0, "label_ranking_loss": -1.0, "training_time": 303.69133787899045, "test_time": 0.21349151100730523}, {"seed": "19", "accuracy_score": 0.7402597402597403, "average_precision_score": 0.729273538961039, "balanced_accuracy_score": 0.6551851851851851, "cohen_kappa_score": 0.3523969722455845, "f1_score_macro": 0.6622807017543859, "f1_score_micro": 0.7402597402597403, "f1_score_weighted": 0.7107541581225791, "matthews_corrcoef": 0.39535339775548806, "precision_score": 0.734375, "recall_score": 0.94, "roc_auc_score": 0.6551851851851851, "coverage_error": -1.0, "label_ranking_average_precision_score": -1.0, "label_ranking_loss": -1.0, "training_time": 306.2970429560228, "test_time": 0.08478059302433394}, {"seed": "23", "accuracy_score": 0.8181818181818182, "average_precision_score": 0.8209427751853957, "balanced_accuracy_score": 0.7851671959648795, "cohen_kappa_score": 0.5861009790746785, "f1_score_macro": 0.7926923076923077, "f1_score_micro": 0.8181818181818182, "f1_score_weighted": 0.8153496503496503, "matthews_corrcoef": 0.5884199175047328, "precision_score": 0.8411214953271028, "recall_score": 0.8910891089108911, "roc_auc_score": 0.7851671959648795, "coverage_error": -1.0, "label_ranking_average_precision_score": -1.0, "label_ranking_loss": -1.0, "training_time": 303.14173670997843, "test_time": 0.15131677698809654}, {"seed": "29", "accuracy_score": 0.7597402597402597, "average_precision_score": 0.8006660006660006, "balanced_accuracy_score": 0.7258503401360544, "cohen_kappa_score": 0.449255751014885, "f1_score_macro": 0.7246145667198298, "f1_score_micro": 0.7597402597402597, "f1_score_weighted": 0.7603789087042676, "matthews_corrcoef": 0.44930552842743643, "precision_score": 0.8269230769230769, "recall_score": 0.819047619047619, "roc_auc_score": 0.7258503401360545, "coverage_error": -1.0, "label_ranking_average_precision_score": -1.0, "label_ranking_loss": -1.0, "training_time": 304.42369360799785, "test_time": 0.14649173500947654}, {"seed": "31", "accuracy_score": 0.7402597402597403, "average_precision_score": 0.8040108387852748, "balanced_accuracy_score": 0.7614795918367347, "cohen_kappa_score": 0.48235294117647054, "f1_score_macro": 0.7358037399210842, "f1_score_micro": 0.7402597402597403, "f1_score_weighted": 0.7451613406322619, "matthews_corrcoef": 0.5031769610921154, "precision_score": 0.881578947368421, "recall_score": 0.6836734693877551, "roc_auc_score": 0.7614795918367347, "coverage_error": -1.0, "label_ranking_average_precision_score": -1.0, "label_ranking_loss": -1.0, "training_time": 302.2268147339928, "test_time": 0.17853255599038675}, {"seed": "37", "accuracy_score": 0.6948051948051948, "average_precision_score": 0.7807252597270857, "balanced_accuracy_score": 0.6814072327044025, "cohen_kappa_score": 0.3377859103385179, "f1_score_macro": 0.6663132174634641, "f1_score_micro": 0.6948051948051948, "f1_score_weighted": 0.7030362104816947, "matthews_corrcoef": 0.34359889112266534, "precision_score": 0.8172043010752689, "recall_score": 0.7169811320754716, "roc_auc_score": 0.6814072327044023, "coverage_error": -1.0, "label_ranking_average_precision_score": -1.0, "label_ranking_loss": -1.0, "training_time": 301.15334746500594, "test_time": 0.07323518799967133}, {"seed": "41", "accuracy_score": 0.7662337662337663, "average_precision_score": 0.7492345053320664, "balanced_accuracy_score": 0.696969696969697, "cohen_kappa_score": 0.43624161073825507, "f1_score_macro": 0.7096165933375236, "f1_score_micro": 0.7662337662337663, "f1_score_weighted": 0.7462512346233277, "matthews_corrcoef": 0.4707550112520686, "precision_score": 0.7560975609756098, "recall_score": 0.9393939393939394, "roc_auc_score": 0.696969696969697, "coverage_error": -1.0,