{
    "id": 37,
    "framework": "lightwood",
    "results": [
        {
            "seed": "2",
            "accuracy_score": 0.7402597402597403,
            "average_precision_score": 0.8121253802968762,
            "balanced_accuracy_score": 0.7121304791029561,
            "cohen_kappa_score": 0.4032164309242394,
            "f1_score_macro": 0.7006802721088435,
            "f1_score_micro": 0.7402597402597403,
            "f1_score_weighted": 0.7459139499955827,
            "matthews_corrcoef": 0.40611960271181274,
            "precision_score": 0.8415841584158416,
            "recall_score": 0.7798165137614679,
            "roc_auc_score": 0.7121304791029561,
            "coverage_error": -1.0,
            "label_ranking_average_precision_score": -1.0,
            "label_ranking_loss": -1.0,
            "training_time": 2.1322776559995873,
            "test_time": 0.03371097999979611
        },
        {
            "seed": "3",
            "accuracy_score": 0.6623376623376623,
            "average_precision_score": 0.6877470355731226,
            "balanced_accuracy_score": 0.6542776998597475,
            "cohen_kappa_score": 0.30534351145038174,
            "f1_score_macro": 0.6524305555555555,
            "f1_score_micro": 0.6623376623376623,
            "f1_score_weighted": 0.6638618326118326,
            "matthews_corrcoef": 0.30578037261837926,
            "precision_score": 0.7272727272727273,
            "recall_score": 0.6956521739130435,
            "roc_auc_score": 0.6542776998597476,
            "coverage_error": -1.0,
            "label_ranking_average_precision_score": -1.0,
            "label_ranking_loss": -1.0,
            "training_time": 1.7692040020001514,
            "test_time": 0.03788622599995506
        },
        {
            "seed": "5",
            "accuracy_score": 0.7857142857142857,
            "average_precision_score": 0.8180421728808825,
            "balanced_accuracy_score": 0.7796296296296297,
            "cohen_kappa_score": 0.5430677935623089,
            "f1_score_macro": 0.7710295111511603,
            "f1_score_micro": 0.7857142857142857,
            "f1_score_weighted": 0.7883500144820262,
            "matthews_corrcoef": 0.5456368226311279,
            "precision_score": 0.8602150537634409,
            "recall_score": 0.8,
            "roc_auc_score": 0.7796296296296297,
            "coverage_error": -1.0,
            "label_ranking_average_precision_score": -1.0,
            "label_ranking_loss": -1.0,
            "training_time": 1.1883946560001277,
            "test_time": 0.038655824000215944
        },
        {
            "seed": "7",
            "accuracy_score": 0.6948051948051948,
            "average_precision_score": 0.7704511982862499,
            "balanced_accuracy_score": 0.7215590522698498,
            "cohen_kappa_score": 0.4036908881199538,
            "f1_score_macro": 0.6926147704590818,
            "f1_score_micro": 0.6948051948051948,
            "f1_score_weighted": 0.6993545376778909,
            "matthews_corrcoef": 0.42968889159275253,
            "precision_score": 0.8571428571428571,
            "recall_score": 0.6185567010309279,
            "roc_auc_score": 0.72155905226985,
            "coverage_error": -1.0,
            "label_ranking_average_precision_score": -1.0,
            "label_ranking_loss": -1.0,
            "training_time": 2.9022487990000627,
            "test_time": 0.07855344699964917
        },
        {
            "seed": "11",
            "accuracy_score": 0.7532467532467533,
            "average_precision_score": 0.7602191558441558,
            "balanced_accuracy_score": 0.7035185185185185,
            "cohen_kappa_score": 0.4289617486338798,
            "f1_score_macro": 0.7124606918238994,
            "f1_score_micro": 0.7532467532467532,
            "f1_score_weighted": 0.7448082577799559,
            "matthews_corrcoef": 0.4361111111111111,
            "precision_score": 0.7767857142857143,
            "recall_score": 0.87,
            "roc_auc_score": 0.7035185185185184,
            "coverage_error": -1.0,
            "label_ranking_average_precision_score": -1.0,
            "label_ranking_loss": -1.0,
            "training_time": 1.2730653409998922,
            "test_time": 0.05494125899986102
        },
        {
            "seed": "13",
            "accuracy_score": 0.7272727272727273,
            "average_precision_score": 0.756378695021861,
            "balanced_accuracy_score": 0.7147766323024054,
            "cohen_kappa_score": 0.4234266357639508,
            "f1_score_macro": 0.711507582515611,
            "f1_score_micro": 0.7272727272727273,
            "f1_score_weighted": 0.729024410023518,
            "matthews_corrcoef": 0.424066462284408,
            "precision_score": 0.7956989247311828,
            "recall_score": 0.7628865979381443,
            "roc_auc_score": 0.7147766323024055,
            "coverage_error": -1.0,
            "label_ranking_average_precision_score": -1.0,
            "label_ranking_loss": -1.0,
            "training_time": 1.1066860549999546,
            "test_time": 0.04296113400005197
        },
        {
            "seed": "17",
            "accuracy_score": 0.7922077922077922,
            "average_precision_score": 0.7746010945536537,
            "balanced_accuracy_score": 0.7482365708084644,
            "cohen_kappa_score": 0.5269725475139182,
            "f1_score_macro": 0.7605442176870749,
            "f1_score_micro": 0.7922077922077922,
            "f1_score_weighted": 0.7831610566304446,
            "matthews_corrcoef": 0.5423603142729626,
            "precision_score": 0.7876106194690266,
            "recall_score": 0.9175257731958762,
            "roc_auc_score": 0.7482365708084644,
            "coverage_error": -1.0,
            "label_ranking_average_precision_score": -1.0,
            "label_ranking_loss": -1.0,
            "training_time": 3.0005068119999123,
            "test_time": 0.05136690600011207
        },
        {
            "seed": "19",
            "accuracy_score": 0.7792207792207793,
            "average_precision_score": 0.8030055658627088,
            "balanced_accuracy_score": 0.7618518518518518,
            "cohen_kappa_score": 0.519280205655527,
            "f1_score_macro": 0.7595959595959596,
            "f1_score_micro": 0.7792207792207793,
            "f1_score_weighted": 0.7801128164764528,
            "matthews_corrcoef": 0.519487944872376,
            "precision_score": 0.8367346938775511,
            "recall_score": 0.82,
            "roc_auc_score": 0.7618518518518518,
            "coverage_error": -1.0,
            "label_ranking_average_precision_score": -1.0,
            "label_ranking_loss": -1.0,
            "training_time": 1.133012018000045,
            "test_time": 0.041138514000067516
        },
        {
            "seed": "23",
            "accuracy_score": 0.8116883116883117,
            "average_precision_score": 0.814002828854314,
            "balanced_accuracy_score": 0.7757332337007286,
            "cohen_kappa_score": 0.5693346190935391,
            "f1_score_macro": 0.7841573631047315,
            "f1_score_micro": 0.8116883116883117,
            "f1_score_weighted": 0.8081843727776742,
            "matthews_corrcoef": 0.5724359993776373,
            "precision_score": 0.8333333333333334,
            "recall_score": 0.8910891089108911,
            "roc_auc_score": 0.7757332337007286,
            "coverage_error": -1.0,
            "label_ranking_average_precision_score": -1.0,
            "label_ranking_loss": -1.0,
            "training_time": 1.3347899710001911,
            "test_time": 0.048564420999809954
        },
        {
            "seed": "29",
            "accuracy_score": 0.7467532467532467,
            "average_precision_score": 0.8028006007597844,
            "balanced_accuracy_score": 0.7272108843537415,
            "cohen_kappa_score": 0.43774574049803405,
            "f1_score_macro": 0.7182266009852216,