{"id": 37, "framework": "pycaret", "results": [{"seed": "2", "accuracy_score": 0.7662337662337663, "average_precision_score": 0.794923640849167, "balanced_accuracy_score": 0.6848114169215087, "cohen_kappa_score": 0.3954198473282443, "f1_score_macro": 0.6960526315789473, "f1_score_micro": 0.7662337662337663, "f1_score_weighted": 0.7567498291182502, "matthews_corrcoef": 0.4011167477429753, "precision_score": 0.8067226890756303, "recall_score": 0.8807339449541285, "roc_auc_score": 0.6848114169215087, "coverage_error": -1.0, "label_ranking_average_precision_score": -1.0, "label_ranking_loss": -1.0, "training_time": 739.316931059002, "test_time": 0.0007042340002954006}, {"seed": "3", "accuracy_score": 0.7467532467532467, "average_precision_score": 0.7280642965323989, "balanced_accuracy_score": 0.7170406732117812, "cohen_kappa_score": 0.4519072823507939, "f1_score_macro": 0.723110967682449, "f1_score_micro": 0.7467532467532466, "f1_score_weighted": 0.7388724870629808, "matthews_corrcoef": 0.46229592376140943, "precision_score": 0.7476635514018691, "recall_score": 0.8695652173913043, "roc_auc_score": 0.7170406732117811, "coverage_error": -1.0, "label_ranking_average_precision_score": -1.0, "label_ranking_loss": -1.0, "training_time": 701.936033881997, "test_time": 0.0006752949848305434}, {"seed": "5", "accuracy_score": 0.7792207792207793, "average_precision_score": 0.7921141358641358, "balanced_accuracy_score": 0.749074074074074, "cohen_kappa_score": 0.5067822155237377, "f1_score_macro": 0.7532051282051282, "f1_score_micro": 0.7792207792207793, "f1_score_weighted": 0.7771395271395272, "matthews_corrcoef": 0.507637536974827, "precision_score": 0.8173076923076923, "recall_score": 0.85, "roc_auc_score": 0.7490740740740741, "coverage_error": -1.0, "label_ranking_average_precision_score": -1.0, "label_ranking_loss": -1.0, "training_time": 692.5457258370006, "test_time": 0.027481341996463016}, {"seed": "7", "accuracy_score": 0.7922077922077922, "average_precision_score": 0.7746010945536537, "balanced_accuracy_score": 0.7482365708084644, "cohen_kappa_score": 0.5269725475139182, "f1_score_macro": 0.7605442176870749, "f1_score_micro": 0.7922077922077922, "f1_score_weighted": 0.7831610566304446, "matthews_corrcoef": 0.5423603142729626, "precision_score": 0.7876106194690266, "recall_score": 0.9175257731958762, "roc_auc_score": 0.7482365708084644, "coverage_error": -1.0, "label_ranking_average_precision_score": -1.0, "label_ranking_loss": -1.0, "training_time": 695.2792793060071, "test_time": 0.0007538439822383225}, {"seed": "11", "accuracy_score": 0.7402597402597403, "average_precision_score": 0.7426997578692494, "balanced_accuracy_score": 0.6764814814814815, "cohen_kappa_score": 0.3822703569995989, "f1_score_macro": 0.6860346585117227, "f1_score_micro": 0.7402597402597403, "f1_score_weighted": 0.7250089360181103, "matthews_corrcoef": 0.3979548137148311, "precision_score": 0.7542372881355932, "recall_score": 0.89, "roc_auc_score": 0.6764814814814815, "coverage_error": -1.0, "label_ranking_average_precision_score": -1.0, "label_ranking_loss": -1.0, "training_time": 695.7360778680013, "test_time": 0.0007995929918251932}, {"seed": "13", "accuracy_score": 0.7792207792207793, "average_precision_score": 0.7649464393830784, "balanced_accuracy_score": 0.7343100018086453, "cohen_kappa_score": 0.49740833173353816, "f1_score_macro": 0.745578231292517, "f1_score_micro": 0.7792207792207793, "f1_score_weighted": 0.7696086226698472, "matthews_corrcoef": 0.5119328139458091, "precision_score": 0.7787610619469026, "recall_score": 0.9072164948453608, "roc_auc_score": 0.7343100018086453, "coverage_error": -1.0, "label_ranking_average_precision_score": -1.0, "label_ranking_loss": -1.0, "training_time": 702.1558811830182, "test_time": 0.000697534007485956}, {"seed": "17", "accuracy_score": 0.7792207792207793, "average_precision_score": 0.762033215551817, "balanced_accuracy_score": 0.7306927111593416, "cohen_kappa_score": 0.49351905591023404, "f1_score_macro": 0.7427279874213837, "f1_score_micro": 0.7792207792207793, "f1_score_weighted": 0.7678954300416565, "matthews_corrcoef": 0.5122782767701599, "precision_score": 0.7739130434782608, "recall_score": 0.9175257731958762, "roc_auc_score": 0.7306927111593415, "coverage_error": -1.0, "label_ranking_average_precision_score": -1.0, "label_ranking_loss": -1.0, "training_time": 678.0360543069837, "test_time": 0.0006426349864341319}, {"seed": "19", "accuracy_score": 0.7662337662337663, "average_precision_score": 0.7632109270040305, "balanced_accuracy_score": 0.7092592592592593, "cohen_kappa_score": 0.4491255961844197, "f1_score_macro": 0.7210144927536233, "f1_score_micro": 0.7662337662337663, "f1_score_weighted": 0.7545642763034068, "matthews_corrcoef": 0.46322369481325704, "precision_score": 0.7758620689655172, "recall_score": 0.9, "roc_auc_score": 0.7092592592592593, "coverage_error": -1.0, "label_ranking_average_precision_score": -1.0, "label_ranking_loss": -1.0, "training_time": 676.6877638339938, "test_time": 0.0006709250155836344}, {"seed": "23", "accuracy_score": 0.8051948051948052, "average_precision_score": 0.8071902209880228, "balanced_accuracy_score": 0.7662992714365776, "cohen_kappa_score": 0.5524123231931797, "f1_score_macro": 0.7755102040816326, "f1_score_micro": 0.8051948051948051, "f1_score_weighted": 0.8009541478929234, "matthews_corrcoef": 0.5563897103947035, "precision_score": 0.8256880733944955, "recall_score": 0.8910891089108911, "roc_auc_score": 0.7662992714365777, "coverage_error": -1.0, "label_ranking_average_precision_score": -1.0, "label_ranking_loss": -1.0, "training_time": 707.9608688379813, "test_time": 0.0007032839930616319}, {"seed": "29", "accuracy_score": 0.7727272727272727, "average_precision_score": 0.7950757575757577, "balanced_accuracy_score": 0.719047619047619, "cohen_kappa_score": 0.4554455445544554, "f1_score_macro": 0.7270471464019851, "f1_score_micro": 0.7727272727272727, "f1_score_weighted": 0.7676517031355741, "matthews_corrcoef": 0.4581709669115176, "precision_score": 0.8125, "recall_score": 0.8666666666666667, "roc_auc_score": 0.719047619047619, "coverage_error": -1.0, "label_ranking_average_precision_score": -1.0, "label_ranking_loss": -1.0, "training_time": 722.3408947360003, "test_time": 0.0007266140019055456}, {"seed": "31", "accuracy_score": 0.7142857142857143, "average_precision_score": 0.7442732194918784, "balanced_accuracy_score": 0.6913265306122449, "cohen_kappa_score": 0.3826530612244897, "f1_score_macro": 0.6913265306122449, "f1_score_micro": 0.7142857142857143, "f1_score_weighted": 0.7142857142857143, "matthews_corrcoef": 0.3826530612244898, "precision_score": 0.7755102040816326, "recall_score": 0.7755102040816326, "roc_auc_score": 0.6913265306122449, "coverage_error": -1.0, "label_ranking_average_precision_score": -1.0, "label_ranking_loss": -1.0, "training_time": 730.6138416489994, "test_time": 0.03963368499535136}, {"seed": "37", "accuracy_score": 0.7727272727272727, "average_precision_score": 0.7939315811342063, "balanced_accuracy_score": 0.7095125786163522, "cohen_kappa_score": 0.441682204267661, "f1_score_macro": 0.7196650543506526, "f1_score_micro": 0.7727272727272727, "f1_score_weighted": 0.7655995120498162, "matthews_corrcoef": 0.44630569164494965, "precision_score": 0.808695652173913, "recall_score": 0.8773584905660378, "roc_auc_score": 0.7095125786163522, "coverage_error": -1.0, "label_ranking_average_precision_score": -1.0, "label_ranking_loss": -1.0, "training_time": 696.9270357440109, "test_time": 0.0006936239951755852}, {"seed": "41", "accuracy_score": 0.7792207792207793, "average_precision_score": 0.7699040090344439, "balanced_accuracy_score": 0.7272727272727273, "cohen_kappa_score": 0.48596112311015116, "f1_score_macro": 0.7397096838337642, "f1_score_micro": 0.7792207792207793, "f1_score_weighted": 0.7686844871175752, "matthews_corrcoef": 0.5008354224706334, "precision_score": 0.782608695652174, "recall_score": 0.9090909090909091, "roc_auc_score": 0.7272727272727272,