{
    "id": 37,
    "framework": "pycaret",
    "results": [
        {
            "seed": "2",
            "accuracy_score": 0.7662337662337663,
            "average_precision_score": 0.794923640849167,
            "balanced_accuracy_score": 0.6848114169215087,
            "cohen_kappa_score": 0.3954198473282443,
            "f1_score_macro": 0.6960526315789473,
            "f1_score_micro": 0.7662337662337663,
            "f1_score_weighted": 0.7567498291182502,
            "matthews_corrcoef": 0.4011167477429753,
            "precision_score": 0.8067226890756303,
            "recall_score": 0.8807339449541285,
            "roc_auc_score": 0.6848114169215087,
            "coverage_error": -1.0,
            "label_ranking_average_precision_score": -1.0,
            "label_ranking_loss": -1.0,
            "training_time": 7.942400887608528,
            "test_time": 0.09493442717939615
        },
        {
            "seed": "3",
            "accuracy_score": 0.7467532467532467,
            "average_precision_score": 0.7280642965323989,
            "balanced_accuracy_score": 0.7170406732117812,
            "cohen_kappa_score": 0.4519072823507939,
            "f1_score_macro": 0.723110967682449,
            "f1_score_micro": 0.7467532467532466,
            "f1_score_weighted": 0.7388724870629808,
            "matthews_corrcoef": 0.46229592376140943,
            "precision_score": 0.7476635514018691,
            "recall_score": 0.8695652173913043,
            "roc_auc_score": 0.7170406732117811,
            "coverage_error": -1.0,
            "label_ranking_average_precision_score": -1.0,
            "label_ranking_loss": -1.0,
            "training_time": 7.81378245446831,
            "test_time": 0.09248647652566433
        },
        {
            "seed": "5",
            "accuracy_score": 0.7792207792207793,
            "average_precision_score": 0.7921141358641358,
            "balanced_accuracy_score": 0.749074074074074,
            "cohen_kappa_score": 0.5067822155237377,
            "f1_score_macro": 0.7532051282051282,
            "f1_score_micro": 0.7792207792207793,
            "f1_score_weighted": 0.7771395271395272,
            "matthews_corrcoef": 0.507637536974827,
            "precision_score": 0.8173076923076923,
            "recall_score": 0.85,
            "roc_auc_score": 0.7490740740740741,
            "coverage_error": -1.0,
            "label_ranking_average_precision_score": -1.0,
            "label_ranking_loss": -1.0,
            "training_time": 7.7335629761219025,
            "test_time": 0.10099941305816174
        },
        {
            "seed": "7",
            "accuracy_score": 0.7922077922077922,
            "average_precision_score": 0.7746010945536537,
            "balanced_accuracy_score": 0.7482365708084644,
            "cohen_kappa_score": 0.5269725475139182,
            "f1_score_macro": 0.7605442176870749,
            "f1_score_micro": 0.7922077922077922,
            "f1_score_weighted": 0.7831610566304446,
            "matthews_corrcoef": 0.5423603142729626,
            "precision_score": 0.7876106194690266,
            "recall_score": 0.9175257731958762,
            "roc_auc_score": 0.7482365708084644,
            "coverage_error": -1.0,
            "label_ranking_average_precision_score": -1.0,
            "label_ranking_loss": -1.0,
            "training_time": 7.801716206595302,
            "test_time": 0.10046419221907854
        },
        {
            "seed": "11",
            "accuracy_score": 0.7467532467532467,
            "average_precision_score": 0.7513133822699041,
            "balanced_accuracy_score": 0.69,
            "cohen_kappa_score": 0.4059347181008902,
            "f1_score_macro": 0.6996249062265567,
            "f1_score_micro": 0.7467532467532466,
            "f1_score_weighted": 0.7351643105581591,
            "matthews_corrcoef": 0.4169646648968894,
            "precision_score": 0.7652173913043478,
            "recall_score": 0.88,
            "roc_auc_score": 0.69,
            "coverage_error": -1.0,
            "label_ranking_average_precision_score": -1.0,
            "label_ranking_loss": -1.0,
            "training_time": 8.607295637950301,
            "test_time": 0.09744203835725784
        },
        {
            "seed": "13",
            "accuracy_score": 0.7792207792207793,
            "average_precision_score": 0.7649464393830784,
            "balanced_accuracy_score": 0.7343100018086453,
            "cohen_kappa_score": 0.49740833173353816,
            "f1_score_macro": 0.745578231292517,
            "f1_score_micro": 0.7792207792207793,
            "f1_score_weighted": 0.7696086226698472,
            "matthews_corrcoef": 0.5119328139458091,
            "precision_score": 0.7787610619469026,
            "recall_score": 0.9072164948453608,
            "roc_auc_score": 0.7343100018086453,
            "coverage_error": -1.0,
            "label_ranking_average_precision_score": -1.0,
            "label_ranking_loss": -1.0,
            "training_time": 7.595614589750767,
            "test_time": 0.09721753001213074
        },
        {
            "seed": "17",
            "accuracy_score": 0.7792207792207793,
            "average_precision_score": 0.762033215551817,
            "balanced_accuracy_score": 0.7306927111593416,
            "cohen_kappa_score": 0.49351905591023404,
            "f1_score_macro": 0.7427279874213837,
            "f1_score_micro": 0.7792207792207793,
            "f1_score_weighted": 0.7678954300416565,
            "matthews_corrcoef": 0.5122782767701599,
            "precision_score": 0.7739130434782608,
            "recall_score": 0.9175257731958762,
            "roc_auc_score": 0.7306927111593415,
            "coverage_error": -1.0,
            "label_ranking_average_precision_score": -1.0,
            "label_ranking_loss": -1.0,
            "training_time": 7.815458326600492,
            "test_time": 0.09752515703439713
        },
        {
            "seed": "19",
            "accuracy_score": 0.7662337662337663,
            "average_precision_score": 0.7632109270040305,
            "balanced_accuracy_score": 0.7092592592592593,
            "cohen_kappa_score": 0.4491255961844197,
            "f1_score_macro": 0.7210144927536233,
            "f1_score_micro": 0.7662337662337663,
            "f1_score_weighted": 0.7545642763034068,
            "matthews_corrcoef": 0.46322369481325704,
            "precision_score": 0.7758620689655172,
            "recall_score": 0.9,
            "roc_auc_score": 0.7092592592592593,
            "coverage_error": -1.0,
            "label_ranking_average_precision_score": -1.0,
            "label_ranking_loss": -1.0,
            "training_time": 7.938149994239211,
            "test_time": 0.09388268180191517
        },
        {
            "seed": "23",
            "accuracy_score": 0.8051948051948052,
            "average_precision_score": 0.8071902209880228,
            "balanced_accuracy_score": 0.7662992714365776,
            "cohen_kappa_score": 0.5524123231931797,
            "f1_score_macro": 0.7755102040816326,
            "f1_score_micro": 0.8051948051948051,
            "f1_score_weighted": 0.8009541478929234,
            "matthews_corrcoef": 0.5563897103947035,
            "precision_score": 0.8256880733944955,
            "recall_score": 0.8910891089108911,
            "roc_auc_score": 0.7662992714365777,
            "coverage_error": -1.0,
            "label_ranking_average_precision_score": -1.0,
            "label_ranking_loss": -1.0,
            "training_time": 7.980821161530912,
            "test_time": 0.09351085312664509
        },
        {
            "seed": "29",
            "accuracy_score": 0.7727272727272727,
            "average_precision_score": 0.7950757575757577,
            "balanced_accuracy_score": 0.719047619047619,
            "cohen_kappa_score": 0.4554455445544554,
            "f1_score_macro": 0.7270471464019851,
            "f1_score_micro": 0.7727272727272727,