{
    "id": 37,
    "framework": "gama",
    "results": [
        {
            "seed": "2",
            "accuracy_score": 0.7467532467532467,
            "average_precision_score": 0.7843875142118029,
            "balanced_accuracy_score": 0.6645259938837921,
            "cohen_kappa_score": 0.34957764782326195,
            "f1_score_macro": 0.6733561755588189,
            "f1_score_micro": 0.7467532467532466,
            "f1_score_weighted": 0.7377042927703722,
            "matthews_corrcoef": 0.3535833209356721,
            "precision_score": 0.7966101694915254,
            "recall_score": 0.8623853211009175,
            "roc_auc_score": 0.6645259938837921,
            "coverage_error": -1.0,
            "label_ranking_average_precision_score": -1.0,
            "label_ranking_loss": -1.0,
            "training_time": 269.1594093380263,
            "test_time": 0.0013170739402994514
        },
        {
            "seed": "3",
            "accuracy_score": 0.6883116883116883,
            "average_precision_score": 0.6852165547817722,
            "balanced_accuracy_score": 0.6549789621318374,
            "cohen_kappa_score": 0.3235724743777453,
            "f1_score_macro": 0.6577777777777778,
            "f1_score_micro": 0.6883116883116883,
            "f1_score_weighted": 0.6776911976911977,
            "matthews_corrcoef": 0.3321251080223536,
            "precision_score": 0.7037037037037037,
            "recall_score": 0.8260869565217391,
            "roc_auc_score": 0.6549789621318374,
            "coverage_error": -1.0,
            "label_ranking_average_precision_score": -1.0,
            "label_ranking_loss": -1.0,
            "training_time": 269.2362545930082,
            "test_time": 0.00511426106095314
        },
        {
            "seed": "5",
            "accuracy_score": 0.7857142857142857,
            "average_precision_score": 0.7952900432900433,
            "balanced_accuracy_score": 0.7540740740740741,
            "cohen_kappa_score": 0.5192052980132451,
            "f1_score_macro": 0.7593180203646697,
            "f1_score_micro": 0.7857142857142857,
            "f1_score_weighted": 0.7831264165623626,
            "matthews_corrcoef": 0.5205884609545359,
            "precision_score": 0.819047619047619,
            "recall_score": 0.86,
            "roc_auc_score": 0.754074074074074,
            "coverage_error": -1.0,
            "label_ranking_average_precision_score": -1.0,
            "label_ranking_loss": -1.0,
            "training_time": 269.18518423999194,
            "test_time": 0.005490185925737023
        },
        {
            "seed": "7",
            "accuracy_score": 0.7922077922077922,
            "average_precision_score": 0.7906511964664301,
            "balanced_accuracy_score": 0.7663230240549828,
            "cohen_kappa_score": 0.5444629321501202,
            "f1_score_macro": 0.7718518518518518,
            "f1_score_micro": 0.7922077922077922,
            "f1_score_weighted": 0.7895526695526696,
            "matthews_corrcoef": 0.5464599068453465,
            "precision_score": 0.8155339805825242,
            "recall_score": 0.865979381443299,
            "roc_auc_score": 0.766323024054983,
            "coverage_error": -1.0,
            "label_ranking_average_precision_score": -1.0,
            "label_ranking_loss": -1.0,
            "training_time": 269.25278111104853,
            "test_time": 0.005056571098975837
        },
        {
            "seed": "11",
            "accuracy_score": 0.7597402597402597,
            "average_precision_score": 0.7602111801242235,
            "balanced_accuracy_score": 0.7042592592592593,
            "cohen_kappa_score": 0.43639960435212666,
            "f1_score_macro": 0.7150287571892973,
            "f1_score_micro": 0.7597402597402597,
            "f1_score_weighted": 0.7487456279654328,
            "matthews_corrcoef": 0.4482573346795994,
            "precision_score": 0.7739130434782608,
            "recall_score": 0.89,
            "roc_auc_score": 0.7042592592592594,
            "coverage_error": -1.0,
            "label_ranking_average_precision_score": -1.0,
            "label_ranking_loss": -1.0,
            "training_time": 269.2636613229988,
            "test_time": 0.005412016995251179
        },
        {
            "seed": "13",
            "accuracy_score": 0.7207792207792207,
            "average_precision_score": 0.722505654952752,
            "balanced_accuracy_score": 0.6698317959848074,
            "cohen_kappa_score": 0.3619194449797649,
            "f1_score_macro": 0.6764547808667611,
            "f1_score_micro": 0.7207792207792207,
            "f1_score_weighted": 0.7075596509807679,
            "matthews_corrcoef": 0.3740157333562485,
            "precision_score": 0.7368421052631579,
            "recall_score": 0.865979381443299,
            "roc_auc_score": 0.6698317959848075,
            "coverage_error": -1.0,
            "label_ranking_average_precision_score": -1.0,
            "label_ranking_loss": -1.0,
            "training_time": 270.2753320989432,
            "test_time": 0.005420919042080641
        },
        {
            "seed": "17",
            "accuracy_score": 0.7792207792207793,
            "average_precision_score": 0.7591738158748468,
            "balanced_accuracy_score": 0.727075420510038,
            "cohen_kappa_score": 0.48956911678689796,
            "f1_score_macro": 0.7397096838337642,
            "f1_score_micro": 0.7792207792207793,
            "f1_score_weighted": 0.7660504140917742,
            "matthews_corrcoef": 0.5132507880193632,
            "precision_score": 0.7692307692307693,
            "recall_score": 0.9278350515463918,
            "roc_auc_score": 0.727075420510038,
            "coverage_error": -1.0,
            "label_ranking_average_precision_score": -1.0,
            "label_ranking_loss": -1.0,
            "training_time": 269.24143289693166,
            "test_time": 0.00544451700989157
        },
        {
            "seed": "19",
            "accuracy_score": 0.7792207792207793,
            "average_precision_score": 0.7754613807245386,
            "balanced_accuracy_score": 0.7277777777777779,
            "cohen_kappa_score": 0.4844426939740055,
            "f1_score_macro": 0.7397096838337641,
            "f1_score_micro": 0.7792207792207793,
            "f1_score_weighted": 0.7700015236304757,
            "matthews_corrcoef": 0.4957421042418413,
            "precision_score": 0.7894736842105263,
            "recall_score": 0.9,
            "roc_auc_score": 0.7277777777777777,
            "coverage_error": -1.0,
            "label_ranking_average_precision_score": -1.0,
            "label_ranking_loss": -1.0,
            "training_time": 18.982458119047806,
            "test_time": 0.00595234299544245
        },
        {
            "seed": "23",
            "accuracy_score": 0.7922077922077922,
            "average_precision_score": 0.8009881762542075,
            "balanced_accuracy_score": 0.7563982813375677,
            "cohen_kappa_score": 0.5269725475139182,
            "f1_score_macro": 0.7630769230769231,
            "f1_score_micro": 0.7922077922077922,
            "f1_score_weighted": 0.788971028971029,
            "matthews_corrcoef": 0.5290575412874194,
            "precision_score": 0.822429906542056,
            "recall_score": 0.8712871287128713,
            "roc_auc_score": 0.7563982813375677,
            "coverage_error": -1.0,
            "label_ranking_average_precision_score": -1.0,
            "label_ranking_loss": -1.0,
            "training_time": 269.1696901479736,
            "test_time": 0.0017369500128552318
        },
        {
            "seed": "29",
            "accuracy_score": 0.7727272727272727,
            "average_precision_score": 0.7950757575757577,
            "balanced_accuracy_score": 0.719047619047619,
            "cohen_kappa_score": 0.4554455445544554,
            "f1_score_macro": 0.7270471464019851,