{
    "id": 37,
    "framework": "lightautoml",
    "results": [
        {
            "seed": "2",
            "accuracy_score": 0.2922077922077922,
            "average_precision_score": 0.7077922077922078,
            "balanced_accuracy_score": 0.5,
            "cohen_kappa_score": 0.0,
            "f1_score_macro": 0.22613065326633167,
            "f1_score_micro": 0.2922077922077922,
            "f1_score_weighted": 0.1321542778829211,
            "matthews_corrcoef": 0.0,
            "precision_score": 0.0,
            "recall_score": 0.0,
            "roc_auc_score": 0.5,
            "coverage_error": -1.0,
            "label_ranking_average_precision_score": -1.0,
            "label_ranking_loss": -1.0,
            "training_time": 189.25145912301377,
            "test_time": 0.018342963012401015
        },
        {
            "seed": "3",
            "accuracy_score": 0.4025974025974026,
            "average_precision_score": 0.5974025974025974,
            "balanced_accuracy_score": 0.5,
            "cohen_kappa_score": 0.0,
            "f1_score_macro": 0.28703703703703703,
            "f1_score_micro": 0.40259740259740256,
            "f1_score_weighted": 0.23112073112073114,
            "matthews_corrcoef": 0.0,
            "precision_score": 0.0,
            "recall_score": 0.0,
            "roc_auc_score": 0.5,
            "coverage_error": -1.0,
            "label_ranking_average_precision_score": -1.0,
            "label_ranking_loss": -1.0,
            "training_time": 185.277652691002,
            "test_time": 0.14290691699716263
        },
        {
            "seed": "5",
            "accuracy_score": 0.35064935064935066,
            "average_precision_score": 0.6493506493506493,
            "balanced_accuracy_score": 0.5,
            "cohen_kappa_score": 0.0,
            "f1_score_macro": 0.25961538461538464,
            "f1_score_micro": 0.35064935064935066,
            "f1_score_weighted": 0.1820679320679321,
            "matthews_corrcoef": 0.0,
            "precision_score": 0.0,
            "recall_score": 0.0,
            "roc_auc_score": 0.5,
            "coverage_error": -1.0,
            "label_ranking_average_precision_score": -1.0,
            "label_ranking_loss": -1.0,
            "training_time": 192.54657962700003,
            "test_time": 0.13292299199383706
        },
        {
            "seed": "7",
            "accuracy_score": 0.37012987012987014,
            "average_precision_score": 0.6298701298701299,
            "balanced_accuracy_score": 0.5,
            "cohen_kappa_score": 0.0,
            "f1_score_macro": 0.27014218009478674,
            "f1_score_micro": 0.37012987012987014,
            "f1_score_weighted": 0.19997538007016682,
            "matthews_corrcoef": 0.0,
            "precision_score": 0.0,
            "recall_score": 0.0,
            "roc_auc_score": 0.5,
            "coverage_error": -1.0,
            "label_ranking_average_precision_score": -1.0,
            "label_ranking_loss": -1.0,
            "training_time": 182.7338495659933,
            "test_time": 0.016845241974806413
        },
        {
            "seed": "11",
            "accuracy_score": 0.35064935064935066,
            "average_precision_score": 0.6493506493506493,
            "balanced_accuracy_score": 0.5,
            "cohen_kappa_score": 0.0,
            "f1_score_macro": 0.25961538461538464,
            "f1_score_micro": 0.35064935064935066,
            "f1_score_weighted": 0.1820679320679321,
            "matthews_corrcoef": 0.0,
            "precision_score": 0.0,
            "recall_score": 0.0,
            "roc_auc_score": 0.5,
            "coverage_error": -1.0,
            "label_ranking_average_precision_score": -1.0,
            "label_ranking_loss": -1.0,
            "training_time": 193.46737361702253,
            "test_time": 0.1553345510037616
        },
        {
            "seed": "13",
            "accuracy_score": 0.37012987012987014,
            "average_precision_score": 0.6298701298701299,
            "balanced_accuracy_score": 0.5,
            "cohen_kappa_score": 0.0,
            "f1_score_macro": 0.27014218009478674,
            "f1_score_micro": 0.37012987012987014,
            "f1_score_weighted": 0.19997538007016682,
            "matthews_corrcoef": 0.0,
            "precision_score": 0.0,
            "recall_score": 0.0,
            "roc_auc_score": 0.5,
            "coverage_error": -1.0,
            "label_ranking_average_precision_score": -1.0,
            "label_ranking_loss": -1.0,
            "training_time": 193.46609973398154,
            "test_time": 0.014342277980176732
        },
        {
            "seed": "17",
            "accuracy_score": 0.37012987012987014,
            "average_precision_score": 0.6298701298701299,
            "balanced_accuracy_score": 0.5,
            "cohen_kappa_score": 0.0,
            "f1_score_macro": 0.27014218009478674,
            "f1_score_micro": 0.37012987012987014,
            "f1_score_weighted": 0.19997538007016682,
            "matthews_corrcoef": 0.0,
            "precision_score": 0.0,
            "recall_score": 0.0,
            "roc_auc_score": 0.5,
            "coverage_error": -1.0,
            "label_ranking_average_precision_score": -1.0,
            "label_ranking_loss": -1.0,
            "training_time": 200.2511629719811,
            "test_time": 0.12676818302134052
        },
        {
            "seed": "19",
            "accuracy_score": 0.35064935064935066,
            "average_precision_score": 0.6493506493506493,
            "balanced_accuracy_score": 0.5,
            "cohen_kappa_score": 0.0,
            "f1_score_macro": 0.25961538461538464,
            "f1_score_micro": 0.35064935064935066,
            "f1_score_weighted": 0.1820679320679321,
            "matthews_corrcoef": 0.0,
            "precision_score": 0.0,
            "recall_score": 0.0,
            "roc_auc_score": 0.5,
            "coverage_error": -1.0,
            "label_ranking_average_precision_score": -1.0,
            "label_ranking_loss": -1.0,
            "training_time": 183.75526174600236,
            "test_time": 0.2971363010001369
        },
        {
            "seed": "23",
            "accuracy_score": 0.34415584415584416,
            "average_precision_score": 0.6558441558441559,
            "balanced_accuracy_score": 0.5,
            "cohen_kappa_score": 0.0,
            "f1_score_macro": 0.2560386473429952,
            "f1_score_micro": 0.34415584415584416,
            "f1_score_weighted": 0.17623439362569798,
            "matthews_corrcoef": 0.0,
            "precision_score": 0.0,
            "recall_score": 0.0,
            "roc_auc_score": 0.5,
            "coverage_error": -1.0,
            "label_ranking_average_precision_score": -1.0,
            "label_ranking_loss": -1.0,
            "training_time": 193.14350398999522,
            "test_time": 0.15150181701756082
        },
        {
            "seed": "29",
            "accuracy_score": 0.3181818181818182,
            "average_precision_score": 0.6818181818181818,
            "balanced_accuracy_score": 0.5,
            "cohen_kappa_score": 0.0,
            "f1_score_macro": 0.2413793103448276,
            "f1_score_micro": 0.3181818181818182,
            "f1_score_weighted": 0.1536050156739812,
            "matthews_corrcoef": 0.0,
            "precision_score": 0.0,
            "recall_score": 0.0,
            "roc_auc_score": 0.5,
            "coverage_error": -1.0,
            "label_ranking_average_precision_score": -1.0,
            "label_ranking_loss": -1.0,
            "training_time": 194.5036489830236,
            "test_time": 0.28668708400800824
        },
        {
            "seed": "31",
            "accuracy_score": 0.36363636363636365,
            "average_precision_score": 0.6363636363636364,
            "balanced_accuracy_score": 0.5,
            "cohen_kappa_score": 0.0,
            "f1_score_macro": 0.26666666666666666,