{
    "id": 37,
    "framework": "autosklearn",
    "results": [
        {
            "seed": "2",
            "accuracy_score": 0.7532467532467533,
            "average_precision_score": 0.7975699302726988,
            "balanced_accuracy_score": 0.68868501529052,
            "cohen_kappa_score": 0.3874816830646849,
            "f1_score_macro": 0.6934841818562749,
            "f1_score_micro": 0.7532467532467532,
            "f1_score_weighted": 0.7497313078708427,
            "matthews_corrcoef": 0.3882896038376698,
            "precision_score": 0.8141592920353983,
            "recall_score": 0.8440366972477065,
            "roc_auc_score": 0.68868501529052,
            "coverage_error": -1.0,
            "label_ranking_average_precision_score": -1.0,
            "label_ranking_loss": -1.0,
            "training_time": 301.57620807000785,
            "test_time": 0.6145706829847768
        },
        {
            "seed": "3",
            "accuracy_score": 0.7207792207792207,
            "average_precision_score": 0.704635748114009,
            "balanced_accuracy_score": 0.6847826086956521,
            "cohen_kappa_score": 0.38900166082303,
            "f1_score_macro": 0.6893267651888342,
            "f1_score_micro": 0.7207792207792207,
            "f1_score_weighted": 0.7085833706523361,
            "matthews_corrcoef": 0.4040035031526073,
            "precision_score": 0.7207207207207207,
            "recall_score": 0.8695652173913043,
            "roc_auc_score": 0.6847826086956521,
            "coverage_error": -1.0,
            "label_ranking_average_precision_score": -1.0,
            "label_ranking_loss": -1.0,
            "training_time": 305.13023137502023,
            "test_time": 0.23220525699434802
        },
        {
            "seed": "5",
            "accuracy_score": 0.7987012987012987,
            "average_precision_score": 0.8052727272727273,
            "balanced_accuracy_score": 0.7683333333333333,
            "cohen_kappa_score": 0.5483443708609272,
            "f1_score_macro": 0.7739048070092351,
            "f1_score_micro": 0.7987012987012987,
            "f1_score_weighted": 0.7962702701040376,
            "matthews_corrcoef": 0.5498051602938211,
            "precision_score": 0.8285714285714286,
            "recall_score": 0.87,
            "roc_auc_score": 0.7683333333333334,
            "coverage_error": -1.0,
            "label_ranking_average_precision_score": -1.0,
            "label_ranking_loss": -1.0,
            "training_time": 301.3809451549896,
            "test_time": 0.5959079079912044
        },
        {
            "seed": "7",
            "accuracy_score": 0.8051948051948052,
            "average_precision_score": 0.7876218700960969,
            "balanced_accuracy_score": 0.7657804304575873,
            "cohen_kappa_score": 0.5599161745094304,
            "f1_score_macro": 0.7778846153846153,
            "f1_score_micro": 0.8051948051948051,
            "f1_score_weighted": 0.7981143856143855,
            "matthews_corrcoef": 0.5721113634231614,
            "precision_score": 0.8018018018018018,
            "recall_score": 0.9175257731958762,
            "roc_auc_score": 0.7657804304575871,
            "coverage_error": -1.0,
            "label_ranking_average_precision_score": -1.0,
            "label_ranking_loss": -1.0,
            "training_time": 299.9501118789776,
            "test_time": 0.2859876269940287
        },
        {
            "seed": "11",
            "accuracy_score": 0.7662337662337663,
            "average_precision_score": 0.7693506493506493,
            "balanced_accuracy_score": 0.7177777777777778,
            "cohen_kappa_score": 0.459016393442623,
            "f1_score_macro": 0.7275943396226415,
            "f1_score_micro": 0.7662337662337663,
            "f1_score_weighted": 0.7582394021073267,
            "matthews_corrcoef": 0.4666666666666667,
            "precision_score": 0.7857142857142857,
            "recall_score": 0.88,
            "roc_auc_score": 0.7177777777777778,
            "coverage_error": -1.0,
            "label_ranking_average_precision_score": -1.0,
            "label_ranking_loss": -1.0,
            "training_time": 301.6827977980138,
            "test_time": 0.5288530169927981
        },
        {
            "seed": "13",
            "accuracy_score": 0.7792207792207793,
            "average_precision_score": 0.762033215551817,
            "balanced_accuracy_score": 0.7306927111593416,
            "cohen_kappa_score": 0.49351905591023404,
            "f1_score_macro": 0.7427279874213837,
            "f1_score_micro": 0.7792207792207793,
            "f1_score_weighted": 0.7678954300416565,
            "matthews_corrcoef": 0.5122782767701599,
            "precision_score": 0.7739130434782608,
            "recall_score": 0.9175257731958762,
            "roc_auc_score": 0.7306927111593415,
            "coverage_error": -1.0,
            "label_ranking_average_precision_score": -1.0,
            "label_ranking_loss": -1.0,
            "training_time": 298.98818082601065,
            "test_time": 0.7837213370075915
        },
        {
            "seed": "17",
            "accuracy_score": 0.7597402597402597,
            "average_precision_score": 0.7439802029178231,
            "balanced_accuracy_score": 0.7043769216856575,
            "cohen_kappa_score": 0.44235662556273236,
            "f1_score_macro": 0.7150287571892973,
            "f1_score_micro": 0.7597402597402597,
            "f1_score_weighted": 0.7443477752555021,
            "matthews_corrcoef": 0.4663295003787921,
            "precision_score": 0.7542372881355932,
            "recall_score": 0.9175257731958762,
            "roc_auc_score": 0.7043769216856574,
            "coverage_error": -1.0,
            "label_ranking_average_precision_score": -1.0,
            "label_ranking_loss": -1.0,
            "training_time": 297.6869449619844,
            "test_time": 0.5471976520202588
        },
        {
            "seed": "19",
            "accuracy_score": 0.7727272727272727,
            "average_precision_score": 0.7662193362193362,
            "balanced_accuracy_score": 0.7142592592592593,
            "cohen_kappa_score": 0.46196845677779985,
            "f1_score_macro": 0.7270471464019852,
            "f1_score_micro": 0.7727272727272727,
            "f1_score_weighted": 0.7604008894331475,
            "matthews_corrcoef": 0.4785999862471003,
            "precision_score": 0.7777777777777778,
            "recall_score": 0.91,
            "roc_auc_score": 0.7142592592592594,
            "coverage_error": -1.0,
            "label_ranking_average_precision_score": -1.0,
            "label_ranking_loss": -1.0,
            "training_time": 299.10962950301473,
            "test_time": 0.36665233701933175
        },
        {
            "seed": "23",
            "accuracy_score": 0.8051948051948052,
            "average_precision_score": 0.8035846055648036,
            "balanced_accuracy_score": 0.7618158042219316,
            "cohen_kappa_score": 0.5482104439663603,
            "f1_score_macro": 0.772995283018868,
            "f1_score_micro": 0.8051948051948051,
            "f1_score_weighted": 0.7996431634403333,
            "matthews_corrcoef": 0.5545347403229547,
            "precision_score": 0.8198198198198198,
            "recall_score": 0.900990099009901,
            "roc_auc_score": 0.7618158042219316,
            "coverage_error": -1.0,
            "label_ranking_average_precision_score": -1.0,
            "label_ranking_loss": -1.0,
            "training_time": 300.40874752099626,
            "test_time": 0.33589338601450436
        },
        {
            "seed": "29",
            "accuracy_score": 0.7727272727272727,
            "average_precision_score": 0.7950757575757577,
            "balanced_accuracy_score": 0.719047619047619,
            "cohen_kappa_score": 0.4554455445544554,
            "f1_score_macro": 0.7270471464019851,