{"framework": "autopytorch", "accuracy_score": 0.7922077922077922, "average_precision_score": 0.789063637687491, "balanced_accuracy_score": 0.7535353535353535, "cohen_kappa_score": 0.5284210526315789, "f1_score_macro": 0.763076923076923, "f1_score_micro": 0.7922077922077922, "f1_score_weighted": 0.7868131868131869, "matthews_corrcoef": 0.5342542168677978, "precision_score": 0.8073394495412844, "recall_score": 0.8888888888888888, "roc_auc_score": 0.7535353535353535, "training_time": "00:10:14", "test_time": "00:02:19"}