{"framework": "tpot", "accuracy_score": 0.7597402597402597, "average_precision_score": 0.7796103896103896, "balanced_accuracy_score": 0.7363636363636363, "cohen_kappa_score": 0.4746450304259635, "f1_score_macro": 0.737310405237195, "f1_score_micro": 0.7597402597402597, "f1_score_weighted": 0.7592418185290805, "matthews_corrcoef": 0.47469288317114394, "precision_score": 0.81, "recall_score": 0.8181818181818182, "roc_auc_score": 0.7363636363636363, "coverage_error": -1.0, "label_ranking_average_precision_score": -1.0, "label_ranking_loss": -1.0, "training_time": "00:10:00", "test_time": "00:00:00"}