{"id": 37, "framework": "fedot", "results": [{"seed": "2", "accuracy_score": 0.7532467532467533, "average_precision_score": 0.7866919912251807, "balanced_accuracy_score": 0.6691131498470948, "cohen_kappa_score": 0.36183206106870225, "f1_score_macro": 0.6791666666666667, "f1_score_micro": 0.7532467532467532, "f1_score_weighted": 0.7432359307359307, "matthews_corrcoef": 0.3670450548844986, "precision_score": 0.7983193277310925, "recall_score": 0.8715596330275229, "roc_auc_score": 0.6691131498470948, "coverage_error": -1.0, "label_ranking_average_precision_score": -1.0, "label_ranking_loss": -1.0, "training_time": 300.0708832419987, "test_time": 0.0042855440005951095}, {"seed": "3", "accuracy_score": 0.7142857142857143, "average_precision_score": 0.6970006538084341, "balanced_accuracy_score": 0.6740883590462833, "cohen_kappa_score": 0.36955712690733156, "f1_score_macro": 0.6775176089853417, "f1_score_micro": 0.7142857142857143, "f1_score_weighted": 0.6987299774278644, "matthews_corrcoef": 0.3894099681242453, "precision_score": 0.7105263157894737, "recall_score": 0.8804347826086957, "roc_auc_score": 0.6740883590462834, "coverage_error": -1.0, "label_ranking_average_precision_score": -1.0, "label_ranking_loss": -1.0, "training_time": 300.36556690699945, "test_time": 0.007015924998995615}, {"seed": "5", "accuracy_score": 0.7922077922077922, "average_precision_score": 0.7984721881891693, "balanced_accuracy_score": 0.759074074074074, "cohen_kappa_score": 0.53173698213607, "f1_score_macro": 0.7654673519893394, "f1_score_micro": 0.7922077922077922, "f1_score_weighted": 0.7891223567979706, "matthews_corrcoef": 0.5337984137894888, "precision_score": 0.8207547169811321, "recall_score": 0.87, "roc_auc_score": 0.759074074074074, "coverage_error": -1.0, "label_ranking_average_precision_score": -1.0, "label_ranking_loss": -1.0, "training_time": 300.0190018630019, "test_time": 0.003499151996948058}, {"seed": "7", "accuracy_score": 0.7922077922077922, "average_precision_score": 0.7840213067595282, "balanced_accuracy_score": 0.7590884427563754, "cohen_kappa_score": 0.5376243197598048, "f1_score_macro": 0.7677224736048265, "f1_score_micro": 0.7922077922077922, "f1_score_weighted": 0.787310728487199, "matthews_corrcoef": 0.5433260319296017, "precision_score": 0.8037383177570093, "recall_score": 0.8865979381443299, "roc_auc_score": 0.7590884427563754, "coverage_error": -1.0, "label_ranking_average_precision_score": -1.0, "label_ranking_loss": -1.0, "training_time": 300.9235432509995, "test_time": 0.006813354000769323}, {"seed": "11", "accuracy_score": 0.7402597402597403, "average_precision_score": 0.748362952836637, "balanced_accuracy_score": 0.685, "cohen_kappa_score": 0.3934619929105948, "f1_score_macro": 0.6937760986279579, "f1_score_micro": 0.7402597402597403, "f1_score_weighted": 0.7294135572123244, "matthews_corrcoef": 0.40263931881105647, "precision_score": 0.7631578947368421, "recall_score": 0.87, "roc_auc_score": 0.685, "coverage_error": -1.0, "label_ranking_average_precision_score": -1.0, "label_ranking_loss": -1.0, "training_time": 300.68475286099783, "test_time": 0.006725978000758914}, {"seed": "17", "accuracy_score": 0.7662337662337663, "average_precision_score": 0.7498950076269664, "balanced_accuracy_score": 0.7131488515102189, "cohen_kappa_score": 0.459543770715539, "f1_score_macro": 0.7243984887651621, "f1_score_micro": 0.7662337662337663, "f1_score_weighted": 0.7522886737442316, "matthews_corrcoef": 0.48177304156178374, "precision_score": 0.7606837606837606, "recall_score": 0.9175257731958762, "roc_auc_score": 0.7131488515102188, "coverage_error": -1.0, "label_ranking_average_precision_score": -1.0, "label_ranking_loss": -1.0, "training_time": 299.99010896099935, "test_time": 0.0037886590034759138}, {"seed": "19", "accuracy_score": 0.7662337662337663, "average_precision_score": 0.7965367965367965, "balanced_accuracy_score": 0.7518518518518519, "cohen_kappa_score": 0.49526584122359796, "f1_score_macro": 0.7474489795918369, "f1_score_micro": 0.7662337662337663, "f1_score_weighted": 0.7680227935329977, "matthews_corrcoef": 0.49604652413672967, "precision_score": 0.8333333333333334, "recall_score": 0.8, "roc_auc_score": 0.751851851851852, "coverage_error": -1.0, "label_ranking_average_precision_score": -1.0, "label_ranking_loss": -1.0, "training_time": 299.32577251199837, "test_time": 0.0048486159976164345}, {"seed": "23", "accuracy_score": 0.7857142857142857, "average_precision_score": 0.8209381728446401, "balanced_accuracy_score": 0.7783485895759388, "cohen_kappa_score": 0.5397572903459518, "f1_score_macro": 0.7693669162695711, "f1_score_micro": 0.7857142857142857, "f1_score_weighted": 0.7885053000097246, "matthews_corrcoef": 0.5423480592325347, "precision_score": 0.8617021276595744, "recall_score": 0.801980198019802, "roc_auc_score": 0.7783485895759388, "coverage_error": -1.0, "label_ranking_average_precision_score": -1.0, "label_ranking_loss": -1.0, "training_time": 299.66796735000025, "test_time": 0.0037296090013114735}, {"seed": "29", "accuracy_score": 0.6883116883116883, "average_precision_score": 0.68867578337777, "balanced_accuracy_score": 0.5156462585034014, "cohen_kappa_score": 0.04174228675136116, "f1_score_macro": 0.4447115384615384, "f1_score_micro": 0.6883116883116883, "f1_score_weighted": 0.5784527972027972, "matthews_corrcoef": 0.1054591060181758, "precision_score": 0.6887417218543046, "recall_score": 0.9904761904761905, "roc_auc_score": 0.5156462585034014, "coverage_error": -1.0, "label_ranking_average_precision_score": -1.0, "label_ranking_loss": -1.0, "training_time": 642.1154109390009, "test_time": 0.00503706599920406}, {"seed": "31", "accuracy_score": 0.7597402597402597, "average_precision_score": 0.766887534234473, "balanced_accuracy_score": 0.7270408163265306, "cohen_kappa_score": 0.4665792922673656, "f1_score_macro": 0.7326765188834155, "f1_score_micro": 0.7597402597402597, "f1_score_weighted": 0.7558740110464248, "matthews_corrcoef": 0.4689734936223947, "precision_score": 0.7904761904761904, "recall_score": 0.8469387755102041, "roc_auc_score": 0.7270408163265307, "coverage_error": -1.0, "label_ranking_average_precision_score": -1.0, "label_ranking_loss": -1.0, "training_time": 174.38407651599846, "test_time": 0.006015107999701286}, {"seed": "37", "accuracy_score": 0.7532467532467533, "average_precision_score": 0.7826889264327199, "balanced_accuracy_score": 0.6896619496855346, "cohen_kappa_score": 0.39744645799011535, "f1_score_macro": 0.6977272727272728, "f1_score_micro": 0.7532467532467532, "f1_score_weighted": 0.7465171192443919, "matthews_corrcoef": 0.4006833871119341, "precision_score": 0.7982456140350878, "recall_score": 0.8584905660377359, "roc_auc_score": 0.6896619496855345, "coverage_error": -1.0, "label_ranking_average_precision_score": -1.0, "label_ranking_loss": -1.0, "training_time": 300.6366782619989, "test_time": 0.006771934000425972}, {"seed": "41", "accuracy_score": 0.7792207792207793, "average_precision_score": 0.7729890561748969, "balanced_accuracy_score": 0.7313131313131314, "cohen_kappa_score": 0.4903640256959314, "f1_score_macro": 0.7427279874213837, "f1_score_micro": 0.7792207792207793, "f1_score_weighted": 0.7704121743036837, "matthews_corrcoef": 0.5015313384808846, "precision_score": 0.7876106194690266, "recall_score": 0.898989898989899, "roc_auc_score": 0.7313131313131314, "coverage_error": -1.0, "label_ranking_average_precision_score": -1.0, "label_ranking_loss": -1.0, "training_time": 299.6144465649995, "test_time": 0.003911097999662161}, {"seed": "43", "accuracy_score": 0.7532467532467533, "average_precision_score": 0.7602191558441558, "balanced_accuracy_score": 0.7035185185185185, "cohen_kappa_score": 0.4289617486338798, "f1_score_macro": 0.7124606918238994, "f1_score_micro": 0.7532467532467532, "f1_score_weighted": 0.7448082577799559, "matthews_corrcoef": 0.4361111111111111, "precision_score": 0.7767857142857143, "recall_score": 0.87, "roc_auc_score": 0.7035185185185184, "coverage_error": -1.0,