{"framework": "autokeras", "accuracy_score": 0.6428571428571429, "average_precision_score": 0.6428571428571429, "balanced_accuracy_score": 0.5, "cohen_kappa_score": 0.0, "f1_score_macro": 0.391304347826087, "f1_score_micro": 0.6428571428571429, "f1_score_weighted": 0.5031055900621119, "matthews_corrcoef": 0.0, "precision_score": 0.6428571428571429, "recall_score": 1.0, "roc_auc_score": 0.5, "coverage_error": -1.0, "label_ranking_average_precision_score": -1.0, "label_ranking_loss": -1.0, "training_time": "00:00:27", "test_time": "00:00:00"}