{"framework": "gama", "accuracy_score": 0.7792207792207793, "average_precision_score": 0.8038657249183564, "balanced_accuracy_score": 0.7676767676767677, "cohen_kappa_score": 0.5268389662027833, "f1_score_macro": 0.7632483270030747, "f1_score_micro": 0.7792207792207793, "f1_score_weighted": 0.7808180244425496, "matthews_corrcoef": 0.5276571271290573, "precision_score": 0.8421052631578947, "recall_score": 0.8080808080808081, "roc_auc_score": 0.7676767676767676, "coverage_error": -1.0, "label_ranking_average_precision_score": -1.0, "label_ranking_loss": -1.0, "training_time": "00:08:59", "test_time": "00:00:00"}