{
    "id": 37,
    "framework": "autopytorch",
    "results": [
        {
            "seed": "2",
            "accuracy_score": 0.7337662337662337,
            "average_precision_score": 0.7797980254481363,
            "balanced_accuracy_score": 0.6553516819571865,
            "cohen_kappa_score": 0.325571459089938,
            "f1_score_macro": 0.66190093708166,
            "f1_score_micro": 0.7337662337662337,
            "f1_score_weighted": 0.7266809228255011,
            "matthews_corrcoef": 0.3277514850939429,
            "precision_score": 0.7931034482758621,
            "recall_score": 0.8440366972477065,
            "roc_auc_score": 0.6553516819571865,
            "coverage_error": -1.0,
            "label_ranking_average_precision_score": -1.0,
            "label_ranking_loss": -1.0,
            "training_time": 318.444221259997,
            "test_time": 2.9731593600008637
        },
        {
            "seed": "3",
            "accuracy_score": 0.6818181818181818,
            "average_precision_score": 0.6689594989990246,
            "balanced_accuracy_score": 0.6311360448807855,
            "cohen_kappa_score": 0.28392484342379964,
            "f1_score_macro": 0.627081788979491,
            "f1_score_micro": 0.6818181818181818,
            "f1_score_weighted": 0.6549138531347575,
            "matthews_corrcoef": 0.31346725439843415,
            "precision_score": 0.6776859504132231,
            "recall_score": 0.8913043478260869,
            "roc_auc_score": 0.6311360448807855,
            "coverage_error": -1.0,
            "label_ranking_average_precision_score": -1.0,
            "label_ranking_loss": -1.0,
            "training_time": 309.69796032999875,
            "test_time": 2.7200502959894948
        },
        {
            "seed": "5",
            "accuracy_score": 0.7857142857142857,
            "average_precision_score": 0.7952900432900433,
            "balanced_accuracy_score": 0.7540740740740741,
            "cohen_kappa_score": 0.5192052980132451,
            "f1_score_macro": 0.7593180203646697,
            "f1_score_micro": 0.7857142857142857,
            "f1_score_weighted": 0.7831264165623626,
            "matthews_corrcoef": 0.5205884609545359,
            "precision_score": 0.819047619047619,
            "recall_score": 0.86,
            "roc_auc_score": 0.754074074074074,
            "coverage_error": -1.0,
            "label_ranking_average_precision_score": -1.0,
            "label_ranking_loss": -1.0,
            "training_time": 313.2937302800128,
            "test_time": 2.111179532977985
        },
        {
            "seed": "7",
            "accuracy_score": 0.7857142857142857,
            "average_precision_score": 0.7624452255764506,
            "balanced_accuracy_score": 0.7322300596852958,
            "cohen_kappa_score": 0.5026423957721667,
            "f1_score_macro": 0.7458364591147788,
            "f1_score_micro": 0.7857142857142857,
            "f1_score_weighted": 0.7719858536062587,
            "matthews_corrcoef": 0.5298823703419195,
            "precision_score": 0.7711864406779662,
            "recall_score": 0.9381443298969072,
            "roc_auc_score": 0.7322300596852958,
            "coverage_error": -1.0,
            "label_ranking_average_precision_score": -1.0,
            "label_ranking_loss": -1.0,
            "training_time": 316.7639031109866,
            "test_time": 1.0806493590062018
        },
        {
            "seed": "11",
            "accuracy_score": 0.7467532467532467,
            "average_precision_score": 0.7428217237308147,
            "balanced_accuracy_score": 0.6772222222222222,
            "cohen_kappa_score": 0.38926174496644295,
            "f1_score_macro": 0.6876267748478702,
            "f1_score_micro": 0.7467532467532466,
            "f1_score_weighted": 0.7282210689918601,
            "matthews_corrcoef": 0.4121880516208469,
            "precision_score": 0.7520661157024794,
            "recall_score": 0.91,
            "roc_auc_score": 0.6772222222222223,
            "coverage_error": -1.0,
            "label_ranking_average_precision_score": -1.0,
            "label_ranking_loss": -1.0,
            "training_time": 314.17155444898526,
            "test_time": 1.0688565229938831
        },
        {
            "seed": "13",
            "accuracy_score": 0.7662337662337663,
            "average_precision_score": 0.7554742493160521,
            "balanced_accuracy_score": 0.7203834328088262,
            "cohen_kappa_score": 0.467844115953158,
            "f1_score_macro": 0.7306122448979592,
            "f1_score_micro": 0.7662337662337663,
            "f1_score_weighted": 0.75605618870925,
            "matthews_corrcoef": 0.4815053136186557,
            "precision_score": 0.7699115044247787,
            "recall_score": 0.8969072164948454,
            "roc_auc_score": 0.7203834328088261,
            "coverage_error": -1.0,
            "label_ranking_average_precision_score": -1.0,
            "label_ranking_loss": -1.0,
            "training_time": 313.1644669059897,
            "test_time": 2.263737539993599
        },
        {
            "seed": "17",
            "accuracy_score": 0.7662337662337663,
            "average_precision_score": 0.7471785340190434,
            "balanced_accuracy_score": 0.7095315608609152,
            "cohen_kappa_score": 0.45529573590096284,
            "f1_score_macro": 0.7210144927536233,
            "f1_score_micro": 0.7662337662337663,
            "f1_score_weighted": 0.750188217579522,
            "matthews_corrcoef": 0.4828310999464571,
            "precision_score": 0.7563025210084033,
            "recall_score": 0.9278350515463918,
            "roc_auc_score": 0.7095315608609152,
            "coverage_error": -1.0,
            "label_ranking_average_precision_score": -1.0,
            "label_ranking_loss": -1.0,
            "training_time": 321.98029174498515,
            "test_time": 3.1268463999731466
        },
        {
            "seed": "19",
            "accuracy_score": 0.7987012987012987,
            "average_precision_score": 0.7946647946647948,
            "balanced_accuracy_score": 0.7555555555555555,
            "cohen_kappa_score": 0.5362346998251408,
            "f1_score_macro": 0.7667464699272,
            "f1_score_micro": 0.7987012987012987,
            "f1_score_weighted": 0.7925345773589287,
            "matthews_corrcoef": 0.5436463605311886,
            "precision_score": 0.8108108108108109,
            "recall_score": 0.9,
            "roc_auc_score": 0.7555555555555556,
            "coverage_error": -1.0,
            "label_ranking_average_precision_score": -1.0,
            "label_ranking_loss": -1.0,
            "training_time": 316.23259962000884,
            "test_time": 1.890023148007458
        },
        {
            "seed": "23",
            "accuracy_score": 0.7922077922077922,
            "average_precision_score": 0.8009881762542075,
            "balanced_accuracy_score": 0.7563982813375677,
            "cohen_kappa_score": 0.5269725475139182,
            "f1_score_macro": 0.7630769230769231,
            "f1_score_micro": 0.7922077922077922,
            "f1_score_weighted": 0.788971028971029,
            "matthews_corrcoef": 0.5290575412874194,
            "precision_score": 0.822429906542056,
            "recall_score": 0.8712871287128713,
            "roc_auc_score": 0.7563982813375677,
            "coverage_error": -1.0,
            "label_ranking_average_precision_score": -1.0,
            "label_ranking_loss": -1.0,
            "training_time": 310.14096769399475,
            "test_time": 1.5144361720012967
        },
        {
            "seed": "29",
            "accuracy_score": 0.7597402597402597,
            "average_precision_score": 0.7793252724287207,
            "balanced_accuracy_score": 0.6931972789115646,
            "cohen_kappa_score": 0.41099855282199704,
            "f1_score_macro": 0.7036459145992615,