{"framework": "autopytorch", "accuracy_score": 0.7857142857142857, "average_precision_score": 0.7825396825396826, "balanced_accuracy_score": 0.7444444444444445, "cohen_kappa_score": 0.5116279069767442, "f1_score_macro": 0.7543859649122806, "f1_score_micro": 0.7857142857142857, "f1_score_weighted": 0.7794486215538847, "matthews_corrcoef": 0.5185449728701348, "precision_score": 0.8, "recall_score": 0.8888888888888888, "roc_auc_score": 0.7444444444444445, "coverage_error": -1.0, "label_ranking_average_precision_score": -1.0, "label_ranking_loss": -1.0, "training_time": "00:14:32", "test_time": "00:00:33"}