{"framework": "h2o", "accuracy_score": 0.7532467532467533, "average_precision_score": 0.7635028522878989, "balanced_accuracy_score": 0.7151515151515151, "cohen_kappa_score": 0.44467640918580376, "f1_score_macro": 0.7214924804873406, "f1_score_micro": 0.7532467532467532, "f1_score_weighted": 0.7483614805145359, "matthews_corrcoef": 0.4477468392452216, "precision_score": 0.7850467289719626, "recall_score": 0.8484848484848485, "roc_auc_score": 0.7151515151515151, "training_time": "00:09:53", "test_time": "00:00:00"}