{"id": 37, "framework": "naive", "results": [{"seed": "2", "accuracy_score": 0.7532467532467533, "average_precision_score": 0.8051374179225371, "balanced_accuracy_score": 0.7017329255861366, "cohen_kappa_score": 0.4034658511722732, "f1_score_macro": 0.7017329255861366, "f1_score_micro": 0.7532467532467532, "f1_score_weighted": 0.7532467532467533, "matthews_corrcoef": 0.4034658511722732, "precision_score": 0.8256880733944955, "recall_score": 0.8256880733944955, "roc_auc_score": 0.7017329255861366, "coverage_error": -1.0, "label_ranking_average_precision_score": -1.0, "label_ranking_loss": -1.0, "training_time": 196.74263787399832, "test_time": 0.006486616999609396}, {"seed": "3", "accuracy_score": 0.7077922077922078, "average_precision_score": 0.7039945069704462, "balanced_accuracy_score": 0.6818022440392706, "cohen_kappa_score": 0.37443581873984466, "f1_score_macro": 0.685500340367597, "f1_score_micro": 0.7077922077922078, "f1_score_weighted": 0.7018114628734098, "matthews_corrcoef": 0.37889187579779665, "precision_score": 0.7281553398058253, "recall_score": 0.8152173913043478, "roc_auc_score": 0.6818022440392706, "coverage_error": -1.0, "label_ranking_average_precision_score": -1.0, "label_ranking_loss": -1.0, "training_time": 56.72817316899818, "test_time": 0.0009045410006365273}, {"seed": "5", "accuracy_score": 0.7727272727272727, "average_precision_score": 0.772402022756005, "balanced_accuracy_score": 0.7227777777777777, "cohen_kappa_score": 0.47167222113311114, "f1_score_macro": 0.7336298492710649, "f1_score_micro": 0.7727272727272727, "f1_score_weighted": 0.7641125862030235, "matthews_corrcoef": 0.4810249387776308, "precision_score": 0.7876106194690266, "recall_score": 0.89, "roc_auc_score": 0.7227777777777777, "coverage_error": -1.0, "label_ranking_average_precision_score": -1.0, "label_ranking_loss": -1.0, "training_time": 65.55055365799853, "test_time": 0.0015168229983828496}, {"seed": "7", "accuracy_score": 0.7922077922077922, "average_precision_score": 0.7746010945536537, "balanced_accuracy_score": 0.7482365708084644, "cohen_kappa_score": 0.5269725475139182, "f1_score_macro": 0.7605442176870749, "f1_score_micro": 0.7922077922077922, "f1_score_weighted": 0.7831610566304446, "matthews_corrcoef": 0.5423603142729626, "precision_score": 0.7876106194690266, "recall_score": 0.9175257731958762, "roc_auc_score": 0.7482365708084644, "coverage_error": -1.0, "label_ranking_average_precision_score": -1.0, "label_ranking_loss": -1.0, "training_time": 27.668520597999304, "test_time": 0.0006473529974755365}]}