{"framework": "autokeras", "accuracy_score": 0.9305103148751357, "average_precision_score": 0.9077575007790876, "balanced_accuracy_score": 0.924757351875996, "cohen_kappa_score": 0.8565127216428592, "f1_score_macro": 0.9282060276535415, "f1_score_micro": 0.9305103148751357, "f1_score_weighted": 0.9301751458247222, "matthews_corrcoef": 0.8577553391208624, "precision_score": 0.9207207207207208, "recall_score": 0.9623352165725048, "roc_auc_score": 0.924757351875996, "training_time": "00:00:24", "test_time": "00:00:01"}