{"framework": "h2o", "accuracy_score": 0.8805646036916395, "average_precision_score": 0.8561440715540263, "balanced_accuracy_score": 0.8742937853107344, "cohen_kappa_score": 0.7537193698949824, "f1_score_macro": 0.8767997859713981, "f1_score_micro": 0.8805646036916395, "f1_score_weighted": 0.8800969244717337, "matthews_corrcoef": 0.7544761479263177, "precision_score": 0.8820326678765881, "recall_score": 0.9152542372881356, "roc_auc_score": 0.8742937853107345, "training_time": "00:10:05", "test_time": "00:00:00"}