{"framework": "lightautoml", "accuracy_score": 0.4234527687296417, "average_precision_score": 0.5765472312703583, "balanced_accuracy_score": 0.5, "cohen_kappa_score": 0.0, "f1_score_macro": 0.29748283752860416, "f1_score_micro": 0.42345276872964166, "f1_score_weighted": 0.2519398624020752, "matthews_corrcoef": 0.0, "precision_score": 0.0, "recall_score": 0.0, "roc_auc_score": 0.5, "training_time": "00:01:57", "test_time": "00:00:00"}