{"framework": "evalml", "accuracy_score": 0.9478827361563518, "average_precision_score": 0.9244824011825938, "balanced_accuracy_score": 0.9415254237288135, "cohen_kappa_score": 0.8921624588364435, "f1_score_macro": 0.946021978021978, "f1_score_micro": 0.9478827361563518, "f1_score_weighted": 0.9475562873608475, "matthews_corrcoef": 0.8941957362251417, "precision_score": 0.93048128342246, "recall_score": 0.9830508474576272, "roc_auc_score": 0.9415254237288136, "training_time": "00:10:03", "test_time": "00:00:00"}