{"framework": "gama", "accuracy_score": 0.9609120521172638, "average_precision_score": 0.9463066074101688, "balanced_accuracy_score": 0.9575909025061567, "cohen_kappa_score": 0.9195644895998603, "f1_score_macro": 0.9597726809477127, "f1_score_micro": 0.9609120521172638, "f1_score_weighted": 0.9608091411729173, "matthews_corrcoef": 0.9200147023193133, "precision_score": 0.9541284403669725, "recall_score": 0.9792843691148776, "roc_auc_score": 0.9575909025061567, "training_time": "00:08:59", "test_time": "00:00:00"}