{"framework": "autosklearn", "accuracy_score": 0.9797687861271677, "average_precision_score": -1.0, "balanced_accuracy_score": 0.9672218284904324, "cohen_kappa_score": 0.9579207060703986, "f1_score_macro": 0.9279832486354225, "f1_score_micro": 0.9797687861271677, "f1_score_weighted": 0.9812688149581842, "matthews_corrcoef": 0.95845315928527, "precision_score": -1.0, "recall_score": -1.0, "roc_auc_score": -1.0, "training_time": "00:11:31", "test_time": "00:00:02"}