{"framework": "autokeras", "accuracy_score": 0.9913294797687862, "average_precision_score": -1.0, "balanced_accuracy_score": 0.9792700212615166, "cohen_kappa_score": 0.9818041580478911, "f1_score_macro": 0.9764784370987638, "f1_score_micro": 0.9913294797687862, "f1_score_weighted": 0.9913253129402245, "matthews_corrcoef": 0.9818418853209493, "precision_score": -1.0, "recall_score": -1.0, "roc_auc_score": -1.0, "training_time": "00:00:18", "test_time": "00:00:01"}