{"framework": "gama", "accuracy_score": 0.9710982658959537, "average_precision_score": -1.0, "balanced_accuracy_score": 0.9384704593776174, "cohen_kappa_score": 0.9400242676373721, "f1_score_macro": 0.8929919137466308, "f1_score_micro": 0.9710982658959537, "f1_score_weighted": 0.973126840440615, "matthews_corrcoef": 0.9407547534266746, "precision_score": -1.0, "recall_score": -1.0, "roc_auc_score": -1.0, "training_time": "00:09:01", "test_time": "00:00:00"}