{"framework": "tpot", "accuracy_score": 0.9942196531791907, "average_precision_score": -1.0, "balanced_accuracy_score": 0.9939759036144579, "cohen_kappa_score": 0.9878834570668161, "f1_score_macro": 0.985550868732171, "f1_score_micro": 0.9942196531791907, "f1_score_weighted": 0.9942503051433782, "matthews_corrcoef": 0.987936395084972, "precision_score": -1.0, "recall_score": -1.0, "roc_auc_score": -1.0, "training_time": "00:10:01", "test_time": "00:00:00"}