{"framework": "lightautoml", "accuracy_score": 0.8988439306358381, "average_precision_score": -1.0, "balanced_accuracy_score": 0.47891566265060237, "cohen_kappa_score": 0.7890243902439025, "f1_score_macro": 0.4869692144373673, "f1_score_micro": 0.8988439306358381, "f1_score_weighted": 0.9056389062749284, "matthews_corrcoef": 0.7894545060854253, "precision_score": -1.0, "recall_score": -1.0, "roc_auc_score": -1.0, "training_time": "00:01:38", "test_time": "00:00:00"}