{"framework": "flaml", "accuracy_score": 0.9826589595375722, "average_precision_score": -1.0, "balanced_accuracy_score": 0.9819277108433735, "cohen_kappa_score": 0.9635482511588707, "f1_score_macro": 0.959039376321353, "f1_score_micro": 0.9826589595375722, "f1_score_weighted": 0.9828815426071443, "matthews_corrcoef": 0.9640158741728847, "precision_score": -1.0, "recall_score": -1.0, "roc_auc_score": -1.0, "training_time": "00:09:59", "test_time": "00:00:00"}