{"framework": "h2o", "accuracy_score": 0.6791907514450867, "average_precision_score": -1.0, "balanced_accuracy_score": 0.25, "cohen_kappa_score": 0.0, "f1_score_macro": 0.20223752151462993, "f1_score_micro": 0.6791907514450867, "f1_score_weighted": 0.5494314168316535, "matthews_corrcoef": 0.0, "precision_score": -1.0, "recall_score": -1.0, "roc_auc_score": -1.0, "training_time": "00:10:15", "test_time": "00:00:00"}