{"framework": "autosklearn", "accuracy_score": 0.6991701244813278, "average_precision_score": 0.6944531902882449, "balanced_accuracy_score": -1.0, "cohen_kappa_score": -1.0, "f1_score_macro": 0.7918946152224039, "f1_score_micro": 0.7957219251336899, "f1_score_weighted": 0.7895651127844456, "matthews_corrcoef": -1.0, "precision_score": -1.0, "recall_score": -1.0, "roc_auc_score": 0.8545055794186096, "coverage_error": 2.4502074688796682, "label_ranking_average_precision_score": 0.7776625172890737, "label_ranking_loss": 0.2657676348547718, "training_time": "00:20:44", "test_time": "00:00:03"}