{"framework": "autokeras", "accuracy_score": 0.7531120331950207, "average_precision_score": 0.6685603310938943, "balanced_accuracy_score": -1.0, "cohen_kappa_score": -1.0, "f1_score_macro": 0.7844856969971685, "f1_score_micro": 0.7867203219315896, "f1_score_weighted": 0.7834301472760472, "matthews_corrcoef": -1.0, "precision_score": -1.0, "recall_score": -1.0, "roc_auc_score": 0.8637750158789207, "coverage_error": 2.2344398340248963, "label_ranking_average_precision_score": 0.8239972337482717, "label_ranking_loss": 0.21784232365145229, "training_time": "00:02:14", "test_time": "00:00:01"}