{"framework": "autokeras", "accuracy_score": 0.6950207468879668, "average_precision_score": 0.5942881754448933, "balanced_accuracy_score": -1.0, "cohen_kappa_score": -1.0, "f1_score_macro": 0.7242099522222355, "f1_score_micro": 0.7283702213279678, "f1_score_weighted": 0.7244371309910922, "matthews_corrcoef": -1.0, "precision_score": -1.0, "recall_score": -1.0, "roc_auc_score": 0.8300558266144414, "coverage_error": 2.524896265560166, "label_ranking_average_precision_score": 0.7748962655601666, "label_ranking_loss": 0.2769709543568465, "training_time": "00:02:03", "test_time": "00:00:01"}