{"id": 1510, "framework": "lightwood", "results": [{"seed": "2", "accuracy_score": 0.9385964912280702, "average_precision_score": 0.9355566025037018, "balanced_accuracy_score": 0.9376811594202898, "cohen_kappa_score": 0.8719923002887392, "f1_score_macro": 0.9359910162829872, "f1_score_micro": 0.9385964912280702, "f1_score_weighted": 0.9387097727474216, "matthews_corrcoef": 0.8721381372818764, "precision_score": 0.9558823529411765, "recall_score": 0.9420289855072463, "roc_auc_score": 0.9376811594202898, "coverage_error": -1.0, "label_ranking_average_precision_score": -1.0, "label_ranking_loss": -1.0, "training_time": 3.1686294849996557, "test_time": 0.09827323099989371}, {"seed": "3", "accuracy_score": 0.9210526315789473, "average_precision_score": 0.9179706021811285, "balanced_accuracy_score": 0.910472972972973, "cohen_kappa_score": 0.8256880733944953, "f1_score_macro": 0.9128366324016651, "f1_score_micro": 0.9210526315789473, "f1_score_weighted": 0.9208178887453108, "matthews_corrcoef": 0.825842982664763, "precision_score": 0.9333333333333333, "recall_score": 0.9459459459459459, "roc_auc_score": 0.910472972972973, "coverage_error": -1.0, "label_ranking_average_precision_score": -1.0, "label_ranking_loss": -1.0, "training_time": 3.4413248920000115, "test_time": 0.10147581100000025}, {"seed": "5", "accuracy_score": 0.9736842105263158, "average_precision_score": 0.9642219524387632, "balanced_accuracy_score": 0.9715909090909092, "cohen_kappa_score": 0.9458689458689459, "f1_score_macro": 0.9729323308270676, "f1_score_micro": 0.9736842105263158, "f1_score_weighted": 0.973644637910566, "matthews_corrcoef": 0.9460229589089657, "precision_score": 0.9701492537313433, "recall_score": 0.9848484848484849, "roc_auc_score": 0.9715909090909092, "coverage_error": -1.0, "label_ranking_average_precision_score": -1.0, "label_ranking_loss": -1.0, "training_time": 3.0868719119998786, "test_time": 0.10724323800013735}, {"seed": "7", "accuracy_score": 0.9649122807017544, "average_precision_score": 0.9487179487179487, "balanced_accuracy_score": 0.95, "cohen_kappa_score": 0.9211618257261411, "f1_score_macro": 0.9605263157894737, "f1_score_micro": 0.9649122807017544, "f1_score_weighted": 0.9644506001846722, "matthews_corrcoef": 0.9240379612581693, "precision_score": 0.9487179487179487, "recall_score": 1.0, "roc_auc_score": 0.9500000000000001, "coverage_error": -1.0, "label_ranking_average_precision_score": -1.0, "label_ranking_loss": -1.0, "training_time": 3.6798910529996647, "test_time": 0.10207438299994465}, {"seed": "11", "accuracy_score": 0.9736842105263158, "average_precision_score": 0.9620253164556962, "balanced_accuracy_score": 0.9605263157894737, "cohen_kappa_score": 0.9395973154362416, "f1_score_macro": 0.9697746354396819, "f1_score_micro": 0.9736842105263158, "f1_score_weighted": 0.973398144056562, "matthews_corrcoef": 0.9413160730419345, "precision_score": 0.9620253164556962, "recall_score": 1.0, "roc_auc_score": 0.9605263157894737, "coverage_error": -1.0, "label_ranking_average_precision_score": -1.0, "label_ranking_loss": -1.0, "training_time": 2.273723877000066, "test_time": 0.09482456300020203}, {"seed": "13", "accuracy_score": 0.956140350877193, "average_precision_score": 0.9711560953666216, "balanced_accuracy_score": 0.9604700854700854, "cohen_kappa_score": 0.9007314524555904, "f1_score_macro": 0.9503267973856209, "f1_score_micro": 0.956140350877193, "f1_score_weighted": 0.9565875472996217, "matthews_corrcoef": 0.9023334009739741, "precision_score": 0.9866666666666667, "recall_score": 0.9487179487179487, "roc_auc_score": 0.9604700854700854, "coverage_error": -1.0, "label_ranking_average_precision_score": -1.0, "label_ranking_loss": -1.0, "training_time": 2.492312173999835, "test_time": 0.10543798699973195}, {"seed": "17", "accuracy_score": 0.9473684210526315, "average_precision_score": 0.9412955465587044, "balanced_accuracy_score": 0.9342105263157895, "cohen_kappa_score": 0.88, "f1_score_macro": 0.93997893997894, "f1_score_micro": 0.9473684210526315, "f1_score_weighted": 0.946998946998947, "matthews_corrcoef": 0.8807048459279792, "precision_score": 0.9487179487179487, "recall_score": 0.9736842105263158, "roc_auc_score": 0.9342105263157895, "coverage_error": -1.0, "label_ranking_average_precision_score": -1.0, "label_ranking_loss": -1.0, "training_time": 2.7700529499998083, "test_time": 0.14527767899971877}, {"seed": "19", "accuracy_score": 0.9298245614035088, "average_precision_score": 0.9022984998728705, "balanced_accuracy_score": 0.914975845410628, "cohen_kappa_score": 0.8496538081107814, "f1_score_macro": 0.9246031746031746, "f1_score_micro": 0.9298245614035088, "f1_score_weighted": 0.9287802840434419, "matthews_corrcoef": 0.8551074320961733, "precision_score": 0.9066666666666666, "recall_score": 0.9855072463768116, "roc_auc_score": 0.9149758454106279, "coverage_error": -1.0, "label_ranking_average_precision_score": -1.0, "label_ranking_loss": -1.0, "training_time": 2.317902527000115, "test_time": 0.09142333099998723}, {"seed": "23", "accuracy_score": 0.9473684210526315, "average_precision_score": 0.9403144224196855, "balanced_accuracy_score": 0.9353846153846155, "cohen_kappa_score": 0.881619937694704, "f1_score_macro": 0.9407894736842106, "f1_score_micro": 0.9473684210526315, "f1_score_weighted": 0.94702216066482, "matthews_corrcoef": 0.8823071225292577, "precision_score": 0.948051948051948, "recall_score": 0.9733333333333334, "roc_auc_score": 0.9353846153846155, "coverage_error": -1.0, "label_ranking_average_precision_score": -1.0, "label_ranking_loss": -1.0, "training_time": 8.786039680999693, "test_time": 0.08722070300018459}, {"seed": "29", "accuracy_score": 0.9385964912280702, "average_precision_score": 0.9357894736842105, "balanced_accuracy_score": 0.9287179487179487, "cohen_kappa_score": 0.8627450980392157, "f1_score_macro": 0.9313666465984347, "f1_score_micro": 0.9385964912280702, "f1_score_weighted": 0.9384010900218638, "matthews_corrcoef": 0.8629109946080098, "precision_score": 0.9473684210526315, "recall_score": 0.96, "roc_auc_score": 0.9287179487179487, "coverage_error": -1.0, "label_ranking_average_precision_score": -1.0, "label_ranking_loss": -1.0, "training_time": 2.337135142000079, "test_time": 0.07570193599985942}, {"seed": "31", "accuracy_score": 0.9473684210526315, "average_precision_score": 0.9464539649928496, "balanced_accuracy_score": 0.9488726579866624, "cohen_kappa_score": 0.8920795203534237, "f1_score_macro": 0.9460227272727274, "f1_score_micro": 0.9473684210526315, "f1_score_weighted": 0.9475179425837321, "matthews_corrcoef": 0.8926572977677133, "precision_score": 0.9692307692307692, "recall_score": 0.9402985074626866, "roc_auc_score": 0.9488726579866624, "coverage_error": -1.0, "label_ranking_average_precision_score": -1.0, "label_ranking_loss": -1.0, "training_time": 2.272337625000091, "test_time": 0.1429515800000445}, {"seed": "37", "accuracy_score": 0.9122807017543859, "average_precision_score": 0.9280058253742465, "balanced_accuracy_score": 0.9152027027027028, "cohen_kappa_score": 0.8117569352708058, "f1_score_macro": 0.9057539682539681, "f1_score_micro": 0.9122807017543859, "f1_score_weighted": 0.9131509328877749, "matthews_corrcoef": 0.8140679648878535, "precision_score": 0.9571428571428572, "recall_score": 0.9054054054054054, "roc_auc_score": 0.9152027027027027, "coverage_error": -1.0, "label_ranking_average_precision_score": -1.0, "label_ranking_loss": -1.0, "training_time": 3.410248504000265, "test_time": 0.08164329999999609}, {"seed": "41", "accuracy_score": 1.0, "average_precision_score": 1.0, "balanced_accuracy_score": 1.0, "cohen_kappa_score": 1.0, "f1_score_macro": 1.0, "f1_score_micro": 1.0, "f1_score_weighted": 1.0, "matthews_corrcoef": 1.0, "precision_score": 1.0, "recall_score": 1.0, "roc_auc_score": 1.0, "coverage_error": -1.0, "label_ranking_average_precision_score": -1.0, "label_ranking_loss": -1.0, "training_time": 3.274203456000123, "test_time": 0.1239768919999733}, {"seed": "43",