{"id": 1510, "framework": "vowpal", "results": [{"seed": "2", "accuracy_score": 0.9298245614035088, "average_precision_score": 0.9087489420394346, "balanced_accuracy_score": 0.9188405797101449, "cohen_kappa_score": 0.8508341511285574, "f1_score_macro": 0.9253193580085162, "f1_score_micro": 0.9298245614035088, "f1_score_weighted": 0.9291809609185099, "matthews_corrcoef": 0.8532105001610621, "precision_score": 0.9178082191780822, "recall_score": 0.9710144927536232, "roc_auc_score": 0.9188405797101449, "coverage_error": -1.0, "label_ranking_average_precision_score": -1.0, "label_ranking_loss": -1.0, "training_time": 0.013379055002587847, "test_time": 0.0026672000021790154}, {"seed": "3", "accuracy_score": 0.9122807017543859, "average_precision_score": 0.8869855092576531, "balanced_accuracy_score": 0.8807432432432433, "cohen_kappa_score": 0.798158640226629, "f1_score_macro": 0.8985042735042736, "f1_score_micro": 0.9122807017543859, "f1_score_weighted": 0.909656620182936, "matthews_corrcoef": 0.8087720622533944, "precision_score": 0.8902439024390244, "recall_score": 0.9864864864864865, "roc_auc_score": 0.8807432432432432, "coverage_error": -1.0, "label_ranking_average_precision_score": -1.0, "label_ranking_loss": -1.0, "training_time": 0.011335877003148198, "test_time": 0.0026630400025169365}, {"seed": "5", "accuracy_score": 0.9298245614035088, "average_precision_score": 0.9247782097288676, "balanced_accuracy_score": 0.9308712121212122, "cohen_kappa_score": 0.856873822975518, "f1_score_macro": 0.9284144427001569, "f1_score_micro": 0.9298245614035088, "f1_score_weighted": 0.9300008262414277, "matthews_corrcoef": 0.8574228861430153, "precision_score": 0.953125, "recall_score": 0.9242424242424242, "roc_auc_score": 0.9308712121212122, "coverage_error": -1.0, "label_ranking_average_precision_score": -1.0, "label_ranking_loss": -1.0, "training_time": 0.015012297000794206, "test_time": 0.003959565001423471}, {"seed": "7", "accuracy_score": 0.8771929824561403, "average_precision_score": 0.8409090909090909, "balanced_accuracy_score": 0.825, "cohen_kappa_score": 0.7068332108743571, "f1_score_macro": 0.8507295173961842, "f1_score_micro": 0.8771929824561403, "f1_score_weighted": 0.8694744718136531, "matthews_corrcoef": 0.7393178674230111, "precision_score": 0.8409090909090909, "recall_score": 1.0, "roc_auc_score": 0.825, "coverage_error": -1.0, "label_ranking_average_precision_score": -1.0, "label_ranking_loss": -1.0, "training_time": 0.011034007002308499, "test_time": 0.002724040998145938}, {"seed": "11", "accuracy_score": 0.9473684210526315, "average_precision_score": 0.926829268292683, "balanced_accuracy_score": 0.9210526315789473, "cohen_kappa_score": 0.8767123287671232, "f1_score_macro": 0.9381555153707053, "f1_score_micro": 0.9473684210526315, "f1_score_weighted": 0.946112115732369, "matthews_corrcoef": 0.8834522085987724, "precision_score": 0.926829268292683, "recall_score": 1.0, "roc_auc_score": 0.9210526315789473, "coverage_error": -1.0, "label_ranking_average_precision_score": -1.0, "label_ranking_loss": -1.0, "training_time": 0.01155536099395249, "test_time": 0.002817909997247625}, {"seed": "13", "accuracy_score": 0.9210526315789473, "average_precision_score": 0.9097279807489066, "balanced_accuracy_score": 0.8899572649572649, "cohen_kappa_score": 0.8102108768035516, "f1_score_macro": 0.9048855103365162, "f1_score_micro": 0.9210526315789473, "f1_score_weighted": 0.9193327250637952, "matthews_corrcoef": 0.8147524404742659, "precision_score": 0.9156626506024096, "recall_score": 0.9743589743589743, "roc_auc_score": 0.889957264957265, "coverage_error": -1.0, "label_ranking_average_precision_score": -1.0, "label_ranking_loss": -1.0, "training_time": 0.011645344995486084, "test_time": 0.002942597995570395}, {"seed": "17", "accuracy_score": 0.8947368421052632, "average_precision_score": 0.9152046783625731, "balanced_accuracy_score": 0.8947368421052632, "cohen_kappa_score": 0.7692307692307692, "f1_score_macro": 0.8844594594594595, "f1_score_micro": 0.8947368421052632, "f1_score_weighted": 0.895945945945946, "matthews_corrcoef": 0.7715167498104596, "precision_score": 0.9444444444444444, "recall_score": 0.8947368421052632, "roc_auc_score": 0.8947368421052632, "coverage_error": -1.0, "label_ranking_average_precision_score": -1.0, "label_ranking_loss": -1.0, "training_time": 0.012913730999571271, "test_time": 0.003075446998991538}, {"seed": "19", "accuracy_score": 0.8596491228070176, "average_precision_score": 0.8117647058823529, "balanced_accuracy_score": 0.8222222222222222, "cohen_kappa_score": 0.6869207003089599, "f1_score_macro": 0.8399438399438399, "f1_score_micro": 0.8596491228070176, "f1_score_weighted": 0.8517670096617465, "matthews_corrcoef": 0.7232822788524276, "precision_score": 0.8117647058823529, "recall_score": 1.0, "roc_auc_score": 0.8222222222222222, "coverage_error": -1.0, "label_ranking_average_precision_score": -1.0, "label_ranking_loss": -1.0, "training_time": 0.011569886999495793, "test_time": 0.003253734997997526}, {"seed": "23", "accuracy_score": 0.9298245614035088, "average_precision_score": 0.9635087719298245, "balanced_accuracy_score": 0.9466666666666667, "cohen_kappa_score": 0.8514173998044966, "f1_score_macro": 0.9253193580085162, "f1_score_micro": 0.9298245614035088, "f1_score_weighted": 0.9311117623735066, "matthews_corrcoef": 0.8609742131705692, "precision_score": 1.0, "recall_score": 0.8933333333333333, "roc_auc_score": 0.9466666666666667, "coverage_error": -1.0, "label_ranking_average_precision_score": -1.0, "label_ranking_loss": -1.0, "training_time": 0.01143131699791411, "test_time": 0.0029234679968794808}, {"seed": "29", "accuracy_score": 0.9122807017543859, "average_precision_score": 0.929760316283667, "balanced_accuracy_score": 0.9148717948717948, "cohen_kappa_score": 0.8098098098098099, "f1_score_macro": 0.9047778149014367, "f1_score_micro": 0.9122807017543859, "f1_score_weighted": 0.9132185626110048, "matthews_corrcoef": 0.8121634463452103, "precision_score": 0.9577464788732394, "recall_score": 0.9066666666666666, "roc_auc_score": 0.914871794871795, "coverage_error": -1.0, "label_ranking_average_precision_score": -1.0, "label_ranking_loss": -1.0, "training_time": 0.011269909002294298, "test_time": 0.0027291590013192035}, {"seed": "31", "accuracy_score": 0.8947368421052632, "average_precision_score": 0.8531216099951371, "balanced_accuracy_score": 0.8755160368370911, "cohen_kappa_score": 0.775664152181043, "f1_score_macro": 0.8869047619047619, "f1_score_micro": 0.8947368421052632, "f1_score_weighted": 0.8921261487050962, "matthews_corrcoef": 0.7895844560790549, "precision_score": 0.8571428571428571, "recall_score": 0.9850746268656716, "roc_auc_score": 0.8755160368370911, "coverage_error": -1.0, "label_ranking_average_precision_score": -1.0, "label_ranking_loss": -1.0, "training_time": 0.011596854994422756, "test_time": 0.002672609996807296}, {"seed": "37", "accuracy_score": 0.8947368421052632, "average_precision_score": 0.8604651162790697, "balanced_accuracy_score": 0.85, "cohen_kappa_score": 0.7518142235123367, "f1_score_macro": 0.8742647058823529, "f1_score_micro": 0.8947368421052632, "f1_score_weighted": 0.8893962848297212, "matthews_corrcoef": 0.7760963737805692, "precision_score": 0.8604651162790697, "recall_score": 1.0, "roc_auc_score": 0.85, "coverage_error": -1.0, "label_ranking_average_precision_score": -1.0, "label_ranking_loss": -1.0, "training_time": 0.01149623999663163, "test_time": 0.002816538995830342}, {"seed": "41", "accuracy_score": 0.9298245614035088, "average_precision_score": 0.9024390243902439, "balanced_accuracy_score": 0.9, "cohen_kappa_score": 0.8385269121813032, "f1_score_macro": 0.9188034188034189, "f1_score_micro": 0.9298245614035088, "f1_score_weighted": 0.9277252961463488, "matthews_corrcoef": 0.8496771266264587, "precision_score": 0.9024390243902439, "recall_score": 1.0, "roc_auc_score": 0.9, "coverage_error": -1.0, "label_ranking_average_precision_score": -1.0, "label_ranking_loss": -1.0,