{"id": 44, "framework": "vowpal", "results": [{"seed": "2", "accuracy_score": 0.8957654723127035, "average_precision_score": 0.8618489250369781, "balanced_accuracy_score": 0.8797628342767909, "cohen_kappa_score": 0.7787940955716788, "f1_score_macro": 0.8888967077155063, "f1_score_micro": 0.8957654723127035, "f1_score_weighted": 0.8939657959990275, "matthews_corrcoef": 0.7863454906046649, "precision_score": 0.8710743801652893, "recall_score": 0.9669724770642202, "roc_auc_score": 0.879762834276791, "coverage_error": -1.0, "label_ranking_average_precision_score": -1.0, "label_ranking_loss": -1.0, "training_time": 0.04804548700485611, "test_time": 0.013872161005565431}, {"seed": "3", "accuracy_score": 0.8783930510314875, "average_precision_score": 0.8471035205145625, "balanced_accuracy_score": 0.8542549391230141, "cohen_kappa_score": 0.7346626950442178, "f1_score_macro": 0.8664899510235355, "f1_score_micro": 0.8783930510314875, "f1_score_weighted": 0.8753631710294633, "matthews_corrcoef": 0.744978126571771, "precision_score": 0.8562401263823065, "recall_score": 0.9626998223801065, "roc_auc_score": 0.8542549391230141, "coverage_error": -1.0, "label_ranking_average_precision_score": -1.0, "label_ranking_loss": -1.0, "training_time": 0.04860223399737151, "test_time": 0.014268637001805473}, {"seed": "5", "accuracy_score": 0.9022801302931596, "average_precision_score": 0.8825703538157036, "balanced_accuracy_score": 0.8843302337270671, "cohen_kappa_score": 0.7867726501003242, "f1_score_macro": 0.8931664690416043, "f1_score_micro": 0.9022801302931596, "f1_score_weighted": 0.9009249390289878, "matthews_corrcoef": 0.7903295973484697, "precision_score": 0.8943089430894309, "recall_score": 0.9565217391304348, "roc_auc_score": 0.884330233727067, "coverage_error": -1.0, "label_ranking_average_precision_score": -1.0, "label_ranking_loss": -1.0, "training_time": 0.04704099000082351, "test_time": 0.013738401998125482}, {"seed": "7", "accuracy_score": 0.8838219326818675, "average_precision_score": 0.8551194134692501, "balanced_accuracy_score": 0.8687496327633821, "cohen_kappa_score": 0.7534987730843983, "f1_score_macro": 0.8763781651226534, "f1_score_micro": 0.8838219326818675, "f1_score_weighted": 0.8822080184765512, "matthews_corrcoef": 0.7583459664417606, "precision_score": 0.8695652173913043, "recall_score": 0.9471766848816029, "roc_auc_score": 0.868749632763382, "coverage_error": -1.0, "label_ranking_average_precision_score": -1.0, "label_ranking_loss": -1.0, "training_time": 0.04947757400077535, "test_time": 0.013976078997075092}, {"seed": "11", "accuracy_score": 0.8892508143322475, "average_precision_score": 0.8662809646062694, "balanced_accuracy_score": 0.8762111569069143, "cohen_kappa_score": 0.7650886212691046, "f1_score_macro": 0.8823536778407839, "f1_score_micro": 0.8892508143322475, "f1_score_weighted": 0.8881373752573924, "matthews_corrcoef": 0.7677318857501806, "precision_score": 0.8830508474576271, "recall_score": 0.9404332129963899, "roc_auc_score": 0.8762111569069143, "coverage_error": -1.0, "label_ranking_average_precision_score": -1.0, "label_ranking_loss": -1.0, "training_time": 0.047470933001022786, "test_time": 0.013650640998093877}, {"seed": "13", "accuracy_score": 0.8990228013029316, "average_precision_score": 0.8710599335102787, "balanced_accuracy_score": 0.8845342620297248, "cohen_kappa_score": 0.785456112094942, "f1_score_macro": 0.8924304590100934, "f1_score_micro": 0.8990228013029317, "f1_score_weighted": 0.8976638535495833, "matthews_corrcoef": 0.7901141607934717, "precision_score": 0.882943143812709, "recall_score": 0.9582577132486388, "roc_auc_score": 0.8845342620297247, "coverage_error": -1.0, "label_ranking_average_precision_score": -1.0, "label_ranking_loss": -1.0, "training_time": 0.049226806993829086, "test_time": 0.013655760005349293}, {"seed": "17", "accuracy_score": 0.9087947882736156, "average_precision_score": 0.8860451185356425, "balanced_accuracy_score": 0.8991167183177076, "cohen_kappa_score": 0.8084888332186372, "f1_score_macro": 0.9041376302302758, "f1_score_micro": 0.9087947882736155, "f1_score_weighted": 0.9081065383164718, "matthews_corrcoef": 0.8103866016275046, "precision_score": 0.901213171577123, "recall_score": 0.9506398537477148, "roc_auc_score": 0.8991167183177078, "coverage_error": -1.0, "label_ranking_average_precision_score": -1.0, "label_ranking_loss": -1.0, "training_time": 0.04921757600095589, "test_time": 0.014099968000664376}, {"seed": "19", "accuracy_score": 0.8805646036916395, "average_precision_score": 0.8442059786033728, "balanced_accuracy_score": 0.8596471453075227, "cohen_kappa_score": 0.7434241517117719, "f1_score_macro": 0.8708162890573198, "f1_score_micro": 0.8805646036916395, "f1_score_weighted": 0.8777133179883206, "matthews_corrcoef": 0.7547522096602899, "precision_score": 0.8525641025641025, "recall_score": 0.9672727272727273, "roc_auc_score": 0.8596471453075227, "coverage_error": -1.0, "label_ranking_average_precision_score": -1.0, "label_ranking_loss": -1.0, "training_time": 0.04873393000161741, "test_time": 0.013672915003553499}, {"seed": "23", "accuracy_score": 0.9044516829533116, "average_precision_score": 0.8747744008876787, "balanced_accuracy_score": 0.8920386448010758, "cohen_kappa_score": 0.7988474081574911, "f1_score_macro": 0.8991589110635545, "f1_score_micro": 0.9044516829533116, "f1_score_weighted": 0.9032978085128907, "matthews_corrcoef": 0.8033004317582236, "precision_score": 0.8862478777589134, "recall_score": 0.9613259668508287, "roc_auc_score": 0.8920386448010758, "coverage_error": -1.0, "label_ranking_average_precision_score": -1.0, "label_ranking_loss": -1.0, "training_time": 0.0494908340042457, "test_time": 0.014743152001756243}, {"seed": "29", "accuracy_score": 0.8957654723127035, "average_precision_score": 0.8696328038289398, "balanced_accuracy_score": 0.8850741033061476, "cohen_kappa_score": 0.781455775048941, "f1_score_macro": 0.8905525846702318, "f1_score_micro": 0.8957654723127035, "f1_score_weighted": 0.8948318207946491, "matthews_corrcoef": 0.7840933819640209, "precision_score": 0.8860103626943006, "recall_score": 0.9447513812154696, "roc_auc_score": 0.8850741033061473, "coverage_error": -1.0, "label_ranking_average_precision_score": -1.0, "label_ranking_loss": -1.0, "training_time": 0.047232578006514814, "test_time": 0.013641609999467619}, {"seed": "31", "accuracy_score": 0.9163952225841476, "average_precision_score": 0.9043014908148693, "balanced_accuracy_score": 0.9065874405804353, "cohen_kappa_score": 0.820890885809321, "f1_score_macro": 0.9104127479007628, "f1_score_micro": 0.9163952225841476, "f1_score_weighted": 0.9159679029639061, "matthews_corrcoef": 0.8215334505571557, "precision_score": 0.9200680272108843, "recall_score": 0.9474605954465849, "roc_auc_score": 0.9065874405804353, "coverage_error": -1.0, "label_ranking_average_precision_score": -1.0, "label_ranking_loss": -1.0, "training_time": 0.04729008799768053, "test_time": 0.013872285999241285}, {"seed": "37", "accuracy_score": 0.9011943539630836, "average_precision_score": 0.8842220673479478, "balanced_accuracy_score": 0.8851872329731089, "cohen_kappa_score": 0.7852888357162803, "f1_score_macro": 0.8924944554686588, "f1_score_micro": 0.9011943539630836, "f1_score_weighted": 0.9000985652214194, "matthews_corrcoef": 0.7876801352509133, "precision_score": 0.8980263157894737, "recall_score": 0.9495652173913044, "roc_auc_score": 0.8851872329731088, "coverage_error": -1.0, "label_ranking_average_precision_score": -1.0, "label_ranking_loss": -1.0, "training_time": 0.049158948997501284, "test_time": 0.014591348997782916}, {"seed": "41", "accuracy_score": 0.9229098805646037, "average_precision_score": 0.89824187884017, "balanced_accuracy_score": 0.9148330049404525, "cohen_kappa_score": 0.8394536745371382, "f1_score_macro": 0.9196320262522353, "f1_score_micro": 0.9229098805646037, "f1_score_weighted": 0.9223635715125423, "matthews_corrcoef": 0.8415237123325036, "precision_score": 0.9103690685413005,