{"accuracy_score": 0.9478827361563518, "average_precision_score": 0.9322698846071608, "balanced_accuracy_score": 0.9445893089960886, "cohen_kappa_score": 0.8928259731192181, "f1_score_macro": 0.9464036312849162, "f1_score_micro": 0.9478827361563518, "f1_score_weighted": 0.9477667279311411, "matthews_corrcoef": 0.8931466220858496, "precision_score": 0.9447513812154696, "recall_score": 0.9661016949152542, "roc_auc_score": 0.9445893089960887, "training_time": "00:00:32", "test_time": "00:00:00"}