{"accuracy_score": 0.9565689467969598, "average_precision_score": 0.9449838142230748, "balanced_accuracy_score": 0.9545052875561351, "cohen_kappa_score": 0.9108711114982073, "f1_score_macro": 0.9554336149580465, "f1_score_micro": 0.9565689467969598, "f1_score_weighted": 0.956522606721902, "matthews_corrcoef": 0.9109525265410997, "precision_score": 0.957169459962756, "recall_score": 0.967984934086629, "roc_auc_score": 0.954505287556135, "training_time": "00:01:00", "test_time": "00:00:00"}