{"accuracy_score": 0.9283387622149837, "average_precision_score": 0.9045760215181269, "balanced_accuracy_score": 0.9221932493118934, "cohen_kappa_score": 0.8519270962744268, "f1_score_macro": 0.925902539397722, "f1_score_micro": 0.9283387622149837, "f1_score_weighted": 0.9279594700398412, "matthews_corrcoef": 0.8533801861423144, "precision_score": 0.9174147217235189, "recall_score": 0.9623352165725048, "roc_auc_score": 0.9221932493118933, "training_time": "00:01:11", "test_time": "00:00:03"}