{"accuracy_score": 0.9033659066232356, "average_precision_score": 0.8723606350034881, "balanced_accuracy_score": 0.8940677966101696, "cohen_kappa_score": 0.79929186898107, "f1_score_macro": 0.899438976245128, "f1_score_micro": 0.9033659066232356, "f1_score_weighted": 0.9024812684611345, "matthews_corrcoef": 0.8027305239894623, "precision_score": 0.8863636363636364, "recall_score": 0.9548022598870056, "roc_auc_score": 0.8940677966101696, "training_time": "00:01:07", "test_time": "00:00:00"}