{"framework": "tpot", "accuracy_score": 0.95825, "average_precision_score": -1.0, "balanced_accuracy_score": 0.9580442995002107, "cohen_kappa_score": 0.9565726484007845, "f1_score_macro": 0.9579046756800463, "f1_score_micro": 0.95825, "f1_score_weighted": 0.9583689126756705, "matthews_corrcoef": 0.9565858324112185, "precision_score": -1.0, "recall_score": -1.0, "roc_auc_score": -1.0, "training_time": "00:10:05", "test_time": "00:00:00"}