{"framework": "lightautoml", "accuracy_score": 0.00025, "average_precision_score": -1.0, "balanced_accuracy_score": 0.00024342745861733204, "cohen_kappa_score": -0.03969427424581862, "f1_score_macro": 0.0002513826043237808, "f1_score_micro": 0.00025, "f1_score_weighted": 0.0002581699346405229, "matthews_corrcoef": -0.03970316955037756, "precision_score": -1.0, "recall_score": -1.0, "roc_auc_score": -1.0, "training_time": "00:04:36", "test_time": "00:00:02"}