{"framework": "evalml", "accuracy_score": 0.935, "average_precision_score": -1.0, "balanced_accuracy_score": 0.935215353115686, "cohen_kappa_score": 0.9323891609683407, "f1_score_macro": 0.9349911645438428, "f1_score_micro": 0.935, "f1_score_weighted": 0.9350968186620288, "matthews_corrcoef": 0.9324108616697598, "precision_score": -1.0, "recall_score": -1.0, "roc_auc_score": -1.0, "training_time": "00:10:29", "test_time": "00:00:00"}