{"framework": "autosklearn", "accuracy_score": 0.98125, "average_precision_score": -1.0, "balanced_accuracy_score": 0.9811372563498811, "cohen_kappa_score": 0.9804964917089286, "f1_score_macro": 0.9810048687238212, "f1_score_micro": 0.98125, "f1_score_weighted": 0.9812529343858827, "matthews_corrcoef": 0.9805040772762887, "precision_score": -1.0, "recall_score": -1.0, "roc_auc_score": -1.0, "training_time": "00:30:13", "test_time": "00:00:22"}