{"framework": "flaml", "accuracy_score": 0.97325, "average_precision_score": -1.0, "balanced_accuracy_score": 0.9731958511867765, "cohen_kappa_score": 0.9721752987384749, "f1_score_macro": 0.9729715386846183, "f1_score_micro": 0.97325, "f1_score_weighted": 0.9732869701901854, "matthews_corrcoef": 0.9721828199348189, "precision_score": -1.0, "recall_score": -1.0, "roc_auc_score": -1.0, "training_time": "00:10:02", "test_time": "00:00:00"}