{"framework": "h2o", "accuracy_score": 0.7055, "average_precision_score": -1.0, "balanced_accuracy_score": 0.703679564711223, "cohen_kappa_score": 0.6936586628057603, "f1_score_macro": 0.70211852841654, "f1_score_micro": 0.7055, "f1_score_weighted": 0.7038139083058464, "matthews_corrcoef": 0.6940779513807356, "precision_score": -1.0, "recall_score": -1.0, "roc_auc_score": -1.0, "training_time": "00:10:06", "test_time": "00:00:00"}