{"framework": "autokeras", "accuracy_score": 0.76175, "average_precision_score": -1.0, "balanced_accuracy_score": 0.7614767484848524, "cohen_kappa_score": 0.7521941897858372, "f1_score_macro": 0.7604577348158514, "f1_score_micro": 0.76175, "f1_score_weighted": 0.7615446514343602, "matthews_corrcoef": 0.7523981614038664, "precision_score": -1.0, "recall_score": -1.0, "roc_auc_score": -1.0, "training_time": "00:01:30", "test_time": "00:00:01"}