{
    "id": 41464,
    "framework": "autogluon",
    "results": [
        {
            "seed": "2",
            "accuracy_score": 0.6589147286821705,
            "average_precision_score": -1.0,
            "balanced_accuracy_score": 0.10317460317460317,
            "cohen_kappa_score": 0.4326836581709146,
            "f1_score_macro": 0.06353285008255768,
            "f1_score_micro": 0.6589147286821705,
            "f1_score_weighted": 0.5868398516977328,
            "matthews_corrcoef": 0.4434462903137875,
            "precision_score": -1.0,
            "recall_score": -1.0,
            "roc_auc_score": -1.0,
            "coverage_error": -1.0,
            "label_ranking_average_precision_score": -1.0,
            "label_ranking_loss": -1.0,
            "training_time": 300.67340058926493,
            "test_time": 0.1546573657542467
        },
        {
            "seed": "3",
            "accuracy_score": 0.6124031007751938,
            "average_precision_score": -1.0,
            "balanced_accuracy_score": 0.1488201136644428,
            "cohen_kappa_score": 0.3618284357376078,
            "f1_score_macro": 0.10612535612535612,
            "f1_score_micro": 0.6124031007751938,
            "f1_score_weighted": 0.5437840941716912,
            "matthews_corrcoef": 0.3760564499254625,
            "precision_score": -1.0,
            "recall_score": -1.0,
            "roc_auc_score": -1.0,
            "coverage_error": -1.0,
            "label_ranking_average_precision_score": -1.0,
            "label_ranking_loss": -1.0,
            "training_time": 300.6072474308312,
            "test_time": 0.3377337083220482
        },
        {
            "seed": "5",
            "accuracy_score": 0.5271317829457365,
            "average_precision_score": -1.0,
            "balanced_accuracy_score": 0.10504747626186905,
            "cohen_kappa_score": 0.33063967335828526,
            "f1_score_macro": 0.08171785955761615,
            "f1_score_micro": 0.5271317829457365,
            "f1_score_weighted": 0.447155451327818,
            "matthews_corrcoef": 0.3446349479882303,
            "precision_score": -1.0,
            "recall_score": -1.0,
            "roc_auc_score": -1.0,
            "coverage_error": -1.0,
            "label_ranking_average_precision_score": -1.0,
            "label_ranking_loss": -1.0,
            "training_time": 300.7403747346252,
            "test_time": 0.25980016589164734
        },
        {
            "seed": "7",
            "accuracy_score": 0.4883720930232558,
            "average_precision_score": -1.0,
            "balanced_accuracy_score": 0.14958687877666788,
            "cohen_kappa_score": 0.33994883324288705,
            "f1_score_macro": 0.08915467826474853,
            "f1_score_micro": 0.4883720930232558,
            "f1_score_weighted": 0.4219420389835945,
            "matthews_corrcoef": 0.34657013973038925,
            "precision_score": -1.0,
            "recall_score": -1.0,
            "roc_auc_score": -1.0,
            "coverage_error": -1.0,
            "label_ranking_average_precision_score": -1.0,
            "label_ranking_loss": -1.0,
            "training_time": 300.5626838747412,
            "test_time": 0.1389723252505064
        },
        {
            "seed": "11",
            "accuracy_score": 0.5736434108527132,
            "average_precision_score": -1.0,
            "balanced_accuracy_score": 0.1485984464707869,
            "cohen_kappa_score": 0.3851286939942803,
            "f1_score_macro": 0.11074911004488469,
            "f1_score_micro": 0.5736434108527132,
            "f1_score_weighted": 0.500441408138755,
            "matthews_corrcoef": 0.3964606953792899,
            "precision_score": -1.0,
            "recall_score": -1.0,
            "roc_auc_score": -1.0,
            "coverage_error": -1.0,
            "label_ranking_average_precision_score": -1.0,
            "label_ranking_loss": -1.0,
            "training_time": 300.66493064537644,
            "test_time": 0.17942639999091625
        },
        {
            "seed": "13",
            "accuracy_score": 0.5503875968992248,
            "average_precision_score": -1.0,
            "balanced_accuracy_score": 0.21394557823129254,
            "cohen_kappa_score": 0.3402116402116403,
            "f1_score_macro": 0.1617436448263516,
            "f1_score_micro": 0.5503875968992248,
            "f1_score_weighted": 0.4534620049570215,
            "matthews_corrcoef": 0.360925735478976,
            "precision_score": -1.0,
            "recall_score": -1.0,
            "roc_auc_score": -1.0,
            "coverage_error": -1.0,
            "label_ranking_average_precision_score": -1.0,
            "label_ranking_loss": -1.0,
            "training_time": 300.63065032381564,
            "test_time": 0.1811031885445118
        },
        {
            "seed": "17",
            "accuracy_score": 0.5736434108527132,
            "average_precision_score": -1.0,
            "balanced_accuracy_score": 0.14964430894308942,
            "cohen_kappa_score": 0.3993905019893339,
            "f1_score_macro": 0.09376793948804818,
            "f1_score_micro": 0.5736434108527132,
            "f1_score_weighted": 0.5391581567516857,
            "matthews_corrcoef": 0.4037109114459273,
            "precision_score": -1.0,
            "recall_score": -1.0,
            "roc_auc_score": -1.0,
            "coverage_error": -1.0,
            "label_ranking_average_precision_score": -1.0,
            "label_ranking_loss": -1.0,
            "training_time": 300.62240751087666,
            "test_time": 0.12816640827804804
        },
        {
            "seed": "19",
            "accuracy_score": 0.3953488372093023,
            "average_precision_score": -1.0,
            "balanced_accuracy_score": 0.06621468926553672,
            "cohen_kappa_score": 0.20136518771331058,
            "f1_score_macro": 0.034934228412489284,
            "f1_score_micro": 0.3953488372093023,
            "f1_score_weighted": 0.3662835441905209,
            "matthews_corrcoef": 0.20331159783343683,
            "precision_score": -1.0,
            "recall_score": -1.0,
            "roc_auc_score": -1.0,
            "coverage_error": -1.0,
            "label_ranking_average_precision_score": -1.0,
            "label_ranking_loss": -1.0,
            "training_time": 300.6440357873216,
            "test_time": 0.010515437461435795
        },
        {
            "seed": "23",
            "accuracy_score": 0.5038759689922481,
            "average_precision_score": -1.0,
            "balanced_accuracy_score": 0.18636363636363637,
            "cohen_kappa_score": 0.3536871770784408,
            "f1_score_macro": 0.11550677021107131,
            "f1_score_micro": 0.5038759689922481,
            "f1_score_weighted": 0.4573309994165208,
            "matthews_corrcoef": 0.35922202041672324,
            "precision_score": -1.0,
            "recall_score": -1.0,
            "roc_auc_score": -1.0,
            "coverage_error": -1.0,
            "label_ranking_average_precision_score": -1.0,
            "label_ranking_loss": -1.0,
            "training_time": 300.6898417957127,
            "test_time": 0.0887683592736721
        },
        {
            "seed": "29",
            "accuracy_score": 0.5038759689922481,
            "average_precision_score": -1.0,
            "balanced_accuracy_score": 0.1321969696969697,
            "cohen_kappa_score": 0.3453334390611372,
            "f1_score_macro": 0.08532857567647932,
            "f1_score_micro": 0.5038759689922481,
            "f1_score_weighted": 0.48793689650482797,
            "matthews_corrcoef": 0.34854572145814267,
            "precision_score": -1.0,
            "recall_score": -1.0,
            "roc_auc_score": -1.0,
            "coverage_error": -1.0,
            "label_ranking_average_precision_score": -1.0,
            "label_ranking_loss": -1.0,
            "training_time": 300.7132818158716,