{
    "id": 41464,
    "framework": "tpot",
    "results": [
        {
            "seed": "2",
            "accuracy_score": 0.6124031007751938,
            "average_precision_score": -1.0,
            "balanced_accuracy_score": 0.049319727891156455,
            "cohen_kappa_score": 0.3077913715389571,
            "f1_score_macro": 0.032053674830830485,
            "f1_score_micro": 0.6124031007751938,
            "f1_score_weighted": 0.5183511352422002,
            "matthews_corrcoef": 0.329775863971081,
            "precision_score": -1.0,
            "recall_score": -1.0,
            "roc_auc_score": -1.0,
            "coverage_error": -1.0,
            "label_ranking_average_precision_score": -1.0,
            "label_ranking_loss": -1.0,
            "training_time": 309.094266760163,
            "test_time": 0.014246870763599873
        },
        {
            "seed": "3",
            "accuracy_score": 0.5581395348837209,
            "average_precision_score": -1.0,
            "balanced_accuracy_score": 0.031578947368421054,
            "cohen_kappa_score": 0.2194267515923568,
            "f1_score_macro": 0.02284356725146199,
            "f1_score_micro": 0.5581395348837209,
            "f1_score_weighted": 0.460276984450791,
            "matthews_corrcoef": 0.24396206080370889,
            "precision_score": -1.0,
            "recall_score": -1.0,
            "roc_auc_score": -1.0,
            "coverage_error": -1.0,
            "label_ranking_average_precision_score": -1.0,
            "label_ranking_loss": -1.0,
            "training_time": 319.5542191443965,
            "test_time": 0.012836211360991001
        },
        {
            "seed": "5",
            "accuracy_score": 0.43410852713178294,
            "average_precision_score": -1.0,
            "balanced_accuracy_score": 0.060382308845577215,
            "cohen_kappa_score": 0.2684120571783719,
            "f1_score_macro": 0.03603579083455244,
            "f1_score_micro": 0.43410852713178294,
            "f1_score_weighted": 0.400809769346021,
            "matthews_corrcoef": 0.271173615847394,
            "precision_score": -1.0,
            "recall_score": -1.0,
            "roc_auc_score": -1.0,
            "coverage_error": -1.0,
            "label_ranking_average_precision_score": -1.0,
            "label_ranking_loss": -1.0,
            "training_time": 335.30509223695844,
            "test_time": 0.005291558802127838
        },
        {
            "seed": "7",
            "accuracy_score": 0.4496124031007752,
            "average_precision_score": -1.0,
            "balanced_accuracy_score": 0.05555555555555556,
            "cohen_kappa_score": 0.24218103590931672,
            "f1_score_macro": 0.03289537712895377,
            "f1_score_micro": 0.44961240310077516,
            "f1_score_weighted": 0.34062505894113426,
            "matthews_corrcoef": 0.26636690251963946,
            "precision_score": -1.0,
            "recall_score": -1.0,
            "roc_auc_score": -1.0,
            "coverage_error": -1.0,
            "label_ranking_average_precision_score": -1.0,
            "label_ranking_loss": -1.0,
            "training_time": 366.14246596954763,
            "test_time": 0.010304431430995464
        },
        {
            "seed": "11",
            "accuracy_score": 0.49612403100775193,
            "average_precision_score": -1.0,
            "balanced_accuracy_score": 0.09836203985140156,
            "cohen_kappa_score": 0.32066758486591596,
            "f1_score_macro": 0.05536665410532182,
            "f1_score_micro": 0.49612403100775193,
            "f1_score_weighted": 0.4602837820793473,
            "matthews_corrcoef": 0.32387168342137673,
            "precision_score": -1.0,
            "recall_score": -1.0,
            "roc_auc_score": -1.0,
            "coverage_error": -1.0,
            "label_ranking_average_precision_score": -1.0,
            "label_ranking_loss": -1.0,
            "training_time": 302.6719100465998,
            "test_time": 0.005279550328850746
        },
        {
            "seed": "13",
            "accuracy_score": 0.4573643410852713,
            "average_precision_score": -1.0,
            "balanced_accuracy_score": 0.07482993197278912,
            "cohen_kappa_score": 0.26924010682204413,
            "f1_score_macro": 0.04029304029304029,
            "f1_score_micro": 0.4573643410852713,
            "f1_score_weighted": 0.4134650878836925,
            "matthews_corrcoef": 0.27300742613136236,
            "precision_score": -1.0,
            "recall_score": -1.0,
            "roc_auc_score": -1.0,
            "coverage_error": -1.0,
            "label_ranking_average_precision_score": -1.0,
            "label_ranking_loss": -1.0,
            "training_time": 430.12220932450145,
            "test_time": 0.005239300429821014
        },
        {
            "seed": "17",
            "accuracy_score": 0.5426356589147286,
            "average_precision_score": -1.0,
            "balanced_accuracy_score": 0.04878048780487805,
            "cohen_kappa_score": 0.28729281767955817,
            "f1_score_macro": 0.033709937146122276,
            "f1_score_micro": 0.5426356589147286,
            "f1_score_weighted": 0.4465522177645861,
            "matthews_corrcoef": 0.3076303072473937,
            "precision_score": -1.0,
            "recall_score": -1.0,
            "roc_auc_score": -1.0,
            "coverage_error": -1.0,
            "label_ranking_average_precision_score": -1.0,
            "label_ranking_loss": -1.0,
            "training_time": 361.7342995814979,
            "test_time": 0.013149990700185299
        },
        {
            "seed": "19",
            "accuracy_score": 0.4806201550387597,
            "average_precision_score": -1.0,
            "balanced_accuracy_score": 0.035555555555555556,
            "cohen_kappa_score": 0.15413975337639452,
            "f1_score_macro": 0.020734791015915514,
            "f1_score_micro": 0.4806201550387597,
            "f1_score_weighted": 0.3337276755601217,
            "matthews_corrcoef": 0.2014922962127803,
            "precision_score": -1.0,
            "recall_score": -1.0,
            "roc_auc_score": -1.0,
            "coverage_error": -1.0,
            "label_ranking_average_precision_score": -1.0,
            "label_ranking_loss": -1.0,
            "training_time": 358.99427506234497,
            "test_time": 0.009770035743713379
        },
        {
            "seed": "23",
            "accuracy_score": 0.4496124031007752,
            "average_precision_score": -1.0,
            "balanced_accuracy_score": 0.04128787878787879,
            "cohen_kappa_score": 0.22584735018172608,
            "f1_score_macro": 0.025097637869376997,
            "f1_score_micro": 0.44961240310077516,
            "f1_score_weighted": 0.34444254767813914,
            "matthews_corrcoef": 0.25330385378915227,
            "precision_score": -1.0,
            "recall_score": -1.0,
            "roc_auc_score": -1.0,
            "coverage_error": -1.0,
            "label_ranking_average_precision_score": -1.0,
            "label_ranking_loss": -1.0,
            "training_time": 433.28088282141834,
            "test_time": 0.00917709432542324
        },
        {
            "seed": "29",
            "accuracy_score": 0.5271317829457365,
            "average_precision_score": -1.0,
            "balanced_accuracy_score": 0.08371212121212121,
            "cohen_kappa_score": 0.2692236255572066,
            "f1_score_macro": 0.03998384822248458,
            "f1_score_micro": 0.5271317829457365,
            "f1_score_weighted": 0.3946091591440428,
            "matthews_corrcoef": 0.3010282486627159,
            "precision_score": -1.0,
            "recall_score": -1.0,
            "roc_auc_score": -1.0,
            "coverage_error": -1.0,
            "label_ranking_average_precision_score": -1.0,
            "label_ranking_loss": -1.0,
            "training_time": 350.6016633352265,