{
    "id": 41464,
    "framework": "h2o",
    "results": [
        {
            "seed": "2",
            "accuracy_score": 0.6821705426356589,
            "average_precision_score": -1.0,
            "balanced_accuracy_score": 0.13095238095238096,
            "cohen_kappa_score": 0.47988986134329825,
            "f1_score_macro": 0.09705320399764844,
            "f1_score_micro": 0.6821705426356589,
            "f1_score_weighted": 0.6300049218653869,
            "matthews_corrcoef": 0.48776865741037667,
            "precision_score": -1.0,
            "recall_score": -1.0,
            "roc_auc_score": -1.0,
            "coverage_error": -1.0,
            "label_ranking_average_precision_score": -1.0,
            "label_ranking_loss": -1.0,
            "training_time": 307.61178736947477,
            "test_time": 0.5127806635573506
        },
        {
            "seed": "3",
            "accuracy_score": 0.6201550387596899,
            "average_precision_score": -1.0,
            "balanced_accuracy_score": 0.17162713120830245,
            "cohen_kappa_score": 0.39483006223073247,
            "f1_score_macro": 0.11470098033057366,
            "f1_score_micro": 0.6201550387596899,
            "f1_score_weighted": 0.5620283752412326,
            "matthews_corrcoef": 0.4039253611521465,
            "precision_score": -1.0,
            "recall_score": -1.0,
            "roc_auc_score": -1.0,
            "coverage_error": -1.0,
            "label_ranking_average_precision_score": -1.0,
            "label_ranking_loss": -1.0,
            "training_time": 325.20471188705415,
            "test_time": 0.5170486671850085
        },
        {
            "seed": "5",
            "accuracy_score": 0.5271317829457365,
            "average_precision_score": -1.0,
            "balanced_accuracy_score": 0.12135182408795601,
            "cohen_kappa_score": 0.342056856187291,
            "f1_score_macro": 0.094369911707373,
            "f1_score_micro": 0.5271317829457365,
            "f1_score_weighted": 0.4522673151948118,
            "matthews_corrcoef": 0.35265615466447026,
            "precision_score": -1.0,
            "recall_score": -1.0,
            "roc_auc_score": -1.0,
            "coverage_error": -1.0,
            "label_ranking_average_precision_score": -1.0,
            "label_ranking_loss": -1.0,
            "training_time": 313.0479648290202,
            "test_time": 0.5078739086166024
        },
        {
            "seed": "7",
            "accuracy_score": 0.5581395348837209,
            "average_precision_score": -1.0,
            "balanced_accuracy_score": 0.22348624984585025,
            "cohen_kappa_score": 0.41767640769779046,
            "f1_score_macro": 0.15503981120007057,
            "f1_score_micro": 0.5581395348837209,
            "f1_score_weighted": 0.49170655993582196,
            "matthews_corrcoef": 0.43086623073056995,
            "precision_score": -1.0,
            "recall_score": -1.0,
            "roc_auc_score": -1.0,
            "coverage_error": -1.0,
            "label_ranking_average_precision_score": -1.0,
            "label_ranking_loss": -1.0,
            "training_time": 305.56058938708156,
            "test_time": 0.5094663156196475
        },
        {
            "seed": "11",
            "accuracy_score": 0.5891472868217055,
            "average_precision_score": -1.0,
            "balanced_accuracy_score": 0.16987504221546776,
            "cohen_kappa_score": 0.41156726052155956,
            "f1_score_macro": 0.11766339607884961,
            "f1_score_micro": 0.5891472868217055,
            "f1_score_weighted": 0.5234364568852445,
            "matthews_corrcoef": 0.4206114630776676,
            "precision_score": -1.0,
            "recall_score": -1.0,
            "roc_auc_score": -1.0,
            "coverage_error": -1.0,
            "label_ranking_average_precision_score": -1.0,
            "label_ranking_loss": -1.0,
            "training_time": 310.1327825700864,
            "test_time": 0.5075605409219861
        },
        {
            "seed": "13",
            "accuracy_score": 0.5116279069767442,
            "average_precision_score": -1.0,
            "balanced_accuracy_score": 0.12210884353741497,
            "cohen_kappa_score": 0.29034229828850866,
            "f1_score_macro": 0.07884099616858237,
            "f1_score_micro": 0.5116279069767442,
            "f1_score_weighted": 0.4185600997950637,
            "matthews_corrcoef": 0.3052934135007982,
            "precision_score": -1.0,
            "recall_score": -1.0,
            "roc_auc_score": -1.0,
            "coverage_error": -1.0,
            "label_ranking_average_precision_score": -1.0,
            "label_ranking_loss": -1.0,
            "training_time": 308.5827478505671,
            "test_time": 0.5089986249804497
        },
        {
            "seed": "17",
            "accuracy_score": 0.627906976744186,
            "average_precision_score": -1.0,
            "balanced_accuracy_score": 0.21341463414634146,
            "cohen_kappa_score": 0.455456863952159,
            "f1_score_macro": 0.15747863247863247,
            "f1_score_micro": 0.627906976744186,
            "f1_score_weighted": 0.5611541774332471,
            "matthews_corrcoef": 0.4665377284488979,
            "precision_score": -1.0,
            "recall_score": -1.0,
            "roc_auc_score": -1.0,
            "coverage_error": -1.0,
            "label_ranking_average_precision_score": -1.0,
            "label_ranking_loss": -1.0,
            "training_time": 305.03871889412403,
            "test_time": 0.5106088351458311
        },
        {
            "seed": "19",
            "accuracy_score": 0.5116279069767442,
            "average_precision_score": -1.0,
            "balanced_accuracy_score": 0.0951789077212806,
            "cohen_kappa_score": 0.2889141657187856,
            "f1_score_macro": 0.061807332697743654,
            "f1_score_micro": 0.5116279069767442,
            "f1_score_weighted": 0.42077242427672495,
            "matthews_corrcoef": 0.30641512326615766,
            "precision_score": -1.0,
            "recall_score": -1.0,
            "roc_auc_score": -1.0,
            "coverage_error": -1.0,
            "label_ranking_average_precision_score": -1.0,
            "label_ranking_loss": -1.0,
            "training_time": 307.5449691126123,
            "test_time": 0.5094874231144786
        },
        {
            "seed": "23",
            "accuracy_score": 0.5426356589147286,
            "average_precision_score": -1.0,
            "balanced_accuracy_score": 0.19264520202020205,
            "cohen_kappa_score": 0.3910712857028563,
            "f1_score_macro": 0.14180034301856337,
            "f1_score_micro": 0.5426356589147286,
            "f1_score_weighted": 0.47659076227390185,
            "matthews_corrcoef": 0.399911649574963,
            "precision_score": -1.0,
            "recall_score": -1.0,
            "roc_auc_score": -1.0,
            "coverage_error": -1.0,
            "label_ranking_average_precision_score": -1.0,
            "label_ranking_loss": -1.0,
            "training_time": 314.83535804226995,
            "test_time": 0.5135371256619692
        },
        {
            "seed": "29",
            "accuracy_score": 0.5348837209302325,
            "average_precision_score": -1.0,
            "balanced_accuracy_score": 0.13106060606060607,
            "cohen_kappa_score": 0.3517044978641428,
            "f1_score_macro": 0.07572390572390572,
            "f1_score_micro": 0.5348837209302325,
            "f1_score_weighted": 0.46791559000861327,
            "matthews_corrcoef": 0.3588975723803036,
            "precision_score": -1.0,
            "recall_score": -1.0,
            "roc_auc_score": -1.0,
            "coverage_error": -1.0,
            "label_ranking_average_precision_score": -1.0,
            "label_ranking_loss": -1.0,
            "training_time": 309.90881668403745,