{
    "id": 41464,
    "framework": "autosklearn",
    "results": [
        {
            "seed": "2",
            "accuracy_score": 0.6744186046511628,
            "average_precision_score": -1.0,
            "balanced_accuracy_score": 0.1349206349206349,
            "cohen_kappa_score": 0.45156392347403596,
            "f1_score_macro": 0.09418576003941857,
            "f1_score_micro": 0.6744186046511628,
            "f1_score_weighted": 0.6063948236381589,
            "matthews_corrcoef": 0.46429197241606274,
            "precision_score": -1.0,
            "recall_score": -1.0,
            "roc_auc_score": -1.0,
            "coverage_error": -1.0,
            "label_ranking_average_precision_score": -1.0,
            "label_ranking_loss": -1.0,
            "training_time": 308.91573222726583,
            "test_time": 1.789751905016601
        },
        {
            "seed": "3",
            "accuracy_score": 0.627906976744186,
            "average_precision_score": -1.0,
            "balanced_accuracy_score": 0.13691005683222138,
            "cohen_kappa_score": 0.4031231925968768,
            "f1_score_macro": 0.08867512781014891,
            "f1_score_micro": 0.627906976744186,
            "f1_score_weighted": 0.569043647289158,
            "matthews_corrcoef": 0.4137201655185938,
            "precision_score": -1.0,
            "recall_score": -1.0,
            "roc_auc_score": -1.0,
            "coverage_error": -1.0,
            "label_ranking_average_precision_score": -1.0,
            "label_ranking_loss": -1.0,
            "training_time": 304.452654263936,
            "test_time": 1.2125675585120916
        },
        {
            "seed": "5",
            "accuracy_score": 0.5503875968992248,
            "average_precision_score": -1.0,
            "balanced_accuracy_score": 0.15758370814592704,
            "cohen_kappa_score": 0.3664154458463883,
            "f1_score_macro": 0.1257058336818677,
            "f1_score_micro": 0.5503875968992248,
            "f1_score_weighted": 0.47417405792648143,
            "matthews_corrcoef": 0.3804076482712747,
            "precision_score": -1.0,
            "recall_score": -1.0,
            "roc_auc_score": -1.0,
            "coverage_error": -1.0,
            "label_ranking_average_precision_score": -1.0,
            "label_ranking_loss": -1.0,
            "training_time": 319.79938313551247,
            "test_time": 2.8324199710041285
        },
        {
            "seed": "7",
            "accuracy_score": 0.49612403100775193,
            "average_precision_score": -1.0,
            "balanced_accuracy_score": 0.10583919102232088,
            "cohen_kappa_score": 0.31534253286519154,
            "f1_score_macro": 0.0717675793368757,
            "f1_score_micro": 0.49612403100775193,
            "f1_score_weighted": 0.40196415486245407,
            "matthews_corrcoef": 0.3324868228284558,
            "precision_score": -1.0,
            "recall_score": -1.0,
            "roc_auc_score": -1.0,
            "coverage_error": -1.0,
            "label_ranking_average_precision_score": -1.0,
            "label_ranking_loss": -1.0,
            "training_time": 298.0248032240197,
            "test_time": 0.3680306049063802
        },
        {
            "seed": "11",
            "accuracy_score": 0.5813953488372093,
            "average_precision_score": -1.0,
            "balanced_accuracy_score": 0.16987504221546776,
            "cohen_kappa_score": 0.39457674256909436,
            "f1_score_macro": 0.11125804443065773,
            "f1_score_micro": 0.5813953488372093,
            "f1_score_weighted": 0.510138000014881,
            "matthews_corrcoef": 0.4054705637688713,
            "precision_score": -1.0,
            "recall_score": -1.0,
            "roc_auc_score": -1.0,
            "coverage_error": -1.0,
            "label_ranking_average_precision_score": -1.0,
            "label_ranking_loss": -1.0,
            "training_time": 300.2279472295195,
            "test_time": 0.8217801889404655
        },
        {
            "seed": "13",
            "accuracy_score": 0.5348837209302325,
            "average_precision_score": -1.0,
            "balanced_accuracy_score": 0.15612244897959185,
            "cohen_kappa_score": 0.33942135358880277,
            "f1_score_macro": 0.10029724655819774,
            "f1_score_micro": 0.5348837209302325,
            "f1_score_weighted": 0.46495684204739124,
            "matthews_corrcoef": 0.3507713095236877,
            "precision_score": -1.0,
            "recall_score": -1.0,
            "roc_auc_score": -1.0,
            "coverage_error": -1.0,
            "label_ranking_average_precision_score": -1.0,
            "label_ranking_loss": -1.0,
            "training_time": 300.90455898456275,
            "test_time": 1.7709245616570115
        },
        {
            "seed": "17",
            "accuracy_score": 0.6356589147286822,
            "average_precision_score": -1.0,
            "balanced_accuracy_score": 0.19308943089430894,
            "cohen_kappa_score": 0.44886828470139084,
            "f1_score_macro": 0.14648148148148146,
            "f1_score_micro": 0.6356589147286822,
            "f1_score_weighted": 0.550749354005168,
            "matthews_corrcoef": 0.46765414922275916,
            "precision_score": -1.0,
            "recall_score": -1.0,
            "roc_auc_score": -1.0,
            "coverage_error": -1.0,
            "label_ranking_average_precision_score": -1.0,
            "label_ranking_loss": -1.0,
            "training_time": 302.5449368013069,
            "test_time": 2.9838668815791607
        },
        {
            "seed": "19",
            "accuracy_score": 0.5348837209302325,
            "average_precision_score": -1.0,
            "balanced_accuracy_score": 0.10444444444444442,
            "cohen_kappa_score": 0.31872194349089,
            "f1_score_macro": 0.06754679272839079,
            "f1_score_micro": 0.5348837209302325,
            "f1_score_weighted": 0.4353653606145301,
            "matthews_corrcoef": 0.33975901225840893,
            "precision_score": -1.0,
            "recall_score": -1.0,
            "roc_auc_score": -1.0,
            "coverage_error": -1.0,
            "label_ranking_average_precision_score": -1.0,
            "label_ranking_loss": -1.0,
            "training_time": 313.37118566874415,
            "test_time": 4.887488231062889
        },
        {
            "seed": "23",
            "accuracy_score": 0.5193798449612403,
            "average_precision_score": -1.0,
            "balanced_accuracy_score": 0.16969696969696968,
            "cohen_kappa_score": 0.364127842264271,
            "f1_score_macro": 0.11737386993292505,
            "f1_score_micro": 0.5193798449612403,
            "f1_score_weighted": 0.4665411978541442,
            "matthews_corrcoef": 0.371714618284189,
            "precision_score": -1.0,
            "recall_score": -1.0,
            "roc_auc_score": -1.0,
            "coverage_error": -1.0,
            "label_ranking_average_precision_score": -1.0,
            "label_ranking_loss": -1.0,
            "training_time": 299.30672007612884,
            "test_time": 0.7130133975297213
        },
        {
            "seed": "29",
            "accuracy_score": 0.5426356589147286,
            "average_precision_score": -1.0,
            "balanced_accuracy_score": 0.13674242424242425,
            "cohen_kappa_score": 0.344275006461618,
            "f1_score_macro": 0.08165526849037487,
            "f1_score_micro": 0.5426356589147286,
            "f1_score_weighted": 0.46469019737203804,
            "matthews_corrcoef": 0.3567430350827093,
            "precision_score": -1.0,
            "recall_score": -1.0,
            "roc_auc_score": -1.0,
            "coverage_error": -1.0,
            "label_ranking_average_precision_score": -1.0,
            "label_ranking_loss": -1.0,
            "training_time": 304.78511096630245,