{
    "id": 41464,
    "framework": "pycaret",
    "results": [
        {
            "seed": "2",
            "accuracy_score": 0.689922480620155,
            "average_precision_score": -1.0,
            "balanced_accuracy_score": 0.18253968253968253,
            "cohen_kappa_score": 0.49242573283493996,
            "f1_score_macro": 0.12789003759398496,
            "f1_score_micro": 0.689922480620155,
            "f1_score_weighted": 0.6326193390452876,
            "matthews_corrcoef": 0.5009712972090036,
            "precision_score": -1.0,
            "recall_score": -1.0,
            "roc_auc_score": -1.0,
            "coverage_error": -1.0,
            "label_ranking_average_precision_score": -1.0,
            "label_ranking_loss": -1.0,
            "training_time": 484.2030202988535,
            "test_time": 0.144214759580791
        },
        {
            "seed": "3",
            "accuracy_score": 0.627906976744186,
            "average_precision_score": -1.0,
            "balanced_accuracy_score": 0.16285520138374102,
            "cohen_kappa_score": 0.4115187226762973,
            "f1_score_macro": 0.10769569936236605,
            "f1_score_micro": 0.627906976744186,
            "f1_score_weighted": 0.5770991282619189,
            "matthews_corrcoef": 0.420148265495792,
            "precision_score": -1.0,
            "recall_score": -1.0,
            "roc_auc_score": -1.0,
            "coverage_error": -1.0,
            "label_ranking_average_precision_score": -1.0,
            "label_ranking_loss": -1.0,
            "training_time": 505.65970946196467,
            "test_time": 0.14941755030304193
        },
        {
            "seed": "29",
            "accuracy_score": 0.5348837209302325,
            "average_precision_score": -1.0,
            "balanced_accuracy_score": 0.11401515151515151,
            "cohen_kappa_score": 0.33425081713400995,
            "f1_score_macro": 0.0657201020676198,
            "f1_score_micro": 0.5348837209302325,
            "f1_score_weighted": 0.46026051852375455,
            "matthews_corrcoef": 0.3459341941847129,
            "precision_score": -1.0,
            "recall_score": -1.0,
            "roc_auc_score": -1.0,
            "coverage_error": -1.0,
            "label_ranking_average_precision_score": -1.0,
            "label_ranking_loss": -1.0,
            "training_time": 456.6600263044238,
            "test_time": 0.14816307835280895
        },
        {
            "seed": "37",
            "accuracy_score": 0.5348837209302325,
            "average_precision_score": -1.0,
            "balanced_accuracy_score": 0.1898558657179347,
            "cohen_kappa_score": 0.3431771894093687,
            "f1_score_macro": 0.15283251231527092,
            "f1_score_micro": 0.5348837209302325,
            "f1_score_weighted": 0.47755629383536363,
            "matthews_corrcoef": 0.3575059296511046,
            "precision_score": -1.0,
            "recall_score": -1.0,
            "roc_auc_score": -1.0,
            "coverage_error": -1.0,
            "label_ranking_average_precision_score": -1.0,
            "label_ranking_loss": -1.0,
            "training_time": 478.8681173827499,
            "test_time": 0.15269573591649532
        },
        {
            "seed": "41",
            "accuracy_score": 0.5891472868217055,
            "average_precision_score": -1.0,
            "balanced_accuracy_score": 0.15263888888888888,
            "cohen_kappa_score": 0.3876947877485224,
            "f1_score_macro": 0.10700660174344384,
            "f1_score_micro": 0.5891472868217055,
            "f1_score_weighted": 0.5188318909249142,
            "matthews_corrcoef": 0.3999409423367123,
            "precision_score": -1.0,
            "recall_score": -1.0,
            "roc_auc_score": -1.0,
            "coverage_error": -1.0,
            "label_ranking_average_precision_score": -1.0,
            "label_ranking_loss": -1.0,
            "training_time": 450.6526337284595,
            "test_time": 0.14330904465168715
        },
        {
            "seed": "43",
            "accuracy_score": 0.5503875968992248,
            "average_precision_score": -1.0,
            "balanced_accuracy_score": 0.16316581968755883,
            "cohen_kappa_score": 0.37284157585917854,
            "f1_score_macro": 0.12477447500739426,
            "f1_score_micro": 0.5503875968992248,
            "f1_score_weighted": 0.4600269632625547,
            "matthews_corrcoef": 0.3941322930384879,
            "precision_score": -1.0,
            "recall_score": -1.0,
            "roc_auc_score": -1.0,
            "coverage_error": -1.0,
            "label_ranking_average_precision_score": -1.0,
            "label_ranking_loss": -1.0,
            "training_time": 480.432038044557,
            "test_time": 0.1550018060952425
        },
        {
            "seed": "61",
            "accuracy_score": 0.5503875968992248,
            "average_precision_score": -1.0,
            "balanced_accuracy_score": 0.1700501253132832,
            "cohen_kappa_score": 0.36903356383875874,
            "f1_score_macro": 0.1306867339058535,
            "f1_score_micro": 0.5503875968992248,
            "f1_score_weighted": 0.46603514530568235,
            "matthews_corrcoef": 0.3854234484418596,
            "precision_score": -1.0,
            "recall_score": -1.0,
            "roc_auc_score": -1.0,
            "coverage_error": -1.0,
            "label_ranking_average_precision_score": -1.0,
            "label_ranking_loss": -1.0,
            "training_time": 471.158065312542,
            "test_time": 0.14957313612103462
        }
    ]
}