{
    "id": 41464,
    "framework": "naive",
    "results": [
        {
            "seed": "2",
            "accuracy_score": 0.6666666666666666,
            "average_precision_score": -1.0,
            "balanced_accuracy_score": 0.1678004535147392,
            "cohen_kappa_score": 0.44706937799043067,
            "f1_score_macro": 0.10866326096211153,
            "f1_score_micro": 0.6666666666666666,
            "f1_score_weighted": 0.6046033113216577,
            "matthews_corrcoef": 0.45662927493417665,
            "precision_score": -1.0,
            "recall_score": -1.0,
            "roc_auc_score": -1.0,
            "coverage_error": -1.0,
            "label_ranking_average_precision_score": -1.0,
            "label_ranking_loss": -1.0,
            "training_time": 283.64270102325827,
            "test_time": 0.0073381587862968445
        },
        {
            "seed": "3",
            "accuracy_score": 0.6356589147286822,
            "average_precision_score": -1.0,
            "balanced_accuracy_score": 0.1681183592784779,
            "cohen_kappa_score": 0.4229011993146774,
            "f1_score_macro": 0.11695078425847656,
            "f1_score_micro": 0.6356589147286822,
            "f1_score_weighted": 0.5865737191318586,
            "matthews_corrcoef": 0.4311128738101163,
            "precision_score": -1.0,
            "recall_score": -1.0,
            "roc_auc_score": -1.0,
            "coverage_error": -1.0,
            "label_ranking_average_precision_score": -1.0,
            "label_ranking_loss": -1.0,
            "training_time": 293.85895076952875,
            "test_time": 0.011559750884771347
        },
        {
            "seed": "5",
            "accuracy_score": 0.5348837209302325,
            "average_precision_score": -1.0,
            "balanced_accuracy_score": 0.13946776611694153,
            "cohen_kappa_score": 0.3391393442622952,
            "f1_score_macro": 0.10718187005787885,
            "f1_score_micro": 0.5348837209302325,
            "f1_score_weighted": 0.45257389997617614,
            "matthews_corrcoef": 0.3544427314835443,
            "precision_score": -1.0,
            "recall_score": -1.0,
            "roc_auc_score": -1.0,
            "coverage_error": -1.0,
            "label_ranking_average_precision_score": -1.0,
            "label_ranking_loss": -1.0,
            "training_time": 289.7146457647905,
            "test_time": 0.012809855863451958
        },
        {
            "seed": "7",
            "accuracy_score": 0.5581395348837209,
            "average_precision_score": -1.0,
            "balanced_accuracy_score": 0.23292021211000122,
            "cohen_kappa_score": 0.43547024952015356,
            "f1_score_macro": 0.1528361344537815,
            "f1_score_micro": 0.5581395348837209,
            "f1_score_weighted": 0.4979697305278701,
            "matthews_corrcoef": 0.44114730203905594,
            "precision_score": -1.0,
            "recall_score": -1.0,
            "roc_auc_score": -1.0,
            "coverage_error": -1.0,
            "label_ranking_average_precision_score": -1.0,
            "label_ranking_loss": -1.0,
            "training_time": 290.2154966928065,
            "test_time": 0.007934565655887127
        },
        {
            "seed": "11",
            "accuracy_score": 0.5503875968992248,
            "average_precision_score": -1.0,
            "balanced_accuracy_score": 0.1160081053698075,
            "cohen_kappa_score": 0.3555000430700319,
            "f1_score_macro": 0.07422241201738299,
            "f1_score_micro": 0.5503875968992248,
            "f1_score_weighted": 0.4797252228226992,
            "matthews_corrcoef": 0.36427415910885164,
            "precision_score": -1.0,
            "recall_score": -1.0,
            "roc_auc_score": -1.0,
            "coverage_error": -1.0,
            "label_ranking_average_precision_score": -1.0,
            "label_ranking_loss": -1.0,
            "training_time": 290.54740985203534,
            "test_time": 0.030317574739456177
        },
        {
            "seed": "13",
            "accuracy_score": 0.5426356589147286,
            "average_precision_score": -1.0,
            "balanced_accuracy_score": 0.17482993197278912,
            "cohen_kappa_score": 0.3523655547991833,
            "f1_score_macro": 0.11279379753956024,
            "f1_score_micro": 0.5426356589147286,
            "f1_score_weighted": 0.4633343400785262,
            "matthews_corrcoef": 0.3631653219053519,
            "precision_score": -1.0,
            "recall_score": -1.0,
            "roc_auc_score": -1.0,
            "coverage_error": -1.0,
            "label_ranking_average_precision_score": -1.0,
            "label_ranking_loss": -1.0,
            "training_time": 287.016587276943,
            "test_time": 0.011476000770926476
        },
        {
            "seed": "17",
            "accuracy_score": 0.6201550387596899,
            "average_precision_score": -1.0,
            "balanced_accuracy_score": 0.1967733739837398,
            "cohen_kappa_score": 0.4383330371423495,
            "f1_score_macro": 0.14501465993751503,
            "f1_score_micro": 0.6201550387596899,
            "f1_score_weighted": 0.5511048514351612,
            "matthews_corrcoef": 0.45132265722645265,
            "precision_score": -1.0,
            "recall_score": -1.0,
            "roc_auc_score": -1.0,
            "coverage_error": -1.0,
            "label_ranking_average_precision_score": -1.0,
            "label_ranking_loss": -1.0,
            "training_time": 309.61338714230806,
            "test_time": 0.010948404669761658
        },
        {
            "seed": "19",
            "accuracy_score": 0.5503875968992248,
            "average_precision_score": -1.0,
            "balanced_accuracy_score": 0.1551789077212806,
            "cohen_kappa_score": 0.34483362521891425,
            "f1_score_macro": 0.10948407075001312,
            "f1_score_micro": 0.5503875968992248,
            "f1_score_weighted": 0.4581312755890646,
            "matthews_corrcoef": 0.36559737387789776,
            "precision_score": -1.0,
            "recall_score": -1.0,
            "roc_auc_score": -1.0,
            "coverage_error": -1.0,
            "label_ranking_average_precision_score": -1.0,
            "label_ranking_loss": -1.0,
            "training_time": 189.2240920048207,
            "test_time": 0.025787553749978542
        }
    ]
}