{
    "id": 41464,
    "framework": "autokeras",
    "results": [
        {
            "seed": "2",
            "accuracy_score": 0.5813953488372093,
            "average_precision_score": 0.5481310591775709,
            "balanced_accuracy_score": 0.08966108966108965,
            "cohen_kappa_score": 0.3612104539202202,
            "f1_score_macro": 0.05386313465783664,
            "f1_score_micro": 0.5813953488372093,
            "f1_score_weighted": 0.5697349282132895,
            "matthews_corrcoef": 0.3638885049232912,
            "precision_score": -1.0,
            "recall_score": -1.0,
            "roc_auc_score": -1.0,
            "coverage_error": -1.0,
            "label_ranking_average_precision_score": -1.0,
            "label_ranking_loss": -1.0,
            "training_time": 61.93522788397968,
            "test_time": 3.7312046345323324
        },
        {
            "seed": "3",
            "accuracy_score": 0.5348837209302325,
            "average_precision_score": 0.4939335158897039,
            "balanced_accuracy_score": 0.12267729182110206,
            "cohen_kappa_score": 0.339252176882363,
            "f1_score_macro": 0.0801121180977296,
            "f1_score_micro": 0.5348837209302325,
            "f1_score_weighted": 0.5469155572551926,
            "matthews_corrcoef": 0.341565371581555,
            "precision_score": -1.0,
            "recall_score": -1.0,
            "roc_auc_score": -1.0,
            "coverage_error": -1.0,
            "label_ranking_average_precision_score": -1.0,
            "label_ranking_loss": -1.0,
            "training_time": 62.70192234776914,
            "test_time": 3.804781425744295
        },
        {
            "seed": "5",
            "accuracy_score": 0.4496124031007752,
            "average_precision_score": 0.45851525141821853,
            "balanced_accuracy_score": 0.049225387306346825,
            "cohen_kappa_score": 0.20266388090885368,
            "f1_score_macro": 0.03567862533379775,
            "f1_score_micro": 0.44961240310077516,
            "f1_score_weighted": 0.3623678646934461,
            "matthews_corrcoef": 0.21535891982683358,
            "precision_score": -1.0,
            "recall_score": -1.0,
            "roc_auc_score": -1.0,
            "coverage_error": -1.0,
            "label_ranking_average_precision_score": -1.0,
            "label_ranking_loss": -1.0,
            "training_time": 74.45239831507206,
            "test_time": 3.7371170297265053
        },
        {
            "seed": "7",
            "accuracy_score": 0.4573643410852713,
            "average_precision_score": 0.38556427067234017,
            "balanced_accuracy_score": 0.09819336539647305,
            "cohen_kappa_score": 0.30815200735519455,
            "f1_score_macro": 0.06700767263427111,
            "f1_score_micro": 0.4573643410852713,
            "f1_score_weighted": 0.4205198358413133,
            "matthews_corrcoef": 0.31224850386113745,
            "precision_score": -1.0,
            "recall_score": -1.0,
            "roc_auc_score": -1.0,
            "coverage_error": -1.0,
            "label_ranking_average_precision_score": -1.0,
            "label_ranking_loss": -1.0,
            "training_time": 62.38750083744526,
            "test_time": 3.9563837107270956
        },
        {
            "seed": "11",
            "accuracy_score": 0.5426356589147286,
            "average_precision_score": 0.47157886410378097,
            "balanced_accuracy_score": 0.15324214792299898,
            "cohen_kappa_score": 0.32454739084132056,
            "f1_score_macro": 0.09939245058292678,
            "f1_score_micro": 0.5426356589147286,
            "f1_score_weighted": 0.46226383435685764,
            "matthews_corrcoef": 0.3364465743375413,
            "precision_score": -1.0,
            "recall_score": -1.0,
            "roc_auc_score": -1.0,
            "coverage_error": -1.0,
            "label_ranking_average_precision_score": -1.0,
            "label_ranking_loss": -1.0,
            "training_time": 68.1563498871401,
            "test_time": 3.85201193485409
        },
        {
            "seed": "13",
            "accuracy_score": 0.5503875968992248,
            "average_precision_score": 0.022222222222222223,
            "balanced_accuracy_score": 0.15442176870748298,
            "cohen_kappa_score": 0.36247443762781195,
            "f1_score_macro": 0.1035303776683087,
            "f1_score_micro": 0.5503875968992248,
            "f1_score_weighted": 0.46655592469545953,
            "matthews_corrcoef": 0.37407855397647394,
            "precision_score": -1.0,
            "recall_score": -1.0,
            "roc_auc_score": -1.0,
            "coverage_error": -1.0,
            "label_ranking_average_precision_score": -1.0,
            "label_ranking_loss": -1.0,
            "training_time": 63.95247633382678,
            "test_time": 3.8261394510045648
        },
        {
            "seed": "17",
            "accuracy_score": 0.5348837209302325,
            "average_precision_score": 0.46833963378399013,
            "balanced_accuracy_score": 0.12042682926829268,
            "cohen_kappa_score": 0.3523554514266589,
            "f1_score_macro": 0.07652569224411075,
            "f1_score_micro": 0.5348837209302325,
            "f1_score_weighted": 0.5102924890886588,
            "matthews_corrcoef": 0.35574603988546344,
            "precision_score": -1.0,
            "recall_score": -1.0,
            "roc_auc_score": -1.0,
            "coverage_error": -1.0,
            "label_ranking_average_precision_score": -1.0,
            "label_ranking_loss": -1.0,
            "training_time": 63.35949646867812,
            "test_time": 3.7946539940312505
        },
        {
            "seed": "19",
            "accuracy_score": 0.4728682170542636,
            "average_precision_score": 0.4337534679973112,
            "balanced_accuracy_score": 0.07256120527306968,
            "cohen_kappa_score": 0.2736005299768135,
            "f1_score_macro": 0.0515625,
            "f1_score_micro": 0.4728682170542635,
            "f1_score_weighted": 0.42596899224806206,
            "matthews_corrcoef": 0.2797254116326363,
            "precision_score": -1.0,
            "recall_score": -1.0,
            "roc_auc_score": -1.0,
            "coverage_error": -1.0,
            "label_ranking_average_precision_score": -1.0,
            "label_ranking_loss": -1.0,
            "training_time": 63.557435028254986,
            "test_time": 3.8211965253576636
        }
    ]
}