{
    "id": 41464,
    "framework": "mljar",
    "results": [
        {
            "seed": "2",
            "accuracy_score": 0.5503875968992248,
            "average_precision_score": -1.0,
            "balanced_accuracy_score": 0.10587117729974874,
            "cohen_kappa_score": 0.3255205985756784,
            "f1_score_macro": 0.06017736486486486,
            "f1_score_micro": 0.5503875968992248,
            "f1_score_weighted": 0.5503875968992249,
            "matthews_corrcoef": 0.3268464880521361,
            "precision_score": -1.0,
            "recall_score": -1.0,
            "roc_auc_score": -1.0,
            "coverage_error": -1.0,
            "label_ranking_average_precision_score": -1.0,
            "label_ranking_loss": -1.0,
            "training_time": 173.44924504496157,
            "test_time": 0.097972322255373
        },
        {
            "seed": "3",
            "accuracy_score": 0.5038759689922481,
            "average_precision_score": -1.0,
            "balanced_accuracy_score": 0.1311465282925624,
            "cohen_kappa_score": 0.2942383313386904,
            "f1_score_macro": 0.08253262325204772,
            "f1_score_micro": 0.5038759689922481,
            "f1_score_weighted": 0.5137274897689822,
            "matthews_corrcoef": 0.2953154005019475,
            "precision_score": -1.0,
            "recall_score": -1.0,
            "roc_auc_score": -1.0,
            "coverage_error": -1.0,
            "label_ranking_average_precision_score": -1.0,
            "label_ranking_loss": -1.0,
            "training_time": 147.2689859047532,
            "test_time": 0.09092680737376213
        },
        {
            "seed": "5",
            "accuracy_score": 0.3875968992248062,
            "average_precision_score": -1.0,
            "balanced_accuracy_score": 0.053448275862068975,
            "cohen_kappa_score": 0.2353691476590637,
            "f1_score_macro": 0.035661804872719326,
            "f1_score_micro": 0.3875968992248062,
            "f1_score_weighted": 0.39699679098732404,
            "matthews_corrcoef": 0.23659212549129785,
            "precision_score": -1.0,
            "recall_score": -1.0,
            "roc_auc_score": -1.0,
            "coverage_error": -1.0,
            "label_ranking_average_precision_score": -1.0,
            "label_ranking_loss": -1.0,
            "training_time": 177.37920722737908,
            "test_time": 0.08518495224416256
        },
        {
            "seed": "7",
            "accuracy_score": 0.4263565891472868,
            "average_precision_score": -1.0,
            "balanced_accuracy_score": 0.09344555432235786,
            "cohen_kappa_score": 0.291471832553997,
            "f1_score_macro": 0.0509050035024061,
            "f1_score_micro": 0.4263565891472868,
            "f1_score_weighted": 0.3967434060457316,
            "matthews_corrcoef": 0.29357057885820176,
            "precision_score": -1.0,
            "recall_score": -1.0,
            "roc_auc_score": -1.0,
            "coverage_error": -1.0,
            "label_ranking_average_precision_score": -1.0,
            "label_ranking_loss": -1.0,
            "training_time": 132.5182162169367,
            "test_time": 0.10565013810992241
        },
        {
            "seed": "11",
            "accuracy_score": 0.46511627906976744,
            "average_precision_score": -1.0,
            "balanced_accuracy_score": 0.16016548463356975,
            "cohen_kappa_score": 0.29830508474576267,
            "f1_score_macro": 0.0971379060821876,
            "f1_score_micro": 0.46511627906976744,
            "f1_score_weighted": 0.4610344144477678,
            "matthews_corrcoef": 0.29951720202207677,
            "precision_score": -1.0,
            "recall_score": -1.0,
            "roc_auc_score": -1.0,
            "coverage_error": -1.0,
            "label_ranking_average_precision_score": -1.0,
            "label_ranking_loss": -1.0,
            "training_time": 180.5060877436772,
            "test_time": 0.09455568715929985
        },
        {
            "seed": "13",
            "accuracy_score": 0.4728682170542636,
            "average_precision_score": -1.0,
            "balanced_accuracy_score": 0.0901360544217687,
            "cohen_kappa_score": 0.28385990693117813,
            "f1_score_macro": 0.05813204508856683,
            "f1_score_micro": 0.4728682170542635,
            "f1_score_weighted": 0.4308354866494401,
            "matthews_corrcoef": 0.2876993626653451,
            "precision_score": -1.0,
            "recall_score": -1.0,
            "roc_auc_score": -1.0,
            "coverage_error": -1.0,
            "label_ranking_average_precision_score": -1.0,
            "label_ranking_loss": -1.0,
            "training_time": 124.81182023975998,
            "test_time": 0.09235040564090014
        },
        {
            "seed": "17",
            "accuracy_score": 0.43410852713178294,
            "average_precision_score": -1.0,
            "balanced_accuracy_score": 0.11216971544715447,
            "cohen_kappa_score": 0.2698301930681555,
            "f1_score_macro": 0.05974302685950413,
            "f1_score_micro": 0.43410852713178294,
            "f1_score_weighted": 0.456717278493177,
            "matthews_corrcoef": 0.27208322733347384,
            "precision_score": -1.0,
            "recall_score": -1.0,
            "roc_auc_score": -1.0,
            "coverage_error": -1.0,
            "label_ranking_average_precision_score": -1.0,
            "label_ranking_loss": -1.0,
            "training_time": 133.1787217631936,
            "test_time": 0.09981547575443983
        },
        {
            "seed": "19",
            "accuracy_score": 0.4263565891472868,
            "average_precision_score": -1.0,
            "balanced_accuracy_score": 0.08881983678593848,
            "cohen_kappa_score": 0.2608594657375146,
            "f1_score_macro": 0.05261136712749616,
            "f1_score_micro": 0.4263565891472868,
            "f1_score_weighted": 0.4080841638981174,
            "matthews_corrcoef": 0.2629786776951991,
            "precision_score": -1.0,
            "recall_score": -1.0,
            "roc_auc_score": -1.0,
            "coverage_error": -1.0,
            "label_ranking_average_precision_score": -1.0,
            "label_ranking_loss": -1.0,
            "training_time": 145.17767658364028,
            "test_time": 0.12678804527968168
        },
        {
            "seed": "23",
            "accuracy_score": 0.43410852713178294,
            "average_precision_score": -1.0,
            "balanced_accuracy_score": 0.13721590909090908,
            "cohen_kappa_score": 0.31327936994093186,
            "f1_score_macro": 0.08427672955974842,
            "f1_score_micro": 0.43410852713178294,
            "f1_score_weighted": 0.4408463751157915,
            "matthews_corrcoef": 0.31555981282899126,
            "precision_score": -1.0,
            "recall_score": -1.0,
            "roc_auc_score": -1.0,
            "coverage_error": -1.0,
            "label_ranking_average_precision_score": -1.0,
            "label_ranking_loss": -1.0,
            "training_time": 192.07402894366533,
            "test_time": 0.09658760577440262
        },
        {
            "seed": "29",
            "accuracy_score": 0.3875968992248062,
            "average_precision_score": -1.0,
            "balanced_accuracy_score": 0.10265151515151515,
            "cohen_kappa_score": 0.24191028788216917,
            "f1_score_macro": 0.0541048090343865,
            "f1_score_micro": 0.3875968992248062,
            "f1_score_weighted": 0.4104895593267686,
            "matthews_corrcoef": 0.2448458225471307,
            "precision_score": -1.0,
            "recall_score": -1.0,
            "roc_auc_score": -1.0,
            "coverage_error": -1.0,
            "label_ranking_average_precision_score": -1.0,
            "label_ranking_loss": -1.0,
            "training_time": 148.16976734716445,