{
    "id": 41464,
    "framework": "lightwood",
    "results": [
        {
            "seed": "2",
            "accuracy_score": 0.11627906976744186,
            "average_precision_score": -1.0,
            "balanced_accuracy_score": 0.012441012441012441,
            "cohen_kappa_score": 0.04895557136390094,
            "f1_score_macro": 0.00590599876314162,
            "f1_score_micro": 0.11627906976744186,
            "f1_score_weighted": 0.18473774287727776,
            "matthews_corrcoef": 0.05720210553266229,
            "precision_score": -1.0,
            "recall_score": -1.0,
            "roc_auc_score": -1.0,
            "coverage_error": -1.0,
            "label_ranking_average_precision_score": -1.0,
            "label_ranking_loss": -1.0,
            "training_time": 8.803349793997768,
            "test_time": 0.5792319510001107
        },
        {
            "seed": "3",
            "accuracy_score": 0.23255813953488372,
            "average_precision_score": -1.0,
            "balanced_accuracy_score": 0.037064492216456635,
            "cohen_kappa_score": 0.1029081202584996,
            "f1_score_macro": 0.016788766788766788,
            "f1_score_micro": 0.23255813953488372,
            "f1_score_weighted": 0.31082289803220037,
            "matthews_corrcoef": 0.1111611465496582,
            "precision_score": -1.0,
            "recall_score": -1.0,
            "roc_auc_score": -1.0,
            "coverage_error": -1.0,
            "label_ranking_average_precision_score": -1.0,
            "label_ranking_loss": -1.0,
            "training_time": 8.059144165999896,
            "test_time": 0.5804786189983133
        },
        {
            "seed": "5",
            "accuracy_score": 0.11627906976744186,
            "average_precision_score": -1.0,
            "balanced_accuracy_score": 0.026986506746626688,
            "cohen_kappa_score": 0.05965854594283526,
            "f1_score_macro": 0.012271689497716894,
            "f1_score_micro": 0.11627906976744186,
            "f1_score_weighted": 0.17633004141446323,
            "matthews_corrcoef": 0.0644579749918683,
            "precision_score": -1.0,
            "recall_score": -1.0,
            "roc_auc_score": -1.0,
            "coverage_error": -1.0,
            "label_ranking_average_precision_score": -1.0,
            "label_ranking_loss": -1.0,
            "training_time": 7.975705502998608,
            "test_time": 0.5919886580013554
        },
        {
            "seed": "7",
            "accuracy_score": 0.17054263565891473,
            "average_precision_score": -1.0,
            "balanced_accuracy_score": 0.03317301763472685,
            "cohen_kappa_score": 0.11177606177606181,
            "f1_score_macro": 0.021517996870109544,
            "f1_score_micro": 0.17054263565891473,
            "f1_score_weighted": 0.2342807924203273,
            "matthews_corrcoef": 0.11808989410181847,
            "precision_score": -1.0,
            "recall_score": -1.0,
            "roc_auc_score": -1.0,
            "coverage_error": -1.0,
            "label_ranking_average_precision_score": -1.0,
            "label_ranking_loss": -1.0,
            "training_time": 8.2145220780003,
            "test_time": 0.5845155479983077
        },
        {
            "seed": "11",
            "accuracy_score": 0.13953488372093023,
            "average_precision_score": -1.0,
            "balanced_accuracy_score": 0.02701789935832489,
            "cohen_kappa_score": 0.07416267942583732,
            "f1_score_macro": 0.011785714285714285,
            "f1_score_micro": 0.13953488372093023,
            "f1_score_weighted": 0.21065891472868215,
            "matthews_corrcoef": 0.08102495738178651,
            "precision_score": -1.0,
            "recall_score": -1.0,
            "roc_auc_score": -1.0,
            "coverage_error": -1.0,
            "label_ranking_average_precision_score": -1.0,
            "label_ranking_loss": -1.0,
            "training_time": 7.7330012200036435,
            "test_time": 0.570774446001451
        },
        {
            "seed": "13",
            "accuracy_score": 0.18604651162790697,
            "average_precision_score": -1.0,
            "balanced_accuracy_score": 0.00816326530612245,
            "cohen_kappa_score": 0.10280188116844402,
            "f1_score_macro": 0.007722007722007723,
            "f1_score_micro": 0.18604651162790695,
            "f1_score_weighted": 0.26578073089701,
            "matthews_corrcoef": 0.10890592338251993,
            "precision_score": -1.0,
            "recall_score": -1.0,
            "roc_auc_score": -1.0,
            "coverage_error": -1.0,
            "label_ranking_average_precision_score": -1.0,
            "label_ranking_loss": -1.0,
            "training_time": 7.75516507300199,
            "test_time": 0.5731148150007357
        },
        {
            "seed": "17",
            "accuracy_score": 0.0,
            "average_precision_score": -1.0,
            "balanced_accuracy_score": 0.0,
            "cohen_kappa_score": -0.00622808078364967,
            "f1_score_macro": 0.0,
            "f1_score_micro": 0.0,
            "f1_score_weighted": 0.0,
            "matthews_corrcoef": -0.007703059137822525,
            "precision_score": -1.0,
            "recall_score": -1.0,
            "roc_auc_score": -1.0,
            "coverage_error": -1.0,
            "label_ranking_average_precision_score": -1.0,
            "label_ranking_loss": -1.0,
            "training_time": 8.128895368005033,
            "test_time": 0.5973035389979486
        },
        {
            "seed": "19",
            "accuracy_score": 0.10077519379844961,
            "average_precision_score": -1.0,
            "balanced_accuracy_score": 0.010075329566854991,
            "cohen_kappa_score": 0.05225156754702642,
            "f1_score_macro": 0.00971089696071164,
            "f1_score_micro": 0.10077519379844961,
            "f1_score_weighted": 0.1670051315645813,
            "matthews_corrcoef": 0.057337993775598776,
            "precision_score": -1.0,
            "recall_score": -1.0,
            "roc_auc_score": -1.0,
            "coverage_error": -1.0,
            "label_ranking_average_precision_score": -1.0,
            "label_ranking_loss": -1.0,
            "training_time": 8.325788326001202,
            "test_time": 0.5728912590057007
        },
        {
            "seed": "23",
            "accuracy_score": 0.20930232558139536,
            "average_precision_score": -1.0,
            "balanced_accuracy_score": 0.010227272727272727,
            "cohen_kappa_score": 0.1208071629025792,
            "f1_score_macro": 0.008912361775870606,
            "f1_score_micro": 0.20930232558139536,
            "f1_score_weighted": 0.2773886242644999,
            "matthews_corrcoef": 0.1250229082218454,
            "precision_score": -1.0,
            "recall_score": -1.0,
            "roc_auc_score": -1.0,
            "coverage_error": -1.0,
            "label_ranking_average_precision_score": -1.0,
            "label_ranking_loss": -1.0,
            "training_time": 8.105973172998347,
            "test_time": 0.5803002469983767
        },
        {
            "seed": "29",
            "accuracy_score": 0.20155038759689922,
            "average_precision_score": -1.0,
            "balanced_accuracy_score": 0.00984848484848485,
            "cohen_kappa_score": 0.10992765273311889,
            "f1_score_macro": 0.00796934865900383,
            "f1_score_micro": 0.20155038759689922,
            "f1_score_weighted": 0.2780005346164127,
            "matthews_corrcoef": 0.11603532236210458,
            "precision_score": -1.0,
            "recall_score": -1.0,
            "roc_auc_score": -1.0,
            "coverage_error": -1.0,
            "label_ranking_average_precision_score": -1.0,
            "label_ranking_loss": -1.0,
            "training_time": 7.8713670629949775,