{
    "id": 41464,
    "framework": "flaml",
    "results": [
        {
            "seed": "2",
            "accuracy_score": 0.6356589147286822,
            "average_precision_score": -1.0,
            "balanced_accuracy_score": 0.14448121590978732,
            "cohen_kappa_score": 0.41847304814885866,
            "f1_score_macro": 0.09278416794340362,
            "f1_score_micro": 0.6356589147286822,
            "f1_score_weighted": 0.6033853800703156,
            "matthews_corrcoef": 0.4224202717920866,
            "precision_score": -1.0,
            "recall_score": -1.0,
            "roc_auc_score": -1.0,
            "coverage_error": -1.0,
            "label_ranking_average_precision_score": -1.0,
            "label_ranking_loss": -1.0,
            "training_time": 301.03431407699827,
            "test_time": 0.055223629002284724
        },
        {
            "seed": "3",
            "accuracy_score": 0.627906976744186,
            "average_precision_score": -1.0,
            "balanced_accuracy_score": 0.2047936743266617,
            "cohen_kappa_score": 0.426188490408674,
            "f1_score_macro": 0.14237244053530052,
            "f1_score_micro": 0.627906976744186,
            "f1_score_weighted": 0.594720327951662,
            "matthews_corrcoef": 0.43190193298452895,
            "precision_score": -1.0,
            "recall_score": -1.0,
            "roc_auc_score": -1.0,
            "coverage_error": -1.0,
            "label_ranking_average_precision_score": -1.0,
            "label_ranking_loss": -1.0,
            "training_time": 301.1968735890041,
            "test_time": 0.06102419899980305
        },
        {
            "seed": "5",
            "accuracy_score": 0.5193798449612403,
            "average_precision_score": -1.0,
            "balanced_accuracy_score": 0.1492128935532234,
            "cohen_kappa_score": 0.337639751552795,
            "f1_score_macro": 0.10647480091924534,
            "f1_score_micro": 0.5193798449612403,
            "f1_score_weighted": 0.4641048730196018,
            "matthews_corrcoef": 0.34635945883369706,
            "precision_score": -1.0,
            "recall_score": -1.0,
            "roc_auc_score": -1.0,
            "coverage_error": -1.0,
            "label_ranking_average_precision_score": -1.0,
            "label_ranking_loss": -1.0,
            "training_time": 301.0779435500008,
            "test_time": 0.058091145001526456
        },
        {
            "seed": "7",
            "accuracy_score": 0.5813953488372093,
            "average_precision_score": -1.0,
            "balanced_accuracy_score": 0.2549019607843137,
            "cohen_kappa_score": 0.4436102236421725,
            "f1_score_macro": 0.17334474311218495,
            "f1_score_micro": 0.5813953488372093,
            "f1_score_weighted": 0.49898786989106086,
            "matthews_corrcoef": 0.45866667074067496,
            "precision_score": -1.0,
            "recall_score": -1.0,
            "roc_auc_score": -1.0,
            "coverage_error": -1.0,
            "label_ranking_average_precision_score": -1.0,
            "label_ranking_loss": -1.0,
            "training_time": 301.3740403990014,
            "test_time": 0.057053707001614384
        },
        {
            "seed": "11",
            "accuracy_score": 0.49612403100775193,
            "average_precision_score": -1.0,
            "balanced_accuracy_score": 0.12462006079027357,
            "cohen_kappa_score": 0.3260188087774296,
            "f1_score_macro": 0.06128205758887577,
            "f1_score_micro": 0.49612403100775193,
            "f1_score_weighted": 0.47045181885298165,
            "matthews_corrcoef": 0.32800243749327246,
            "precision_score": -1.0,
            "recall_score": -1.0,
            "roc_auc_score": -1.0,
            "coverage_error": -1.0,
            "label_ranking_average_precision_score": -1.0,
            "label_ranking_loss": -1.0,
            "training_time": 301.36515521899855,
            "test_time": 0.046546113000658806
        },
        {
            "seed": "13",
            "accuracy_score": 0.5271317829457365,
            "average_precision_score": -1.0,
            "balanced_accuracy_score": 0.13571428571428573,
            "cohen_kappa_score": 0.3169863727107024,
            "f1_score_macro": 0.09303278688524591,
            "f1_score_micro": 0.5271317829457365,
            "f1_score_weighted": 0.4421188630490956,
            "matthews_corrcoef": 0.3308166445976958,
            "precision_score": -1.0,
            "recall_score": -1.0,
            "roc_auc_score": -1.0,
            "coverage_error": -1.0,
            "label_ranking_average_precision_score": -1.0,
            "label_ranking_loss": -1.0,
            "training_time": 300.59573329500563,
            "test_time": 0.09961308899801224
        },
        {
            "seed": "17",
            "accuracy_score": 0.627906976744186,
            "average_precision_score": -1.0,
            "balanced_accuracy_score": 0.2191310975609756,
            "cohen_kappa_score": 0.46606881089937047,
            "f1_score_macro": 0.144232930190377,
            "f1_score_micro": 0.627906976744186,
            "f1_score_weighted": 0.5704539454168351,
            "matthews_corrcoef": 0.4728985524968108,
            "precision_score": -1.0,
            "recall_score": -1.0,
            "roc_auc_score": -1.0,
            "coverage_error": -1.0,
            "label_ranking_average_precision_score": -1.0,
            "label_ranking_loss": -1.0,
            "training_time": 300.9815124970046,
            "test_time": 0.03771402699931059
        },
        {
            "seed": "19",
            "accuracy_score": 0.5348837209302325,
            "average_precision_score": -1.0,
            "balanced_accuracy_score": 0.13146892655367232,
            "cohen_kappa_score": 0.3261948289370592,
            "f1_score_macro": 0.09326217843459222,
            "f1_score_micro": 0.5348837209302325,
            "f1_score_weighted": 0.4562976540522651,
            "matthews_corrcoef": 0.34407588161007246,
            "precision_score": -1.0,
            "recall_score": -1.0,
            "roc_auc_score": -1.0,
            "coverage_error": -1.0,
            "label_ranking_average_precision_score": -1.0,
            "label_ranking_loss": -1.0,
            "training_time": 300.7858864900045,
            "test_time": 0.05884754499857081
        },
        {
            "seed": "23",
            "accuracy_score": 0.5038759689922481,
            "average_precision_score": -1.0,
            "balanced_accuracy_score": 0.1776830808080808,
            "cohen_kappa_score": 0.33531921745431126,
            "f1_score_macro": 0.12102564102564102,
            "f1_score_micro": 0.5038759689922481,
            "f1_score_weighted": 0.4397932816537467,
            "matthews_corrcoef": 0.3445944237110933,
            "precision_score": -1.0,
            "recall_score": -1.0,
            "roc_auc_score": -1.0,
            "coverage_error": -1.0,
            "label_ranking_average_precision_score": -1.0,
            "label_ranking_loss": -1.0,
            "training_time": 301.14168598399556,
            "test_time": 0.056300057003682014
        },
        {
            "seed": "29",
            "accuracy_score": 0.5426356589147286,
            "average_precision_score": -1.0,
            "balanced_accuracy_score": 0.17954545454545456,
            "cohen_kappa_score": 0.36617255163224527,
            "f1_score_macro": 0.10340501792114695,
            "f1_score_micro": 0.5426356589147286,
            "f1_score_weighted": 0.4888888888888889,
            "matthews_corrcoef": 0.37303561322806567,
            "precision_score": -1.0,
            "recall_score": -1.0,
            "roc_auc_score": -1.0,
            "coverage_error": -1.0,
            "label_ranking_average_precision_score": -1.0,
            "label_ranking_loss": -1.0,
            "training_time": 301.52410642599716,