{
    "id": 41464,
    "framework": "autopytorch",
    "results": [
        {
            "seed": "2",
            "accuracy_score": 0.0,
            "average_precision_score": -1.0,
            "balanced_accuracy_score": 0.0,
            "cohen_kappa_score": -0.006106408706166855,
            "f1_score_macro": 0.0,
            "f1_score_micro": 0.0,
            "f1_score_weighted": 0.0,
            "matthews_corrcoef": -0.01040533208327177,
            "precision_score": -1.0,
            "recall_score": -1.0,
            "roc_auc_score": -1.0,
            "coverage_error": -1.0,
            "label_ranking_average_precision_score": -1.0,
            "label_ranking_loss": -1.0,
            "training_time": 309.579694326967,
            "test_time": 0.051118300296366215
        },
        {
            "seed": "3",
            "accuracy_score": 0.007751937984496124,
            "average_precision_score": -1.0,
            "balanced_accuracy_score": 0.00037064492216456633,
            "cohen_kappa_score": -0.014998770592574262,
            "f1_score_macro": 0.0005370569280343716,
            "f1_score_micro": 0.007751937984496124,
            "f1_score_weighted": 0.014483884128926967,
            "matthews_corrcoef": -0.02445330762736744,
            "precision_score": -1.0,
            "recall_score": -1.0,
            "roc_auc_score": -1.0,
            "coverage_error": -1.0,
            "label_ranking_average_precision_score": -1.0,
            "label_ranking_loss": -1.0,
            "training_time": 307.7118887407705,
            "test_time": 0.04476130660623312
        },
        {
            "seed": "5",
            "accuracy_score": 0.4418604651162791,
            "average_precision_score": -1.0,
            "balanced_accuracy_score": 0.028235882058970516,
            "cohen_kappa_score": 0.22028206850235066,
            "f1_score_macro": 0.017894159248872086,
            "f1_score_micro": 0.4418604651162791,
            "f1_score_weighted": 0.3680915732530255,
            "matthews_corrcoef": 0.2309930074044757,
            "precision_score": -1.0,
            "recall_score": -1.0,
            "roc_auc_score": -1.0,
            "coverage_error": -1.0,
            "label_ranking_average_precision_score": -1.0,
            "label_ranking_loss": -1.0,
            "training_time": 312.338233249262,
            "test_time": 0.056247528642416
        },
        {
            "seed": "7",
            "accuracy_score": 0.43410852713178294,
            "average_precision_score": -1.0,
            "balanced_accuracy_score": 0.0392156862745098,
            "cohen_kappa_score": 0.2553376561758659,
            "f1_score_macro": 0.018156553960166744,
            "f1_score_micro": 0.43410852713178294,
            "f1_score_weighted": 0.3522187633522554,
            "matthews_corrcoef": 0.2639178126559131,
            "precision_score": -1.0,
            "recall_score": -1.0,
            "roc_auc_score": -1.0,
            "coverage_error": -1.0,
            "label_ranking_average_precision_score": -1.0,
            "label_ranking_loss": -1.0,
            "training_time": 316.3135288609192,
            "test_time": 0.038760239258408546
        },
        {
            "seed": "11",
            "accuracy_score": 0.015503875968992248,
            "average_precision_score": -1.0,
            "balanced_accuracy_score": 0.0006754474839581222,
            "cohen_kappa_score": -0.0015283041936666741,
            "f1_score_macro": 0.0009950248756218905,
            "f1_score_micro": 0.015503875968992248,
            "f1_score_weighted": 0.029156542867060046,
            "matthews_corrcoef": -0.0021052137212923434,
            "precision_score": -1.0,
            "recall_score": -1.0,
            "roc_auc_score": -1.0,
            "coverage_error": -1.0,
            "label_ranking_average_precision_score": -1.0,
            "label_ranking_loss": -1.0,
            "training_time": 311.2057161089033,
            "test_time": 0.05233530793339014
        },
        {
            "seed": "13",
            "accuracy_score": 0.0,
            "average_precision_score": -1.0,
            "balanced_accuracy_score": 0.0,
            "cohen_kappa_score": -0.01013718586864143,
            "f1_score_macro": 0.0,
            "f1_score_micro": 0.0,
            "f1_score_weighted": 0.0,
            "matthews_corrcoef": -0.016035812183650185,
            "precision_score": -1.0,
            "recall_score": -1.0,
            "roc_auc_score": -1.0,
            "coverage_error": -1.0,
            "label_ranking_average_precision_score": -1.0,
            "label_ranking_loss": -1.0,
            "training_time": 310.4539564838633,
            "test_time": 0.056129442527890205
        },
        {
            "seed": "17",
            "accuracy_score": 0.0,
            "average_precision_score": -1.0,
            "balanced_accuracy_score": 0.0,
            "cohen_kappa_score": -0.013027333049248302,
            "f1_score_macro": 0.0,
            "f1_score_micro": 0.0,
            "f1_score_weighted": 0.0,
            "matthews_corrcoef": -0.01940875630584949,
            "precision_score": -1.0,
            "recall_score": -1.0,
            "roc_auc_score": -1.0,
            "coverage_error": -1.0,
            "label_ranking_average_precision_score": -1.0,
            "label_ranking_loss": -1.0,
            "training_time": 309.83711665775627,
            "test_time": 0.03982618171721697
        },
        {
            "seed": "19",
            "accuracy_score": 0.4883720930232558,
            "average_precision_score": -1.0,
            "balanced_accuracy_score": 0.04,
            "cohen_kappa_score": 0.23117211486364442,
            "f1_score_macro": 0.02722608407811983,
            "f1_score_micro": 0.4883720930232558,
            "f1_score_weighted": 0.3808989528083775,
            "matthews_corrcoef": 0.254736083385115,
            "precision_score": -1.0,
            "recall_score": -1.0,
            "roc_auc_score": -1.0,
            "coverage_error": -1.0,
            "label_ranking_average_precision_score": -1.0,
            "label_ranking_loss": -1.0,
            "training_time": 314.9203572329134,
            "test_time": 0.05711063928902149
        },
        {
            "seed": "23",
            "accuracy_score": 0.007751937984496124,
            "average_precision_score": -1.0,
            "balanced_accuracy_score": 0.0003787878787878788,
            "cohen_kappa_score": -0.014001473839351464,
            "f1_score_macro": 0.000546448087431694,
            "f1_score_micro": 0.007751937984496124,
            "f1_score_weighted": 0.01421188630490956,
            "matthews_corrcoef": -0.0186003385423811,
            "precision_score": -1.0,
            "recall_score": -1.0,
            "roc_auc_score": -1.0,
            "coverage_error": -1.0,
            "label_ranking_average_precision_score": -1.0,
            "label_ranking_loss": -1.0,
            "training_time": 324.36222452297807,
            "test_time": 0.05318450089544058
        },
        {
            "seed": "29",
            "accuracy_score": 0.4573643410852713,
            "average_precision_score": -1.0,
            "balanced_accuracy_score": 0.04886363636363636,
            "cohen_kappa_score": 0.23836032388663986,
            "f1_score_macro": 0.021527862455798068,
            "f1_score_micro": 0.4573643410852713,
            "f1_score_weighted": 0.39270258212035014,
            "matthews_corrcoef": 0.24682688622418264,
            "precision_score": -1.0,
            "recall_score": -1.0,
            "roc_auc_score": -1.0,
            "coverage_error": -1.0,
            "label_ranking_average_precision_score": -1.0,
            "label_ranking_loss": -1.0,
            "training_time": 316.9205558830872,
            "test_time": 0.060713233426213264
        },
        {
            "seed": "31",
            "accuracy_score": 0.4883720930232558,
            "average_precision_score": -1.0,