{"framework": "autokeras", "accuracy_score": 0.4525, "average_precision_score": 0.440008069597024, "balanced_accuracy_score": -1.0, "cohen_kappa_score": -1.0, "f1_score_macro": 0.5561031274563926, "f1_score_micro": 0.5582959641255605, "f1_score_weighted": 0.556178414911456, "matthews_corrcoef": -1.0, "precision_score": -1.0, "recall_score": -1.0, "roc_auc_score": 0.7033592514696757, "coverage_error": 3.19, "label_ranking_average_precision_score": 0.6581666666666643, "label_ranking_loss": 0.4633333333333334, "training_time": "00:01:11", "test_time": "00:00:00"}