{"framework": "autosklearn", "accuracy_score": 0.3975, "average_precision_score": 0.49628344945240627, "balanced_accuracy_score": -1.0, "cohen_kappa_score": -1.0, "f1_score_macro": 0.5833491765001491, "f1_score_micro": 0.587515299877601, "f1_score_weighted": 0.5819176086260929, "matthews_corrcoef": -1.0, "precision_score": -1.0, "recall_score": -1.0, "roc_auc_score": 0.7168508175438962, "coverage_error": 3.2875, "label_ranking_average_precision_score": 0.6176666666666647, "label_ranking_loss": 0.4964583333333333, "training_time": "00:16:08", "test_time": "00:00:04"}