{"framework": "autokeras", "accuracy_score": 0.4925, "average_precision_score": 0.49149808688352026, "balanced_accuracy_score": -1.0, "cohen_kappa_score": -1.0, "f1_score_macro": 0.6067341995648798, "f1_score_micro": 0.6076233183856502, "f1_score_weighted": 0.604637267150886, "matthews_corrcoef": -1.0, "precision_score": -1.0, "recall_score": -1.0, "roc_auc_score": 0.7335079219930776, "coverage_error": 3.03, "label_ranking_average_precision_score": 0.6946666666666641, "label_ranking_loss": 0.41583333333333333, "training_time": "00:01:16", "test_time": "00:00:01"}