{"framework": "gama", "accuracy_score": 0.9682080924855492, "average_precision_score": -1.0, "balanced_accuracy_score": 0.9237645770246763, "cohen_kappa_score": 0.9340335551858014, "f1_score_macro": 0.8788510850013395, "f1_score_micro": 0.9682080924855492, "f1_score_weighted": 0.9707748372514583, "matthews_corrcoef": 0.9348566045023694, "precision_score": -1.0, "recall_score": -1.0, "roc_auc_score": -1.0, "training_time": "00:04:31", "test_time": "00:00:00"}