{"framework": "autosklearn", "accuracy_score": 0.9739884393063584, "average_precision_score": -1.0, "balanced_accuracy_score": 0.9611977321048901, "cohen_kappa_score": 0.9458227495737499, "f1_score_macro": 0.9173976858791765, "f1_score_micro": 0.9739884393063584, "f1_score_weighted": 0.9758168336261084, "matthews_corrcoef": 0.946654228838572, "precision_score": -1.0, "recall_score": -1.0, "roc_auc_score": -1.0, "training_time": "00:08:31", "test_time": "00:00:02"}