{"framework": "autogluon", "accuracy_score": 0.9739884393063584, "average_precision_score": -1.0, "balanced_accuracy_score": 0.94950389794472, "cohen_kappa_score": 0.9455423035220873, "f1_score_macro": 0.9174171089425327, "f1_score_micro": 0.9739884393063584, "f1_score_weighted": 0.9747738315192023, "matthews_corrcoef": 0.9460885633149703, "precision_score": -1.0, "recall_score": -1.0, "roc_auc_score": -1.0, "training_time": "00:00:12", "test_time": "00:00:00"}