{"framework": "tpot", "accuracy_score": 0.9826589595375722, "average_precision_score": -1.0, "balanced_accuracy_score": 0.9585400425230333, "cohen_kappa_score": 0.9638453500522466, "f1_score_macro": 0.9304099920472619, "f1_score_micro": 0.9826589595375722, "f1_score_weighted": 0.9836833835058506, "matthews_corrcoef": 0.964170778530799, "precision_score": -1.0, "recall_score": -1.0, "roc_auc_score": -1.0, "training_time": "00:05:01", "test_time": "00:00:00"}