{"framework": "flaml", "accuracy_score": 0.972, "average_precision_score": -1.0, "balanced_accuracy_score": 0.9717872169974513, "cohen_kappa_score": 0.970874724975814, "f1_score_macro": 0.9717396458612116, "f1_score_micro": 0.972, "f1_score_weighted": 0.9720611745642169, "matthews_corrcoef": 0.970883309139088, "precision_score": -1.0, "recall_score": -1.0, "roc_auc_score": -1.0, "training_time": "00:05:02", "test_time": "00:00:00"}