{"framework": "autogluon", "accuracy_score": 0.98, "average_precision_score": -1.0, "balanced_accuracy_score": 0.980017888742121, "cohen_kappa_score": 0.9791964552840159, "f1_score_macro": 0.9797724117518248, "f1_score_micro": 0.98, "f1_score_weighted": 0.979999573114169, "matthews_corrcoef": 0.9792046037217648, "precision_score": -1.0, "recall_score": -1.0, "roc_auc_score": -1.0, "training_time": "00:02:08", "test_time": "00:00:00"}