{"framework": "autosklearn", "accuracy_score": 0.96675, "average_precision_score": -1.0, "balanced_accuracy_score": 0.9666379806415416, "cohen_kappa_score": 0.965413609991514, "f1_score_macro": 0.9665962846238377, "f1_score_micro": 0.96675, "f1_score_weighted": 0.9667812001272825, "matthews_corrcoef": 0.9654329416302528, "precision_score": -1.0, "recall_score": -1.0, "roc_auc_score": -1.0, "training_time": "00:09:35", "test_time": "00:00:04"}