{"framework": "gama", "accuracy_score": 0.94775, "average_precision_score": -1.0, "balanced_accuracy_score": 0.9470214507817475, "cohen_kappa_score": 0.9456498490223019, "f1_score_macro": 0.9471900984653465, "f1_score_micro": 0.94775, "f1_score_weighted": 0.947953299036355, "matthews_corrcoef": 0.945671305754886, "precision_score": -1.0, "recall_score": -1.0, "roc_auc_score": -1.0, "training_time": "00:04:29", "test_time": "00:00:00"}