{"framework": "autokeras", "accuracy_score": 0.767, "average_precision_score": -1.0, "balanced_accuracy_score": 0.7664851589017546, "cohen_kappa_score": 0.7576468812345551, "f1_score_macro": 0.7663181761717881, "f1_score_micro": 0.767, "f1_score_weighted": 0.7673083220375074, "matthews_corrcoef": 0.7578040423214931, "precision_score": -1.0, "recall_score": -1.0, "roc_auc_score": -1.0, "training_time": "00:01:31", "test_time": "00:00:01"}