{"framework": "h2o", "accuracy_score": 0.782, "average_precision_score": -1.0, "balanced_accuracy_score": 0.7808062351219927, "cohen_kappa_score": 0.773245121698394, "f1_score_macro": 0.7787956351283764, "f1_score_micro": 0.782, "f1_score_weighted": 0.7804274090902987, "matthews_corrcoef": 0.7733727310007299, "precision_score": -1.0, "recall_score": -1.0, "roc_auc_score": -1.0, "training_time": "00:05:09", "test_time": "00:00:00"}