{"framework": "lightautoml", "accuracy_score": 0.00025, "average_precision_score": -1.0, "balanced_accuracy_score": 0.00024342745861733204, "cohen_kappa_score": -0.0396902872089171, "f1_score_macro": 0.00025220680958385876, "f1_score_micro": 0.00025, "f1_score_weighted": 0.0002590163934426229, "matthews_corrcoef": -0.039699638408754054, "precision_score": -1.0, "recall_score": -1.0, "roc_auc_score": -1.0, "training_time": "00:03:00", "test_time": "00:00:00"}