{"accuracy_score": 0.9940882219190541, "average_precision_score": -1.0, "balanced_accuracy_score": 0.9940966105876654, "cohen_kappa_score": 0.9934292758205533, "f1_score_macro": 0.9940402465568301, "f1_score_micro": 0.9940882219190541, "f1_score_weighted": 0.9940982400311922, "matthews_corrcoef": 0.9934340710279478, "precision_score": -1.0, "recall_score": -1.0, "roc_auc_score": -1.0, "training_time": "00:01:33", "test_time": "00:00:06"}