{"accuracy_score": 0.8622100954979536, "average_precision_score": -1.0, "balanced_accuracy_score": 0.8619292165701781, "cohen_kappa_score": 0.8468306702332009, "f1_score_macro": 0.8587625438001325, "f1_score_micro": 0.8622100954979536, "f1_score_weighted": 0.8586845306039299, "matthews_corrcoef": 0.8476917585555069, "precision_score": -1.0, "recall_score": -1.0, "roc_auc_score": -1.0, "training_time": "00:01:19", "test_time": "00:00:00"}