{"accuracy_score": 0.8617553433378808, "average_precision_score": -1.0, "balanced_accuracy_score": 0.8615421046252996, "cohen_kappa_score": 0.8463407385204812, "f1_score_macro": 0.8615148390197543, "f1_score_micro": 0.8617553433378808, "f1_score_weighted": 0.8616646062222503, "matthews_corrcoef": 0.8464175933757192, "precision_score": -1.0, "recall_score": -1.0, "roc_auc_score": -1.0, "training_time": "00:01:49", "test_time": "00:00:01"}