{"accuracy_score": 0.10186448385629832, "average_precision_score": -1.0, "balanced_accuracy_score": 0.09962852018257465, "cohen_kappa_score": 0.002297253059653892, "f1_score_macro": 0.09982699241118757, "f1_score_micro": 0.10186448385629832, "f1_score_weighted": 0.10206844625746779, "matthews_corrcoef": 0.00229857791622334, "precision_score": -1.0, "recall_score": -1.0, "roc_auc_score": -1.0, "training_time": "00:00:43", "test_time": "00:00:00"}