{"accuracy_score": 0.9931787175989086, "average_precision_score": -1.0, "balanced_accuracy_score": 0.9932390974563923, "cohen_kappa_score": 0.9924183899496605, "f1_score_macro": 0.9931767520735348, "f1_score_micro": 0.9931787175989086, "f1_score_weighted": 0.9931824885533355, "matthews_corrcoef": 0.9924268300177989, "precision_score": -1.0, "recall_score": -1.0, "roc_auc_score": -1.0, "training_time": "00:00:54", "test_time": "00:00:00"}