{"accuracy_score": 0.9940882219190541, "average_precision_score": -1.0, "balanced_accuracy_score": 0.9941952585305491, "cohen_kappa_score": 0.9934292773308344, "f1_score_macro": 0.9941308875928911, "f1_score_micro": 0.9940882219190541, "f1_score_weighted": 0.994093590581349, "matthews_corrcoef": 0.9934370409680344, "precision_score": -1.0, "recall_score": -1.0, "roc_auc_score": -1.0, "training_time": "00:00:53", "test_time": "00:00:00"}