{"accuracy_score": 0.9618008185538881, "average_precision_score": -1.0, "balanced_accuracy_score": 0.9619671867204437, "cohen_kappa_score": 0.9575400851699238, "f1_score_macro": 0.9621236281749288, "f1_score_micro": 0.9618008185538881, "f1_score_weighted": 0.9617248548661421, "matthews_corrcoef": 0.9575618789832364, "precision_score": -1.0, "recall_score": -1.0, "roc_auc_score": -1.0, "training_time": "00:01:03", "test_time": "00:00:00"}