{"accuracy_score": 0.9918144611186903, "average_precision_score": -1.0, "balanced_accuracy_score": 0.9918808404435705, "cohen_kappa_score": 0.9909019424681521, "f1_score_macro": 0.9918781485691668, "f1_score_micro": 0.9918144611186903, "f1_score_weighted": 0.9918164711766698, "matthews_corrcoef": 0.990913330771228, "precision_score": -1.0, "recall_score": -1.0, "roc_auc_score": -1.0, "training_time": "00:01:00", "test_time": "00:00:00"}