{
    "id": 54,
    "framework": "autosklearn",
    "results": [
        {
            "seed": "2",
            "accuracy_score": 0.8470588235294118,
            "average_precision_score": -1.0,
            "balanced_accuracy_score": 0.8189393939393939,
            "cohen_kappa_score": 0.7938913499650269,
            "f1_score_macro": 0.8181247963506029,
            "f1_score_micro": 0.8470588235294118,
            "f1_score_weighted": 0.8428018323653997,
            "matthews_corrcoef": 0.7943776355143447,
            "precision_score": -1.0,
            "recall_score": -1.0,
            "roc_auc_score": -1.0,
            "coverage_error": -1.0,
            "label_ranking_average_precision_score": -1.0,
            "label_ranking_loss": -1.0,
            "training_time": 297.86055658900295,
            "test_time": 0.3431386869997368
        },
        {
            "seed": "3",
            "accuracy_score": 0.8470588235294118,
            "average_precision_score": -1.0,
            "balanced_accuracy_score": 0.8431423574280716,
            "cohen_kappa_score": 0.7953514214279099,
            "f1_score_macro": 0.8396571342307777,
            "f1_score_micro": 0.8470588235294118,
            "f1_score_weighted": 0.8444094386638847,
            "matthews_corrcoef": 0.7958304386580868,
            "precision_score": -1.0,
            "recall_score": -1.0,
            "roc_auc_score": -1.0,
            "coverage_error": -1.0,
            "label_ranking_average_precision_score": -1.0,
            "label_ranking_loss": -1.0,
            "training_time": 306.33847596099804,
            "test_time": 0.266504896004335
        },
        {
            "seed": "5",
            "accuracy_score": 0.8117647058823529,
            "average_precision_score": -1.0,
            "balanced_accuracy_score": 0.8190364363448729,
            "cohen_kappa_score": 0.747891370840671,
            "f1_score_macro": 0.809862659424835,
            "f1_score_micro": 0.8117647058823529,
            "f1_score_weighted": 0.8091539568441849,
            "matthews_corrcoef": 0.749250342295158,
            "precision_score": -1.0,
            "recall_score": -1.0,
            "roc_auc_score": -1.0,
            "coverage_error": -1.0,
            "label_ranking_average_precision_score": -1.0,
            "label_ranking_loss": -1.0,
            "training_time": 301.77064437900117,
            "test_time": 0.7761821429958218
        },
        {
            "seed": "7",
            "accuracy_score": 0.8470588235294118,
            "average_precision_score": -1.0,
            "balanced_accuracy_score": 0.8470376522702104,
            "cohen_kappa_score": 0.7960502030269472,
            "f1_score_macro": 0.8480332535214855,
            "f1_score_micro": 0.8470588235294118,
            "f1_score_weighted": 0.8479463307776561,
            "matthews_corrcoef": 0.7961604346889046,
            "precision_score": -1.0,
            "recall_score": -1.0,
            "roc_auc_score": -1.0,
            "coverage_error": -1.0,
            "label_ranking_average_precision_score": -1.0,
            "label_ranking_loss": -1.0,
            "training_time": 297.34823571299785,
            "test_time": 0.5711620160000166
        },
        {
            "seed": "11",
            "accuracy_score": 0.8176470588235294,
            "average_precision_score": -1.0,
            "balanced_accuracy_score": 0.8396198830409358,
            "cohen_kappa_score": 0.7570532915360502,
            "f1_score_macro": 0.8326710877774708,
            "f1_score_micro": 0.8176470588235294,
            "f1_score_weighted": 0.8185985295472155,
            "matthews_corrcoef": 0.7639916267862935,
            "precision_score": -1.0,
            "recall_score": -1.0,
            "roc_auc_score": -1.0,
            "coverage_error": -1.0,
            "label_ranking_average_precision_score": -1.0,
            "label_ranking_loss": -1.0,
            "training_time": 301.20885347999865,
            "test_time": 0.29884366700571263
        },
        {
            "seed": "13",
            "accuracy_score": 0.8176470588235294,
            "average_precision_score": -1.0,
            "balanced_accuracy_score": 0.8022909001372934,
            "cohen_kappa_score": 0.7560862723317596,
            "f1_score_macro": 0.8020511234585052,
            "f1_score_micro": 0.8176470588235294,
            "f1_score_weighted": 0.8169758277369634,
            "matthews_corrcoef": 0.756436701488346,
            "precision_score": -1.0,
            "recall_score": -1.0,
            "roc_auc_score": -1.0,
            "coverage_error": -1.0,
            "label_ranking_average_precision_score": -1.0,
            "label_ranking_loss": -1.0,
            "training_time": 295.49109303500154,
            "test_time": 0.07439613399765221
        },
        {
            "seed": "17",
            "accuracy_score": 0.788235294117647,
            "average_precision_score": -1.0,
            "balanced_accuracy_score": 0.8091965566714491,
            "cohen_kappa_score": 0.7171250288883753,
            "f1_score_macro": 0.8001723256198051,
            "f1_score_micro": 0.788235294117647,
            "f1_score_weighted": 0.783119177996727,
            "matthews_corrcoef": 0.7237906161370328,
            "precision_score": -1.0,
            "recall_score": -1.0,
            "roc_auc_score": -1.0,
            "coverage_error": -1.0,
            "label_ranking_average_precision_score": -1.0,
            "label_ranking_loss": -1.0,
            "training_time": 297.11001567399944,
            "test_time": 0.48526941199816065
        },
        {
            "seed": "19",
            "accuracy_score": 0.8117647058823529,
            "average_precision_score": -1.0,
            "balanced_accuracy_score": 0.8262809011164274,
            "cohen_kappa_score": 0.748822605965463,
            "f1_score_macro": 0.822158813736828,
            "f1_score_micro": 0.8117647058823529,
            "f1_score_weighted": 0.8095262576697705,
            "matthews_corrcoef": 0.7505901516592148,
            "precision_score": -1.0,
            "recall_score": -1.0,
            "roc_auc_score": -1.0,
            "coverage_error": -1.0,
            "label_ranking_average_precision_score": -1.0,
            "label_ranking_loss": -1.0,
            "training_time": 298.3714696589959,
            "test_time": 2.075479588995222
        },
        {
            "seed": "23",
            "accuracy_score": 0.8235294117647058,
            "average_precision_score": -1.0,
            "balanced_accuracy_score": 0.8286601378706642,
            "cohen_kappa_score": 0.763757643135075,
            "f1_score_macro": 0.8263916452573439,
            "f1_score_micro": 0.8235294117647058,
            "f1_score_weighted": 0.8235922481845402,
            "matthews_corrcoef": 0.7642192246494433,
            "precision_score": -1.0,
            "recall_score": -1.0,
            "roc_auc_score": -1.0,
            "coverage_error": -1.0,
            "label_ranking_average_precision_score": -1.0,
            "label_ranking_loss": -1.0,
            "training_time": 296.7653925420018,
            "test_time": 0.24392548800096847
        },
        {
            "seed": "29",
            "accuracy_score": 0.8647058823529412,
            "average_precision_score": -1.0,
            "balanced_accuracy_score": 0.8646901709401709,
            "cohen_kappa_score": 0.8195578937652868,
            "f1_score_macro": 0.8637121937382548,
            "f1_score_micro": 0.8647058823529412,
            "f1_score_weighted": 0.8653112622562055,
            "matthews_corrcoef": 0.8207320454755522,
            "precision_score": -1.0,
            "recall_score": -1.0,
            "roc_auc_score": -1.0,
            "coverage_error": -1.0,
            "label_ranking_average_precision_score": -1.0,
            "label_ranking_loss": -1.0,
            "training_time": 299.65402672899654,