{
    "id": 54,
    "framework": "autokeras",
    "results": [
        {
            "seed": "2",
            "accuracy_score": 0.8294117647058824,
            "average_precision_score": -1.0,
            "balanced_accuracy_score": 0.8083333333333332,
            "cohen_kappa_score": 0.7710278203520505,
            "f1_score_macro": 0.8073288859324933,
            "f1_score_micro": 0.8294117647058825,
            "f1_score_weighted": 0.8298540440567291,
            "matthews_corrcoef": 0.7719241142006882,
            "precision_score": -1.0,
            "recall_score": -1.0,
            "roc_auc_score": -1.0,
            "coverage_error": -1.0,
            "label_ranking_average_precision_score": -1.0,
            "label_ranking_loss": -1.0,
            "training_time": 42.76249039500544,
            "test_time": 0.6260957880003843
        },
        {
            "seed": "3",
            "accuracy_score": 0.7823529411764706,
            "average_precision_score": -1.0,
            "balanced_accuracy_score": 0.779788186931044,
            "cohen_kappa_score": 0.7092001849283402,
            "f1_score_macro": 0.7753119964359099,
            "f1_score_micro": 0.7823529411764706,
            "f1_score_weighted": 0.7802991585176866,
            "matthews_corrcoef": 0.7099226889177285,
            "precision_score": -1.0,
            "recall_score": -1.0,
            "roc_auc_score": -1.0,
            "coverage_error": -1.0,
            "label_ranking_average_precision_score": -1.0,
            "label_ranking_loss": -1.0,
            "training_time": 29.90260796200164,
            "test_time": 0.4322036419980577
        },
        {
            "seed": "5",
            "accuracy_score": 0.711764705882353,
            "average_precision_score": -1.0,
            "balanced_accuracy_score": 0.7166332442067737,
            "cohen_kappa_score": 0.6135467408953839,
            "f1_score_macro": 0.7069637541745317,
            "f1_score_micro": 0.711764705882353,
            "f1_score_weighted": 0.7068883510279385,
            "matthews_corrcoef": 0.6144329523469583,
            "precision_score": -1.0,
            "recall_score": -1.0,
            "roc_auc_score": -1.0,
            "coverage_error": -1.0,
            "label_ranking_average_precision_score": -1.0,
            "label_ranking_loss": -1.0,
            "training_time": 36.85635646699666,
            "test_time": 0.6657322870014468
        },
        {
            "seed": "7",
            "accuracy_score": 0.7941176470588235,
            "average_precision_score": -1.0,
            "balanced_accuracy_score": 0.7942967884828349,
            "cohen_kappa_score": 0.725477530681923,
            "f1_score_macro": 0.7990301713789639,
            "f1_score_micro": 0.7941176470588235,
            "f1_score_weighted": 0.798885356035784,
            "matthews_corrcoef": 0.7260472292717637,
            "precision_score": -1.0,
            "recall_score": -1.0,
            "roc_auc_score": -1.0,
            "coverage_error": -1.0,
            "label_ranking_average_precision_score": -1.0,
            "label_ranking_loss": -1.0,
            "training_time": 36.81772152600024,
            "test_time": 0.4568035700067412
        },
        {
            "seed": "11",
            "accuracy_score": 0.6941176470588235,
            "average_precision_score": -1.0,
            "balanced_accuracy_score": 0.7109283625730994,
            "cohen_kappa_score": 0.5900955207270704,
            "f1_score_macro": 0.7100821706475618,
            "f1_score_micro": 0.6941176470588235,
            "f1_score_weighted": 0.6955359622474213,
            "matthews_corrcoef": 0.5908911668318848,
            "precision_score": -1.0,
            "recall_score": -1.0,
            "roc_auc_score": -1.0,
            "coverage_error": -1.0,
            "label_ranking_average_precision_score": -1.0,
            "label_ranking_loss": -1.0,
            "training_time": 29.963596804998815,
            "test_time": 0.4473942670010729
        },
        {
            "seed": "13",
            "accuracy_score": 0.7588235294117647,
            "average_precision_score": -1.0,
            "balanced_accuracy_score": 0.7392705367536712,
            "cohen_kappa_score": 0.6773446903064531,
            "f1_score_macro": 0.7389254506808172,
            "f1_score_micro": 0.7588235294117647,
            "f1_score_weighted": 0.7581458477592241,
            "matthews_corrcoef": 0.6788875102741175,
            "precision_score": -1.0,
            "recall_score": -1.0,
            "roc_auc_score": -1.0,
            "coverage_error": -1.0,
            "label_ranking_average_precision_score": -1.0,
            "label_ranking_loss": -1.0,
            "training_time": 48.84456618499826,
            "test_time": 0.4617762740017497
        },
        {
            "seed": "17",
            "accuracy_score": 0.7176470588235294,
            "average_precision_score": -1.0,
            "balanced_accuracy_score": 0.7401769488283119,
            "cohen_kappa_score": 0.6210995542347697,
            "f1_score_macro": 0.7405389072355445,
            "f1_score_micro": 0.7176470588235294,
            "f1_score_weighted": 0.717586763913599,
            "matthews_corrcoef": 0.6211572504301733,
            "precision_score": -1.0,
            "recall_score": -1.0,
            "roc_auc_score": -1.0,
            "coverage_error": -1.0,
            "label_ranking_average_precision_score": -1.0,
            "label_ranking_loss": -1.0,
            "training_time": 57.775454851995164,
            "test_time": 0.43047243500041077
        },
        {
            "seed": "19",
            "accuracy_score": 0.7411764705882353,
            "average_precision_score": -1.0,
            "balanced_accuracy_score": 0.7554974082934609,
            "cohen_kappa_score": 0.6536716362626169,
            "f1_score_macro": 0.7571221915339562,
            "f1_score_micro": 0.7411764705882353,
            "f1_score_weighted": 0.7421661429689111,
            "matthews_corrcoef": 0.6541266970505255,
            "precision_score": -1.0,
            "recall_score": -1.0,
            "roc_auc_score": -1.0,
            "coverage_error": -1.0,
            "label_ranking_average_precision_score": -1.0,
            "label_ranking_loss": -1.0,
            "training_time": 35.31709141900501,
            "test_time": 0.46417288100201404
        },
        {
            "seed": "23",
            "accuracy_score": 0.7764705882352941,
            "average_precision_score": -1.0,
            "balanced_accuracy_score": 0.7856498281069885,
            "cohen_kappa_score": 0.7014097527155072,
            "f1_score_macro": 0.784001074678938,
            "f1_score_micro": 0.7764705882352941,
            "f1_score_weighted": 0.7785813959569649,
            "matthews_corrcoef": 0.7033291041548381,
            "precision_score": -1.0,
            "recall_score": -1.0,
            "roc_auc_score": -1.0,
            "coverage_error": -1.0,
            "label_ranking_average_precision_score": -1.0,
            "label_ranking_loss": -1.0,
            "training_time": 59.90144013999816,
            "test_time": 0.49679977200139547
        },
        {
            "seed": "29",
            "accuracy_score": 0.8058823529411765,
            "average_precision_score": -1.0,
            "balanced_accuracy_score": 0.8065310293571164,
            "cohen_kappa_score": 0.7413316119513096,
            "f1_score_macro": 0.7998636250069402,
            "f1_score_micro": 0.8058823529411765,
            "f1_score_weighted": 0.8015692615950383,
            "matthews_corrcoef": 0.7438357206673829,
            "precision_score": -1.0,
            "recall_score": -1.0,
            "roc_auc_score": -1.0,
            "coverage_error": -1.0,
            "label_ranking_average_precision_score": -1.0,
            "label_ranking_loss": -1.0,
            "training_time": 60.11957262699434,