{
    "id": 54,
    "framework": "lightautoml",
    "results": [
        {
            "seed": "2",
            "accuracy_score": 0.8058823529411765,
            "average_precision_score": -1.0,
            "balanced_accuracy_score": 0.7723600803957946,
            "cohen_kappa_score": 0.7385955920041005,
            "f1_score_macro": 0.7705563285920429,
            "f1_score_micro": 0.8058823529411765,
            "f1_score_weighted": 0.8018079959256431,
            "matthews_corrcoef": 0.7389078044219166,
            "precision_score": -1.0,
            "recall_score": -1.0,
            "roc_auc_score": -1.0,
            "coverage_error": -1.0,
            "label_ranking_average_precision_score": -1.0,
            "label_ranking_loss": -1.0,
            "training_time": 137.93509605500003,
            "test_time": 0.3300061230038409
        },
        {
            "seed": "3",
            "accuracy_score": 0.7176470588235294,
            "average_precision_score": -1.0,
            "balanced_accuracy_score": 0.7075999075999077,
            "cohen_kappa_score": 0.6218370562610066,
            "f1_score_macro": 0.6946648580271041,
            "f1_score_micro": 0.7176470588235294,
            "f1_score_weighted": 0.7042254371732821,
            "matthews_corrcoef": 0.623544830751869,
            "precision_score": -1.0,
            "recall_score": -1.0,
            "roc_auc_score": -1.0,
            "coverage_error": -1.0,
            "label_ranking_average_precision_score": -1.0,
            "label_ranking_loss": -1.0,
            "training_time": 121.2981137290044,
            "test_time": 0.34820372099784436
        },
        {
            "seed": "5",
            "accuracy_score": 0.7176470588235294,
            "average_precision_score": -1.0,
            "balanced_accuracy_score": 0.7429724880382775,
            "cohen_kappa_score": 0.62702257976049,
            "f1_score_macro": 0.7083920946060165,
            "f1_score_micro": 0.7176470588235294,
            "f1_score_weighted": 0.7005723416701145,
            "matthews_corrcoef": 0.6438125722421764,
            "precision_score": -1.0,
            "recall_score": -1.0,
            "roc_auc_score": -1.0,
            "coverage_error": -1.0,
            "label_ranking_average_precision_score": -1.0,
            "label_ranking_loss": -1.0,
            "training_time": 178.77841989100125,
            "test_time": 0.1336353290025727
        },
        {
            "seed": "7",
            "accuracy_score": 0.7941176470588235,
            "average_precision_score": -1.0,
            "balanced_accuracy_score": 0.7945736434108528,
            "cohen_kappa_score": 0.7255281852569425,
            "f1_score_macro": 0.7884643134643134,
            "f1_score_micro": 0.7941176470588235,
            "f1_score_weighted": 0.7881274281274281,
            "matthews_corrcoef": 0.7271397383943572,
            "precision_score": -1.0,
            "recall_score": -1.0,
            "roc_auc_score": -1.0,
            "coverage_error": -1.0,
            "label_ranking_average_precision_score": -1.0,
            "label_ranking_loss": -1.0,
            "training_time": 155.07018302500364,
            "test_time": 0.12206495999998879
        },
        {
            "seed": "11",
            "accuracy_score": 0.7411764705882353,
            "average_precision_score": -1.0,
            "balanced_accuracy_score": 0.7651803118908382,
            "cohen_kappa_score": 0.6545034642032332,
            "f1_score_macro": 0.7524741094735358,
            "f1_score_micro": 0.7411764705882353,
            "f1_score_weighted": 0.734739372699617,
            "matthews_corrcoef": 0.6566011728192785,
            "precision_score": -1.0,
            "recall_score": -1.0,
            "roc_auc_score": -1.0,
            "coverage_error": -1.0,
            "label_ranking_average_precision_score": -1.0,
            "label_ranking_loss": -1.0,
            "training_time": 166.65832675299316,
            "test_time": 0.10420481899927836
        },
        {
            "seed": "13",
            "accuracy_score": 0.7529411764705882,
            "average_precision_score": -1.0,
            "balanced_accuracy_score": 0.7289793685745944,
            "cohen_kappa_score": 0.6684313179158541,
            "f1_score_macro": 0.7184463048689458,
            "f1_score_micro": 0.7529411764705881,
            "f1_score_weighted": 0.7395051010207536,
            "matthews_corrcoef": 0.6740525781088509,
            "precision_score": -1.0,
            "recall_score": -1.0,
            "roc_auc_score": -1.0,
            "coverage_error": -1.0,
            "label_ranking_average_precision_score": -1.0,
            "label_ranking_loss": -1.0,
            "training_time": 147.37593782199838,
            "test_time": 0.12030701200274052
        },
        {
            "seed": "17",
            "accuracy_score": 0.711764705882353,
            "average_precision_score": -1.0,
            "balanced_accuracy_score": 0.738085445560338,
            "cohen_kappa_score": 0.6158280680717614,
            "f1_score_macro": 0.7222008099427455,
            "f1_score_micro": 0.711764705882353,
            "f1_score_weighted": 0.703101341416332,
            "matthews_corrcoef": 0.6187685491113462,
            "precision_score": -1.0,
            "recall_score": -1.0,
            "roc_auc_score": -1.0,
            "coverage_error": -1.0,
            "label_ranking_average_precision_score": -1.0,
            "label_ranking_loss": -1.0,
            "training_time": 160.7413333500008,
            "test_time": 0.1310178839994478
        },
        {
            "seed": "19",
            "accuracy_score": 0.7176470588235294,
            "average_precision_score": -1.0,
            "balanced_accuracy_score": 0.7363686204146731,
            "cohen_kappa_score": 0.6233382570162482,
            "f1_score_macro": 0.7268650274975955,
            "f1_score_micro": 0.7176470588235294,
            "f1_score_weighted": 0.7105865815215577,
            "matthews_corrcoef": 0.6239147708318309,
            "precision_score": -1.0,
            "recall_score": -1.0,
            "roc_auc_score": -1.0,
            "coverage_error": -1.0,
            "label_ranking_average_precision_score": -1.0,
            "label_ranking_loss": -1.0,
            "training_time": 166.7171237270013,
            "test_time": 0.1222789620005642
        },
        {
            "seed": "23",
            "accuracy_score": 0.7647058823529411,
            "average_precision_score": -1.0,
            "balanced_accuracy_score": 0.7871954020209835,
            "cohen_kappa_score": 0.6886304317963277,
            "f1_score_macro": 0.7674335272122975,
            "f1_score_micro": 0.7647058823529412,
            "f1_score_weighted": 0.7566854028690828,
            "matthews_corrcoef": 0.7000765319974633,
            "precision_score": -1.0,
            "recall_score": -1.0,
            "roc_auc_score": -1.0,
            "coverage_error": -1.0,
            "label_ranking_average_precision_score": -1.0,
            "label_ranking_loss": -1.0,
            "training_time": 151.88853061199916,
            "test_time": 0.09129725800448796
        },
        {
            "seed": "29",
            "accuracy_score": 0.8235294117647058,
            "average_precision_score": -1.0,
            "balanced_accuracy_score": 0.8247863247863247,
            "cohen_kappa_score": 0.7649336283185841,
            "f1_score_macro": 0.8191199229718353,
            "f1_score_micro": 0.8235294117647058,
            "f1_score_weighted": 0.8205444814224708,
            "matthews_corrcoef": 0.7685484140020649,
            "precision_score": -1.0,
            "recall_score": -1.0,
            "roc_auc_score": -1.0,
            "coverage_error": -1.0,
            "label_ranking_average_precision_score": -1.0,
            "label_ranking_loss": -1.0,
            "training_time": 140.86618419899605,