{
    "id": 54,
    "framework": "pycaret",
    "results": [
        {
            "seed": "2",
            "accuracy_score": 0.888235294117647,
            "average_precision_score": -1.0,
            "balanced_accuracy_score": 0.865340909090909,
            "cohen_kappa_score": 0.849290780141844,
            "f1_score_macro": 0.8667673797819075,
            "f1_score_micro": 0.888235294117647,
            "f1_score_weighted": 0.8849738560036238,
            "matthews_corrcoef": 0.8506910399078814,
            "precision_score": -1.0,
            "recall_score": -1.0,
            "roc_auc_score": -1.0,
            "coverage_error": -1.0,
            "label_ranking_average_precision_score": -1.0,
            "label_ranking_loss": -1.0,
            "training_time": 17.140325215645134,
            "test_time": 0.08936059568077326
        },
        {
            "seed": "3",
            "accuracy_score": 0.8529411764705882,
            "average_precision_score": -1.0,
            "balanced_accuracy_score": 0.8450943093800237,
            "cohen_kappa_score": 0.8028756957328386,
            "f1_score_macro": 0.8432932557964863,
            "f1_score_micro": 0.8529411764705882,
            "f1_score_weighted": 0.8500183468060045,
            "matthews_corrcoef": 0.8039220917032928,
            "precision_score": -1.0,
            "recall_score": -1.0,
            "roc_auc_score": -1.0,
            "coverage_error": -1.0,
            "label_ranking_average_precision_score": -1.0,
            "label_ranking_loss": -1.0,
            "training_time": 17.604716178961098,
            "test_time": 0.0938281873241067
        },
        {
            "seed": "5",
            "accuracy_score": 0.8529411764705882,
            "average_precision_score": -1.0,
            "balanced_accuracy_score": 0.8593779317947274,
            "cohen_kappa_score": 0.8027567642827308,
            "f1_score_macro": 0.8523964330343197,
            "f1_score_micro": 0.8529411764705882,
            "f1_score_weighted": 0.8511883628802974,
            "matthews_corrcoef": 0.8035434567455229,
            "precision_score": -1.0,
            "recall_score": -1.0,
            "roc_auc_score": -1.0,
            "coverage_error": -1.0,
            "label_ranking_average_precision_score": -1.0,
            "label_ranking_loss": -1.0,
            "training_time": 16.9493378540501,
            "test_time": 0.09283621795475483
        },
        {
            "seed": "7",
            "accuracy_score": 0.8411764705882353,
            "average_precision_score": -1.0,
            "balanced_accuracy_score": 0.8410852713178294,
            "cohen_kappa_score": 0.7881962069124636,
            "f1_score_macro": 0.8398088584589397,
            "f1_score_micro": 0.8411764705882353,
            "f1_score_weighted": 0.8397167927914,
            "matthews_corrcoef": 0.7884509702606307,
            "precision_score": -1.0,
            "recall_score": -1.0,
            "roc_auc_score": -1.0,
            "coverage_error": -1.0,
            "label_ranking_average_precision_score": -1.0,
            "label_ranking_loss": -1.0,
            "training_time": 16.755158822983503,
            "test_time": 0.09247969649732113
        },
        {
            "seed": "11",
            "accuracy_score": 0.8294117647058824,
            "average_precision_score": -1.0,
            "balanced_accuracy_score": 0.8440180311890839,
            "cohen_kappa_score": 0.7719282013323464,
            "f1_score_macro": 0.8376807760141094,
            "f1_score_micro": 0.8294117647058825,
            "f1_score_weighted": 0.8286378255005706,
            "matthews_corrcoef": 0.7738292699692148,
            "precision_score": -1.0,
            "recall_score": -1.0,
            "roc_auc_score": -1.0,
            "coverage_error": -1.0,
            "label_ranking_average_precision_score": -1.0,
            "label_ranking_loss": -1.0,
            "training_time": 17.58648883085698,
            "test_time": 0.09316758252680302
        },
        {
            "seed": "13",
            "accuracy_score": 0.8411764705882353,
            "average_precision_score": -1.0,
            "balanced_accuracy_score": 0.8287779476414661,
            "cohen_kappa_score": 0.7874212671359763,
            "f1_score_macro": 0.828773706126064,
            "f1_score_micro": 0.8411764705882353,
            "f1_score_weighted": 0.8398911494135732,
            "matthews_corrcoef": 0.7887760650715333,
            "precision_score": -1.0,
            "recall_score": -1.0,
            "roc_auc_score": -1.0,
            "coverage_error": -1.0,
            "label_ranking_average_precision_score": -1.0,
            "label_ranking_loss": -1.0,
            "training_time": 16.889085840433836,
            "test_time": 0.09260881692171097
        },
        {
            "seed": "17",
            "accuracy_score": 0.8,
            "average_precision_score": -1.0,
            "balanced_accuracy_score": 0.818202614379085,
            "cohen_kappa_score": 0.7320476565759585,
            "f1_score_macro": 0.8133139064270682,
            "f1_score_micro": 0.8000000000000002,
            "f1_score_weighted": 0.7974773590835073,
            "matthews_corrcoef": 0.732353667652701,
            "precision_score": -1.0,
            "recall_score": -1.0,
            "roc_auc_score": -1.0,
            "coverage_error": -1.0,
            "label_ranking_average_precision_score": -1.0,
            "label_ranking_loss": -1.0,
            "training_time": 18.034938283264637,
            "test_time": 0.09104320872575045
        },
        {
            "seed": "19",
            "accuracy_score": 0.8647058823529412,
            "average_precision_score": -1.0,
            "balanced_accuracy_score": 0.8740530303030303,
            "cohen_kappa_score": 0.8191991121797836,
            "f1_score_macro": 0.8711308680861395,
            "f1_score_micro": 0.8647058823529412,
            "f1_score_weighted": 0.8626407158867818,
            "matthews_corrcoef": 0.8199195416694197,
            "precision_score": -1.0,
            "recall_score": -1.0,
            "roc_auc_score": -1.0,
            "coverage_error": -1.0,
            "label_ranking_average_precision_score": -1.0,
            "label_ranking_loss": -1.0,
            "training_time": 17.115490896627307,
            "test_time": 0.09668876603245735
        },
        {
            "seed": "23",
            "accuracy_score": 0.8352941176470589,
            "average_precision_score": -1.0,
            "balanced_accuracy_score": 0.8434720734292337,
            "cohen_kappa_score": 0.7806047197640118,
            "f1_score_macro": 0.8360826892428572,
            "f1_score_micro": 0.8352941176470589,
            "f1_score_weighted": 0.8358804841140909,
            "matthews_corrcoef": 0.7841139261443648,
            "precision_score": -1.0,
            "recall_score": -1.0,
            "roc_auc_score": -1.0,
            "coverage_error": -1.0,
            "label_ranking_average_precision_score": -1.0,
            "label_ranking_loss": -1.0,
            "training_time": 17.25015461537987,
            "test_time": 0.09304977301508188
        },
        {
            "seed": "29",
            "accuracy_score": 0.8823529411764706,
            "average_precision_score": -1.0,
            "balanced_accuracy_score": 0.8811965811965812,
            "cohen_kappa_score": 0.8429416112342942,
            "f1_score_macro": 0.8793919495139007,
            "f1_score_micro": 0.8823529411764706,
            "f1_score_weighted": 0.8811595148037042,
            "matthews_corrcoef": 0.8430974265918004,
            "precision_score": -1.0,
            "recall_score": -1.0,
            "roc_auc_score": -1.0,
            "coverage_error": -1.0,
            "label_ranking_average_precision_score": -1.0,
            "label_ranking_loss": -1.0,
            "training_time": 17.938944184221327,