{
    "id": 54,
    "framework": "evalml",
    "results": [
        {
            "seed": "2",
            "accuracy_score": 0.7588235294117647,
            "average_precision_score": -1.0,
            "balanced_accuracy_score": 0.7223600803957946,
            "cohen_kappa_score": 0.6743903578435952,
            "f1_score_macro": 0.7128093208904174,
            "f1_score_micro": 0.7588235294117647,
            "f1_score_weighted": 0.7442417575034231,
            "matthews_corrcoef": 0.6769763197768746,
            "precision_score": -1.0,
            "recall_score": -1.0,
            "roc_auc_score": -1.0,
            "coverage_error": -1.0,
            "label_ranking_average_precision_score": -1.0,
            "label_ranking_loss": -1.0,
            "training_time": 306.15734417000203,
            "test_time": 0.2978870770020876
        },
        {
            "seed": "3",
            "accuracy_score": 0.7294117647058823,
            "average_precision_score": -1.0,
            "balanced_accuracy_score": 0.7251158536872823,
            "cohen_kappa_score": 0.6383982243595672,
            "f1_score_macro": 0.7181619511314588,
            "f1_score_micro": 0.7294117647058823,
            "f1_score_weighted": 0.7236063257698369,
            "matthews_corrcoef": 0.6413961376560479,
            "precision_score": -1.0,
            "recall_score": -1.0,
            "roc_auc_score": -1.0,
            "coverage_error": -1.0,
            "label_ranking_average_precision_score": -1.0,
            "label_ranking_loss": -1.0,
            "training_time": 301.10947440300515,
            "test_time": 0.03475599899684312
        },
        {
            "seed": "5",
            "accuracy_score": 0.7,
            "average_precision_score": -1.0,
            "balanced_accuracy_score": 0.7229292733839948,
            "cohen_kappa_score": 0.6028219341243299,
            "f1_score_macro": 0.6923832838509806,
            "f1_score_micro": 0.7,
            "f1_score_weighted": 0.6850671469970875,
            "matthews_corrcoef": 0.6150244254249869,
            "precision_score": -1.0,
            "recall_score": -1.0,
            "roc_auc_score": -1.0,
            "coverage_error": -1.0,
            "label_ranking_average_precision_score": -1.0,
            "label_ranking_loss": -1.0,
            "training_time": 305.41176542200265,
            "test_time": 0.09822424699814292
        },
        {
            "seed": "7",
            "accuracy_score": 0.7352941176470589,
            "average_precision_score": -1.0,
            "balanced_accuracy_score": 0.7353266888150609,
            "cohen_kappa_score": 0.6470751061081381,
            "f1_score_macro": 0.7233978244399999,
            "f1_score_micro": 0.735294117647059,
            "f1_score_weighted": 0.7234255266037788,
            "matthews_corrcoef": 0.6490843377645126,
            "precision_score": -1.0,
            "recall_score": -1.0,
            "roc_auc_score": -1.0,
            "coverage_error": -1.0,
            "label_ranking_average_precision_score": -1.0,
            "label_ranking_loss": -1.0,
            "training_time": 302.36811984100495,
            "test_time": 0.29468310700031
        },
        {
            "seed": "11",
            "accuracy_score": 0.7235294117647059,
            "average_precision_score": -1.0,
            "balanced_accuracy_score": 0.754203216374269,
            "cohen_kappa_score": 0.6331159886123611,
            "f1_score_macro": 0.7346940980367946,
            "f1_score_micro": 0.7235294117647059,
            "f1_score_weighted": 0.7141271616684703,
            "matthews_corrcoef": 0.6406769807667779,
            "precision_score": -1.0,
            "recall_score": -1.0,
            "roc_auc_score": -1.0,
            "coverage_error": -1.0,
            "label_ranking_average_precision_score": -1.0,
            "label_ranking_loss": -1.0,
            "training_time": 301.087988512998,
            "test_time": 0.04002866300288588
        },
        {
            "seed": "13",
            "accuracy_score": 0.7647058823529411,
            "average_precision_score": -1.0,
            "balanced_accuracy_score": 0.745012474851603,
            "cohen_kappa_score": 0.6845718526765006,
            "f1_score_macro": 0.740685308939774,
            "f1_score_micro": 0.7647058823529412,
            "f1_score_weighted": 0.7577376503888229,
            "matthews_corrcoef": 0.6868141213988161,
            "precision_score": -1.0,
            "recall_score": -1.0,
            "roc_auc_score": -1.0,
            "coverage_error": -1.0,
            "label_ranking_average_precision_score": -1.0,
            "label_ranking_loss": -1.0,
            "training_time": 302.89267049399496,
            "test_time": 0.36570384899823694
        },
        {
            "seed": "17",
            "accuracy_score": 0.6941176470588235,
            "average_precision_score": -1.0,
            "balanced_accuracy_score": 0.7143735054997609,
            "cohen_kappa_score": 0.5894482630503437,
            "f1_score_macro": 0.7195657173105627,
            "f1_score_micro": 0.6941176470588235,
            "f1_score_weighted": 0.6983037878277417,
            "matthews_corrcoef": 0.5904090377316031,
            "precision_score": -1.0,
            "recall_score": -1.0,
            "roc_auc_score": -1.0,
            "coverage_error": -1.0,
            "label_ranking_average_precision_score": -1.0,
            "label_ranking_loss": -1.0,
            "training_time": 303.87723473900405,
            "test_time": 0.035092635996988975
        },
        {
            "seed": "19",
            "accuracy_score": 0.6941176470588235,
            "average_precision_score": -1.0,
            "balanced_accuracy_score": 0.7130731658692185,
            "cohen_kappa_score": 0.5914972273567467,
            "f1_score_macro": 0.7049756744803184,
            "f1_score_micro": 0.6941176470588235,
            "f1_score_weighted": 0.687212841793064,
            "matthews_corrcoef": 0.5920717944049163,
            "precision_score": -1.0,
            "recall_score": -1.0,
            "roc_auc_score": -1.0,
            "coverage_error": -1.0,
            "label_ranking_average_precision_score": -1.0,
            "label_ranking_loss": -1.0,
            "training_time": 300.250301883003,
            "test_time": 0.03200696700514527
        },
        {
            "seed": "23",
            "accuracy_score": 0.7588235294117647,
            "average_precision_score": -1.0,
            "balanced_accuracy_score": 0.7683348834664625,
            "cohen_kappa_score": 0.6780600461893764,
            "f1_score_macro": 0.76718471041669,
            "f1_score_micro": 0.7588235294117647,
            "f1_score_weighted": 0.76166363276691,
            "matthews_corrcoef": 0.6804183780842932,
            "precision_score": -1.0,
            "recall_score": -1.0,
            "roc_auc_score": -1.0,
            "coverage_error": -1.0,
            "label_ranking_average_precision_score": -1.0,
            "label_ranking_loss": -1.0,
            "training_time": 301.1180823620016,
            "test_time": 0.034818066997104324
        },
        {
            "seed": "29",
            "accuracy_score": 0.7588235294117647,
            "average_precision_score": -1.0,
            "balanced_accuracy_score": 0.7595619658119658,
            "cohen_kappa_score": 0.6786389413988658,
            "f1_score_macro": 0.7456139338826849,
            "f1_score_micro": 0.7588235294117647,
            "f1_score_weighted": 0.7464431257304551,
            "matthews_corrcoef": 0.6850678736392053,
            "precision_score": -1.0,
            "recall_score": -1.0,
            "roc_auc_score": -1.0,
            "coverage_error": -1.0,
            "label_ranking_average_precision_score": -1.0,
            "label_ranking_loss": -1.0,
            "training_time": 307.8345635489968,
            "test_time": 0.43636403100390453
        },
        {
            "seed": "31",