{
    "id": 54,
    "framework": "lightwood",
    "results": [
        {
            "seed": "2",
            "accuracy_score": 0.7823529411764706,
            "average_precision_score": -1.0,
            "balanced_accuracy_score": 0.7497275046382189,
            "cohen_kappa_score": 0.7076186491888625,
            "f1_score_macro": 0.7485822351433544,
            "f1_score_micro": 0.7823529411764706,
            "f1_score_weighted": 0.7814931970913951,
            "matthews_corrcoef": 0.7079148096093886,
            "precision_score": -1.0,
            "recall_score": -1.0,
            "roc_auc_score": -1.0,
            "coverage_error": -1.0,
            "label_ranking_average_precision_score": -1.0,
            "label_ranking_loss": -1.0,
            "training_time": 5.0343573139980435,
            "test_time": 0.07095556899730582
        },
        {
            "seed": "3",
            "accuracy_score": 0.7352941176470589,
            "average_precision_score": -1.0,
            "balanced_accuracy_score": 0.7234118734118735,
            "cohen_kappa_score": 0.6450774798181311,
            "f1_score_macro": 0.7160307801281433,
            "f1_score_micro": 0.735294117647059,
            "f1_score_weighted": 0.7265272356407066,
            "matthews_corrcoef": 0.645828667015199,
            "precision_score": -1.0,
            "recall_score": -1.0,
            "roc_auc_score": -1.0,
            "coverage_error": -1.0,
            "label_ranking_average_precision_score": -1.0,
            "label_ranking_loss": -1.0,
            "training_time": 3.746337131000473,
            "test_time": 0.07111419801367447
        },
        {
            "seed": "5",
            "accuracy_score": 0.7235294117647059,
            "average_precision_score": -1.0,
            "balanced_accuracy_score": 0.741166502486162,
            "cohen_kappa_score": 0.6320515772507483,
            "f1_score_macro": 0.7193778602783226,
            "f1_score_micro": 0.7235294117647059,
            "f1_score_weighted": 0.7136074365862904,
            "matthews_corrcoef": 0.6377220210114294,
            "precision_score": -1.0,
            "recall_score": -1.0,
            "roc_auc_score": -1.0,
            "coverage_error": -1.0,
            "label_ranking_average_precision_score": -1.0,
            "label_ranking_loss": -1.0,
            "training_time": 3.5215202109975507,
            "test_time": 0.0820496859960258
        },
        {
            "seed": "7",
            "accuracy_score": 0.7294117647058823,
            "average_precision_score": -1.0,
            "balanced_accuracy_score": 0.7295127353266888,
            "cohen_kappa_score": 0.6392156862745098,
            "f1_score_macro": 0.7281533596041113,
            "f1_score_micro": 0.7294117647058823,
            "f1_score_weighted": 0.728030742257875,
            "matthews_corrcoef": 0.6397767263538207,
            "precision_score": -1.0,
            "recall_score": -1.0,
            "roc_auc_score": -1.0,
            "coverage_error": -1.0,
            "label_ranking_average_precision_score": -1.0,
            "label_ranking_loss": -1.0,
            "training_time": 2.6875243639951805,
            "test_time": 0.07192202500300482
        },
        {
            "seed": "11",
            "accuracy_score": 0.7,
            "average_precision_score": -1.0,
            "balanced_accuracy_score": 0.725,
            "cohen_kappa_score": 0.6015991177281499,
            "f1_score_macro": 0.6876221675298152,
            "f1_score_micro": 0.7,
            "f1_score_weighted": 0.6750830348574947,
            "matthews_corrcoef": 0.6131360273709019,
            "precision_score": -1.0,
            "recall_score": -1.0,
            "roc_auc_score": -1.0,
            "coverage_error": -1.0,
            "label_ranking_average_precision_score": -1.0,
            "label_ranking_loss": -1.0,
            "training_time": 3.490177305007819,
            "test_time": 0.10035046900156885
        },
        {
            "seed": "13",
            "accuracy_score": 0.711764705882353,
            "average_precision_score": -1.0,
            "balanced_accuracy_score": 0.6861792513842333,
            "cohen_kappa_score": 0.6124860439151469,
            "f1_score_macro": 0.6693072838891655,
            "f1_score_micro": 0.711764705882353,
            "f1_score_weighted": 0.6901760704281713,
            "matthews_corrcoef": 0.6170150564746922,
            "precision_score": -1.0,
            "recall_score": -1.0,
            "roc_auc_score": -1.0,
            "coverage_error": -1.0,
            "label_ranking_average_precision_score": -1.0,
            "label_ranking_loss": -1.0,
            "training_time": 3.359374660998583,
            "test_time": 0.1028159150009742
        },
        {
            "seed": "17",
            "accuracy_score": 0.6588235294117647,
            "average_precision_score": -1.0,
            "balanced_accuracy_score": 0.6861708911206759,
            "cohen_kappa_score": 0.5441305654445421,
            "f1_score_macro": 0.6755742054667184,
            "f1_score_micro": 0.6588235294117647,
            "f1_score_weighted": 0.6518559932003443,
            "matthews_corrcoef": 0.5458722693478345,
            "precision_score": -1.0,
            "recall_score": -1.0,
            "roc_auc_score": -1.0,
            "coverage_error": -1.0,
            "label_ranking_average_precision_score": -1.0,
            "label_ranking_loss": -1.0,
            "training_time": 2.2636845109955175,
            "test_time": 0.07172005600295961
        },
        {
            "seed": "19",
            "accuracy_score": 0.6705882352941176,
            "average_precision_score": -1.0,
            "balanced_accuracy_score": 0.6970245215311005,
            "cohen_kappa_score": 0.5641025641025641,
            "f1_score_macro": 0.646822111236477,
            "f1_score_micro": 0.6705882352941176,
            "f1_score_weighted": 0.6263929936479803,
            "matthews_corrcoef": 0.5875248184973663,
            "precision_score": -1.0,
            "recall_score": -1.0,
            "roc_auc_score": -1.0,
            "coverage_error": -1.0,
            "label_ranking_average_precision_score": -1.0,
            "label_ranking_loss": -1.0,
            "training_time": 4.929183879998163,
            "test_time": 0.1356154120003339
        },
        {
            "seed": "23",
            "accuracy_score": 0.7588235294117647,
            "average_precision_score": -1.0,
            "balanced_accuracy_score": 0.7710489417955758,
            "cohen_kappa_score": 0.6780600461893764,
            "f1_score_macro": 0.7626593312518052,
            "f1_score_micro": 0.7588235294117647,
            "f1_score_weighted": 0.7547863092459094,
            "matthews_corrcoef": 0.6798838904465362,
            "precision_score": -1.0,
            "recall_score": -1.0,
            "roc_auc_score": -1.0,
            "coverage_error": -1.0,
            "label_ranking_average_precision_score": -1.0,
            "label_ranking_loss": -1.0,
            "training_time": 3.4021452059969306,
            "test_time": 0.07513641699915752
        },
        {
            "seed": "29",
            "accuracy_score": 0.788235294117647,
            "average_precision_score": -1.0,
            "balanced_accuracy_score": 0.7883152173913043,
            "cohen_kappa_score": 0.7178163039468831,
            "f1_score_macro": 0.781637147669017,
            "f1_score_micro": 0.788235294117647,
            "f1_score_weighted": 0.7838196918876372,
            "matthews_corrcoef": 0.7202409814249171,
            "precision_score": -1.0,
            "recall_score": -1.0,
            "roc_auc_score": -1.0,
            "coverage_error": -1.0,
            "label_ranking_average_precision_score": -1.0,
            "label_ranking_loss": -1.0,
            "training_time": 2.4881065110093914,
            "test_time": 0.08077950500592124
        },
        {
            "seed": "31",