{
    "id": 54,
    "framework": "h2o",
    "results": [
        {
            "seed": "2",
            "accuracy_score": 0.8470588235294118,
            "average_precision_score": -1.0,
            "balanced_accuracy_score": 0.8176136363636364,
            "cohen_kappa_score": 0.7938432835820896,
            "f1_score_macro": 0.8171230376049654,
            "f1_score_micro": 0.8470588235294118,
            "f1_score_weighted": 0.8429250692610013,
            "matthews_corrcoef": 0.7948517501722023,
            "precision_score": -1.0,
            "recall_score": -1.0,
            "roc_auc_score": -1.0,
            "coverage_error": -1.0,
            "label_ranking_average_precision_score": -1.0,
            "label_ranking_loss": -1.0,
            "training_time": 305.3107778998092,
            "test_time": 0.060239111073315144
        },
        {
            "seed": "3",
            "accuracy_score": 0.8117647058823529,
            "average_precision_score": -1.0,
            "balanced_accuracy_score": 0.8161615304472447,
            "cohen_kappa_score": 0.7494703877682601,
            "f1_score_macro": 0.7980471951166764,
            "f1_score_micro": 0.8117647058823529,
            "f1_score_weighted": 0.8001648491309813,
            "matthews_corrcoef": 0.7625107246797496,
            "precision_score": -1.0,
            "recall_score": -1.0,
            "roc_auc_score": -1.0,
            "coverage_error": -1.0,
            "label_ranking_average_precision_score": -1.0,
            "label_ranking_loss": -1.0,
            "training_time": 305.00313310697675,
            "test_time": 0.2711495403200388
        },
        {
            "seed": "5",
            "accuracy_score": 0.7,
            "average_precision_score": -1.0,
            "balanced_accuracy_score": 0.7208682216905902,
            "cohen_kappa_score": 0.6014342849262171,
            "f1_score_macro": 0.6923161408606614,
            "f1_score_micro": 0.7,
            "f1_score_weighted": 0.682384868019437,
            "matthews_corrcoef": 0.6110713959846378,
            "precision_score": -1.0,
            "recall_score": -1.0,
            "roc_auc_score": -1.0,
            "coverage_error": -1.0,
            "label_ranking_average_precision_score": -1.0,
            "label_ranking_loss": -1.0,
            "training_time": 305.54497456829995,
            "test_time": 0.0609936136752367
        },
        {
            "seed": "7",
            "accuracy_score": 0.7529411764705882,
            "average_precision_score": -1.0,
            "balanced_accuracy_score": 0.7508305647840532,
            "cohen_kappa_score": 0.670101187450908,
            "f1_score_macro": 0.7126642964878259,
            "f1_score_micro": 0.7529411764705881,
            "f1_score_weighted": 0.7138779674765834,
            "matthews_corrcoef": 0.7055663035781488,
            "precision_score": -1.0,
            "recall_score": -1.0,
            "roc_auc_score": -1.0,
            "coverage_error": -1.0,
            "label_ranking_average_precision_score": -1.0,
            "label_ranking_loss": -1.0,
            "training_time": 305.40737347956747,
            "test_time": 0.0575672946870327
        },
        {
            "seed": "11",
            "accuracy_score": 0.8470588235294118,
            "average_precision_score": -1.0,
            "balanced_accuracy_score": 0.8630969785575049,
            "cohen_kappa_score": 0.7953324689757363,
            "f1_score_macro": 0.8586077802771331,
            "f1_score_micro": 0.8470588235294118,
            "f1_score_weighted": 0.8469991001625682,
            "matthews_corrcoef": 0.7969957744482367,
            "precision_score": -1.0,
            "recall_score": -1.0,
            "roc_auc_score": -1.0,
            "coverage_error": -1.0,
            "label_ranking_average_precision_score": -1.0,
            "label_ranking_loss": -1.0,
            "training_time": 305.23824502993375,
            "test_time": 0.06200393009930849
        },
        {
            "seed": "13",
            "accuracy_score": 0.8235294117647058,
            "average_precision_score": -1.0,
            "balanced_accuracy_score": 0.8063437074853784,
            "cohen_kappa_score": 0.7636262513904338,
            "f1_score_macro": 0.8017348564806193,
            "f1_score_micro": 0.8235294117647058,
            "f1_score_weighted": 0.8176729542751479,
            "matthews_corrcoef": 0.7738644603978623,
            "precision_score": -1.0,
            "recall_score": -1.0,
            "roc_auc_score": -1.0,
            "coverage_error": -1.0,
            "label_ranking_average_precision_score": -1.0,
            "label_ranking_loss": -1.0,
            "training_time": 305.4973698472604,
            "test_time": 0.2663009334355593
        },
        {
            "seed": "17",
            "accuracy_score": 0.8235294117647058,
            "average_precision_score": -1.0,
            "balanced_accuracy_score": 0.8408632233381157,
            "cohen_kappa_score": 0.7642708574069794,
            "f1_score_macro": 0.8323824912394511,
            "f1_score_micro": 0.8235294117647058,
            "f1_score_weighted": 0.819300183808532,
            "matthews_corrcoef": 0.771374659221775,
            "precision_score": -1.0,
            "recall_score": -1.0,
            "roc_auc_score": -1.0,
            "coverage_error": -1.0,
            "label_ranking_average_precision_score": -1.0,
            "label_ranking_loss": -1.0,
            "training_time": 305.0341374054551,
            "test_time": 0.26511209830641747
        },
        {
            "seed": "19",
            "accuracy_score": 0.6529411764705882,
            "average_precision_score": -1.0,
            "balanced_accuracy_score": 0.6673345295055821,
            "cohen_kappa_score": 0.5361206178891869,
            "f1_score_macro": 0.616076237140353,
            "f1_score_micro": 0.6529411764705882,
            "f1_score_weighted": 0.6017900774418002,
            "matthews_corrcoef": 0.557820797482799,
            "precision_score": -1.0,
            "recall_score": -1.0,
            "roc_auc_score": -1.0,
            "coverage_error": -1.0,
            "label_ranking_average_precision_score": -1.0,
            "label_ranking_loss": -1.0,
            "training_time": 305.65033567044884,
            "test_time": 0.06393773015588522
        },
        {
            "seed": "23",
            "accuracy_score": 0.8529411764705882,
            "average_precision_score": -1.0,
            "balanced_accuracy_score": 0.8602535899047528,
            "cohen_kappa_score": 0.803549967643524,
            "f1_score_macro": 0.8565149136577709,
            "f1_score_micro": 0.8529411764705882,
            "f1_score_weighted": 0.8542844830239787,
            "matthews_corrcoef": 0.8050415442051158,
            "precision_score": -1.0,
            "recall_score": -1.0,
            "roc_auc_score": -1.0,
            "coverage_error": -1.0,
            "label_ranking_average_precision_score": -1.0,
            "label_ranking_loss": -1.0,
            "training_time": 305.48209499567747,
            "test_time": 0.05879552289843559
        },
        {
            "seed": "29",
            "accuracy_score": 0.6823529411764706,
            "average_precision_score": -1.0,
            "balanced_accuracy_score": 0.6756944444444444,
            "cohen_kappa_score": 0.5755109590307963,
            "f1_score_macro": 0.6770030349920909,
            "f1_score_micro": 0.6823529411764706,
            "f1_score_weighted": 0.6826417000100551,
            "matthews_corrcoef": 0.5757775002806864,
            "precision_score": -1.0,
            "recall_score": -1.0,
            "roc_auc_score": -1.0,
            "coverage_error": -1.0,
            "label_ranking_average_precision_score": -1.0,
            "label_ranking_loss": -1.0,
            "training_time": 301.1608207663521,
            "test_time": 0.2693755151703954
        },
        {
            "seed": "31",