{
    "id": 54,
    "framework": "tpot",
    "results": [
        {
            "seed": "2",
            "accuracy_score": 0.8705882352941177,
            "average_precision_score": -1.0,
            "balanced_accuracy_score": 0.8448032622139765,
            "cohen_kappa_score": 0.8255922402536839,
            "f1_score_macro": 0.8452883582582831,
            "f1_score_micro": 0.8705882352941176,
            "f1_score_weighted": 0.8675191372095397,
            "matthews_corrcoef": 0.8299152567291034,
            "precision_score": -1.0,
            "recall_score": -1.0,
            "roc_auc_score": -1.0,
            "coverage_error": -1.0,
            "label_ranking_average_precision_score": -1.0,
            "label_ranking_loss": -1.0,
            "training_time": 304.6984513549978,
            "test_time": 0.0027962349995505065
        },
        {
            "seed": "3",
            "accuracy_score": 0.8,
            "average_precision_score": -1.0,
            "balanced_accuracy_score": 0.7923430494859066,
            "cohen_kappa_score": 0.7316121842496286,
            "f1_score_macro": 0.790855664428757,
            "f1_score_micro": 0.8000000000000002,
            "f1_score_weighted": 0.7961288555563797,
            "matthews_corrcoef": 0.7324666788437506,
            "precision_score": -1.0,
            "recall_score": -1.0,
            "roc_auc_score": -1.0,
            "coverage_error": -1.0,
            "label_ranking_average_precision_score": -1.0,
            "label_ranking_loss": -1.0,
            "training_time": 72.74976835800044,
            "test_time": 0.0019069990084972233
        },
        {
            "seed": "5",
            "accuracy_score": 0.8058823529411765,
            "average_precision_score": -1.0,
            "balanced_accuracy_score": 0.8121511164274322,
            "cohen_kappa_score": 0.7396993318485523,
            "f1_score_macro": 0.8065576383013944,
            "f1_score_micro": 0.8058823529411765,
            "f1_score_weighted": 0.8053036469811471,
            "matthews_corrcoef": 0.7404588720114695,
            "precision_score": -1.0,
            "recall_score": -1.0,
            "roc_auc_score": -1.0,
            "coverage_error": -1.0,
            "label_ranking_average_precision_score": -1.0,
            "label_ranking_loss": -1.0,
            "training_time": 300.94508173399663,
            "test_time": 0.002427655999781564
        },
        {
            "seed": "7",
            "accuracy_score": 0.7823529411764706,
            "average_precision_score": -1.0,
            "balanced_accuracy_score": 0.7828073089700996,
            "cohen_kappa_score": 0.7098976109215017,
            "f1_score_macro": 0.7755513087108917,
            "f1_score_micro": 0.7823529411764706,
            "f1_score_weighted": 0.7754855952733211,
            "matthews_corrcoef": 0.7119026060430828,
            "precision_score": -1.0,
            "recall_score": -1.0,
            "roc_auc_score": -1.0,
            "coverage_error": -1.0,
            "label_ranking_average_precision_score": -1.0,
            "label_ranking_loss": -1.0,
            "training_time": 54.396756800008006,
            "test_time": 0.0021139970049262047
        },
        {
            "seed": "11",
            "accuracy_score": 0.7529411764705882,
            "average_precision_score": -1.0,
            "balanced_accuracy_score": 0.7754020467836258,
            "cohen_kappa_score": 0.670146909359697,
            "f1_score_macro": 0.7651362817854415,
            "f1_score_micro": 0.7529411764705881,
            "f1_score_weighted": 0.7486653163939372,
            "matthews_corrcoef": 0.6723567669359468,
            "precision_score": -1.0,
            "recall_score": -1.0,
            "roc_auc_score": -1.0,
            "coverage_error": -1.0,
            "label_ranking_average_precision_score": -1.0,
            "label_ranking_loss": -1.0,
            "training_time": 97.51282690001244,
            "test_time": 0.001425162990926765
        },
        {
            "seed": "13",
            "accuracy_score": 0.788235294117647,
            "average_precision_score": -1.0,
            "balanced_accuracy_score": 0.7767751145021513,
            "cohen_kappa_score": 0.7176861334071409,
            "f1_score_macro": 0.7779620832548095,
            "f1_score_micro": 0.788235294117647,
            "f1_score_weighted": 0.792590161661717,
            "matthews_corrcoef": 0.7201111787323035,
            "precision_score": -1.0,
            "recall_score": -1.0,
            "roc_auc_score": -1.0,
            "coverage_error": -1.0,
            "label_ranking_average_precision_score": -1.0,
            "label_ranking_loss": -1.0,
            "training_time": 167.21855127299204,
            "test_time": 0.001973528997041285
        },
        {
            "seed": "17",
            "accuracy_score": 0.7588235294117647,
            "average_precision_score": -1.0,
            "balanced_accuracy_score": 0.7796213932727563,
            "cohen_kappa_score": 0.6775536639526276,
            "f1_score_macro": 0.7709476681450635,
            "f1_score_micro": 0.7588235294117647,
            "f1_score_weighted": 0.7531950866314752,
            "matthews_corrcoef": 0.6803866150586322,
            "precision_score": -1.0,
            "recall_score": -1.0,
            "roc_auc_score": -1.0,
            "coverage_error": -1.0,
            "label_ranking_average_precision_score": -1.0,
            "label_ranking_loss": -1.0,
            "training_time": 183.07968084300228,
            "test_time": 0.002045998990070075
        },
        {
            "seed": "19",
            "accuracy_score": 0.7823529411764706,
            "average_precision_score": -1.0,
            "balanced_accuracy_score": 0.7920952950558213,
            "cohen_kappa_score": 0.7089310504396114,
            "f1_score_macro": 0.7925570992581302,
            "f1_score_micro": 0.7823529411764706,
            "f1_score_weighted": 0.7825927054550464,
            "matthews_corrcoef": 0.7090295426944858,
            "precision_score": -1.0,
            "recall_score": -1.0,
            "roc_auc_score": -1.0,
            "coverage_error": -1.0,
            "label_ranking_average_precision_score": -1.0,
            "label_ranking_loss": -1.0,
            "training_time": 53.73076300599496,
            "test_time": 0.0014829110004939139
        },
        {
            "seed": "23",
            "accuracy_score": 0.8235294117647058,
            "average_precision_score": -1.0,
            "balanced_accuracy_score": 0.8299585599157202,
            "cohen_kappa_score": 0.7642490639301067,
            "f1_score_macro": 0.8311726060287128,
            "f1_score_micro": 0.8235294117647058,
            "f1_score_weighted": 0.8289545278224102,
            "matthews_corrcoef": 0.7668372922936273,
            "precision_score": -1.0,
            "recall_score": -1.0,
            "roc_auc_score": -1.0,
            "coverage_error": -1.0,
            "label_ranking_average_precision_score": -1.0,
            "label_ranking_loss": -1.0,
            "training_time": 303.7286635549972,
            "test_time": 0.0020374990126583725
        },
        {
            "seed": "29",
            "accuracy_score": 0.8058823529411765,
            "average_precision_score": -1.0,
            "balanced_accuracy_score": 0.8072649572649573,
            "cohen_kappa_score": 0.7412480974124809,
            "f1_score_macro": 0.7986386933690856,
            "f1_score_micro": 0.8058823529411765,
            "f1_score_weighted": 0.7989534432844699,
            "matthews_corrcoef": 0.7448584701738951,
            "precision_score": -1.0,
            "recall_score": -1.0,
            "roc_auc_score": -1.0,
            "coverage_error": -1.0,
            "label_ranking_average_precision_score": -1.0,
            "label_ranking_loss": -1.0,
            "training_time": 21.635237456008326,