{
    "id": 54,
    "framework": "autogluon",
    "results": [
        {
            "seed": "2",
            "accuracy_score": 0.8294117647058824,
            "average_precision_score": -1.0,
            "balanced_accuracy_score": 0.7962121212121211,
            "cohen_kappa_score": 0.7701417381574039,
            "f1_score_macro": 0.7948979591836735,
            "f1_score_micro": 0.8294117647058825,
            "f1_score_weighted": 0.8252180872348939,
            "matthews_corrcoef": 0.7711546748143262,
            "precision_score": -1.0,
            "recall_score": -1.0,
            "roc_auc_score": -1.0,
            "coverage_error": -1.0,
            "label_ranking_average_precision_score": -1.0,
            "label_ranking_loss": -1.0,
            "training_time": 23.155676771886647,
            "test_time": 0.05986639391630888
        },
        {
            "seed": "3",
            "accuracy_score": 0.8,
            "average_precision_score": -1.0,
            "balanced_accuracy_score": 0.7959490102347245,
            "cohen_kappa_score": 0.7328526529857644,
            "f1_score_macro": 0.791149102999443,
            "f1_score_micro": 0.8000000000000002,
            "f1_score_weighted": 0.7977320376068683,
            "matthews_corrcoef": 0.7341761759746083,
            "precision_score": -1.0,
            "recall_score": -1.0,
            "roc_auc_score": -1.0,
            "coverage_error": -1.0,
            "label_ranking_average_precision_score": -1.0,
            "label_ranking_loss": -1.0,
            "training_time": 17.69997227191925,
            "test_time": 0.023499855771660805
        },
        {
            "seed": "5",
            "accuracy_score": 0.7529411764705882,
            "average_precision_score": -1.0,
            "balanced_accuracy_score": 0.7736874355005159,
            "cohen_kappa_score": 0.6715882434110667,
            "f1_score_macro": 0.7520754719925592,
            "f1_score_micro": 0.7529411764705881,
            "f1_score_weighted": 0.7441128497017212,
            "matthews_corrcoef": 0.6796856125107557,
            "precision_score": -1.0,
            "recall_score": -1.0,
            "roc_auc_score": -1.0,
            "coverage_error": -1.0,
            "label_ranking_average_precision_score": -1.0,
            "label_ranking_loss": -1.0,
            "training_time": 12.866765460930765,
            "test_time": 0.014161338098347187
        },
        {
            "seed": "7",
            "accuracy_score": 0.8411764705882353,
            "average_precision_score": -1.0,
            "balanced_accuracy_score": 0.8416389811738649,
            "cohen_kappa_score": 0.7882841328413284,
            "f1_score_macro": 0.8420571407432983,
            "f1_score_micro": 0.8411764705882353,
            "f1_score_weighted": 0.8418769883351008,
            "matthews_corrcoef": 0.7901811843065261,
            "precision_score": -1.0,
            "recall_score": -1.0,
            "roc_auc_score": -1.0,
            "coverage_error": -1.0,
            "label_ranking_average_precision_score": -1.0,
            "label_ranking_loss": -1.0,
            "training_time": 17.50134819559753,
            "test_time": 0.02622516267001629
        },
        {
            "seed": "11",
            "accuracy_score": 0.788235294117647,
            "average_precision_score": -1.0,
            "balanced_accuracy_score": 0.8093323586744638,
            "cohen_kappa_score": 0.7176861334071409,
            "f1_score_macro": 0.8037238492246983,
            "f1_score_micro": 0.788235294117647,
            "f1_score_weighted": 0.7896193825365903,
            "matthews_corrcoef": 0.7234597239004616,
            "precision_score": -1.0,
            "recall_score": -1.0,
            "roc_auc_score": -1.0,
            "coverage_error": -1.0,
            "label_ranking_average_precision_score": -1.0,
            "label_ranking_loss": -1.0,
            "training_time": 16.35137197189033,
            "test_time": 0.01581866852939129
        },
        {
            "seed": "13",
            "accuracy_score": 0.7588235294117647,
            "average_precision_score": -1.0,
            "balanced_accuracy_score": 0.7410788837618105,
            "cohen_kappa_score": 0.6780897838536855,
            "f1_score_macro": 0.7428824749017896,
            "f1_score_micro": 0.7588235294117647,
            "f1_score_weighted": 0.7623223226435927,
            "matthews_corrcoef": 0.6789364749842434,
            "precision_score": -1.0,
            "recall_score": -1.0,
            "roc_auc_score": -1.0,
            "coverage_error": -1.0,
            "label_ranking_average_precision_score": -1.0,
            "label_ranking_loss": -1.0,
            "training_time": 15.540797702036798,
            "test_time": 0.12518634367734194
        },
        {
            "seed": "17",
            "accuracy_score": 0.788235294117647,
            "average_precision_score": -1.0,
            "balanced_accuracy_score": 0.8033795632073968,
            "cohen_kappa_score": 0.7165091717620901,
            "f1_score_macro": 0.7983572347183072,
            "f1_score_micro": 0.788235294117647,
            "f1_score_weighted": 0.7848784061457867,
            "matthews_corrcoef": 0.7187400597504248,
            "precision_score": -1.0,
            "recall_score": -1.0,
            "roc_auc_score": -1.0,
            "coverage_error": -1.0,
            "label_ranking_average_precision_score": -1.0,
            "label_ranking_loss": -1.0,
            "training_time": 20.410838833078742,
            "test_time": 0.016150041483342648
        },
        {
            "seed": "19",
            "accuracy_score": 0.7941176470588235,
            "average_precision_score": -1.0,
            "balanced_accuracy_score": 0.8064443779904306,
            "cohen_kappa_score": 0.7246645071726052,
            "f1_score_macro": 0.8052109624337539,
            "f1_score_micro": 0.7941176470588235,
            "f1_score_weighted": 0.7926386347939463,
            "matthews_corrcoef": 0.724966611531569,
            "precision_score": -1.0,
            "recall_score": -1.0,
            "roc_auc_score": -1.0,
            "coverage_error": -1.0,
            "label_ranking_average_precision_score": -1.0,
            "label_ranking_loss": -1.0,
            "training_time": 19.183828328736126,
            "test_time": 0.011066917330026627
        },
        {
            "seed": "23",
            "accuracy_score": 0.8470588235294118,
            "average_precision_score": -1.0,
            "balanced_accuracy_score": 0.8550365224936829,
            "cohen_kappa_score": 0.7956258380727794,
            "f1_score_macro": 0.8534104756792349,
            "f1_score_micro": 0.8470588235294118,
            "f1_score_weighted": 0.8497097072861162,
            "matthews_corrcoef": 0.7979510597171839,
            "precision_score": -1.0,
            "recall_score": -1.0,
            "roc_auc_score": -1.0,
            "coverage_error": -1.0,
            "label_ranking_average_precision_score": -1.0,
            "label_ranking_loss": -1.0,
            "training_time": 18.31695298757404,
            "test_time": 0.0071329157799482346
        },
        {
            "seed": "29",
            "accuracy_score": 0.8470588235294118,
            "average_precision_score": -1.0,
            "balanced_accuracy_score": 0.8435897435897436,
            "cohen_kappa_score": 0.7955312948142665,
            "f1_score_macro": 0.8418320315483436,
            "f1_score_micro": 0.8470588235294118,
            "f1_score_weighted": 0.8442127260233225,
            "matthews_corrcoef": 0.7959371869587294,
            "precision_score": -1.0,
            "recall_score": -1.0,
            "roc_auc_score": -1.0,
            "coverage_error": -1.0,
            "label_ranking_average_precision_score": -1.0,
            "label_ranking_loss": -1.0,
            "training_time": 18.27508290298283,