{
    "id": 54,
    "framework": "gama",
    "results": [
        {
            "seed": "2",
            "accuracy_score": 0.7823529411764706,
            "average_precision_score": -1.0,
            "balanced_accuracy_score": 0.7485795454545454,
            "cohen_kappa_score": 0.7072648578210081,
            "f1_score_macro": 0.74498361998362,
            "f1_score_micro": 0.7823529411764706,
            "f1_score_weighted": 0.777661351190763,
            "matthews_corrcoef": 0.708090203010281,
            "precision_score": -1.0,
            "recall_score": -1.0,
            "roc_auc_score": -1.0,
            "coverage_error": -1.0,
            "label_ranking_average_precision_score": -1.0,
            "label_ranking_loss": -1.0,
            "training_time": 270.3987696080003,
            "test_time": 0.006987298009335063
        },
        {
            "seed": "3",
            "accuracy_score": 0.711764705882353,
            "average_precision_score": -1.0,
            "balanced_accuracy_score": 0.6998267498267497,
            "cohen_kappa_score": 0.6134929472902746,
            "f1_score_macro": 0.697280617621833,
            "f1_score_micro": 0.711764705882353,
            "f1_score_weighted": 0.7071406953351003,
            "matthews_corrcoef": 0.614035995224466,
            "precision_score": -1.0,
            "recall_score": -1.0,
            "roc_auc_score": -1.0,
            "coverage_error": -1.0,
            "label_ranking_average_precision_score": -1.0,
            "label_ranking_loss": -1.0,
            "training_time": 269.3936950320058,
            "test_time": 0.005985373005387373
        },
        {
            "seed": "5",
            "accuracy_score": 0.7823529411764706,
            "average_precision_score": -1.0,
            "balanced_accuracy_score": 0.7908662867060701,
            "cohen_kappa_score": 0.7085129060660827,
            "f1_score_macro": 0.7810169637475243,
            "f1_score_micro": 0.7823529411764706,
            "f1_score_weighted": 0.7784731107632927,
            "matthews_corrcoef": 0.7103263068758143,
            "precision_score": -1.0,
            "recall_score": -1.0,
            "roc_auc_score": -1.0,
            "coverage_error": -1.0,
            "label_ranking_average_precision_score": -1.0,
            "label_ranking_loss": -1.0,
            "training_time": 269.1804674400046,
            "test_time": 0.0010085549874929711
        },
        {
            "seed": "7",
            "accuracy_score": 0.7705882352941177,
            "average_precision_score": -1.0,
            "balanced_accuracy_score": 0.77062569213732,
            "cohen_kappa_score": 0.6940753045404209,
            "f1_score_macro": 0.768560329819547,
            "f1_score_micro": 0.7705882352941177,
            "f1_score_weighted": 0.7684165905830181,
            "matthews_corrcoef": 0.6942034602495568,
            "precision_score": -1.0,
            "recall_score": -1.0,
            "roc_auc_score": -1.0,
            "coverage_error": -1.0,
            "label_ranking_average_precision_score": -1.0,
            "label_ranking_loss": -1.0,
            "training_time": 269.88948466200964,
            "test_time": 0.0022388490033335984
        },
        {
            "seed": "11",
            "accuracy_score": 0.7941176470588235,
            "average_precision_score": -1.0,
            "balanced_accuracy_score": 0.8126705653021442,
            "cohen_kappa_score": 0.7248682141866272,
            "f1_score_macro": 0.8066583043897019,
            "f1_score_micro": 0.7941176470588235,
            "f1_score_weighted": 0.7934665739939573,
            "matthews_corrcoef": 0.7271240285592578,
            "precision_score": -1.0,
            "recall_score": -1.0,
            "roc_auc_score": -1.0,
            "coverage_error": -1.0,
            "label_ranking_average_precision_score": -1.0,
            "label_ranking_loss": -1.0,
            "training_time": 269.7877516340086,
            "test_time": 0.0027707779954653233
        },
        {
            "seed": "13",
            "accuracy_score": 0.7941176470588235,
            "average_precision_score": -1.0,
            "balanced_accuracy_score": 0.7751967068261827,
            "cohen_kappa_score": 0.7240771656464478,
            "f1_score_macro": 0.769927536231884,
            "f1_score_micro": 0.7941176470588235,
            "f1_score_weighted": 0.7869991474850809,
            "matthews_corrcoef": 0.7309064940639896,
            "precision_score": -1.0,
            "recall_score": -1.0,
            "roc_auc_score": -1.0,
            "coverage_error": -1.0,
            "label_ranking_average_precision_score": -1.0,
            "label_ranking_loss": -1.0,
            "training_time": 269.29517764999764,
            "test_time": 0.0014159029960865155
        },
        {
            "seed": "19",
            "accuracy_score": 0.8058823529411765,
            "average_precision_score": -1.0,
            "balanced_accuracy_score": 0.8156299840510366,
            "cohen_kappa_score": 0.740301823905194,
            "f1_score_macro": 0.8171331808585504,
            "f1_score_micro": 0.8058823529411765,
            "f1_score_weighted": 0.8066526472658029,
            "matthews_corrcoef": 0.7404048776981161,
            "precision_score": -1.0,
            "recall_score": -1.0,
            "roc_auc_score": -1.0,
            "coverage_error": -1.0,
            "label_ranking_average_precision_score": -1.0,
            "label_ranking_loss": -1.0,
            "training_time": 269.340006835002,
            "test_time": 0.0009684240067144856
        },
        {
            "seed": "23",
            "accuracy_score": 0.7941176470588235,
            "average_precision_score": -1.0,
            "balanced_accuracy_score": 0.8014250834018275,
            "cohen_kappa_score": 0.7246899870442347,
            "f1_score_macro": 0.7968682678288039,
            "f1_score_micro": 0.7941176470588235,
            "f1_score_weighted": 0.7932271651863434,
            "matthews_corrcoef": 0.7254308793602703,
            "precision_score": -1.0,
            "recall_score": -1.0,
            "roc_auc_score": -1.0,
            "coverage_error": -1.0,
            "label_ranking_average_precision_score": -1.0,
            "label_ranking_loss": -1.0,
            "training_time": 269.3454268540081,
            "test_time": 0.0011193750106031075
        },
        {
            "seed": "29",
            "accuracy_score": 0.8294117647058824,
            "average_precision_score": -1.0,
            "balanced_accuracy_score": 0.8294871794871795,
            "cohen_kappa_score": 0.7725175341454411,
            "f1_score_macro": 0.8255507094087221,
            "f1_score_micro": 0.8294117647058825,
            "f1_score_weighted": 0.8270700625257373,
            "matthews_corrcoef": 0.7738744701012168,
            "precision_score": -1.0,
            "recall_score": -1.0,
            "roc_auc_score": -1.0,
            "coverage_error": -1.0,
            "label_ranking_average_precision_score": -1.0,
            "label_ranking_loss": -1.0,
            "training_time": 269.18992614500166,
            "test_time": 0.0009622439974918962
        },
        {
            "seed": "31",
            "accuracy_score": 0.7529411764705882,
            "average_precision_score": -1.0,
            "balanced_accuracy_score": 0.7368380360274192,
            "cohen_kappa_score": 0.6698571230406436,
            "f1_score_macro": 0.7373684632456562,
            "f1_score_micro": 0.7529411764705881,
            "f1_score_weighted": 0.7571306211657088,
            "matthews_corrcoef": 0.6714415307998386,
            "precision_score": -1.0,
            "recall_score": -1.0,
            "roc_auc_score": -1.0,
            "coverage_error": -1.0,
            "label_ranking_average_precision_score": -1.0,
            "label_ranking_loss": -1.0,
            "training_time": 270.4639357519918,