{
    "id": 54,
    "framework": "autopytorch",
    "results": [
        {
            "seed": "2",
            "accuracy_score": 0.8352941176470589,
            "average_precision_score": -1.0,
            "balanced_accuracy_score": 0.8037878787878787,
            "cohen_kappa_score": 0.7782023204883277,
            "f1_score_macro": 0.8027259093977401,
            "f1_score_micro": 0.8352941176470589,
            "f1_score_weighted": 0.8319061912265049,
            "matthews_corrcoef": 0.7786040520389129,
            "precision_score": -1.0,
            "recall_score": -1.0,
            "roc_auc_score": -1.0,
            "coverage_error": -1.0,
            "label_ranking_average_precision_score": -1.0,
            "label_ranking_loss": -1.0,
            "training_time": 312.22941261623055,
            "test_time": 0.5421124920248985
        },
        {
            "seed": "3",
            "accuracy_score": 0.7764705882352941,
            "average_precision_score": -1.0,
            "balanced_accuracy_score": 0.7708161851018994,
            "cohen_kappa_score": 0.7013131126317735,
            "f1_score_macro": 0.7664409994767137,
            "f1_score_micro": 0.7764705882352941,
            "f1_score_weighted": 0.7741752854988149,
            "matthews_corrcoef": 0.7022224148758605,
            "precision_score": -1.0,
            "recall_score": -1.0,
            "roc_auc_score": -1.0,
            "coverage_error": -1.0,
            "label_ranking_average_precision_score": -1.0,
            "label_ranking_loss": -1.0,
            "training_time": 312.6684365803376,
            "test_time": 0.8437829343602061
        },
        {
            "seed": "5",
            "accuracy_score": 0.7588235294117647,
            "average_precision_score": -1.0,
            "balanced_accuracy_score": 0.7762894033211372,
            "cohen_kappa_score": 0.6789202137460844,
            "f1_score_macro": 0.7581605721674074,
            "f1_score_micro": 0.7588235294117647,
            "f1_score_weighted": 0.7517571740604051,
            "matthews_corrcoef": 0.6861587884042484,
            "precision_score": -1.0,
            "recall_score": -1.0,
            "roc_auc_score": -1.0,
            "coverage_error": -1.0,
            "label_ranking_average_precision_score": -1.0,
            "label_ranking_loss": -1.0,
            "training_time": 320.342446022667,
            "test_time": 0.35259002540260553
        },
        {
            "seed": "7",
            "accuracy_score": 0.8647058823529412,
            "average_precision_score": -1.0,
            "balanced_accuracy_score": 0.8644795127353267,
            "cohen_kappa_score": 0.8195745466291358,
            "f1_score_macro": 0.8642565359477123,
            "f1_score_micro": 0.8647058823529412,
            "f1_score_weighted": 0.864346405228758,
            "matthews_corrcoef": 0.8202183234356948,
            "precision_score": -1.0,
            "recall_score": -1.0,
            "roc_auc_score": -1.0,
            "coverage_error": -1.0,
            "label_ranking_average_precision_score": -1.0,
            "label_ranking_loss": -1.0,
            "training_time": 312.8547583594918,
            "test_time": 0.8108342997729778
        },
        {
            "seed": "11",
            "accuracy_score": 0.8235294117647058,
            "average_precision_score": -1.0,
            "balanced_accuracy_score": 0.842958089668616,
            "cohen_kappa_score": 0.7644776946522582,
            "f1_score_macro": 0.8359624931980398,
            "f1_score_micro": 0.8235294117647058,
            "f1_score_weighted": 0.8233000313260055,
            "matthews_corrcoef": 0.768133910701916,
            "precision_score": -1.0,
            "recall_score": -1.0,
            "roc_auc_score": -1.0,
            "coverage_error": -1.0,
            "label_ranking_average_precision_score": -1.0,
            "label_ranking_loss": -1.0,
            "training_time": 317.95810345280915,
            "test_time": 0.4280890207737684
        },
        {
            "seed": "13",
            "accuracy_score": 0.7941176470588235,
            "average_precision_score": -1.0,
            "balanced_accuracy_score": 0.7749582743095977,
            "cohen_kappa_score": 0.7242306266221727,
            "f1_score_macro": 0.7719995210747116,
            "f1_score_micro": 0.7941176470588235,
            "f1_score_weighted": 0.7894998012669345,
            "matthews_corrcoef": 0.7267672905631538,
            "precision_score": -1.0,
            "recall_score": -1.0,
            "roc_auc_score": -1.0,
            "coverage_error": -1.0,
            "label_ranking_average_precision_score": -1.0,
            "label_ranking_loss": -1.0,
            "training_time": 323.61719732545316,
            "test_time": 0.48255270067602396
        },
        {
            "seed": "17",
            "accuracy_score": 0.7529411764705882,
            "average_precision_score": -1.0,
            "balanced_accuracy_score": 0.7793272756256975,
            "cohen_kappa_score": 0.6705122288878633,
            "f1_score_macro": 0.7641666666666667,
            "f1_score_micro": 0.7529411764705881,
            "f1_score_weighted": 0.7435014005602241,
            "matthews_corrcoef": 0.6763825235151146,
            "precision_score": -1.0,
            "recall_score": -1.0,
            "roc_auc_score": -1.0,
            "coverage_error": -1.0,
            "label_ranking_average_precision_score": -1.0,
            "label_ranking_loss": -1.0,
            "training_time": 327.60040465556085,
            "test_time": 0.5664109904319048
        },
        {
            "seed": "19",
            "accuracy_score": 0.8176470588235294,
            "average_precision_score": -1.0,
            "balanced_accuracy_score": 0.830447567783094,
            "cohen_kappa_score": 0.7564695009242144,
            "f1_score_macro": 0.8284045071802508,
            "f1_score_micro": 0.8176470588235294,
            "f1_score_weighted": 0.816650063964642,
            "matthews_corrcoef": 0.7572043183131625,
            "precision_score": -1.0,
            "recall_score": -1.0,
            "roc_auc_score": -1.0,
            "coverage_error": -1.0,
            "label_ranking_average_precision_score": -1.0,
            "label_ranking_loss": -1.0,
            "training_time": 316.5637995470315,
            "test_time": 0.5634336117655039
        },
        {
            "seed": "23",
            "accuracy_score": 0.8058823529411765,
            "average_precision_score": -1.0,
            "balanced_accuracy_score": 0.8161226674843566,
            "cohen_kappa_score": 0.741224226209696,
            "f1_score_macro": 0.8115378227775185,
            "f1_score_micro": 0.8058823529411765,
            "f1_score_weighted": 0.8078500659324264,
            "matthews_corrcoef": 0.7441447637961347,
            "precision_score": -1.0,
            "recall_score": -1.0,
            "roc_auc_score": -1.0,
            "coverage_error": -1.0,
            "label_ranking_average_precision_score": -1.0,
            "label_ranking_loss": -1.0,
            "training_time": 314.1651444481686,
            "test_time": 0.36642794497311115
        },
        {
            "seed": "29",
            "accuracy_score": 0.8529411764705882,
            "average_precision_score": -1.0,
            "balanced_accuracy_score": 0.8534188034188034,
            "cohen_kappa_score": 0.8039577471285576,
            "f1_score_macro": 0.8506116844849664,
            "f1_score_micro": 0.8529411764705882,
            "f1_score_weighted": 0.8521415082439696,
            "matthews_corrcoef": 0.8060773643462743,
            "precision_score": -1.0,
            "recall_score": -1.0,
            "roc_auc_score": -1.0,
            "coverage_error": -1.0,
            "label_ranking_average_precision_score": -1.0,
            "label_ranking_loss": -1.0,
            "training_time": 316.21255459450185,