{
    "id": 54,
    "framework": "mljar",
    "results": [
        {
            "seed": "2",
            "accuracy_score": 0.8117647058823529,
            "average_precision_score": -1.0,
            "balanced_accuracy_score": 0.7812615955473098,
            "cohen_kappa_score": 0.7468707831185147,
            "f1_score_macro": 0.7800567130464038,
            "f1_score_micro": 0.8117647058823529,
            "f1_score_weighted": 0.8097393207156701,
            "matthews_corrcoef": 0.7471145231636142,
            "precision_score": -1.0,
            "recall_score": -1.0,
            "roc_auc_score": -1.0,
            "coverage_error": -1.0,
            "label_ranking_average_precision_score": -1.0,
            "label_ranking_loss": -1.0,
            "training_time": 34.2689165710035,
            "test_time": 0.18153576999611687
        },
        {
            "seed": "3",
            "accuracy_score": 0.7764705882352941,
            "average_precision_score": -1.0,
            "balanced_accuracy_score": 0.7710302138873567,
            "cohen_kappa_score": 0.7011196446747479,
            "f1_score_macro": 0.7644667049496451,
            "f1_score_micro": 0.7764705882352941,
            "f1_score_weighted": 0.771647142202026,
            "matthews_corrcoef": 0.7019315580349886,
            "precision_score": -1.0,
            "recall_score": -1.0,
            "roc_auc_score": -1.0,
            "coverage_error": -1.0,
            "label_ranking_average_precision_score": -1.0,
            "label_ranking_loss": -1.0,
            "training_time": 31.520645484997658,
            "test_time": 0.05581575000542216
        },
        {
            "seed": "5",
            "accuracy_score": 0.7588235294117647,
            "average_precision_score": -1.0,
            "balanced_accuracy_score": 0.7715648161178347,
            "cohen_kappa_score": 0.6775089066765373,
            "f1_score_macro": 0.759480453609766,
            "f1_score_micro": 0.7588235294117647,
            "f1_score_weighted": 0.753242489242947,
            "matthews_corrcoef": 0.6807548330488905,
            "precision_score": -1.0,
            "recall_score": -1.0,
            "roc_auc_score": -1.0,
            "coverage_error": -1.0,
            "label_ranking_average_precision_score": -1.0,
            "label_ranking_loss": -1.0,
            "training_time": 29.850026293992414,
            "test_time": 0.054506445012521
        },
        {
            "seed": "7",
            "accuracy_score": 0.8647058823529412,
            "average_precision_score": -1.0,
            "balanced_accuracy_score": 0.8648947951273532,
            "cohen_kappa_score": 0.8196161653441594,
            "f1_score_macro": 0.8634204159436937,
            "f1_score_micro": 0.8647058823529412,
            "f1_score_weighted": 0.863336088657218,
            "matthews_corrcoef": 0.8198431150283684,
            "precision_score": -1.0,
            "recall_score": -1.0,
            "roc_auc_score": -1.0,
            "coverage_error": -1.0,
            "label_ranking_average_precision_score": -1.0,
            "label_ranking_loss": -1.0,
            "training_time": 34.14172417699592,
            "test_time": 0.05704706200049259
        },
        {
            "seed": "11",
            "accuracy_score": 0.8117647058823529,
            "average_precision_score": -1.0,
            "balanced_accuracy_score": 0.8255969785575049,
            "cohen_kappa_score": 0.7476808905380334,
            "f1_score_macro": 0.8198633603238867,
            "f1_score_micro": 0.8117647058823529,
            "f1_score_weighted": 0.809185520361991,
            "matthews_corrcoef": 0.7482380249631754,
            "precision_score": -1.0,
            "recall_score": -1.0,
            "roc_auc_score": -1.0,
            "coverage_error": -1.0,
            "label_ranking_average_precision_score": -1.0,
            "label_ranking_loss": -1.0,
            "training_time": 30.803543794012512,
            "test_time": 0.18189413798972964
        },
        {
            "seed": "13",
            "accuracy_score": 0.7823529411764706,
            "average_precision_score": -1.0,
            "balanced_accuracy_score": 0.7672603324653143,
            "cohen_kappa_score": 0.7094956585996675,
            "f1_score_macro": 0.7664566625283634,
            "f1_score_micro": 0.7823529411764706,
            "f1_score_weighted": 0.7833234400111952,
            "matthews_corrcoef": 0.7109733573676691,
            "precision_score": -1.0,
            "recall_score": -1.0,
            "roc_auc_score": -1.0,
            "coverage_error": -1.0,
            "label_ranking_average_precision_score": -1.0,
            "label_ranking_loss": -1.0,
            "training_time": 31.521282621994033,
            "test_time": 0.04784429501160048
        },
        {
            "seed": "17",
            "accuracy_score": 0.7529411764705882,
            "average_precision_score": -1.0,
            "balanced_accuracy_score": 0.7764187788936713,
            "cohen_kappa_score": 0.6697502312673451,
            "f1_score_macro": 0.7663499690414787,
            "f1_score_micro": 0.7529411764705881,
            "f1_score_weighted": 0.7460479671072254,
            "matthews_corrcoef": 0.6724562481012296,
            "precision_score": -1.0,
            "recall_score": -1.0,
            "roc_auc_score": -1.0,
            "coverage_error": -1.0,
            "label_ranking_average_precision_score": -1.0,
            "label_ranking_loss": -1.0,
            "training_time": 32.42769236600725,
            "test_time": 0.026996099986718036
        },
        {
            "seed": "19",
            "accuracy_score": 0.8117647058823529,
            "average_precision_score": -1.0,
            "balanced_accuracy_score": 0.8243919457735248,
            "cohen_kappa_score": 0.7488921713441654,
            "f1_score_macro": 0.821183885112626,
            "f1_score_micro": 0.8117647058823529,
            "f1_score_weighted": 0.8102741484475817,
            "matthews_corrcoef": 0.754933434411787,
            "precision_score": -1.0,
            "recall_score": -1.0,
            "roc_auc_score": -1.0,
            "coverage_error": -1.0,
            "label_ranking_average_precision_score": -1.0,
            "label_ranking_loss": -1.0,
            "training_time": 31.572339004997048,
            "test_time": 0.09717389399884269
        },
        {
            "seed": "23",
            "accuracy_score": 0.8294117647058824,
            "average_precision_score": -1.0,
            "balanced_accuracy_score": 0.8351756273267901,
            "cohen_kappa_score": 0.7716746943312338,
            "f1_score_macro": 0.8314355208235257,
            "f1_score_micro": 0.8294117647058825,
            "f1_score_weighted": 0.8285161546399935,
            "matthews_corrcoef": 0.7721055539372947,
            "precision_score": -1.0,
            "recall_score": -1.0,
            "roc_auc_score": -1.0,
            "coverage_error": -1.0,
            "label_ranking_average_precision_score": -1.0,
            "label_ranking_loss": -1.0,
            "training_time": 31.769498113993905,
            "test_time": 0.1842590449959971
        },
        {
            "seed": "29",
            "accuracy_score": 0.8352941176470589,
            "average_precision_score": -1.0,
            "balanced_accuracy_score": 0.8402917131178,
            "cohen_kappa_score": 0.7811292992459077,
            "f1_score_macro": 0.8274279853971891,
            "f1_score_micro": 0.8352941176470589,
            "f1_score_weighted": 0.8280370394409468,
            "matthews_corrcoef": 0.7921235467910142,
            "precision_score": -1.0,
            "recall_score": -1.0,
            "roc_auc_score": -1.0,
            "coverage_error": -1.0,
            "label_ranking_average_precision_score": -1.0,
            "label_ranking_loss": -1.0,
            "training_time": 31.775241016992368,