{
    "id": 54,
    "framework": "fedot",
    "results": [
        {
            "seed": "2",
            "accuracy_score": 0.8764705882352941,
            "average_precision_score": -1.0,
            "balanced_accuracy_score": 0.8538825757575756,
            "cohen_kappa_score": 0.833729216152019,
            "f1_score_macro": 0.8551581083252974,
            "f1_score_micro": 0.8764705882352941,
            "f1_score_weighted": 0.8755232854954904,
            "matthews_corrcoef": 0.8347043764955729,
            "precision_score": -1.0,
            "recall_score": -1.0,
            "roc_auc_score": -1.0,
            "coverage_error": -1.0,
            "label_ranking_average_precision_score": -1.0,
            "label_ranking_loss": -1.0,
            "training_time": 535.430466090329,
            "test_time": 0.006616420112550259
        },
        {
            "seed": "3",
            "accuracy_score": 0.8529411764705882,
            "average_precision_score": -1.0,
            "balanced_accuracy_score": 0.8458943244657531,
            "cohen_kappa_score": 0.8029853513814204,
            "f1_score_macro": 0.8461024569402229,
            "f1_score_micro": 0.8529411764705882,
            "f1_score_weighted": 0.8526519011860062,
            "matthews_corrcoef": 0.8037313981928453,
            "precision_score": -1.0,
            "recall_score": -1.0,
            "roc_auc_score": -1.0,
            "coverage_error": -1.0,
            "label_ranking_average_precision_score": -1.0,
            "label_ranking_loss": -1.0,
            "training_time": 300.170057490468,
            "test_time": 0.016241712495684624
        },
        {
            "seed": "5",
            "accuracy_score": 0.8529411764705882,
            "average_precision_score": -1.0,
            "balanced_accuracy_score": 0.8593779317947274,
            "cohen_kappa_score": 0.8027567642827308,
            "f1_score_macro": 0.8523964330343197,
            "f1_score_micro": 0.8529411764705882,
            "f1_score_weighted": 0.8511883628802974,
            "matthews_corrcoef": 0.8035434567455229,
            "precision_score": -1.0,
            "recall_score": -1.0,
            "roc_auc_score": -1.0,
            "coverage_error": -1.0,
            "label_ranking_average_precision_score": -1.0,
            "label_ranking_loss": -1.0,
            "training_time": 191.80274420697242,
            "test_time": 0.004077454097568989
        },
        {
            "seed": "7",
            "accuracy_score": 0.8411764705882353,
            "average_precision_score": -1.0,
            "balanced_accuracy_score": 0.8410852713178294,
            "cohen_kappa_score": 0.7881962069124636,
            "f1_score_macro": 0.8398088584589397,
            "f1_score_micro": 0.8411764705882353,
            "f1_score_weighted": 0.8397167927914,
            "matthews_corrcoef": 0.7884509702606307,
            "precision_score": -1.0,
            "recall_score": -1.0,
            "roc_auc_score": -1.0,
            "coverage_error": -1.0,
            "label_ranking_average_precision_score": -1.0,
            "label_ranking_loss": -1.0,
            "training_time": 185.19233421981335,
            "test_time": 0.0037276707589626312
        },
        {
            "seed": "13",
            "accuracy_score": 0.8411764705882353,
            "average_precision_score": -1.0,
            "balanced_accuracy_score": 0.8287779476414661,
            "cohen_kappa_score": 0.7874212671359763,
            "f1_score_macro": 0.828773706126064,
            "f1_score_micro": 0.8411764705882353,
            "f1_score_weighted": 0.8398911494135732,
            "matthews_corrcoef": 0.7887760650715333,
            "precision_score": -1.0,
            "recall_score": -1.0,
            "roc_auc_score": -1.0,
            "coverage_error": -1.0,
            "label_ranking_average_precision_score": -1.0,
            "label_ranking_loss": -1.0,
            "training_time": 218.14394346717745,
            "test_time": 0.0038640620186924934
        },
        {
            "seed": "17",
            "accuracy_score": 0.8,
            "average_precision_score": -1.0,
            "balanced_accuracy_score": 0.818202614379085,
            "cohen_kappa_score": 0.7320476565759585,
            "f1_score_macro": 0.8133139064270682,
            "f1_score_micro": 0.8000000000000002,
            "f1_score_weighted": 0.7974773590835073,
            "matthews_corrcoef": 0.732353667652701,
            "precision_score": -1.0,
            "recall_score": -1.0,
            "roc_auc_score": -1.0,
            "coverage_error": -1.0,
            "label_ranking_average_precision_score": -1.0,
            "label_ranking_loss": -1.0,
            "training_time": 679.1500219954178,
            "test_time": 0.004212823696434498
        },
        {
            "seed": "19",
            "accuracy_score": 0.8647058823529412,
            "average_precision_score": -1.0,
            "balanced_accuracy_score": 0.8740530303030303,
            "cohen_kappa_score": 0.8191991121797836,
            "f1_score_macro": 0.8711308680861395,
            "f1_score_micro": 0.8647058823529412,
            "f1_score_weighted": 0.8626407158867818,
            "matthews_corrcoef": 0.8199195416694197,
            "precision_score": -1.0,
            "recall_score": -1.0,
            "roc_auc_score": -1.0,
            "coverage_error": -1.0,
            "label_ranking_average_precision_score": -1.0,
            "label_ranking_loss": -1.0,
            "training_time": 174.469804642722,
            "test_time": 0.004347481764853001
        },
        {
            "seed": "23",
            "accuracy_score": 0.8352941176470589,
            "average_precision_score": -1.0,
            "balanced_accuracy_score": 0.8434720734292337,
            "cohen_kappa_score": 0.7806047197640118,
            "f1_score_macro": 0.8360826892428572,
            "f1_score_micro": 0.8352941176470589,
            "f1_score_weighted": 0.8358804841140909,
            "matthews_corrcoef": 0.7841139261443648,
            "precision_score": -1.0,
            "recall_score": -1.0,
            "roc_auc_score": -1.0,
            "coverage_error": -1.0,
            "label_ranking_average_precision_score": -1.0,
            "label_ranking_loss": -1.0,
            "training_time": 565.1822284338996,
            "test_time": 0.0043387580662965775
        },
        {
            "seed": "29",
            "accuracy_score": 0.8823529411764706,
            "average_precision_score": -1.0,
            "balanced_accuracy_score": 0.8811965811965812,
            "cohen_kappa_score": 0.8429416112342942,
            "f1_score_macro": 0.8793919495139007,
            "f1_score_micro": 0.8823529411764706,
            "f1_score_weighted": 0.8811595148037042,
            "matthews_corrcoef": 0.8430974265918004,
            "precision_score": -1.0,
            "recall_score": -1.0,
            "roc_auc_score": -1.0,
            "coverage_error": -1.0,
            "label_ranking_average_precision_score": -1.0,
            "label_ranking_loss": -1.0,
            "training_time": 162.58195668738335,
            "test_time": 0.003945935517549515
        },
        {
            "seed": "31",
            "accuracy_score": 0.8529411764705882,
            "average_precision_score": -1.0,
            "balanced_accuracy_score": 0.8481587757054041,
            "cohen_kappa_score": 0.803568127195415,
            "f1_score_macro": 0.8443872862433179,
            "f1_score_micro": 0.8529411764705882,
            "f1_score_weighted": 0.8549731775489608,
            "matthews_corrcoef": 0.8065132788912268,
            "precision_score": -1.0,
            "recall_score": -1.0,
            "roc_auc_score": -1.0,
            "coverage_error": -1.0,
            "label_ranking_average_precision_score": -1.0,
            "label_ranking_loss": -1.0,
            "training_time": 302.8089116644114,