{
    "id": 54,
    "framework": "naive",
    "results": [
        {
            "seed": "2",
            "accuracy_score": 0.888235294117647,
            "average_precision_score": -1.0,
            "balanced_accuracy_score": 0.865340909090909,
            "cohen_kappa_score": 0.849290780141844,
            "f1_score_macro": 0.8667673797819075,
            "f1_score_micro": 0.888235294117647,
            "f1_score_weighted": 0.8849738560036238,
            "matthews_corrcoef": 0.8506910399078814,
            "precision_score": -1.0,
            "recall_score": -1.0,
            "roc_auc_score": -1.0,
            "coverage_error": -1.0,
            "label_ranking_average_precision_score": -1.0,
            "label_ranking_loss": -1.0,
            "training_time": 27.79839329299284,
            "test_time": 0.0006723960104864091
        },
        {
            "seed": "3",
            "accuracy_score": 0.8411764705882353,
            "average_precision_score": -1.0,
            "balanced_accuracy_score": 0.8348378991236135,
            "cohen_kappa_score": 0.7873818788215675,
            "f1_score_macro": 0.8302875695732839,
            "f1_score_micro": 0.8411764705882353,
            "f1_score_weighted": 0.837135217723453,
            "matthews_corrcoef": 0.7884049411675348,
            "precision_score": -1.0,
            "recall_score": -1.0,
            "roc_auc_score": -1.0,
            "coverage_error": -1.0,
            "label_ranking_average_precision_score": -1.0,
            "label_ranking_loss": -1.0,
            "training_time": 32.82648647901078,
            "test_time": 0.0006801059935241938
        },
        {
            "seed": "5",
            "accuracy_score": 0.8529411764705882,
            "average_precision_score": -1.0,
            "balanced_accuracy_score": 0.8593779317947274,
            "cohen_kappa_score": 0.8027567642827308,
            "f1_score_macro": 0.8523964330343197,
            "f1_score_micro": 0.8529411764705882,
            "f1_score_weighted": 0.8511883628802974,
            "matthews_corrcoef": 0.8035434567455229,
            "precision_score": -1.0,
            "recall_score": -1.0,
            "roc_auc_score": -1.0,
            "coverage_error": -1.0,
            "label_ranking_average_precision_score": -1.0,
            "label_ranking_loss": -1.0,
            "training_time": 27.730093912003213,
            "test_time": 0.0007660550036234781
        },
        {
            "seed": "7",
            "accuracy_score": 0.8294117647058824,
            "average_precision_score": -1.0,
            "balanced_accuracy_score": 0.8290420819490586,
            "cohen_kappa_score": 0.7724650389994,
            "f1_score_macro": 0.8278347072334328,
            "f1_score_micro": 0.8294117647058825,
            "f1_score_weighted": 0.8278142093191494,
            "matthews_corrcoef": 0.773429790118539,
            "precision_score": -1.0,
            "recall_score": -1.0,
            "roc_auc_score": -1.0,
            "coverage_error": -1.0,
            "label_ranking_average_precision_score": -1.0,
            "label_ranking_loss": -1.0,
            "training_time": 27.2973444530071,
            "test_time": 0.0008567949989810586
        }
    ]
}