{
    "id": 54,
    "framework": "flaml",
    "results": [
        {
            "seed": "2",
            "accuracy_score": 0.7705882352941177,
            "average_precision_score": -1.0,
            "balanced_accuracy_score": 0.7347537878787879,
            "cohen_kappa_score": 0.6917855980661057,
            "f1_score_macro": 0.7324046140195208,
            "f1_score_micro": 0.7705882352941177,
            "f1_score_weighted": 0.7683048871722603,
            "matthews_corrcoef": 0.6923973179424299,
            "precision_score": -1.0,
            "recall_score": -1.0,
            "roc_auc_score": -1.0,
            "coverage_error": -1.0,
            "label_ranking_average_precision_score": -1.0,
            "label_ranking_loss": -1.0,
            "training_time": 300.329391983003,
            "test_time": 0.006687590997898951
        },
        {
            "seed": "3",
            "accuracy_score": 0.7294117647058823,
            "average_precision_score": -1.0,
            "balanced_accuracy_score": 0.7209517209517209,
            "cohen_kappa_score": 0.6379294379109177,
            "f1_score_macro": 0.7150114809776438,
            "f1_score_micro": 0.7294117647058823,
            "f1_score_weighted": 0.7232707409590059,
            "matthews_corrcoef": 0.6398866885897151,
            "precision_score": -1.0,
            "recall_score": -1.0,
            "roc_auc_score": -1.0,
            "coverage_error": -1.0,
            "label_ranking_average_precision_score": -1.0,
            "label_ranking_loss": -1.0,
            "training_time": 299.96846031699533,
            "test_time": 0.005818749996251427
        },
        {
            "seed": "5",
            "accuracy_score": 0.7470588235294118,
            "average_precision_score": -1.0,
            "balanced_accuracy_score": 0.7620775283797729,
            "cohen_kappa_score": 0.6625115420129271,
            "f1_score_macro": 0.7439715647443829,
            "f1_score_micro": 0.7470588235294117,
            "f1_score_weighted": 0.7395368930947565,
            "matthews_corrcoef": 0.6657757595673715,
            "precision_score": -1.0,
            "recall_score": -1.0,
            "roc_auc_score": -1.0,
            "coverage_error": -1.0,
            "label_ranking_average_precision_score": -1.0,
            "label_ranking_loss": -1.0,
            "training_time": 301.7042444550025,
            "test_time": 0.008526947000063956
        },
        {
            "seed": "7",
            "accuracy_score": 0.7647058823529411,
            "average_precision_score": -1.0,
            "balanced_accuracy_score": 0.7648117386489479,
            "cohen_kappa_score": 0.6862455589904489,
            "f1_score_macro": 0.7596206922381059,
            "f1_score_micro": 0.7647058823529412,
            "f1_score_weighted": 0.7594342735106177,
            "matthews_corrcoef": 0.6867210295761623,
            "precision_score": -1.0,
            "recall_score": -1.0,
            "roc_auc_score": -1.0,
            "coverage_error": -1.0,
            "label_ranking_average_precision_score": -1.0,
            "label_ranking_loss": -1.0,
            "training_time": 300.72769719400094,
            "test_time": 0.006020059001457412
        },
        {
            "seed": "11",
            "accuracy_score": 0.7647058823529411,
            "average_precision_score": -1.0,
            "balanced_accuracy_score": 0.7798001949317739,
            "cohen_kappa_score": 0.6841909715771874,
            "f1_score_macro": 0.7738990370349339,
            "f1_score_micro": 0.7647058823529412,
            "f1_score_weighted": 0.7607464499609656,
            "matthews_corrcoef": 0.684477609621667,
            "precision_score": -1.0,
            "recall_score": -1.0,
            "roc_auc_score": -1.0,
            "coverage_error": -1.0,
            "label_ranking_average_precision_score": -1.0,
            "label_ranking_loss": -1.0,
            "training_time": 300.34848848999536,
            "test_time": 0.0059342000022297725
        },
        {
            "seed": "13",
            "accuracy_score": 0.7352941176470589,
            "average_precision_score": -1.0,
            "balanced_accuracy_score": 0.7133234687723531,
            "cohen_kappa_score": 0.6457677347656974,
            "f1_score_macro": 0.7085656099081716,
            "f1_score_micro": 0.735294117647059,
            "f1_score_weighted": 0.7295635497206605,
            "matthews_corrcoef": 0.6461574526892356,
            "precision_score": -1.0,
            "recall_score": -1.0,
            "roc_auc_score": -1.0,
            "coverage_error": -1.0,
            "label_ranking_average_precision_score": -1.0,
            "label_ranking_loss": -1.0,
            "training_time": 300.0158130339987,
            "test_time": 0.023850770005083177
        },
        {
            "seed": "17",
            "accuracy_score": 0.6823529411764706,
            "average_precision_score": -1.0,
            "balanced_accuracy_score": 0.7137717200701419,
            "cohen_kappa_score": 0.5763142105506069,
            "f1_score_macro": 0.6973253090505718,
            "f1_score_micro": 0.6823529411764706,
            "f1_score_weighted": 0.6721045386503887,
            "matthews_corrcoef": 0.5785852076193855,
            "precision_score": -1.0,
            "recall_score": -1.0,
            "roc_auc_score": -1.0,
            "coverage_error": -1.0,
            "label_ranking_average_precision_score": -1.0,
            "label_ranking_loss": -1.0,
            "training_time": 300.57010016500135,
            "test_time": 0.010139603997231461
        },
        {
            "seed": "19",
            "accuracy_score": 0.7411764705882353,
            "average_precision_score": -1.0,
            "balanced_accuracy_score": 0.7580542264752791,
            "cohen_kappa_score": 0.654311858766984,
            "f1_score_macro": 0.7547413589457808,
            "f1_score_micro": 0.7411764705882353,
            "f1_score_weighted": 0.7388752756000053,
            "matthews_corrcoef": 0.6544935222237086,
            "precision_score": -1.0,
            "recall_score": -1.0,
            "roc_auc_score": -1.0,
            "coverage_error": -1.0,
            "label_ranking_average_precision_score": -1.0,
            "label_ranking_loss": -1.0,
            "training_time": 300.85792288399534,
            "test_time": 0.006220265000592917
        },
        {
            "seed": "23",
            "accuracy_score": 0.7764705882352941,
            "average_precision_score": -1.0,
            "balanced_accuracy_score": 0.7858276374953241,
            "cohen_kappa_score": 0.7016166281755196,
            "f1_score_macro": 0.7831697830464449,
            "f1_score_micro": 0.7764705882352941,
            "f1_score_weighted": 0.7782861779886389,
            "matthews_corrcoef": 0.7040568912193742,
            "precision_score": -1.0,
            "recall_score": -1.0,
            "roc_auc_score": -1.0,
            "coverage_error": -1.0,
            "label_ranking_average_precision_score": -1.0,
            "label_ranking_loss": -1.0,
            "training_time": 300.82215036900016,
            "test_time": 0.006799992996093351
        },
        {
            "seed": "29",
            "accuracy_score": 0.8,
            "average_precision_score": -1.0,
            "balanced_accuracy_score": 0.8020299145299146,
            "cohen_kappa_score": 0.7339225705473461,
            "f1_score_macro": 0.7971427062985059,
            "f1_score_micro": 0.8000000000000002,
            "f1_score_weighted": 0.7986667784689505,
            "matthews_corrcoef": 0.7422454061299971,
            "precision_score": -1.0,
            "recall_score": -1.0,
            "roc_auc_score": -1.0,
            "coverage_error": -1.0,
            "label_ranking_average_precision_score": -1.0,
            "label_ranking_loss": -1.0,
            "training_time": 300.6311220530042,