{"framework": "autosklearn", "accuracy_score": 0.8103448275862069, "average_precision_score": 0.7843137254901961, "balanced_accuracy_score": 0.6944444444444444, "cohen_kappa_score": 0.4674457429048414, "f1_score_macro": 0.7195604395604396, "f1_score_micro": 0.8103448275862069, "f1_score_weighted": 0.7800833649109511, "matthews_corrcoef": 0.5522779130530093, "precision_score": 0.7843137254901961, "recall_score": 1.0, "roc_auc_score": 0.6944444444444444, "training_time": "00:10:22", "test_time": "00:00:00"}