{"framework": "gama", "accuracy_score": 0.7931034482758621, "average_precision_score": 0.7692307692307693, "balanced_accuracy_score": 0.6666666666666666, "cohen_kappa_score": 0.40816326530612246, "f1_score_macro": 0.6847826086956522, "f1_score_micro": 0.7931034482758621, "f1_score_weighted": 0.754872563718141, "matthews_corrcoef": 0.5063696835418333, "precision_score": 0.7692307692307693, "recall_score": 1.0, "roc_auc_score": 0.6666666666666667, "training_time": "00:08:59", "test_time": "00:00:00"}