{"framework": "h2o", "accuracy_score": 0.6206896551724138, "average_precision_score": 0.7384381338742394, "balanced_accuracy_score": 0.6027777777777779, "cohen_kappa_score": 0.18829516539440205, "f1_score_macro": 0.5894465894465895, "f1_score_micro": 0.6206896551724138, "f1_score_weighted": 0.632405804819598, "matthews_corrcoef": 0.19308582308458774, "precision_score": 0.7647058823529411, "recall_score": 0.65, "roc_auc_score": 0.6027777777777777, "training_time": "00:09:52", "test_time": "00:00:00"}