{"framework": "h2o", "accuracy_score": 0.575, "average_precision_score": -1.0, "balanced_accuracy_score": 0.2933816183816184, "cohen_kappa_score": 0.32142077525181645, "f1_score_macro": 0.2893715010340892, "f1_score_micro": 0.575, "f1_score_weighted": 0.5614224090380294, "matthews_corrcoef": 0.3230667182357563, "precision_score": -1.0, "recall_score": -1.0, "roc_auc_score": -1.0, "training_time": "00:01:05", "test_time": "00:00:00"}