{"framework": "autosklearn", "accuracy_score": 0.66875, "average_precision_score": -1.0, "balanced_accuracy_score": 0.32088467088467093, "cohen_kappa_score": 0.46050831822374905, "f1_score_macro": 0.3226750140830645, "f1_score_micro": 0.66875, "f1_score_weighted": 0.647194029420802, "matthews_corrcoef": 0.4644984375276623, "precision_score": -1.0, "recall_score": -1.0, "roc_auc_score": -1.0, "training_time": "00:30:32", "test_time": "00:00:00"}