{"framework": "gama", "accuracy_score": 0.678125, "average_precision_score": -1.0, "balanced_accuracy_score": 0.33816183816183826, "cohen_kappa_score": 0.4816632068943826, "f1_score_macro": 0.33619266900002903, "f1_score_micro": 0.678125, "f1_score_weighted": 0.6594105351068926, "matthews_corrcoef": 0.48386202250535615, "precision_score": -1.0, "recall_score": -1.0, "roc_auc_score": -1.0, "training_time": "00:00:54", "test_time": "00:00:00"}