{"framework": "evalml", "accuracy_score": 0.634375, "average_precision_score": -1.0, "balanced_accuracy_score": 0.3436091686091686, "cohen_kappa_score": 0.4172036985149903, "f1_score_macro": 0.3550387520975757, "f1_score_micro": 0.634375, "f1_score_weighted": 0.6245988080546905, "matthews_corrcoef": 0.41934471760487074, "precision_score": -1.0, "recall_score": -1.0, "roc_auc_score": -1.0, "training_time": "00:01:00", "test_time": "00:00:00"}