{"framework": "lightautoml", "accuracy_score": 0.646875, "average_precision_score": -1.0, "balanced_accuracy_score": 0.3038711288711289, "cohen_kappa_score": 0.42234576184542627, "f1_score_macro": 0.3057005916693855, "f1_score_micro": 0.646875, "f1_score_weighted": 0.6241676835436081, "matthews_corrcoef": 0.4272468162482262, "precision_score": -1.0, "recall_score": -1.0, "roc_auc_score": -1.0, "training_time": "00:00:43", "test_time": "00:00:00"}