{"framework": "autokeras", "accuracy_score": 0.590625, "average_precision_score": -1.0, "balanced_accuracy_score": 0.270010545010545, "cohen_kappa_score": 0.33789269186423, "f1_score_macro": 0.2712813620071685, "f1_score_micro": 0.590625, "f1_score_weighted": 0.5734879032258065, "matthews_corrcoef": 0.34442256445178265, "precision_score": -1.0, "recall_score": -1.0, "roc_auc_score": -1.0, "training_time": "00:00:09", "test_time": "00:00:00"}