{"framework": "tpot", "accuracy_score": 0.665625, "average_precision_score": -1.0, "balanced_accuracy_score": 0.35122100122100125, "cohen_kappa_score": 0.4663840663279619, "f1_score_macro": 0.35773747112037074, "f1_score_micro": 0.665625, "f1_score_weighted": 0.6532121920830101, "matthews_corrcoef": 0.46759450367709987, "precision_score": -1.0, "recall_score": -1.0, "roc_auc_score": -1.0, "training_time": "00:01:03", "test_time": "00:00:00"}