{"framework": "flaml", "accuracy_score": 0.678125, "average_precision_score": -1.0, "balanced_accuracy_score": 0.33818126318126324, "cohen_kappa_score": 0.48268014376971735, "f1_score_macro": 0.3366997814812697, "f1_score_micro": 0.678125, "f1_score_weighted": 0.6606016577511397, "matthews_corrcoef": 0.48473305460411353, "precision_score": -1.0, "recall_score": -1.0, "roc_auc_score": -1.0, "training_time": "00:01:01", "test_time": "00:00:00"}