{"framework": "flaml", "accuracy_score": 0.9736842105263158, "average_precision_score": 0.9594594594594594, "balanced_accuracy_score": 0.9651162790697674, "cohen_kappa_score": 0.9432082364662903, "f1_score_macro": 0.9715828832571666, "f1_score_micro": 0.9736842105263158, "f1_score_weighted": 0.9734808562744625, "matthews_corrcoef": 0.9447329926514414, "precision_score": 0.9594594594594594, "recall_score": 1.0, "roc_auc_score": 0.9651162790697674, "training_time": "00:01:00", "test_time": "00:00:00"}