{"framework": "h2o", "accuracy_score": 0.559375, "average_precision_score": -1.0, "balanced_accuracy_score": 0.29779387279387276, "cohen_kappa_score": 0.3199391080229701, "f1_score_macro": 0.27991305473070344, "f1_score_micro": 0.559375, "f1_score_weighted": 0.5521326103862917, "matthews_corrcoef": 0.3242191929237619, "precision_score": -1.0, "recall_score": -1.0, "roc_auc_score": -1.0, "training_time": "00:10:05", "test_time": "00:00:00"}