{"framework": "gama", "accuracy_score": 0.65625, "average_precision_score": -1.0, "balanced_accuracy_score": 0.3265595515595516, "cohen_kappa_score": 0.44520623512538027, "f1_score_macro": 0.32757381036950933, "f1_score_micro": 0.65625, "f1_score_weighted": 0.639024710194065, "matthews_corrcoef": 0.4476243390658395, "precision_score": -1.0, "recall_score": -1.0, "roc_auc_score": -1.0, "training_time": "00:09:00", "test_time": "00:00:00"}