{"framework": "flaml", "accuracy_score": 0.6375, "average_precision_score": -1.0, "balanced_accuracy_score": 0.328976578976579, "cohen_kappa_score": 0.4226432115471357, "f1_score_macro": 0.34193630388204954, "f1_score_micro": 0.6375, "f1_score_weighted": 0.6282264317100628, "matthews_corrcoef": 0.4238944017651765, "precision_score": -1.0, "recall_score": -1.0, "roc_auc_score": -1.0, "training_time": "00:10:00", "test_time": "00:00:00"}