{"framework": "autosklearn", "accuracy_score": 0.684375, "average_precision_score": -1.0, "balanced_accuracy_score": 0.3380785880785881, "cohen_kappa_score": 0.4889633799253684, "f1_score_macro": 0.3387325527375061, "f1_score_micro": 0.684375, "f1_score_weighted": 0.6641042529321075, "matthews_corrcoef": 0.49209520721433136, "precision_score": -1.0, "recall_score": -1.0, "roc_auc_score": -1.0, "training_time": "00:15:39", "test_time": "00:00:04"}