{"framework": "autokeras", "accuracy_score": 0.584375, "average_precision_score": -1.0, "balanced_accuracy_score": 0.3045732045732046, "cohen_kappa_score": 0.3345529027315228, "f1_score_macro": 0.31351749970256043, "f1_score_micro": 0.584375, "f1_score_weighted": 0.5747089348791985, "matthews_corrcoef": 0.33596672604536176, "precision_score": -1.0, "recall_score": -1.0, "roc_auc_score": -1.0, "training_time": "00:00:10", "test_time": "00:00:00"}