{
    "id": 41470,
    "framework": "autogluon",
    "results": [
        {
            "seed": "2",
            "accuracy_score": 0.26,
            "average_precision_score": 0.31926248524546263,
            "balanced_accuracy_score": -1.0,
            "cohen_kappa_score": -1.0,
            "f1_score_macro": 0.3454053883185801,
            "f1_score_micro": 0.3568281938325991,
            "f1_score_weighted": 0.3510039720945758,
            "matthews_corrcoef": -1.0,
            "precision_score": -1.0,
            "recall_score": -1.0,
            "roc_auc_score": 0.6237661218158477,
            "coverage_error": 5.3775,
            "label_ranking_average_precision_score": 0.40767857142856984,
            "label_ranking_loss": 0.6921666666666667,
            "training_time": 165.06203836699933,
            "test_time": 0.6155025999978534
        },
        {
            "seed": "3",
            "accuracy_score": 0.2725,
            "average_precision_score": 0.3395391025141748,
            "balanced_accuracy_score": -1.0,
            "cohen_kappa_score": -1.0,
            "f1_score_macro": 0.37066894222641195,
            "f1_score_micro": 0.37045203969129004,
            "f1_score_weighted": 0.358973849465658,
            "matthews_corrcoef": -1.0,
            "precision_score": -1.0,
            "recall_score": -1.0,
            "roc_auc_score": 0.6440933898380042,
            "coverage_error": 5.21,
            "label_ranking_average_precision_score": 0.4150297619047603,
            "label_ranking_loss": 0.6731666666666666,
            "training_time": 168.54884844299886,
            "test_time": 0.31759451299876673
        },
        {
            "seed": "5",
            "accuracy_score": 0.26,
            "average_precision_score": 0.3296629050090698,
            "balanced_accuracy_score": -1.0,
            "cohen_kappa_score": -1.0,
            "f1_score_macro": 0.33948609034603866,
            "f1_score_micro": 0.36323851203501095,
            "f1_score_weighted": 0.3558955394310136,
            "matthews_corrcoef": -1.0,
            "precision_score": -1.0,
            "recall_score": -1.0,
            "roc_auc_score": 0.6187164898348855,
            "coverage_error": 5.415,
            "label_ranking_average_precision_score": 0.40508928571428465,
            "label_ranking_loss": 0.6951249999999999,
            "training_time": 167.33016806200249,
            "test_time": 0.41185596200011787
        },
        {
            "seed": "7",
            "accuracy_score": 0.285,
            "average_precision_score": 0.3122290279294823,
            "balanced_accuracy_score": -1.0,
            "cohen_kappa_score": -1.0,
            "f1_score_macro": 0.3467721934212006,
            "f1_score_micro": 0.3549107142857143,
            "f1_score_weighted": 0.3486677318302075,
            "matthews_corrcoef": -1.0,
            "precision_score": -1.0,
            "recall_score": -1.0,
            "roc_auc_score": 0.6251176459281037,
            "coverage_error": 5.2125,
            "label_ranking_average_precision_score": 0.4166964285714275,
            "label_ranking_loss": 0.6798333333333333,
            "training_time": 172.04092969400153,
            "test_time": 0.2357661879977968
        },
        {
            "seed": "11",
            "accuracy_score": 0.27,
            "average_precision_score": 0.3149271684849669,
            "balanced_accuracy_score": -1.0,
            "cohen_kappa_score": -1.0,
            "f1_score_macro": 0.34681581089754193,
            "f1_score_micro": 0.3355855855855856,
            "f1_score_weighted": 0.3446309281983156,
            "matthews_corrcoef": -1.0,
            "precision_score": -1.0,
            "recall_score": -1.0,
            "roc_auc_score": 0.61718272712084,
            "coverage_error": 5.3425,
            "label_ranking_average_precision_score": 0.40619047619047494,
            "label_ranking_loss": 0.6983333333333333,
            "training_time": 168.7333803449983,
            "test_time": 0.8881033979996573
        },
        {
            "seed": "13",
            "accuracy_score": 0.2475,
            "average_precision_score": 0.3139362625142212,
            "balanced_accuracy_score": -1.0,
            "cohen_kappa_score": -1.0,
            "f1_score_macro": 0.3482096195551502,
            "f1_score_micro": 0.3404255319148936,
            "f1_score_weighted": 0.327619311623205,
            "matthews_corrcoef": -1.0,
            "precision_score": -1.0,
            "recall_score": -1.0,
            "roc_auc_score": 0.6279125709492713,
            "coverage_error": 5.4925,
            "label_ranking_average_precision_score": 0.39726190476190354,
            "label_ranking_loss": 0.7084166666666667,
            "training_time": 159.177667441003,
            "test_time": 0.8009282060011174
        },
        {
            "seed": "17",
            "accuracy_score": 0.2425,
            "average_precision_score": 0.304764928458702,
            "balanced_accuracy_score": -1.0,
            "cohen_kappa_score": -1.0,
            "f1_score_macro": 0.3311955635732393,
            "f1_score_micro": 0.32620922384701917,
            "f1_score_weighted": 0.3269320271468976,
            "matthews_corrcoef": -1.0,
            "precision_score": -1.0,
            "recall_score": -1.0,
            "roc_auc_score": 0.6120661527520327,
            "coverage_error": 5.4975,
            "label_ranking_average_precision_score": 0.38657738095237953,
            "label_ranking_loss": 0.7181666666666666,
            "training_time": 169.84360673500123,
            "test_time": 0.4542390889982926
        },
        {
            "seed": "19",
            "accuracy_score": 0.305,
            "average_precision_score": 0.3647239213447383,
            "balanced_accuracy_score": -1.0,
            "cohen_kappa_score": -1.0,
            "f1_score_macro": 0.38768760602560465,
            "f1_score_micro": 0.39999999999999997,
            "f1_score_weighted": 0.3986166706665331,
            "matthews_corrcoef": -1.0,
            "precision_score": -1.0,
            "recall_score": -1.0,
            "roc_auc_score": 0.6567022147697383,
            "coverage_error": 5.1275,
            "label_ranking_average_precision_score": 0.43991071428571277,
            "label_ranking_loss": 0.6515000000000001,
            "training_time": 186.841330837,
            "test_time": 0.6336032370018074
        },
        {
            "seed": "23",
            "accuracy_score": 0.26,
            "average_precision_score": 0.3149663672075957,
            "balanced_accuracy_score": -1.0,
            "cohen_kappa_score": -1.0,
            "f1_score_macro": 0.350793769335945,
            "f1_score_micro": 0.330672748004561,
            "f1_score_weighted": 0.33685110194354045,
            "matthews_corrcoef": -1.0,
            "precision_score": -1.0,
            "recall_score": -1.0,
            "roc_auc_score": 0.6209943179231293,
            "coverage_error": 5.3925,
            "label_ranking_average_precision_score": 0.39392857142857063,
            "label_ranking_loss": 0.7083333333333335,
            "training_time": 191.3817692770026,
            "test_time": 0.3222551619983278
        },
        {
            "seed": "29",
            "accuracy_score": 0.2875,
            "average_precision_score": 0.33266443949670277,
            "balanced_accuracy_score": -1.0,
            "cohen_kappa_score": -1.0,
            "f1_score_macro": 0.3540024969190157,
            "f1_score_micro": 0.3769063180827887,
            "f1_score_weighted": 0.3794559924666814,
            "matthews_corrcoef": -1.0,
            "precision_score": -1.0,
            "recall_score": -1.0,
            "roc_auc_score": 0.6204253566742122,
            "coverage_error": 5.295,
            "label_ranking_average_precision_score": 0.4279166666666655,
            "label_ranking_loss": 0.6779166666666667,
            "training_time": 167.45798113599812,