{
    "id": 41470,
    "framework": "autosklearn",
    "results": [
        {
            "seed": "2",
            "accuracy_score": 0.6625,
            "average_precision_score": 0.5079398783932956,
            "balanced_accuracy_score": -1.0,
            "cohen_kappa_score": -1.0,
            "f1_score_macro": 0.6342359779989745,
            "f1_score_micro": 0.7674144037780402,
            "f1_score_weighted": 0.7483471145738129,
            "matthews_corrcoef": -1.0,
            "precision_score": -1.0,
            "recall_score": -1.0,
            "roc_auc_score": 0.7680824781680357,
            "coverage_error": 2.905,
            "label_ranking_average_precision_score": 0.75904761904762,
            "label_ranking_loss": 0.27925,
            "training_time": 299.55517553305253,
            "test_time": 2.1887395839439705
        },
        {
            "seed": "3",
            "accuracy_score": 0.6775,
            "average_precision_score": 0.511217698459337,
            "balanced_accuracy_score": -1.0,
            "cohen_kappa_score": -1.0,
            "f1_score_macro": 0.6336707858474657,
            "f1_score_micro": 0.776608187134503,
            "f1_score_weighted": 0.7543867991916293,
            "matthews_corrcoef": -1.0,
            "precision_score": -1.0,
            "recall_score": -1.0,
            "roc_auc_score": 0.778009521236105,
            "coverage_error": 2.775,
            "label_ranking_average_precision_score": 0.7587500000000003,
            "label_ranking_loss": 0.26966666666666667,
            "training_time": 302.36424728203565,
            "test_time": 0.8876050019171089
        },
        {
            "seed": "5",
            "accuracy_score": 0.695,
            "average_precision_score": 0.5566005258084452,
            "balanced_accuracy_score": -1.0,
            "cohen_kappa_score": -1.0,
            "f1_score_macro": 0.6898073740303807,
            "f1_score_micro": 0.7949886104783599,
            "f1_score_weighted": 0.7866734165477152,
            "matthews_corrcoef": -1.0,
            "precision_score": -1.0,
            "recall_score": -1.0,
            "roc_auc_score": 0.8042708018379324,
            "coverage_error": 2.7875,
            "label_ranking_average_precision_score": 0.783482142857143,
            "label_ranking_loss": 0.24991666666666668,
            "training_time": 302.5444389579352,
            "test_time": 1.0852976749883965
        },
        {
            "seed": "7",
            "accuracy_score": 0.7125,
            "average_precision_score": 0.5313993583950763,
            "balanced_accuracy_score": -1.0,
            "cohen_kappa_score": -1.0,
            "f1_score_macro": 0.6601037073912673,
            "f1_score_micro": 0.7948113207547169,
            "f1_score_weighted": 0.7852215304609393,
            "matthews_corrcoef": -1.0,
            "precision_score": -1.0,
            "recall_score": -1.0,
            "roc_auc_score": 0.7884873619440695,
            "coverage_error": 2.6175,
            "label_ranking_average_precision_score": 0.7864583333333335,
            "label_ranking_loss": 0.24400000000000002,
            "training_time": 300.07099368900526,
            "test_time": 2.950660286936909
        },
        {
            "seed": "11",
            "accuracy_score": 0.7,
            "average_precision_score": 0.5267705019087975,
            "balanced_accuracy_score": -1.0,
            "cohen_kappa_score": -1.0,
            "f1_score_macro": 0.6577837247796801,
            "f1_score_micro": 0.7783018867924528,
            "f1_score_weighted": 0.7614983528379865,
            "matthews_corrcoef": -1.0,
            "precision_score": -1.0,
            "recall_score": -1.0,
            "roc_auc_score": 0.7829559533122143,
            "coverage_error": 2.7175,
            "label_ranking_average_precision_score": 0.7782142857142854,
            "label_ranking_loss": 0.25733333333333336,
            "training_time": 300.9779479820281,
            "test_time": 1.1026094720000401
        },
        {
            "seed": "13",
            "accuracy_score": 0.6975,
            "average_precision_score": 0.5458196953204387,
            "balanced_accuracy_score": -1.0,
            "cohen_kappa_score": -1.0,
            "f1_score_macro": 0.6616696889647161,
            "f1_score_micro": 0.8028004667444575,
            "f1_score_weighted": 0.7802474740078433,
            "matthews_corrcoef": -1.0,
            "precision_score": -1.0,
            "recall_score": -1.0,
            "roc_auc_score": 0.7848351351799963,
            "coverage_error": 2.74,
            "label_ranking_average_precision_score": 0.7874404761904771,
            "label_ranking_loss": 0.24475000000000002,
            "training_time": 301.66759627102874,
            "test_time": 2.336427437956445
        },
        {
            "seed": "17",
            "accuracy_score": 0.705,
            "average_precision_score": 0.5734792702633907,
            "balanced_accuracy_score": -1.0,
            "cohen_kappa_score": -1.0,
            "f1_score_macro": 0.6895793126113345,
            "f1_score_micro": 0.8099762470308789,
            "f1_score_weighted": 0.7959465122158643,
            "matthews_corrcoef": -1.0,
            "precision_score": -1.0,
            "recall_score": -1.0,
            "roc_auc_score": 0.7977729175281384,
            "coverage_error": 2.6725,
            "label_ranking_average_precision_score": 0.7853273809523816,
            "label_ranking_loss": 0.24450000000000002,
            "training_time": 296.2391027529957,
            "test_time": 1.5522278409916908
        },
        {
            "seed": "19",
            "accuracy_score": 0.725,
            "average_precision_score": 0.5753863977155478,
            "balanced_accuracy_score": -1.0,
            "cohen_kappa_score": -1.0,
            "f1_score_macro": 0.7061228451659793,
            "f1_score_micro": 0.8181818181818181,
            "f1_score_weighted": 0.8067145954398671,
            "matthews_corrcoef": -1.0,
            "precision_score": -1.0,
            "recall_score": -1.0,
            "roc_auc_score": 0.8088478195424955,
            "coverage_error": 2.5175,
            "label_ranking_average_precision_score": 0.8047321428571429,
            "label_ranking_loss": 0.2194166666666667,
            "training_time": 300.7589548530523,
            "test_time": 0.9981057489058003
        },
        {
            "seed": "23",
            "accuracy_score": 0.6975,
            "average_precision_score": 0.5161293489893526,
            "balanced_accuracy_score": -1.0,
            "cohen_kappa_score": -1.0,
            "f1_score_macro": 0.6433153925065324,
            "f1_score_micro": 0.7995198079231692,
            "f1_score_weighted": 0.7820414004211914,
            "matthews_corrcoef": -1.0,
            "precision_score": -1.0,
            "recall_score": -1.0,
            "roc_auc_score": 0.7806812403560424,
            "coverage_error": 2.665,
            "label_ranking_average_precision_score": 0.7749107142857146,
            "label_ranking_loss": 0.25233333333333335,
            "training_time": 302.0211654260056,
            "test_time": 4.2426889759954065
        },
        {
            "seed": "29",
            "accuracy_score": 0.7025,
            "average_precision_score": 0.5615556345738308,
            "balanced_accuracy_score": -1.0,
            "cohen_kappa_score": -1.0,
            "f1_score_macro": 0.6890539430249171,
            "f1_score_micro": 0.797752808988764,
            "f1_score_weighted": 0.7887704128987814,
            "matthews_corrcoef": -1.0,
            "precision_score": -1.0,
            "recall_score": -1.0,
            "roc_auc_score": 0.8012214788138896,
            "coverage_error": 2.7225,
            "label_ranking_average_precision_score": 0.7877777777777786,
            "label_ranking_loss": 0.24600000000000002,
            "training_time": 308.31651689403225,