{
    "id": 41470,
    "framework": "fedot",
    "results": [
        {
            "seed": "2",
            "accuracy_score": 0.5725,
            "average_precision_score": 0.4472959272596893,
            "balanced_accuracy_score": -1.0,
            "cohen_kappa_score": -1.0,
            "f1_score_macro": 0.5151333816118774,
            "f1_score_micro": 0.7043363994743759,
            "f1_score_weighted": 0.6633925794202922,
            "matthews_corrcoef": -1.0,
            "precision_score": -1.0,
            "recall_score": -1.0,
            "roc_auc_score": 0.7039816219990628,
            "coverage_error": 3.5125,
            "label_ranking_average_precision_score": 0.6681547619047611,
            "label_ranking_loss": 0.39625,
            "training_time": 610.5768376765773,
            "test_time": 0.37011606339365244
        },
        {
            "seed": "3",
            "accuracy_score": 0.585,
            "average_precision_score": 0.4578496718255004,
            "balanced_accuracy_score": -1.0,
            "cohen_kappa_score": -1.0,
            "f1_score_macro": 0.5089512547916353,
            "f1_score_micro": 0.7235772357723578,
            "f1_score_weighted": 0.674994213457154,
            "matthews_corrcoef": -1.0,
            "precision_score": -1.0,
            "recall_score": -1.0,
            "roc_auc_score": 0.7036799364762036,
            "coverage_error": 3.47,
            "label_ranking_average_precision_score": 0.6669642857142847,
            "label_ranking_loss": 0.39625,
            "training_time": 534.4337144661695,
            "test_time": 0.3666465627029538
        },
        {
            "seed": "5",
            "accuracy_score": 0.5525,
            "average_precision_score": 0.44266345915694233,
            "balanced_accuracy_score": -1.0,
            "cohen_kappa_score": -1.0,
            "f1_score_macro": 0.4982220845643167,
            "f1_score_micro": 0.6953020134228188,
            "f1_score_weighted": 0.6602701585570253,
            "matthews_corrcoef": -1.0,
            "precision_score": -1.0,
            "recall_score": -1.0,
            "roc_auc_score": 0.694196325759859,
            "coverage_error": 3.6875,
            "label_ranking_average_precision_score": 0.642499999999999,
            "label_ranking_loss": 0.42833333333333334,
            "training_time": 1326.5434828745201,
            "test_time": 0.3674023523926735
        },
        {
            "seed": "7",
            "accuracy_score": 0.615,
            "average_precision_score": 0.47059404663180576,
            "balanced_accuracy_score": -1.0,
            "cohen_kappa_score": -1.0,
            "f1_score_macro": 0.5340210571309307,
            "f1_score_micro": 0.7463087248322147,
            "f1_score_weighted": 0.7089546050881171,
            "matthews_corrcoef": -1.0,
            "precision_score": -1.0,
            "recall_score": -1.0,
            "roc_auc_score": 0.7109444764465642,
            "coverage_error": 3.3075,
            "label_ranking_average_precision_score": 0.6948214285714284,
            "label_ranking_loss": 0.3654166666666667,
            "training_time": 928.6000100057572,
            "test_time": 0.3737387964501977
        },
        {
            "seed": "11",
            "accuracy_score": 0.565,
            "average_precision_score": 0.44811276581332915,
            "balanced_accuracy_score": -1.0,
            "cohen_kappa_score": -1.0,
            "f1_score_macro": 0.5028920463450804,
            "f1_score_micro": 0.6998616874135546,
            "f1_score_weighted": 0.6569719138681392,
            "matthews_corrcoef": -1.0,
            "precision_score": -1.0,
            "recall_score": -1.0,
            "roc_auc_score": 0.6949513606298398,
            "coverage_error": 3.595,
            "label_ranking_average_precision_score": 0.6482142857142847,
            "label_ranking_loss": 0.4208333333333333,
            "training_time": 491.666562570259,
            "test_time": 0.3623841693624854
        },
        {
            "seed": "13",
            "accuracy_score": 0.6125,
            "average_precision_score": 0.44884573605117184,
            "balanced_accuracy_score": -1.0,
            "cohen_kappa_score": -1.0,
            "f1_score_macro": 0.48767723207455,
            "f1_score_micro": 0.7326203208556151,
            "f1_score_weighted": 0.6782881037097916,
            "matthews_corrcoef": -1.0,
            "precision_score": -1.0,
            "recall_score": -1.0,
            "roc_auc_score": 0.6952611277512178,
            "coverage_error": 3.3425,
            "label_ranking_average_precision_score": 0.6953571428571425,
            "label_ranking_loss": 0.37083333333333335,
            "training_time": 681.6112015396357,
            "test_time": 0.3723424570634961
        },
        {
            "seed": "17",
            "accuracy_score": 0.575,
            "average_precision_score": 0.4225045378563883,
            "balanced_accuracy_score": -1.0,
            "cohen_kappa_score": -1.0,
            "f1_score_macro": 0.4772170131973876,
            "f1_score_micro": 0.6952908587257617,
            "f1_score_weighted": 0.6536633990080974,
            "matthews_corrcoef": -1.0,
            "precision_score": -1.0,
            "recall_score": -1.0,
            "roc_auc_score": 0.6815844164317323,
            "coverage_error": 3.5525,
            "label_ranking_average_precision_score": 0.6551785714285705,
            "label_ranking_loss": 0.41625,
            "training_time": 659.4654690548778,
            "test_time": 0.3539274027571082
        },
        {
            "seed": "19",
            "accuracy_score": 0.61,
            "average_precision_score": 0.4861864503618915,
            "balanced_accuracy_score": -1.0,
            "cohen_kappa_score": -1.0,
            "f1_score_macro": 0.5470941400642634,
            "f1_score_micro": 0.7456258411843876,
            "f1_score_weighted": 0.7092496443196326,
            "matthews_corrcoef": -1.0,
            "precision_score": -1.0,
            "recall_score": -1.0,
            "roc_auc_score": 0.7164832470593767,
            "coverage_error": 3.3425,
            "label_ranking_average_precision_score": 0.6892857142857141,
            "label_ranking_loss": 0.3716666666666667,
            "training_time": 464.7004287717864,
            "test_time": 0.37561681400984526
        },
        {
            "seed": "23",
            "accuracy_score": 0.61,
            "average_precision_score": 0.4601752837299539,
            "balanced_accuracy_score": -1.0,
            "cohen_kappa_score": -1.0,
            "f1_score_macro": 0.535283064112097,
            "f1_score_micro": 0.7422402159244265,
            "f1_score_weighted": 0.7079310456886077,
            "matthews_corrcoef": -1.0,
            "precision_score": -1.0,
            "recall_score": -1.0,
            "roc_auc_score": 0.7106829524992172,
            "coverage_error": 3.315,
            "label_ranking_average_precision_score": 0.6862499999999996,
            "label_ranking_loss": 0.37125,
            "training_time": 508.1824787100777,
            "test_time": 0.36567755974829197
        },
        {
            "seed": "29",
            "accuracy_score": 0.595,
            "average_precision_score": 0.4702166828499786,
            "balanced_accuracy_score": -1.0,
            "cohen_kappa_score": -1.0,
            "f1_score_macro": 0.5231447093013731,
            "f1_score_micro": 0.7196870925684485,
            "f1_score_weighted": 0.6807519138820832,
            "matthews_corrcoef": -1.0,
            "precision_score": -1.0,
            "recall_score": -1.0,
            "roc_auc_score": 0.7027000423970665,
            "coverage_error": 3.47,
            "label_ranking_average_precision_score": 0.6827976190476182,
            "label_ranking_loss": 0.38875,
            "training_time": 957.191452158615,
            "test_time": 0.37837154418230057
        },
        {
            "seed": "31",