{"framework": "gama", "accuracy_score": 0.9595375722543352, "average_precision_score": -1.0, "balanced_accuracy_score": 0.914728432446363, "cohen_kappa_score": 0.9153738644304682, "f1_score_macro": 0.8721856354881498, "f1_score_micro": 0.9595375722543352, "f1_score_weighted": 0.961592789751469, "matthews_corrcoef": 0.9166391019286431, "precision_score": -1.0, "recall_score": -1.0, "roc_auc_score": -1.0, "training_time": "00:00:53", "test_time": "00:00:00"}