{"framework": "tpot", "accuracy_score": 0.9710982658959537, "average_precision_score": -1.0, "balanced_accuracy_score": 0.9347980155917788, "cohen_kappa_score": 0.9399680755083628, "f1_score_macro": 0.8895833333333333, "f1_score_micro": 0.9710982658959537, "f1_score_weighted": 0.9733863198458574, "matthews_corrcoef": 0.940838693691377, "precision_score": -1.0, "recall_score": -1.0, "roc_auc_score": -1.0, "training_time": "00:01:02", "test_time": "00:00:00"}