{"framework": "lightautoml", "accuracy_score": 0.8959537572254336, "average_precision_score": -1.0, "balanced_accuracy_score": 0.47590361445783136, "cohen_kappa_score": 0.7832457453102705, "f1_score_macro": 0.4853182710411409, "f1_score_micro": 0.8959537572254335, "f1_score_weighted": 0.904054764056584, "matthews_corrcoef": 0.783770635715255, "precision_score": -1.0, "recall_score": -1.0, "roc_auc_score": -1.0, "training_time": "00:00:42", "test_time": "00:00:00"}