{"framework": "flaml", "accuracy_score": 0.9855491329479769, "average_precision_score": -1.0, "balanced_accuracy_score": 0.9849397590361446, "cohen_kappa_score": 0.9697043989913141, "f1_score_macro": 0.9611767028108221, "f1_score_micro": 0.9855491329479769, "f1_score_weighted": 0.9858572183138231, "matthews_corrcoef": 0.9700288565271867, "precision_score": -1.0, "recall_score": -1.0, "roc_auc_score": -1.0, "training_time": "00:01:00", "test_time": "00:00:00"}