{"framework": "autokeras", "accuracy_score": 0.9855491329479769, "average_precision_score": -1.0, "balanced_accuracy_score": 0.9615520907158044, "cohen_kappa_score": 0.9697531295894818, "f1_score_macro": 0.9407814489819637, "f1_score_micro": 0.9855491329479769, "f1_score_weighted": 0.9861810592972671, "matthews_corrcoef": 0.970007537928865, "precision_score": -1.0, "recall_score": -1.0, "roc_auc_score": -1.0, "training_time": "00:00:19", "test_time": "00:00:01"}