{"framework": "evalml", "accuracy_score": 0.9104046242774566, "average_precision_score": -1.0, "balanced_accuracy_score": 0.829709302564679, "cohen_kappa_score": 0.8130903007702227, "f1_score_macro": 0.7989185083511975, "f1_score_micro": 0.9104046242774566, "f1_score_weighted": 0.912559379355084, "matthews_corrcoef": 0.8139577075138162, "precision_score": -1.0, "recall_score": -1.0, "roc_auc_score": -1.0, "training_time": "00:01:01", "test_time": "00:00:00"}