{"framework": "autosklearn", "accuracy_score": 0.9710982658959537, "average_precision_score": -1.0, "balanced_accuracy_score": 0.9384704593776174, "cohen_kappa_score": 0.9395612073784237, "f1_score_macro": 0.9052690374021193, "f1_score_micro": 0.9710982658959537, "f1_score_weighted": 0.9724111914125334, "matthews_corrcoef": 0.94020175802385, "precision_score": -1.0, "recall_score": -1.0, "roc_auc_score": -1.0, "training_time": "00:32:14", "test_time": "00:00:01"}