{"id": 37, "framework": "tpot", "results": [{"seed": "2", "accuracy_score": 0.7662337662337663, "average_precision_score": 0.794923640849167, "balanced_accuracy_score": 0.6848114169215087, "cohen_kappa_score": 0.3954198473282443, "f1_score_macro": 0.6960526315789473, "f1_score_micro": 0.7662337662337663, "f1_score_weighted": 0.7567498291182502, "matthews_corrcoef": 0.4011167477429753, "precision_score": 0.8067226890756303, "recall_score": 0.8807339449541285, "roc_auc_score": 0.6848114169215087, "coverage_error": -1.0, "label_ranking_average_precision_score": -1.0, "label_ranking_loss": -1.0, "training_time": 13.638767975000519, "test_time": 0.0014363259997480782}]}