{"framework": "h2o", "accuracy_score": 0.5596707818930041, "average_precision_score": 0.5545669859886775, "balanced_accuracy_score": 0.5144224196855776, "cohen_kappa_score": 0.03143974669398386, "f1_score_macro": 0.39057775694363067, "f1_score_micro": 0.5596707818930041, "f1_score_weighted": 0.4209616598642212, "matthews_corrcoef": 0.10113856961808802, "precision_score": 0.5546218487394958, "recall_score": 0.9924812030075187, "roc_auc_score": 0.5144224196855776, "training_time": "00:09:54", "test_time": "00:00:00"}