{"framework": "autogluon", "accuracy_score": 0.8888888888888888, "average_precision_score": 0.8562078841763561, "balanced_accuracy_score": 0.8859193438140807, "cohen_kappa_score": 0.7748841996911991, "f1_score_macro": 0.8873938041705999, "f1_score_micro": 0.8888888888888888, "f1_score_weighted": 0.8886219094749086, "matthews_corrcoef": 0.7755584136931184, "precision_score": 0.8840579710144928, "recall_score": 0.9172932330827067, "roc_auc_score": 0.8859193438140806, "training_time": "00:00:14", "test_time": "00:00:00"}