{"framework": "gama", "accuracy_score": 0.9423868312757202, "average_precision_score": 0.926313509569896, "balanced_accuracy_score": 0.941866028708134, "cohen_kappa_score": 0.8837320574162679, "f1_score_macro": 0.941866028708134, "f1_score_micro": 0.9423868312757202, "f1_score_weighted": 0.9423868312757202, "matthews_corrcoef": 0.8837320574162679, "precision_score": 0.9473684210526315, "recall_score": 0.9473684210526315, "roc_auc_score": 0.941866028708134, "training_time": "00:09:01", "test_time": "00:00:00"}