{"framework": "autokeras", "accuracy_score": 0.6255144032921811, "average_precision_score": 0.5987595168021724, "balanced_accuracy_score": 0.5942241968557758, "cohen_kappa_score": 0.19958736019111745, "f1_score_macro": 0.5596160356879691, "f1_score_micro": 0.6255144032921811, "f1_score_weighted": 0.5757401043570848, "matthews_corrcoef": 0.2555448987101007, "precision_score": 0.6029411764705882, "recall_score": 0.924812030075188, "roc_auc_score": 0.5942241968557758, "training_time": "00:00:13", "test_time": "00:00:00"}