{
    "id": 41464,
    "framework": "autokeras",
    "results": [
        {
            "seed": "2",
            "accuracy_score": 0.05426356589147287,
            "average_precision_score": 0.08902824803375599,
            "balanced_accuracy_score": -1.0,
            "cohen_kappa_score": -1.0,
            "f1_score_macro": 0.14847897329318668,
            "f1_score_micro": 0.2288135593220339,
            "f1_score_weighted": 0.23827415392454315,
            "matthews_corrcoef": -1.0,
            "precision_score": -1.0,
            "recall_score": -1.0,
            "roc_auc_score": -1.0,
            "coverage_error": 7.124031007751938,
            "label_ranking_average_precision_score": 0.7192030463756294,
            "label_ranking_loss": 0.31343669250645995,
            "training_time": 51.31250252388418,
            "test_time": 3.632052236236632
        },
        {
            "seed": "3",
            "accuracy_score": 0.06976744186046512,
            "average_precision_score": 0.08540393753286123,
            "balanced_accuracy_score": -1.0,
            "cohen_kappa_score": -1.0,
            "f1_score_macro": 0.14090290905172936,
            "f1_score_micro": 0.25438596491228066,
            "f1_score_weighted": 0.24152464094992832,
            "matthews_corrcoef": -1.0,
            "precision_score": -1.0,
            "recall_score": -1.0,
            "roc_auc_score": -1.0,
            "coverage_error": 7.286821705426356,
            "label_ranking_average_precision_score": 0.7120223038215696,
            "label_ranking_loss": 0.31653746770025837,
            "training_time": 49.56051433738321,
            "test_time": 3.745140204206109
        },
        {
            "seed": "5",
            "accuracy_score": 0.07751937984496124,
            "average_precision_score": 0.12849849512892209,
            "balanced_accuracy_score": -1.0,
            "cohen_kappa_score": -1.0,
            "f1_score_macro": 0.17652445231780844,
            "f1_score_micro": 0.25098039215686274,
            "f1_score_weighted": 0.26480298676013214,
            "matthews_corrcoef": -1.0,
            "precision_score": -1.0,
            "recall_score": -1.0,
            "roc_auc_score": -1.0,
            "coverage_error": 9.062015503875969,
            "label_ranking_average_precision_score": 0.6380932952536384,
            "label_ranking_loss": 0.4002583979328165,
            "training_time": 52.84960063174367,
            "test_time": 3.7974572479724884
        },
        {
            "seed": "7",
            "accuracy_score": 0.07751937984496124,
            "average_precision_score": 0.1167238098139171,
            "balanced_accuracy_score": -1.0,
            "cohen_kappa_score": -1.0,
            "f1_score_macro": 0.15759957080522563,
            "f1_score_micro": 0.25622775800711745,
            "f1_score_weighted": 0.2486560763479524,
            "matthews_corrcoef": -1.0,
            "precision_score": -1.0,
            "recall_score": -1.0,
            "roc_auc_score": -1.0,
            "coverage_error": 9.7984496124031,
            "label_ranking_average_precision_score": 0.6086971304229567,
            "label_ranking_loss": 0.4386304909560723,
            "training_time": 63.837812202982605,
            "test_time": 4.58347777556628
        },
        {
            "seed": "11",
            "accuracy_score": 0.10077519379844961,
            "average_precision_score": 0.10798762674833667,
            "balanced_accuracy_score": -1.0,
            "cohen_kappa_score": -1.0,
            "f1_score_macro": 0.16097646024026613,
            "f1_score_micro": 0.28782287822878233,
            "f1_score_weighted": 0.2620288023794218,
            "matthews_corrcoef": -1.0,
            "precision_score": -1.0,
            "recall_score": -1.0,
            "roc_auc_score": -1.0,
            "coverage_error": 7.906976744186046,
            "label_ranking_average_precision_score": 0.6996464028287777,
            "label_ranking_loss": 0.3423772609819121,
            "training_time": 52.71996375080198,
            "test_time": 3.7774446280673146
        },
        {
            "seed": "13",
            "accuracy_score": 0.06976744186046512,
            "average_precision_score": 0.0739034282661238,
            "balanced_accuracy_score": -1.0,
            "cohen_kappa_score": -1.0,
            "f1_score_macro": 0.10419178751833143,
            "f1_score_micro": 0.1839080459770115,
            "f1_score_weighted": 0.16220919388489047,
            "matthews_corrcoef": -1.0,
            "precision_score": -1.0,
            "recall_score": -1.0,
            "roc_auc_score": 0.5410699965169982,
            "coverage_error": 8.906976744186046,
            "label_ranking_average_precision_score": 0.627009383924929,
            "label_ranking_loss": 0.4170542635658914,
            "training_time": 53.193748941645026,
            "test_time": 3.9363314528018236
        },
        {
            "seed": "17",
            "accuracy_score": 0.09302325581395349,
            "average_precision_score": 0.09367051427224946,
            "balanced_accuracy_score": -1.0,
            "cohen_kappa_score": -1.0,
            "f1_score_macro": 0.139241856464351,
            "f1_score_micro": 0.256,
            "f1_score_weighted": 0.2561487037360534,
            "matthews_corrcoef": -1.0,
            "precision_score": -1.0,
            "recall_score": -1.0,
            "roc_auc_score": -1.0,
            "coverage_error": 7.89922480620155,
            "label_ranking_average_precision_score": 0.6848905208758334,
            "label_ranking_loss": 0.35142118863049093,
            "training_time": 51.80450584087521,
            "test_time": 4.059907510876656
        },
        {
            "seed": "19",
            "accuracy_score": 0.09302325581395349,
            "average_precision_score": 0.10368551743180175,
            "balanced_accuracy_score": -1.0,
            "cohen_kappa_score": -1.0,
            "f1_score_macro": 0.14776851168962374,
            "f1_score_micro": 0.24291497975708504,
            "f1_score_weighted": 0.21663960623010606,
            "matthews_corrcoef": -1.0,
            "precision_score": -1.0,
            "recall_score": -1.0,
            "roc_auc_score": -1.0,
            "coverage_error": 8.635658914728682,
            "label_ranking_average_precision_score": 0.6386168910648717,
            "label_ranking_loss": 0.39728682170542634,
            "training_time": 54.932852482423186,
            "test_time": 4.113395040854812
        },
        {
            "seed": "23",
            "accuracy_score": 0.09302325581395349,
            "average_precision_score": 0.10141395565655895,
            "balanced_accuracy_score": -1.0,
            "cohen_kappa_score": -1.0,
            "f1_score_macro": 0.14646857434042787,
            "f1_score_micro": 0.2727272727272727,
            "f1_score_weighted": 0.24417251014352462,
            "matthews_corrcoef": -1.0,
            "precision_score": -1.0,
            "recall_score": -1.0,
            "roc_auc_score": -1.0,
            "coverage_error": 9.224806201550388,
            "label_ranking_average_precision_score": 0.6307017543859652,
            "label_ranking_loss": 0.4096899224806201,
            "training_time": 66.72890210989863,
            "test_time": 3.812493315897882
        },
        {
            "seed": "29",
            "accuracy_score": 0.13178294573643412,
            "average_precision_score": 0.11801673994563724,
            "balanced_accuracy_score": -1.0,
            "cohen_kappa_score": -1.0,
            "f1_score_macro": 0.1572053932529159,
            "f1_score_micro": 0.24124513618677043,
            "f1_score_weighted": 0.23971413773368314,
            "matthews_corrcoef": -1.0,
            "precision_score": -1.0,
            "recall_score": -1.0,
            "roc_auc_score": -1.0,
            "coverage_error": 7.790697674418604,
            "label_ranking_average_precision_score": 0.6742010063919491,