{
    "id": 41464,
    "framework": "autosklearn",
    "results": [
        {
            "seed": "2",
            "accuracy_score": 0.627906976744186,
            "average_precision_score": NaN,
            "balanced_accuracy_score": -1.0,
            "cohen_kappa_score": -1.0,
            "f1_score_macro": 0.47873987148929725,
            "f1_score_micro": 0.6203703703703702,
            "f1_score_weighted": 0.6177297351959077,
            "matthews_corrcoef": -1.0,
            "precision_score": -1.0,
            "recall_score": -1.0,
            "roc_auc_score": -1.0,
            "coverage_error": 4.813953488372093,
            "label_ranking_average_precision_score": 0.8074374405004761,
            "label_ranking_loss": 0.16898718143588187,
            "training_time": 301.7287218347192,
            "test_time": 9.974024259485304
        },
        {
            "seed": "3",
            "accuracy_score": 0.5813953488372093,
            "average_precision_score": NaN,
            "balanced_accuracy_score": -1.0,
            "cohen_kappa_score": -1.0,
            "f1_score_macro": 0.4480861072192342,
            "f1_score_micro": 0.5154639175257733,
            "f1_score_weighted": 0.5273709785296238,
            "matthews_corrcoef": -1.0,
            "precision_score": -1.0,
            "recall_score": -1.0,
            "roc_auc_score": -1.0,
            "coverage_error": 5.651162790697675,
            "label_ranking_average_precision_score": 0.7414604016501202,
            "label_ranking_loss": 0.23595847899883468,
            "training_time": 307.8276202622801,
            "test_time": 17.733702776022255
        },
        {
            "seed": "5",
            "accuracy_score": 0.5116279069767442,
            "average_precision_score": NaN,
            "balanced_accuracy_score": -1.0,
            "cohen_kappa_score": -1.0,
            "f1_score_macro": 0.4692337461300309,
            "f1_score_micro": 0.5517241379310345,
            "f1_score_weighted": 0.535602852252012,
            "matthews_corrcoef": -1.0,
            "precision_score": -1.0,
            "recall_score": -1.0,
            "roc_auc_score": -1.0,
            "coverage_error": 7.8062015503875966,
            "label_ranking_average_precision_score": 0.6859762455233697,
            "label_ranking_loss": 0.30313343683726723,
            "training_time": 303.83204298932105,
            "test_time": 3.8100271737203
        },
        {
            "seed": "7",
            "accuracy_score": 0.5581395348837209,
            "average_precision_score": NaN,
            "balanced_accuracy_score": -1.0,
            "cohen_kappa_score": -1.0,
            "f1_score_macro": 0.5860392769328944,
            "f1_score_micro": 0.6821192052980133,
            "f1_score_weighted": 0.6791973512194013,
            "matthews_corrcoef": -1.0,
            "precision_score": -1.0,
            "recall_score": -1.0,
            "roc_auc_score": -1.0,
            "coverage_error": 6.155038759689923,
            "label_ranking_average_precision_score": 0.7518609184459859,
            "label_ranking_loss": 0.21053161574707402,
            "training_time": 303.8336591012776,
            "test_time": 5.7287996131926775
        },
        {
            "seed": "11",
            "accuracy_score": 0.5348837209302325,
            "average_precision_score": NaN,
            "balanced_accuracy_score": -1.0,
            "cohen_kappa_score": -1.0,
            "f1_score_macro": 0.49978490194801095,
            "f1_score_micro": 0.6165413533834587,
            "f1_score_weighted": 0.6117755368622024,
            "matthews_corrcoef": -1.0,
            "precision_score": -1.0,
            "recall_score": -1.0,
            "roc_auc_score": -1.0,
            "coverage_error": 6.6976744186046515,
            "label_ranking_average_precision_score": 0.7611292442993792,
            "label_ranking_loss": 0.23142004863961088,
            "training_time": 299.37910161633044,
            "test_time": 3.668647177517414
        },
        {
            "seed": "13",
            "accuracy_score": 0.5503875968992248,
            "average_precision_score": 0.3327769016475907,
            "balanced_accuracy_score": -1.0,
            "cohen_kappa_score": -1.0,
            "f1_score_macro": 0.41303138228345987,
            "f1_score_micro": 0.515151515151515,
            "f1_score_weighted": 0.46414935410150726,
            "matthews_corrcoef": -1.0,
            "precision_score": -1.0,
            "recall_score": -1.0,
            "roc_auc_score": 0.6686670600729782,
            "coverage_error": 8.147286821705427,
            "label_ranking_average_precision_score": 0.6868806382882273,
            "label_ranking_loss": 0.3284212392967523,
            "training_time": 298.18241793103516,
            "test_time": 1.0043801311403513
        },
        {
            "seed": "17",
            "accuracy_score": 0.5581395348837209,
            "average_precision_score": NaN,
            "balanced_accuracy_score": -1.0,
            "cohen_kappa_score": -1.0,
            "f1_score_macro": 0.4807999357067377,
            "f1_score_micro": 0.6234817813765182,
            "f1_score_weighted": 0.6269760697150455,
            "matthews_corrcoef": -1.0,
            "precision_score": -1.0,
            "recall_score": -1.0,
            "roc_auc_score": -1.0,
            "coverage_error": 5.674418604651163,
            "label_ranking_average_precision_score": 0.7640866539734352,
            "label_ranking_loss": 0.21463051628920304,
            "training_time": 308.64605474099517,
            "test_time": 12.249839494004846
        },
        {
            "seed": "19",
            "accuracy_score": 0.5116279069767442,
            "average_precision_score": NaN,
            "balanced_accuracy_score": -1.0,
            "cohen_kappa_score": -1.0,
            "f1_score_macro": 0.4483797489060647,
            "f1_score_micro": 0.5073170731707317,
            "f1_score_weighted": 0.5038783720987111,
            "matthews_corrcoef": -1.0,
            "precision_score": -1.0,
            "recall_score": -1.0,
            "roc_auc_score": -1.0,
            "coverage_error": 7.496124031007752,
            "label_ranking_average_precision_score": 0.6746991024071811,
            "label_ranking_loss": 0.3238251760652582,
            "training_time": 299.21495034825057,
            "test_time": 7.492876541800797
        },
        {
            "seed": "23",
            "accuracy_score": 0.5193798449612403,
            "average_precision_score": NaN,
            "balanced_accuracy_score": -1.0,
            "cohen_kappa_score": -1.0,
            "f1_score_macro": 0.4752417289912864,
            "f1_score_micro": 0.6015037593984962,
            "f1_score_weighted": 0.6090231969661052,
            "matthews_corrcoef": -1.0,
            "precision_score": -1.0,
            "recall_score": -1.0,
            "roc_auc_score": -1.0,
            "coverage_error": 6.984496124031008,
            "label_ranking_average_precision_score": 0.703458338999955,
            "label_ranking_loss": 0.27529576430055225,
            "training_time": 299.3591380119324,
            "test_time": 8.881212929263711
        },
        {
            "seed": "29",
            "accuracy_score": 0.6046511627906976,
            "average_precision_score": NaN,
            "balanced_accuracy_score": -1.0,
            "cohen_kappa_score": -1.0,
            "f1_score_macro": 0.37240069871648823,
            "f1_score_micro": 0.5660377358490566,
            "f1_score_weighted": 0.5345435380591631,
            "matthews_corrcoef": -1.0,
            "precision_score": -1.0,
            "recall_score": -1.0,
            "roc_auc_score": -1.0,
            "coverage_error": 6.782945736434108,
            "label_ranking_average_precision_score": 0.7303277573779413,
            "label_ranking_loss": 0.2747314688149161,
            "training_time": 299.6735726362094,