{
    "id": 41464,
    "framework": "autogluon",
    "results": [
        {
            "seed": "2",
            "accuracy_score": 0.5736434108527132,
            "average_precision_score": 0.04675642594859241,
            "balanced_accuracy_score": -1.0,
            "cohen_kappa_score": -1.0,
            "f1_score_macro": 0.006578947368421052,
            "f1_score_micro": 0.015873015873015872,
            "f1_score_weighted": 0.017523364485981307,
            "matthews_corrcoef": -1.0,
            "precision_score": -1.0,
            "recall_score": -1.0,
            "roc_auc_score": -1.0,
            "coverage_error": 8.10077519379845,
            "label_ranking_average_precision_score": 0.6175370597035227,
            "label_ranking_loss": 0.42467700258397933,
            "training_time": 304.650162119,
            "test_time": 0.4987408189990674
        },
        {
            "seed": "3",
            "accuracy_score": 0.49612403100775193,
            "average_precision_score": 0.06316986087487923,
            "balanced_accuracy_score": -1.0,
            "cohen_kappa_score": -1.0,
            "f1_score_macro": 0.05848877793957885,
            "f1_score_micro": 0.08092485549132948,
            "f1_score_weighted": 0.06964506727352578,
            "matthews_corrcoef": -1.0,
            "precision_score": -1.0,
            "recall_score": -1.0,
            "roc_auc_score": -1.0,
            "coverage_error": 8.279069767441861,
            "label_ranking_average_precision_score": 0.6024581803345576,
            "label_ranking_loss": 0.41925317930789885,
            "training_time": 304.8126884199992,
            "test_time": 0.9916886580012942
        },
        {
            "seed": "5",
            "accuracy_score": 0.40310077519379844,
            "average_precision_score": 0.05854142057972428,
            "balanced_accuracy_score": -1.0,
            "cohen_kappa_score": -1.0,
            "f1_score_macro": 0.03475695271360906,
            "f1_score_micro": 0.050505050505050504,
            "f1_score_weighted": 0.041416281612360044,
            "matthews_corrcoef": -1.0,
            "precision_score": -1.0,
            "recall_score": -1.0,
            "roc_auc_score": -1.0,
            "coverage_error": 10.317829457364342,
            "label_ranking_average_precision_score": 0.5153452105716492,
            "label_ranking_loss": 0.5314922480620154,
            "training_time": 301.2758161749989,
            "test_time": 0.7002278740001202
        },
        {
            "seed": "7",
            "accuracy_score": 0.40310077519379844,
            "average_precision_score": 0.06964399329760407,
            "balanced_accuracy_score": -1.0,
            "cohen_kappa_score": -1.0,
            "f1_score_macro": 0.023691707902234217,
            "f1_score_micro": 0.034482758620689655,
            "f1_score_weighted": 0.04029839556155346,
            "matthews_corrcoef": -1.0,
            "precision_score": -1.0,
            "recall_score": -1.0,
            "roc_auc_score": -1.0,
            "coverage_error": 11.193798449612403,
            "label_ranking_average_precision_score": 0.47834217326261413,
            "label_ranking_loss": 0.5797803617571059,
            "training_time": 286.6816451559989,
            "test_time": 0.7509520680014248
        },
        {
            "seed": "11",
            "accuracy_score": 0.4573643410852713,
            "average_precision_score": 0.06673369470187095,
            "balanced_accuracy_score": -1.0,
            "cohen_kappa_score": -1.0,
            "f1_score_macro": 0.04643052351031977,
            "f1_score_micro": 0.06194690265486725,
            "f1_score_weighted": 0.06623834542962212,
            "matthews_corrcoef": -1.0,
            "precision_score": -1.0,
            "recall_score": -1.0,
            "roc_auc_score": -1.0,
            "coverage_error": 9.325581395348838,
            "label_ranking_average_precision_score": 0.5594938573824746,
            "label_ranking_loss": 0.4810805359710969,
            "training_time": 273.2185655350004,
            "test_time": 0.6875888070007932
        },
        {
            "seed": "13",
            "accuracy_score": 0.46511627906976744,
            "average_precision_score": 0.06280677532357519,
            "balanced_accuracy_score": -1.0,
            "cohen_kappa_score": -1.0,
            "f1_score_macro": 0.03859649122807018,
            "f1_score_micro": 0.052910052910052914,
            "f1_score_weighted": 0.05555555555555555,
            "matthews_corrcoef": -1.0,
            "precision_score": -1.0,
            "recall_score": -1.0,
            "roc_auc_score": 0.5025396880327718,
            "coverage_error": 10.162790697674419,
            "label_ranking_average_precision_score": 0.5230688154494768,
            "label_ranking_loss": 0.5229024167806657,
            "training_time": 300.14569099099936,
            "test_time": 0.4828291360008734
        },
        {
            "seed": "17",
            "accuracy_score": 0.4728682170542636,
            "average_precision_score": 0.06669516643866849,
            "balanced_accuracy_score": -1.0,
            "cohen_kappa_score": -1.0,
            "f1_score_macro": 0.047710184552289814,
            "f1_score_micro": 0.05882352941176471,
            "f1_score_weighted": 0.06809058709885156,
            "matthews_corrcoef": -1.0,
            "precision_score": -1.0,
            "recall_score": -1.0,
            "roc_auc_score": -1.0,
            "coverage_error": 9.449612403100776,
            "label_ranking_average_precision_score": 0.5537025703794374,
            "label_ranking_loss": 0.4808126868318387,
            "training_time": 266.5818969740012,
            "test_time": 0.5104032159997587
        },
        {
            "seed": "19",
            "accuracy_score": 0.4418604651162791,
            "average_precision_score": 0.07479256429684826,
            "balanced_accuracy_score": -1.0,
            "cohen_kappa_score": -1.0,
            "f1_score_macro": 0.08518225388031482,
            "f1_score_micro": 0.0893854748603352,
            "f1_score_weighted": 0.0829729691460289,
            "matthews_corrcoef": -1.0,
            "precision_score": -1.0,
            "recall_score": -1.0,
            "roc_auc_score": -1.0,
            "coverage_error": 10.046511627906977,
            "label_ranking_average_precision_score": 0.523777143116189,
            "label_ranking_loss": 0.5120047372954349,
            "training_time": 259.9602826120008,
            "test_time": 0.8019756779995078
        },
        {
            "seed": "23",
            "accuracy_score": 0.4108527131782946,
            "average_precision_score": 0.057656010180489985,
            "balanced_accuracy_score": -1.0,
            "cohen_kappa_score": -1.0,
            "f1_score_macro": 0.022829377364981078,
            "f1_score_micro": 0.03883495145631068,
            "f1_score_weighted": 0.039096586782861285,
            "matthews_corrcoef": -1.0,
            "precision_score": -1.0,
            "recall_score": -1.0,
            "roc_auc_score": -1.0,
            "coverage_error": 10.767441860465116,
            "label_ranking_average_precision_score": 0.48658710730314186,
            "label_ranking_loss": 0.5599913867355728,
            "training_time": 271.9154344810013,
            "test_time": 0.7382658410006115
        },
        {
            "seed": "29",
            "accuracy_score": 0.4418604651162791,
            "average_precision_score": 0.08034963642368784,
            "balanced_accuracy_score": -1.0,
            "cohen_kappa_score": -1.0,
            "f1_score_macro": 0.05792406713377871,
            "f1_score_micro": 0.08,
            "f1_score_weighted": 0.07495839783281733,
            "matthews_corrcoef": -1.0,
            "precision_score": -1.0,
            "recall_score": -1.0,
            "roc_auc_score": -1.0,
            "coverage_error": 10.162790697674419,