{"accuracy_score": 0.7662337662337663, "average_precision_score": 0.7898350217937846, "balanced_accuracy_score": 0.7494949494949494, "cohen_kappa_score": 0.4949899799599199, "f1_score_macro": 0.7474489795918366, "f1_score_micro": 0.7662337662337663, "f1_score_weighted": 0.767128279883382, "matthews_corrcoef": 0.49518490959704214, "precision_score": 0.8247422680412371, "recall_score": 0.8080808080808081, "roc_auc_score": 0.7494949494949494, "training_time": "00:01:00", "test_time": "00:00:00"}