{"accuracy_score": 0.7987012987012987, "average_precision_score": 0.7957084068195179, "balanced_accuracy_score": 0.7626262626262625, "cohen_kappa_score": 0.5450733752620545, "f1_score_macro": 0.7716554264122064, "f1_score_micro": 0.7987012987012987, "f1_score_weighted": 0.7941086034069245, "matthews_corrcoef": 0.5498906021749697, "precision_score": 0.8148148148148148, "recall_score": 0.8888888888888888, "roc_auc_score": 0.7626262626262625, "training_time": "00:01:06", "test_time": "00:00:00"}