{"accuracy_score": 0.7597402597402597, "average_precision_score": 0.7865410052910053, "balanced_accuracy_score": 0.7444444444444445, "cohen_kappa_score": 0.48303393213572854, "f1_score_macro": 0.7414113909689131, "f1_score_micro": 0.7597402597402597, "f1_score_weighted": 0.7610813964796266, "matthews_corrcoef": 0.4834588289977624, "precision_score": 0.8229166666666666, "recall_score": 0.797979797979798, "roc_auc_score": 0.7444444444444445, "training_time": "00:00:53", "test_time": "00:00:00"}