{"accuracy_score": 0.7662337662337663, "average_precision_score": 0.7794869639529833, "balanced_accuracy_score": 0.7373737373737373, "cohen_kappa_score": 0.48254620123203285, "f1_score_macro": 0.7410797683541939, "f1_score_micro": 0.7662337662337663, "f1_score_weighted": 0.7641375997438018, "matthews_corrcoef": 0.4833457508180366, "precision_score": 0.8058252427184466, "recall_score": 0.8383838383838383, "roc_auc_score": 0.7373737373737373, "training_time": "00:01:12", "test_time": "00:00:00"}