{"accuracy_score": 0.35714285714285715, "average_precision_score": 0.6428571428571429, "balanced_accuracy_score": 0.5, "cohen_kappa_score": 0.0, "f1_score_macro": 0.2631578947368421, "f1_score_micro": 0.35714285714285715, "f1_score_weighted": 0.18796992481203006, "matthews_corrcoef": 0.0, "precision_score": 0.0, "recall_score": 0.0, "roc_auc_score": 0.5, "training_time": "00:00:16", "test_time": "00:00:00"}