{"accuracy_score": 0.7272727272727273, "average_precision_score": 0.7736433354410883, "balanced_accuracy_score": 0.7232323232323232, "cohen_kappa_score": 0.429126213592233, "f1_score_macro": 0.7132978723404255, "f1_score_micro": 0.7272727272727273, "f1_score_weighted": 0.7313829787234042, "matthews_corrcoef": 0.433146026934553, "precision_score": 0.8202247191011236, "recall_score": 0.7373737373737373, "roc_auc_score": 0.7232323232323232, "training_time": "00:01:29", "test_time": "00:00:02"}