{"framework": "evalml", "accuracy_score": 0.9161849710982659, "average_precision_score": -1.0, "balanced_accuracy_score": 0.8598020938001636, "cohen_kappa_score": 0.8257502083912198, "f1_score_macro": 0.7872253656453507, "f1_score_micro": 0.9161849710982659, "f1_score_weighted": 0.9215928999297126, "matthews_corrcoef": 0.8309597011262411, "precision_score": -1.0, "recall_score": -1.0, "roc_auc_score": -1.0, "coverage_error": -1.0, "label_ranking_average_precision_score": -1.0, "label_ranking_loss": -1.0, "training_time": "00:10:01", "test_time": "00:00:00"}