{"framework": "flaml", "accuracy_score": 0.9942196531791907, "average_precision_score": -1.0, "balanced_accuracy_score": 0.9939759036144579, "cohen_kappa_score": 0.987930793916562, "f1_score_macro": 0.9761178861788617, "f1_score_micro": 0.9942196531791907, "f1_score_weighted": 0.994425254946191, "matthews_corrcoef": 0.9880026666382624, "precision_score": -1.0, "recall_score": -1.0, "roc_auc_score": -1.0, "coverage_error": -1.0, "label_ranking_average_precision_score": -1.0, "label_ranking_loss": -1.0, "training_time": "00:10:00", "test_time": "00:00:00"}