{"framework": "tpot", "accuracy_score": 0.9826589595375722, "average_precision_score": -1.0, "balanced_accuracy_score": 0.9468462083628633, "cohen_kappa_score": 0.9638037451616278, "f1_score_macro": 0.9234125943409972, "f1_score_micro": 0.9826589595375722, "f1_score_weighted": 0.9835069694472195, "matthews_corrcoef": 0.964126134682671, "precision_score": -1.0, "recall_score": -1.0, "roc_auc_score": -1.0, "coverage_error": -1.0, "label_ranking_average_precision_score": -1.0, "label_ranking_loss": -1.0, "training_time": "00:10:02", "test_time": "00:00:00"}