{"framework": "autopytorch", "accuracy_score": 0.9566473988439307, "average_precision_score": -1.0, "balanced_accuracy_score": 0.9314316087880936, "cohen_kappa_score": 0.9089697267337846, "f1_score_macro": 0.8808186730987091, "f1_score_micro": 0.9566473988439307, "f1_score_weighted": 0.9587717493503557, "matthews_corrcoef": 0.9111892517775446, "precision_score": -1.0, "recall_score": -1.0, "roc_auc_score": -1.0, "training_time": "00:10:12", "test_time": "00:00:09"}