{
    "id": 40975,
    "framework": "lightwood",
    "results": [
        {
            "seed": "2",
            "accuracy_score": 0.976878612716763,
            "average_precision_score": -1.0,
            "balanced_accuracy_score": 0.9592293906810037,
            "cohen_kappa_score": 0.9482713511493179,
            "f1_score_macro": 0.9612674553474729,
            "f1_score_micro": 0.976878612716763,
            "f1_score_weighted": 0.9770577696437808,
            "matthews_corrcoef": 0.9488504806837491,
            "precision_score": -1.0,
            "recall_score": -1.0,
            "roc_auc_score": -1.0,
            "coverage_error": -1.0,
            "label_ranking_average_precision_score": -1.0,
            "label_ranking_loss": -1.0,
            "training_time": 2.3052980969996497,
            "test_time": 0.057634724999843456
        },
        {
            "seed": "3",
            "accuracy_score": 0.9826589595375722,
            "average_precision_score": -1.0,
            "balanced_accuracy_score": 0.9902548725637181,
            "cohen_kappa_score": 0.9641426005250795,
            "f1_score_macro": 0.9619837930497117,
            "f1_score_micro": 0.9826589595375722,
            "f1_score_weighted": 0.9830230574314432,
            "matthews_corrcoef": 0.9644162617064818,
            "precision_score": -1.0,
            "recall_score": -1.0,
            "roc_auc_score": -1.0,
            "coverage_error": -1.0,
            "label_ranking_average_precision_score": -1.0,
            "label_ranking_loss": -1.0,
            "training_time": 1.9929159150001396,
            "test_time": 0.05694595399972968
        },
        {
            "seed": "5",
            "accuracy_score": 0.9508670520231214,
            "average_precision_score": -1.0,
            "balanced_accuracy_score": 0.9545008455901194,
            "cohen_kappa_score": 0.8923834092613938,
            "f1_score_macro": 0.913761713218235,
            "f1_score_micro": 0.9508670520231214,
            "f1_score_weighted": 0.9520509136932862,
            "matthews_corrcoef": 0.8954229037839,
            "precision_score": -1.0,
            "recall_score": -1.0,
            "roc_auc_score": -1.0,
            "coverage_error": -1.0,
            "label_ranking_average_precision_score": -1.0,
            "label_ranking_loss": -1.0,
            "training_time": 1.9738208759999907,
            "test_time": 0.05828621099999509
        },
        {
            "seed": "7",
            "accuracy_score": 0.9942196531791907,
            "average_precision_score": -1.0,
            "balanced_accuracy_score": 0.9979674796747967,
            "cohen_kappa_score": 0.9870217554388597,
            "f1_score_macro": 0.9957744636316065,
            "f1_score_micro": 0.9942196531791907,
            "f1_score_weighted": 0.9942449100582875,
            "matthews_corrcoef": 0.9871151757038491,
            "precision_score": -1.0,
            "recall_score": -1.0,
            "roc_auc_score": -1.0,
            "coverage_error": -1.0,
            "label_ranking_average_precision_score": -1.0,
            "label_ranking_loss": -1.0,
            "training_time": 1.6517961730000934,
            "test_time": 0.06041547700033334
        },
        {
            "seed": "11",
            "accuracy_score": 0.953757225433526,
            "average_precision_score": -1.0,
            "balanced_accuracy_score": 0.915327355571258,
            "cohen_kappa_score": 0.8990849101316125,
            "f1_score_macro": 0.9062948115579694,
            "f1_score_micro": 0.953757225433526,
            "f1_score_weighted": 0.954512407143986,
            "matthews_corrcoef": 0.9015413609810216,
            "precision_score": -1.0,
            "recall_score": -1.0,
            "roc_auc_score": -1.0,
            "coverage_error": -1.0,
            "label_ranking_average_precision_score": -1.0,
            "label_ranking_loss": -1.0,
            "training_time": 2.712749215999793,
            "test_time": 0.1796741739999561
        },
        {
            "seed": "13",
            "accuracy_score": 0.9855491329479769,
            "average_precision_score": -1.0,
            "balanced_accuracy_score": 0.9696260311179665,
            "cohen_kappa_score": 0.9672404325020356,
            "f1_score_macro": 0.9434148651956871,
            "f1_score_micro": 0.9855491329479769,
            "f1_score_weighted": 0.9859872619616068,
            "matthews_corrcoef": 0.9673906477892754,
            "precision_score": -1.0,
            "recall_score": -1.0,
            "roc_auc_score": -1.0,
            "coverage_error": -1.0,
            "label_ranking_average_precision_score": -1.0,
            "label_ranking_loss": -1.0,
            "training_time": 1.9808813419999751,
            "test_time": 0.057000750999577576
        },
        {
            "seed": "17",
            "accuracy_score": 0.9421965317919075,
            "average_precision_score": -1.0,
            "balanced_accuracy_score": 0.9446610353043101,
            "cohen_kappa_score": 0.8789342010881926,
            "f1_score_macro": 0.8840616263700272,
            "f1_score_micro": 0.9421965317919075,
            "f1_score_weighted": 0.9445404809876549,
            "matthews_corrcoef": 0.8821259170698603,
            "precision_score": -1.0,
            "recall_score": -1.0,
            "roc_auc_score": -1.0,
            "coverage_error": -1.0,
            "label_ranking_average_precision_score": -1.0,
            "label_ranking_loss": -1.0,
            "training_time": 1.7574696950000543,
            "test_time": 0.0571816450001279
        },
        {
            "seed": "19",
            "accuracy_score": 0.9826589595375722,
            "average_precision_score": -1.0,
            "balanced_accuracy_score": 0.9914789851498712,
            "cohen_kappa_score": 0.964173540882891,
            "f1_score_macro": 0.981430827501109,
            "f1_score_micro": 0.9826589595375722,
            "f1_score_weighted": 0.982838489675964,
            "matthews_corrcoef": 0.9646237994801619,
            "precision_score": -1.0,
            "recall_score": -1.0,
            "roc_auc_score": -1.0,
            "coverage_error": -1.0,
            "label_ranking_average_precision_score": -1.0,
            "label_ranking_loss": -1.0,
            "training_time": 1.7867539650001163,
            "test_time": 0.06247963099986009
        },
        {
            "seed": "23",
            "accuracy_score": 0.9855491329479769,
            "average_precision_score": -1.0,
            "balanced_accuracy_score": 0.9442589962121213,
            "cohen_kappa_score": 0.965297279948648,
            "f1_score_macro": 0.9502866643733516,
            "f1_score_micro": 0.9855491329479769,
            "f1_score_weighted": 0.9854701925390378,
            "matthews_corrcoef": 0.9654523663388304,
            "precision_score": -1.0,
            "recall_score": -1.0,
            "roc_auc_score": -1.0,
            "coverage_error": -1.0,
            "label_ranking_average_precision_score": -1.0,
            "label_ranking_loss": -1.0,
            "training_time": 2.416668725999898,
            "test_time": 0.06004159299982348
        },
        {
            "seed": "29",
            "accuracy_score": 0.9710982658959537,
            "average_precision_score": -1.0,
            "balanced_accuracy_score": 0.9400993319268636,
            "cohen_kappa_score": 0.9403479130389807,
            "f1_score_macro": 0.9218787614891024,
            "f1_score_micro": 0.9710982658959537,
            "f1_score_weighted": 0.971605955162612,
            "matthews_corrcoef": 0.9405212125964634,
            "precision_score": -1.0,
            "recall_score": -1.0,
            "roc_auc_score": -1.0,
            "coverage_error": -1.0,
            "label_ranking_average_precision_score": -1.0,
            "label_ranking_loss": -1.0,
            "training_time": 1.885745216000032,