{
    "id": 40975,
    "framework": "naive",
    "results": [
        {
            "seed": "2",
            "accuracy_score": 1.0,
            "average_precision_score": -1.0,
            "balanced_accuracy_score": 1.0,
            "cohen_kappa_score": 1.0,
            "f1_score_macro": 1.0,
            "f1_score_micro": 1.0,
            "f1_score_weighted": 1.0,
            "matthews_corrcoef": 1.0,
            "precision_score": -1.0,
            "recall_score": -1.0,
            "roc_auc_score": -1.0,
            "coverage_error": -1.0,
            "label_ranking_average_precision_score": -1.0,
            "label_ranking_loss": -1.0,
            "training_time": 116.71142853099445,
            "test_time": 0.002780442009679973
        },
        {
            "seed": "3",
            "accuracy_score": 0.9913294797687862,
            "average_precision_score": -1.0,
            "balanced_accuracy_score": 0.9967672413793103,
            "cohen_kappa_score": 0.9819754115440716,
            "f1_score_macro": 0.9943624067651119,
            "f1_score_micro": 0.9913294797687862,
            "f1_score_weighted": 0.9913708172914355,
            "matthews_corrcoef": 0.9821539224981523,
            "precision_score": -1.0,
            "recall_score": -1.0,
            "roc_auc_score": -1.0,
            "coverage_error": -1.0,
            "label_ranking_average_precision_score": -1.0,
            "label_ranking_loss": -1.0,
            "training_time": 118.61225887399632,
            "test_time": 0.0025663369888206944
        },
        {
            "seed": "5",
            "accuracy_score": 0.9971098265895953,
            "average_precision_score": -1.0,
            "balanced_accuracy_score": 0.9968354430379747,
            "cohen_kappa_score": 0.9933586701984721,
            "f1_score_macro": 0.9979025928070514,
            "f1_score_micro": 0.9971098265895953,
            "f1_score_weighted": 0.997103541582758,
            "matthews_corrcoef": 0.9933829644810457,
            "precision_score": -1.0,
            "recall_score": -1.0,
            "roc_auc_score": -1.0,
            "coverage_error": -1.0,
            "label_ranking_average_precision_score": -1.0,
            "label_ranking_loss": -1.0,
            "training_time": 117.89677121400018,
            "test_time": 0.00246740500733722
        }
    ]
}