{
    "framework": "fedot",
    "id": 40975,
    "results": [
        {
            "accuracy_score": 0.9884393063583815,
            "average_precision_score": -1.0,
            "balanced_accuracy_score": 0.9354674796747967,
            "cohen_kappa_score": 0.9740702576112412,
            "coverage_error": -1.0,
            "f1_score_macro": 0.9317416886109282,
            "f1_score_micro": 0.9884393063583815,
            "f1_score_weighted": 0.9883284513693599,
            "label_ranking_average_precision_score": -1.0,
            "label_ranking_loss": -1.0,
            "matthews_corrcoef": 0.9741872586234787,
            "precision_score": -1.0,
            "recall_score": -1.0,
            "roc_auc_score": -1.0,
            "seed": "7",
            "test_time": 0.01627717399969697,
            "training_time": 300.72678544800146
        },
        {
            "accuracy_score": 0.9884393063583815,
            "average_precision_score": -1.0,
            "balanced_accuracy_score": 0.9918831168831168,
            "cohen_kappa_score": 0.9766669476523645,
            "coverage_error": -1.0,
            "f1_score_macro": 0.9706125017046652,
            "f1_score_micro": 0.9884393063583815,
            "f1_score_weighted": 0.9886347471645587,
            "label_ranking_average_precision_score": -1.0,
            "label_ranking_loss": -1.0,
            "matthews_corrcoef": 0.9767834407148294,
            "precision_score": -1.0,
            "recall_score": -1.0,
            "roc_auc_score": -1.0,
            "seed": "43",
            "test_time": 0.017626289001782425,
            "training_time": 570.2827457509993
        },
        {
            "accuracy_score": 0.9884393063583815,
            "average_precision_score": -1.0,
            "balanced_accuracy_score": 0.946875,
            "cohen_kappa_score": 0.9764337283748808,
            "coverage_error": -1.0,
            "f1_score_macro": 0.9548540823211876,
            "f1_score_micro": 0.9884393063583815,
            "f1_score_weighted": 0.9881721310836005,
            "label_ranking_average_precision_score": -1.0,
            "label_ranking_loss": -1.0,
            "matthews_corrcoef": 0.9765022098109845,
            "precision_score": -1.0,
            "recall_score": -1.0,
            "roc_auc_score": -1.0,
            "seed": "53",
            "test_time": 0.01604621899605263,
            "training_time": 362.34290961800434
        }
    ]
}