{"framework": "autopytorch", "accuracy_score": 0.9710982658959537, "average_precision_score": -1.0, "balanced_accuracy_score": 0.946491849751949, "cohen_kappa_score": 0.9395738735592036, "f1_score_macro": 0.9088199069836684, "f1_score_micro": 0.9710982658959537, "f1_score_weighted": 0.9727989932566339, "matthews_corrcoef": 0.9404443835443902, "precision_score": -1.0, "recall_score": -1.0, "roc_auc_score": -1.0, "coverage_error": -1.0, "label_ranking_average_precision_score": -1.0, "label_ranking_loss": -1.0, "training_time": "00:13:38", "test_time": "00:02:17"}