{"framework": "lightautoml", "accuracy_score": 0.8959537572254336, "average_precision_score": -1.0, "balanced_accuracy_score": 0.5190065073126732, "cohen_kappa_score": 0.7815120154358884, "f1_score_macro": 0.5257494732178276, "f1_score_micro": 0.8959537572254335, "f1_score_weighted": 0.9028610815323334, "matthews_corrcoef": 0.7824942452388388, "precision_score": -1.0, "recall_score": -1.0, "roc_auc_score": -1.0, "training_time": "00:01:06", "test_time": "00:00:00"}