{"framework": "gama", "accuracy_score": 0.9797687861271677, "average_precision_score": -1.0, "balanced_accuracy_score": 0.9438341601700921, "cohen_kappa_score": 0.9578239821683558, "f1_score_macro": 0.9145663113850329, "f1_score_micro": 0.9797687861271677, "f1_score_weighted": 0.9810742300075027, "matthews_corrcoef": 0.9582807659515943, "precision_score": -1.0, "recall_score": -1.0, "roc_auc_score": -1.0, "coverage_error": -1.0, "label_ranking_average_precision_score": -1.0, "label_ranking_loss": -1.0, "training_time": "00:08:59", "test_time": "00:00:00"}