{"framework": "autosklearn", "accuracy_score": 0.9884393063583815, "average_precision_score": -1.0, "balanced_accuracy_score": 0.9879518072289156, "cohen_kappa_score": 0.9759220598469033, "f1_score_macro": 0.9553656220322886, "f1_score_micro": 0.9884393063583815, "f1_score_weighted": 0.9891858658718005, "matthews_corrcoef": 0.9762047269189111, "precision_score": -1.0, "recall_score": -1.0, "roc_auc_score": -1.0, "training_time": "00:10:13", "test_time": "00:00:01"}