{"framework": "h2o", "accuracy_score": 0.8208092485549133, "average_precision_score": -1.0, "balanced_accuracy_score": 0.41902076390669063, "cohen_kappa_score": 0.5986829797582969, "f1_score_macro": 0.3972003100633806, "f1_score_micro": 0.8208092485549133, "f1_score_weighted": 0.7894465642768714, "matthews_corrcoef": 0.605101747409142, "precision_score": -1.0, "recall_score": -1.0, "roc_auc_score": -1.0, "training_time": "00:10:05", "test_time": "00:00:00"}