{"framework": "gama", "accuracy_score": 0.9682080924855492, "average_precision_score": -1.0, "balanced_accuracy_score": 0.9159671796755802, "cohen_kappa_score": 0.9336332566087745, "f1_score_macro": 0.8967349107820046, "f1_score_micro": 0.9682080924855492, "f1_score_weighted": 0.9690397629298658, "matthews_corrcoef": 0.9338316042959649, "precision_score": -1.0, "recall_score": -1.0, "roc_auc_score": -1.0, "training_time": "00:08:59", "test_time": "00:00:00"}