{"framework": "h2o", "accuracy_score": 0.7283236994219653, "average_precision_score": -1.0, "balanced_accuracy_score": 0.32458344014355295, "cohen_kappa_score": 0.322162477595765, "f1_score_macro": 0.3145660337441159, "f1_score_micro": 0.7283236994219652, "f1_score_weighted": 0.6800823990625242, "matthews_corrcoef": 0.3423002139690968, "precision_score": -1.0, "recall_score": -1.0, "roc_auc_score": -1.0, "coverage_error": -1.0, "label_ranking_average_precision_score": -1.0, "label_ranking_loss": -1.0, "training_time": "00:10:10", "test_time": "00:00:00"}