{"framework": "autogluon", "accuracy_score": 0.9797687861271677, "average_precision_score": -1.0, "balanced_accuracy_score": 0.9672218284904324, "cohen_kappa_score": 0.9577563051592424, "f1_score_macro": 0.9347275953479222, "f1_score_micro": 0.9797687861271677, "f1_score_weighted": 0.9807519577074069, "matthews_corrcoef": 0.9581927914537434, "precision_score": -1.0, "recall_score": -1.0, "roc_auc_score": -1.0, "coverage_error": -1.0, "label_ranking_average_precision_score": -1.0, "label_ranking_loss": -1.0, "training_time": "00:00:11", "test_time": "00:00:00"}