{
    "id": 40975,
    "framework": "h2o",
    "results": [
        {
            "seed": "2",
            "accuracy_score": 0.7716763005780347,
            "average_precision_score": -1.0,
            "balanced_accuracy_score": 0.3282930107526882,
            "cohen_kappa_score": 0.3652113330236879,
            "f1_score_macro": 0.32094393524580406,
            "f1_score_micro": 0.7716763005780346,
            "f1_score_weighted": 0.723258241346165,
            "matthews_corrcoef": 0.3919854945057616,
            "precision_score": -1.0,
            "recall_score": -1.0,
            "roc_auc_score": -1.0,
            "coverage_error": -1.0,
            "label_ranking_average_precision_score": -1.0,
            "label_ranking_loss": -1.0,
            "training_time": 306.6174731559586,
            "test_time": 0.26024963799864054
        },
        {
            "seed": "3",
            "accuracy_score": 0.6705202312138728,
            "average_precision_score": -1.0,
            "balanced_accuracy_score": 0.25,
            "cohen_kappa_score": 0.0,
            "f1_score_macro": 0.20069204152249137,
            "f1_score_micro": 0.6705202312138728,
            "f1_score_weighted": 0.5382722963377803,
            "matthews_corrcoef": 0.0,
            "precision_score": -1.0,
            "recall_score": -1.0,
            "roc_auc_score": -1.0,
            "coverage_error": -1.0,
            "label_ranking_average_precision_score": -1.0,
            "label_ranking_loss": -1.0,
            "training_time": 305.3055432830006,
            "test_time": 0.05471744097303599
        },
        {
            "seed": "5",
            "accuracy_score": 0.7138728323699421,
            "average_precision_score": -1.0,
            "balanced_accuracy_score": 0.25,
            "cohen_kappa_score": 0.0,
            "f1_score_macro": 0.20826306913996626,
            "f1_score_micro": 0.7138728323699421,
            "f1_score_weighted": 0.5946933881800193,
            "matthews_corrcoef": 0.0,
            "precision_score": -1.0,
            "recall_score": -1.0,
            "roc_auc_score": -1.0,
            "coverage_error": -1.0,
            "label_ranking_average_precision_score": -1.0,
            "label_ranking_loss": -1.0,
            "training_time": 305.84041990700644,
            "test_time": 0.05355694191530347
        },
        {
            "seed": "7",
            "accuracy_score": 0.7225433526011561,
            "average_precision_score": -1.0,
            "balanced_accuracy_score": 0.2652175060711646,
            "cohen_kappa_score": 0.1136017932911697,
            "f1_score_macro": 0.23963922294172066,
            "f1_score_micro": 0.7225433526011561,
            "f1_score_weighted": 0.6295556993364099,
            "matthews_corrcoef": 0.17486466834569214,
            "precision_score": -1.0,
            "recall_score": -1.0,
            "roc_auc_score": -1.0,
            "coverage_error": -1.0,
            "label_ranking_average_precision_score": -1.0,
            "label_ranking_loss": -1.0,
            "training_time": 305.9040214479901,
            "test_time": 0.05284026206936687
        },
        {
            "seed": "11",
            "accuracy_score": 0.7832369942196532,
            "average_precision_score": -1.0,
            "balanced_accuracy_score": 0.3690872135994087,
            "cohen_kappa_score": 0.4491147624506432,
            "f1_score_macro": 0.36011531872459024,
            "f1_score_micro": 0.7832369942196532,
            "f1_score_weighted": 0.7524284063349254,
            "matthews_corrcoef": 0.4580070043337082,
            "precision_score": -1.0,
            "recall_score": -1.0,
            "roc_auc_score": -1.0,
            "coverage_error": -1.0,
            "label_ranking_average_precision_score": -1.0,
            "label_ranking_loss": -1.0,
            "training_time": 305.2688220120035,
            "test_time": 0.058972803060896695
        },
        {
            "seed": "13",
            "accuracy_score": 0.8583815028901735,
            "average_precision_score": -1.0,
            "balanced_accuracy_score": 0.5636924921199115,
            "cohen_kappa_score": 0.651675466891295,
            "f1_score_macro": 0.5732212475633529,
            "f1_score_micro": 0.8583815028901735,
            "f1_score_weighted": 0.8414320161353931,
            "matthews_corrcoef": 0.6567948471535539,
            "precision_score": -1.0,
            "recall_score": -1.0,
            "roc_auc_score": -1.0,
            "coverage_error": -1.0,
            "label_ranking_average_precision_score": -1.0,
            "label_ranking_loss": -1.0,
            "training_time": 306.02153162506875,
            "test_time": 0.2593048569979146
        },
        {
            "seed": "17",
            "accuracy_score": 0.8554913294797688,
            "average_precision_score": -1.0,
            "balanced_accuracy_score": 0.635369287416071,
            "cohen_kappa_score": 0.6302391689999358,
            "f1_score_macro": 0.6375082234365166,
            "f1_score_micro": 0.8554913294797687,
            "f1_score_weighted": 0.8290094645013597,
            "matthews_corrcoef": 0.66177576844312,
            "precision_score": -1.0,
            "recall_score": -1.0,
            "roc_auc_score": -1.0,
            "coverage_error": -1.0,
            "label_ranking_average_precision_score": -1.0,
            "label_ranking_loss": -1.0,
            "training_time": 305.76586801407393,
            "test_time": 0.05436832795385271
        },
        {
            "seed": "19",
            "accuracy_score": 0.7601156069364162,
            "average_precision_score": -1.0,
            "balanced_accuracy_score": 0.33660748534166257,
            "cohen_kappa_score": 0.3695833516266409,
            "f1_score_macro": 0.32811663991439277,
            "f1_score_micro": 0.7601156069364162,
            "f1_score_weighted": 0.7008183412353056,
            "matthews_corrcoef": 0.41302395436636224,
            "precision_score": -1.0,
            "recall_score": -1.0,
            "roc_auc_score": -1.0,
            "coverage_error": -1.0,
            "label_ranking_average_precision_score": -1.0,
            "label_ranking_loss": -1.0,
            "training_time": 306.4801091620466,
            "test_time": 0.2593188980827108
        },
        {
            "seed": "23",
            "accuracy_score": 0.8005780346820809,
            "average_precision_score": -1.0,
            "balanced_accuracy_score": 0.3464133522727273,
            "cohen_kappa_score": 0.389723926380368,
            "f1_score_macro": 0.34821428571428575,
            "f1_score_micro": 0.8005780346820809,
            "f1_score_weighted": 0.7559867877786954,
            "matthews_corrcoef": 0.42870059383656145,
            "precision_score": -1.0,
            "recall_score": -1.0,
            "roc_auc_score": -1.0,
            "coverage_error": -1.0,
            "label_ranking_average_precision_score": -1.0,
            "label_ranking_loss": -1.0,
            "training_time": 305.6000538750086,
            "test_time": 0.05652512691449374
        },
        {
            "seed": "29",
            "accuracy_score": 0.684971098265896,
            "average_precision_score": -1.0,
            "balanced_accuracy_score": 0.25,
            "cohen_kappa_score": 0.0,
            "f1_score_macro": 0.20325900514579762,
            "f1_score_micro": 0.684971098265896,
            "f1_score_weighted": 0.5569061759486016,
            "matthews_corrcoef": 0.0,
            "precision_score": -1.0,
            "recall_score": -1.0,
            "roc_auc_score": -1.0,
            "coverage_error": -1.0,
            "label_ranking_average_precision_score": -1.0,
            "label_ranking_loss": -1.0,
            "training_time": 305.40513096691575,
            "test_time": 0.06211936101317406
        },
        {
            "seed": "31",
            "accuracy_score": 0.7745664739884393,