{"id": 40975, "framework": "fedot", "results": [{"seed": "3", "accuracy_score": 0.9797687861271677, "average_precision_score": -1.0, "balanced_accuracy_score": 0.9539783679588777, "cohen_kappa_score": 0.9579104685110524, "f1_score_macro": 0.9307538360169939, "f1_score_micro": 0.9797687861271677, "f1_score_weighted": 0.9802731472339018, "matthews_corrcoef": 0.9580798025583471, "precision_score": -1.0, "recall_score": -1.0, "roc_auc_score": -1.0, "coverage_error": -1.0, "label_ranking_average_precision_score": -1.0, "label_ranking_loss": -1.0, "training_time": 1450.726079289001, "test_time": 0.01704934200097341}, {"seed": "7", "accuracy_score": 0.9884393063583815, "average_precision_score": -1.0, "balanced_accuracy_score": 0.9354674796747967, "cohen_kappa_score": 0.9740702576112412, "f1_score_macro": 0.9317416886109282, "f1_score_micro": 0.9884393063583815, "f1_score_weighted": 0.9883284513693599, "matthews_corrcoef": 0.9741872586234787, "precision_score": -1.0, "recall_score": -1.0, "roc_auc_score": -1.0, "coverage_error": -1.0, "label_ranking_average_precision_score": -1.0, "label_ranking_loss": -1.0, "training_time": 300.72678544800146, "test_time": 0.01627717399969697}, {"seed": "43", "accuracy_score": 0.9884393063583815, "average_precision_score": -1.0, "balanced_accuracy_score": 0.9918831168831168, "cohen_kappa_score": 0.9766669476523645, "f1_score_macro": 0.9706125017046652, "f1_score_micro": 0.9884393063583815, "f1_score_weighted": 0.9886347471645587, "matthews_corrcoef": 0.9767834407148294, "precision_score": -1.0, "recall_score": -1.0, "roc_auc_score": -1.0, "coverage_error": -1.0, "label_ranking_average_precision_score": -1.0, "label_ranking_loss": -1.0, "training_time": 570.2827457509993, "test_time": 0.017626289001782425}, {"seed": "53", "accuracy_score": 0.9884393063583815, "average_precision_score": -1.0, "balanced_accuracy_score": 0.946875, "cohen_kappa_score": 0.9764337283748808, "f1_score_macro": 0.9548540823211876, "f1_score_micro": 0.9884393063583815, "f1_score_weighted": 0.9881721310836005, "matthews_corrcoef": 0.9765022098109845, "precision_score": -1.0, "recall_score": -1.0, "roc_auc_score": -1.0, "coverage_error": -1.0, "label_ranking_average_precision_score": -1.0, "label_ranking_loss": -1.0, "training_time": 362.34290961800434, "test_time": 0.01604621899605263}]}