{
    "id": 40975,
    "framework": "pycaret",
    "results": [
        {
            "seed": "2",
            "accuracy_score": 0.9913294797687862,
            "average_precision_score": -1.0,
            "balanced_accuracy_score": 0.9840949820788532,
            "cohen_kappa_score": 0.9803921568627451,
            "f1_score_macro": 0.9867429562918285,
            "f1_score_micro": 0.9913294797687862,
            "f1_score_weighted": 0.9913649651665211,
            "matthews_corrcoef": 0.9805366298685845,
            "precision_score": -1.0,
            "recall_score": -1.0,
            "roc_auc_score": -1.0,
            "coverage_error": -1.0,
            "label_ranking_average_precision_score": -1.0,
            "label_ranking_loss": -1.0,
            "training_time": 9.375124797224998,
            "test_time": 0.10256145894527435
        },
        {
            "seed": "3",
            "accuracy_score": 0.9913294797687862,
            "average_precision_score": -1.0,
            "balanced_accuracy_score": 0.9799876847290641,
            "cohen_kappa_score": 0.9819069199930277,
            "f1_score_macro": 0.985647794471324,
            "f1_score_micro": 0.9913294797687862,
            "f1_score_weighted": 0.9913329960932817,
            "matthews_corrcoef": 0.9820324161497992,
            "precision_score": -1.0,
            "recall_score": -1.0,
            "roc_auc_score": -1.0,
            "coverage_error": -1.0,
            "label_ranking_average_precision_score": -1.0,
            "label_ranking_loss": -1.0,
            "training_time": 10.851541389711201,
            "test_time": 0.09448348823934793
        },
        {
            "seed": "5",
            "accuracy_score": 1.0,
            "average_precision_score": -1.0,
            "balanced_accuracy_score": 1.0,
            "cohen_kappa_score": 1.0,
            "f1_score_macro": 1.0,
            "f1_score_micro": 1.0,
            "f1_score_weighted": 1.0,
            "matthews_corrcoef": 1.0,
            "precision_score": -1.0,
            "recall_score": -1.0,
            "roc_auc_score": -1.0,
            "coverage_error": -1.0,
            "label_ranking_average_precision_score": -1.0,
            "label_ranking_loss": -1.0,
            "training_time": 10.017144840210676,
            "test_time": 0.09511850215494633
        },
        {
            "seed": "7",
            "accuracy_score": 1.0,
            "average_precision_score": -1.0,
            "balanced_accuracy_score": 1.0,
            "cohen_kappa_score": 1.0,
            "f1_score_macro": 1.0,
            "f1_score_micro": 1.0,
            "f1_score_weighted": 1.0,
            "matthews_corrcoef": 1.0,
            "precision_score": -1.0,
            "recall_score": -1.0,
            "roc_auc_score": -1.0,
            "coverage_error": -1.0,
            "label_ranking_average_precision_score": -1.0,
            "label_ranking_loss": -1.0,
            "training_time": 10.605324245058,
            "test_time": 0.0965509545058012
        },
        {
            "seed": "11",
            "accuracy_score": 0.9971098265895953,
            "average_precision_score": -1.0,
            "balanced_accuracy_score": 0.9967532467532467,
            "cohen_kappa_score": 0.9934801861727185,
            "f1_score_macro": 0.9864612511671336,
            "f1_score_micro": 0.9971098265895953,
            "f1_score_weighted": 0.9971691952310788,
            "matthews_corrcoef": 0.993499675414824,
            "precision_score": -1.0,
            "recall_score": -1.0,
            "roc_auc_score": -1.0,
            "coverage_error": -1.0,
            "label_ranking_average_precision_score": -1.0,
            "label_ranking_loss": -1.0,
            "training_time": 9.54539437778294,
            "test_time": 0.09212823491543531
        },
        {
            "seed": "13",
            "accuracy_score": 1.0,
            "average_precision_score": -1.0,
            "balanced_accuracy_score": 1.0,
            "cohen_kappa_score": 1.0,
            "f1_score_macro": 1.0,
            "f1_score_micro": 1.0,
            "f1_score_weighted": 1.0,
            "matthews_corrcoef": 1.0,
            "precision_score": -1.0,
            "recall_score": -1.0,
            "roc_auc_score": -1.0,
            "coverage_error": -1.0,
            "label_ranking_average_precision_score": -1.0,
            "label_ranking_loss": -1.0,
            "training_time": 10.013622748665512,
            "test_time": 0.10375367756932974
        },
        {
            "seed": "17",
            "accuracy_score": 0.9913294797687862,
            "average_precision_score": -1.0,
            "balanced_accuracy_score": 0.9795321637426901,
            "cohen_kappa_score": 0.9808938300692093,
            "f1_score_macro": 0.9742190136804949,
            "f1_score_micro": 0.9913294797687862,
            "f1_score_weighted": 0.9913385057641582,
            "matthews_corrcoef": 0.980934195835176,
            "precision_score": -1.0,
            "recall_score": -1.0,
            "roc_auc_score": -1.0,
            "coverage_error": -1.0,
            "label_ranking_average_precision_score": -1.0,
            "label_ranking_loss": -1.0,
            "training_time": 9.249545752070844,
            "test_time": 0.10000799782574177
        },
        {
            "seed": "19",
            "accuracy_score": 0.9942196531791907,
            "average_precision_score": -1.0,
            "balanced_accuracy_score": 0.9736842105263158,
            "cohen_kappa_score": 0.987853682510707,
            "f1_score_macro": 0.982905982905983,
            "f1_score_micro": 0.9942196531791907,
            "f1_score_weighted": 0.9940961414949854,
            "matthews_corrcoef": 0.9879252362868958,
            "precision_score": -1.0,
            "recall_score": -1.0,
            "roc_auc_score": -1.0,
            "coverage_error": -1.0,
            "label_ranking_average_precision_score": -1.0,
            "label_ranking_loss": -1.0,
            "training_time": 10.398550459183753,
            "test_time": 0.09985270723700523
        },
        {
            "seed": "23",
            "accuracy_score": 0.9913294797687862,
            "average_precision_score": -1.0,
            "balanced_accuracy_score": 0.925,
            "cohen_kappa_score": 0.9789708265802269,
            "f1_score_macro": 0.9503267973856209,
            "f1_score_micro": 0.9913294797687862,
            "f1_score_weighted": 0.9906607729797121,
            "matthews_corrcoef": 0.9791556563145284,
            "precision_score": -1.0,
            "recall_score": -1.0,
            "roc_auc_score": -1.0,
            "coverage_error": -1.0,
            "label_ranking_average_precision_score": -1.0,
            "label_ranking_loss": -1.0,
            "training_time": 11.062211404554546,
            "test_time": 0.09649115148931742
        },
        {
            "seed": "29",
            "accuracy_score": 0.9942196531791907,
            "average_precision_score": -1.0,
            "balanced_accuracy_score": 0.9933333333333334,
            "cohen_kappa_score": 0.9879560011138958,
            "f1_score_macro": 0.9834637268847795,
            "f1_score_micro": 0.9942196531791907,
            "f1_score_weighted": 0.9943327111717741,
            "matthews_corrcoef": 0.9880265968901152,
            "precision_score": -1.0,
            "recall_score": -1.0,
            "roc_auc_score": -1.0,
            "coverage_error": -1.0,
            "label_ranking_average_precision_score": -1.0,
            "label_ranking_loss": -1.0,
            "training_time": 10.928547387942672,
            "test_time": 0.10670254193246365
        },
        {
            "seed": "31",
            "accuracy_score": 1.0,
            "average_precision_score": -1.0,
            "balanced_accuracy_score": 1.0,
            "cohen_kappa_score": 1.0,
            "f1_score_macro": 1.0,
            "f1_score_micro": 1.0,
            "f1_score_weighted": 1.0,