{"framework": "lightautoml", "accuracy_score": 0.9017341040462428, "average_precision_score": -1.0, "balanced_accuracy_score": 0.4819277108433735, "cohen_kappa_score": 0.7948163393448914, "f1_score_macro": 0.488599649219976, "f1_score_micro": 0.9017341040462428, "f1_score_weighted": 0.9072033697079518, "matthews_corrcoef": 0.7951785676454525, "precision_score": -1.0, "recall_score": -1.0, "roc_auc_score": -1.0, "coverage_error": -1.0, "label_ranking_average_precision_score": -1.0, "label_ranking_loss": -1.0, "training_time": "00:00:51", "test_time": "00:00:00"}