{"framework": "autokeras", "accuracy_score": 0.9855491329479769, "average_precision_score": -1.0, "balanced_accuracy_score": 0.9652245345016429, "cohen_kappa_score": 0.9698648272017837, "f1_score_macro": 0.9423312883435582, "f1_score_micro": 0.9855491329479769, "f1_score_weighted": 0.9862832015319692, "matthews_corrcoef": 0.9700232071604404, "precision_score": -1.0, "recall_score": -1.0, "roc_auc_score": -1.0, "coverage_error": -1.0, "label_ranking_average_precision_score": -1.0, "label_ranking_loss": -1.0, "training_time": "00:01:17", "test_time": "00:00:00"}