{"framework": "autokeras", "accuracy_score": 0.9913294797687862, "average_precision_score": -1.0, "balanced_accuracy_score": 0.9712486308871852, "cohen_kappa_score": 0.9818942961800105, "f1_score_macro": 0.957199666717164, "f1_score_micro": 0.9913294797687862, "f1_score_weighted": 0.9915240115134072, "matthews_corrcoef": 0.981948402799904, "precision_score": -1.0, "recall_score": -1.0, "roc_auc_score": -1.0, "training_time": "00:01:16", "test_time": "00:00:00"}