{
    "id": 40975,
    "framework": "autokeras",
    "results": [
        {
            "seed": "2",
            "accuracy_score": 0.9855491329479769,
            "average_precision_score": -1.0,
            "balanced_accuracy_score": 0.9820788530465949,
            "cohen_kappa_score": 0.9675361231000188,
            "f1_score_macro": 0.9824353607869731,
            "f1_score_micro": 0.9855491329479769,
            "f1_score_weighted": 0.9857033142790818,
            "matthews_corrcoef": 0.967985035349152,
            "precision_score": -1.0,
            "recall_score": -1.0,
            "roc_auc_score": -1.0,
            "coverage_error": -1.0,
            "label_ranking_average_precision_score": -1.0,
            "label_ranking_loss": -1.0,
            "training_time": 60.90748759394046,
            "test_time": 0.4215421359986067
        },
        {
            "seed": "3",
            "accuracy_score": 0.9855491329479769,
            "average_precision_score": -1.0,
            "balanced_accuracy_score": 0.9745529021203685,
            "cohen_kappa_score": 0.9699297782103873,
            "f1_score_macro": 0.9595979669509083,
            "f1_score_micro": 0.9855491329479769,
            "f1_score_weighted": 0.9856606828725154,
            "matthews_corrcoef": 0.9699994556726028,
            "precision_score": -1.0,
            "recall_score": -1.0,
            "roc_auc_score": -1.0,
            "coverage_error": -1.0,
            "label_ranking_average_precision_score": -1.0,
            "label_ranking_loss": -1.0,
            "training_time": 58.545953379012644,
            "test_time": 0.42017448996193707
        },
        {
            "seed": "5",
            "accuracy_score": 1.0,
            "average_precision_score": -1.0,
            "balanced_accuracy_score": 1.0,
            "cohen_kappa_score": 1.0,
            "f1_score_macro": 1.0,
            "f1_score_micro": 1.0,
            "f1_score_weighted": 1.0,
            "matthews_corrcoef": 1.0,
            "precision_score": -1.0,
            "recall_score": -1.0,
            "roc_auc_score": -1.0,
            "coverage_error": -1.0,
            "label_ranking_average_precision_score": -1.0,
            "label_ranking_loss": -1.0,
            "training_time": 75.31623393308837,
            "test_time": 0.40790451294742525
        },
        {
            "seed": "7",
            "accuracy_score": 0.9855491329479769,
            "average_precision_score": -1.0,
            "balanced_accuracy_score": 0.91880081300813,
            "cohen_kappa_score": 0.9675123471859683,
            "f1_score_macro": 0.9275358551063737,
            "f1_score_micro": 0.9855491329479769,
            "f1_score_weighted": 0.9853311583460379,
            "matthews_corrcoef": 0.9676512615215895,
            "precision_score": -1.0,
            "recall_score": -1.0,
            "roc_auc_score": -1.0,
            "coverage_error": -1.0,
            "label_ranking_average_precision_score": -1.0,
            "label_ranking_loss": -1.0,
            "training_time": 94.92507000197656,
            "test_time": 0.4196275930153206
        },
        {
            "seed": "11",
            "accuracy_score": 0.9739884393063584,
            "average_precision_score": -1.0,
            "balanced_accuracy_score": 0.8837816654889825,
            "cohen_kappa_score": 0.9411052691303854,
            "f1_score_macro": 0.8966854283927456,
            "f1_score_micro": 0.9739884393063584,
            "f1_score_weighted": 0.9736179042537424,
            "matthews_corrcoef": 0.9411794039953271,
            "precision_score": -1.0,
            "recall_score": -1.0,
            "roc_auc_score": -1.0,
            "coverage_error": -1.0,
            "label_ranking_average_precision_score": -1.0,
            "label_ranking_loss": -1.0,
            "training_time": 53.944590272032656,
            "test_time": 0.40575334907043725
        },
        {
            "seed": "13",
            "accuracy_score": 0.9884393063583815,
            "average_precision_score": -1.0,
            "balanced_accuracy_score": 0.9864864864864865,
            "cohen_kappa_score": 0.9734977595649343,
            "f1_score_macro": 0.9719227150146479,
            "f1_score_micro": 0.9884393063583815,
            "f1_score_weighted": 0.9884066998776151,
            "matthews_corrcoef": 0.9737127226805107,
            "precision_score": -1.0,
            "recall_score": -1.0,
            "roc_auc_score": -1.0,
            "coverage_error": -1.0,
            "label_ranking_average_precision_score": -1.0,
            "label_ranking_loss": -1.0,
            "training_time": 85.67824184393976,
            "test_time": 0.399362557916902
        },
        {
            "seed": "17",
            "accuracy_score": 0.9739884393063584,
            "average_precision_score": -1.0,
            "balanced_accuracy_score": 0.9292289365388781,
            "cohen_kappa_score": 0.9424239622815938,
            "f1_score_macro": 0.9428531654039678,
            "f1_score_micro": 0.9739884393063584,
            "f1_score_weighted": 0.9738719783506196,
            "matthews_corrcoef": 0.9425025373669916,
            "precision_score": -1.0,
            "recall_score": -1.0,
            "roc_auc_score": -1.0,
            "coverage_error": -1.0,
            "label_ranking_average_precision_score": -1.0,
            "label_ranking_loss": -1.0,
            "training_time": 77.69085822906345,
            "test_time": 0.3976239269832149
        },
        {
            "seed": "19",
            "accuracy_score": 0.9913294797687862,
            "average_precision_score": -1.0,
            "balanced_accuracy_score": 0.9847324006218077,
            "cohen_kappa_score": 0.9819207858710419,
            "f1_score_macro": 0.9797195337449573,
            "f1_score_micro": 0.9913294797687862,
            "f1_score_weighted": 0.9913687521089305,
            "matthews_corrcoef": 0.9820216569105357,
            "precision_score": -1.0,
            "recall_score": -1.0,
            "roc_auc_score": -1.0,
            "coverage_error": -1.0,
            "label_ranking_average_precision_score": -1.0,
            "label_ranking_loss": -1.0,
            "training_time": 67.80756652692799,
            "test_time": 0.4020323739387095
        },
        {
            "seed": "23",
            "accuracy_score": 0.9479768786127167,
            "average_precision_score": -1.0,
            "balanced_accuracy_score": 0.7906799580627706,
            "cohen_kappa_score": 0.8751553542075933,
            "f1_score_macro": 0.8074782056269987,
            "f1_score_micro": 0.9479768786127167,
            "f1_score_weighted": 0.9472625972014951,
            "matthews_corrcoef": 0.8757707231036629,
            "precision_score": -1.0,
            "recall_score": -1.0,
            "roc_auc_score": -1.0,
            "coverage_error": -1.0,
            "label_ranking_average_precision_score": -1.0,
            "label_ranking_loss": -1.0,
            "training_time": 91.83318806090392,
            "test_time": 0.3988111679209396
        },
        {
            "seed": "29",
            "accuracy_score": 0.9653179190751445,
            "average_precision_score": -1.0,
            "balanced_accuracy_score": 0.9116701828410689,
            "cohen_kappa_score": 0.9276314642776219,
            "f1_score_macro": 0.9353896454403849,
            "f1_score_micro": 0.9653179190751445,
            "f1_score_weighted": 0.9651106178537397,
            "matthews_corrcoef": 0.92819770709661,
            "precision_score": -1.0,
            "recall_score": -1.0,
            "roc_auc_score": -1.0,
            "coverage_error": -1.0,
            "label_ranking_average_precision_score": -1.0,
            "label_ranking_loss": -1.0,
            "training_time": 84.93228423397522,
            "test_time": 0.4084948389790952
        },
        {
            "seed": "31",
            "accuracy_score": 0.9942196531791907,