{
    "id": 40975,
    "framework": "autopytorch",
    "results": [
        {
            "seed": "2",
            "accuracy_score": 0.9826589595375722,
            "average_precision_score": -1.0,
            "balanced_accuracy_score": 0.9285394265232975,
            "cohen_kappa_score": 0.9608493946365934,
            "f1_score_macro": 0.9354221096507848,
            "f1_score_micro": 0.9826589595375722,
            "f1_score_weighted": 0.9826176886382713,
            "matthews_corrcoef": 0.9610368032766586,
            "precision_score": -1.0,
            "recall_score": -1.0,
            "roc_auc_score": -1.0,
            "coverage_error": -1.0,
            "label_ranking_average_precision_score": -1.0,
            "label_ranking_loss": -1.0,
            "training_time": 316.3028300279984,
            "test_time": 3.86706557800062
        },
        {
            "seed": "3",
            "accuracy_score": 0.9710982658959537,
            "average_precision_score": -1.0,
            "balanced_accuracy_score": 0.9221059113300493,
            "cohen_kappa_score": 0.9400305047143649,
            "f1_score_macro": 0.9421716262248834,
            "f1_score_micro": 0.9710982658959537,
            "f1_score_weighted": 0.9707661772120981,
            "matthews_corrcoef": 0.9412993546423325,
            "precision_score": -1.0,
            "recall_score": -1.0,
            "roc_auc_score": -1.0,
            "coverage_error": -1.0,
            "label_ranking_average_precision_score": -1.0,
            "label_ranking_loss": -1.0,
            "training_time": 311.91081519797444,
            "test_time": 4.261070159962401
        },
        {
            "seed": "5",
            "accuracy_score": 0.9826589595375722,
            "average_precision_score": -1.0,
            "balanced_accuracy_score": 0.9874698918669604,
            "cohen_kappa_score": 0.9604594023198675,
            "f1_score_macro": 0.9760660702517585,
            "f1_score_micro": 0.9826589595375722,
            "f1_score_weighted": 0.9827131171384241,
            "matthews_corrcoef": 0.9604873997613873,
            "precision_score": -1.0,
            "recall_score": -1.0,
            "roc_auc_score": -1.0,
            "coverage_error": -1.0,
            "label_ranking_average_precision_score": -1.0,
            "label_ranking_loss": -1.0,
            "training_time": 313.6443260770757,
            "test_time": 2.614484661957249
        },
        {
            "seed": "7",
            "accuracy_score": 0.9942196531791907,
            "average_precision_score": -1.0,
            "balanced_accuracy_score": 0.9957369865906451,
            "cohen_kappa_score": 0.9870142055583704,
            "f1_score_macro": 0.9700790703246676,
            "f1_score_micro": 0.9942196531791907,
            "f1_score_weighted": 0.9945283953968669,
            "matthews_corrcoef": 0.9870858382653884,
            "precision_score": -1.0,
            "recall_score": -1.0,
            "roc_auc_score": -1.0,
            "coverage_error": -1.0,
            "label_ranking_average_precision_score": -1.0,
            "label_ranking_loss": -1.0,
            "training_time": 318.84480391896795,
            "test_time": 2.422940977034159
        },
        {
            "seed": "11",
            "accuracy_score": 0.976878612716763,
            "average_precision_score": -1.0,
            "balanced_accuracy_score": 0.9429801905411662,
            "cohen_kappa_score": 0.9479415470839367,
            "f1_score_macro": 0.9419330833413352,
            "f1_score_micro": 0.976878612716763,
            "f1_score_weighted": 0.9769291589464358,
            "matthews_corrcoef": 0.9479641076257564,
            "precision_score": -1.0,
            "recall_score": -1.0,
            "roc_auc_score": -1.0,
            "coverage_error": -1.0,
            "label_ranking_average_precision_score": -1.0,
            "label_ranking_loss": -1.0,
            "training_time": 316.4725385589991,
            "test_time": 3.352443012059666
        },
        {
            "seed": "13",
            "accuracy_score": 0.9739884393063584,
            "average_precision_score": -1.0,
            "balanced_accuracy_score": 0.8980658345577701,
            "cohen_kappa_score": 0.9400831216809051,
            "f1_score_macro": 0.9152476851272031,
            "f1_score_micro": 0.9739884393063584,
            "f1_score_weighted": 0.9734336188685377,
            "matthews_corrcoef": 0.9401952526252707,
            "precision_score": -1.0,
            "recall_score": -1.0,
            "roc_auc_score": -1.0,
            "coverage_error": -1.0,
            "label_ranking_average_precision_score": -1.0,
            "label_ranking_loss": -1.0,
            "training_time": 310.95479600992985,
            "test_time": 3.3135572490282357
        },
        {
            "seed": "17",
            "accuracy_score": 0.9653179190751445,
            "average_precision_score": -1.0,
            "balanced_accuracy_score": 0.9261425167857916,
            "cohen_kappa_score": 0.9241810014243453,
            "f1_score_macro": 0.928919483904821,
            "f1_score_micro": 0.9653179190751445,
            "f1_score_weighted": 0.9654539466601915,
            "matthews_corrcoef": 0.9243103051932808,
            "precision_score": -1.0,
            "recall_score": -1.0,
            "roc_auc_score": -1.0,
            "coverage_error": -1.0,
            "label_ranking_average_precision_score": -1.0,
            "label_ranking_loss": -1.0,
            "training_time": 316.10240680899005,
            "test_time": 2.1411282049957663
        },
        {
            "seed": "19",
            "accuracy_score": 0.9682080924855492,
            "average_precision_score": -1.0,
            "balanced_accuracy_score": 0.9031297927034103,
            "cohen_kappa_score": 0.9330589559589137,
            "f1_score_macro": 0.9187190942589305,
            "f1_score_micro": 0.9682080924855492,
            "f1_score_weighted": 0.9675538760173711,
            "matthews_corrcoef": 0.9333304883851711,
            "precision_score": -1.0,
            "recall_score": -1.0,
            "roc_auc_score": -1.0,
            "coverage_error": -1.0,
            "label_ranking_average_precision_score": -1.0,
            "label_ranking_loss": -1.0,
            "training_time": 315.18932333006524,
            "test_time": 5.404088491923176
        },
        {
            "seed": "23",
            "accuracy_score": 0.9682080924855492,
            "average_precision_score": -1.0,
            "balanced_accuracy_score": 0.8440425459956711,
            "cohen_kappa_score": 0.9225667317708334,
            "f1_score_macro": 0.8924783886126393,
            "f1_score_micro": 0.9682080924855492,
            "f1_score_weighted": 0.9672801711028323,
            "matthews_corrcoef": 0.9232943756391514,
            "precision_score": -1.0,
            "recall_score": -1.0,
            "roc_auc_score": -1.0,
            "coverage_error": -1.0,
            "label_ranking_average_precision_score": -1.0,
            "label_ranking_loss": -1.0,
            "training_time": 314.9332228549756,
            "test_time": 2.2023722550366074
        },
        {
            "seed": "29",
            "accuracy_score": 0.976878612716763,
            "average_precision_score": -1.0,
            "balanced_accuracy_score": 0.9333895921237694,
            "cohen_kappa_score": 0.9516818824515161,
            "f1_score_macro": 0.9356623390712339,
            "f1_score_micro": 0.976878612716763,
            "f1_score_weighted": 0.9764793633955585,
            "matthews_corrcoef": 0.9517322104814626,
            "precision_score": -1.0,
            "recall_score": -1.0,
            "roc_auc_score": -1.0,
            "coverage_error": -1.0,
            "label_ranking_average_precision_score": -1.0,
            "label_ranking_loss": -1.0,
            "training_time": 309.6852457120549,