{
    "id": 40975,
    "framework": "lightautoml",
    "results": [
        {
            "seed": "2",
            "accuracy_score": 0.9971098265895953,
            "average_precision_score": -1.0,
            "balanced_accuracy_score": 0.998991935483871,
            "cohen_kappa_score": 0.993448954862163,
            "f1_score_macro": 0.997770811563915,
            "f1_score_micro": 0.9971098265895953,
            "f1_score_weighted": 0.9971168733377224,
            "matthews_corrcoef": 0.9934732185099645,
            "precision_score": -1.0,
            "recall_score": -1.0,
            "roc_auc_score": -1.0,
            "coverage_error": -1.0,
            "label_ranking_average_precision_score": -1.0,
            "label_ranking_loss": -1.0,
            "training_time": 150.03732771391515,
            "test_time": 0.08316739497240633
        },
        {
            "seed": "3",
            "accuracy_score": 0.9248554913294798,
            "average_precision_score": -1.0,
            "balanced_accuracy_score": 0.4940498500749625,
            "cohen_kappa_score": 0.8434116623150565,
            "f1_score_macro": 0.4891138426930184,
            "f1_score_micro": 0.9248554913294798,
            "f1_score_weighted": 0.9222047144633128,
            "matthews_corrcoef": 0.8439189773751469,
            "precision_score": -1.0,
            "recall_score": -1.0,
            "roc_auc_score": -1.0,
            "coverage_error": -1.0,
            "label_ranking_average_precision_score": -1.0,
            "label_ranking_loss": -1.0,
            "training_time": 151.51055618503597,
            "test_time": 0.10981027700472623
        },
        {
            "seed": "5",
            "accuracy_score": 0.9132947976878613,
            "average_precision_score": -1.0,
            "balanced_accuracy_score": 0.4834213088710091,
            "cohen_kappa_score": 0.804431381415329,
            "f1_score_macro": 0.48239795918367345,
            "f1_score_micro": 0.9132947976878613,
            "f1_score_weighted": 0.9162115135071368,
            "matthews_corrcoef": 0.8047042961663481,
            "precision_score": -1.0,
            "recall_score": -1.0,
            "roc_auc_score": -1.0,
            "coverage_error": -1.0,
            "label_ranking_average_precision_score": -1.0,
            "label_ranking_loss": -1.0,
            "training_time": 134.87920764298178,
            "test_time": 0.06691083102487028
        },
        {
            "seed": "7",
            "accuracy_score": 0.9335260115606936,
            "average_precision_score": -1.0,
            "balanced_accuracy_score": 0.5582369865906451,
            "cohen_kappa_score": 0.8506269239432389,
            "f1_score_macro": 0.5362440817837967,
            "f1_score_micro": 0.9335260115606935,
            "f1_score_weighted": 0.9328872302602921,
            "matthews_corrcoef": 0.8518014206663167,
            "precision_score": -1.0,
            "recall_score": -1.0,
            "roc_auc_score": -1.0,
            "coverage_error": -1.0,
            "label_ranking_average_precision_score": -1.0,
            "label_ranking_loss": -1.0,
            "training_time": 174.26559292699676,
            "test_time": 0.09855968703050166
        },
        {
            "seed": "11",
            "accuracy_score": 0.930635838150289,
            "average_precision_score": -1.0,
            "balanced_accuracy_score": 0.4989837398373984,
            "cohen_kappa_score": 0.8434566225540098,
            "f1_score_macro": 0.49471376496685565,
            "f1_score_micro": 0.930635838150289,
            "f1_score_weighted": 0.9278255609550382,
            "matthews_corrcoef": 0.8436158306422759,
            "precision_score": -1.0,
            "recall_score": -1.0,
            "roc_auc_score": -1.0,
            "coverage_error": -1.0,
            "label_ranking_average_precision_score": -1.0,
            "label_ranking_loss": -1.0,
            "training_time": 129.40099850099068,
            "test_time": 0.1070220610126853
        },
        {
            "seed": "13",
            "accuracy_score": 0.9277456647398844,
            "average_precision_score": -1.0,
            "balanced_accuracy_score": 0.498991935483871,
            "cohen_kappa_score": 0.8356263301915476,
            "f1_score_macro": 0.49781709714595623,
            "f1_score_micro": 0.9277456647398844,
            "f1_score_weighted": 0.9277524439412945,
            "matthews_corrcoef": 0.835710250502297,
            "precision_score": -1.0,
            "recall_score": -1.0,
            "roc_auc_score": -1.0,
            "coverage_error": -1.0,
            "label_ranking_average_precision_score": -1.0,
            "label_ranking_loss": -1.0,
            "training_time": 127.57143986597657,
            "test_time": 0.12781983194872737
        },
        {
            "seed": "17",
            "accuracy_score": 0.9826589595375722,
            "average_precision_score": -1.0,
            "balanced_accuracy_score": 0.9529862464803985,
            "cohen_kappa_score": 0.9621368254026155,
            "f1_score_macro": 0.9436012552041261,
            "f1_score_micro": 0.9826589595375722,
            "f1_score_weighted": 0.9825917023485959,
            "matthews_corrcoef": 0.9622428605302502,
            "precision_score": -1.0,
            "recall_score": -1.0,
            "roc_auc_score": -1.0,
            "coverage_error": -1.0,
            "label_ranking_average_precision_score": -1.0,
            "label_ranking_loss": -1.0,
            "training_time": 115.34174027701374,
            "test_time": 0.09054989006835967
        },
        {
            "seed": "19",
            "accuracy_score": 0.9913294797687862,
            "average_precision_score": -1.0,
            "balanced_accuracy_score": 0.9825404996957295,
            "cohen_kappa_score": 0.9817990531299317,
            "f1_score_macro": 0.9873496812451488,
            "f1_score_micro": 0.9913294797687862,
            "f1_score_weighted": 0.991318392791449,
            "matthews_corrcoef": 0.9818167943436638,
            "precision_score": -1.0,
            "recall_score": -1.0,
            "roc_auc_score": -1.0,
            "coverage_error": -1.0,
            "label_ranking_average_precision_score": -1.0,
            "label_ranking_loss": -1.0,
            "training_time": 132.07294306496624,
            "test_time": 0.11929456610232592
        },
        {
            "seed": "23",
            "accuracy_score": 0.9190751445086706,
            "average_precision_score": -1.0,
            "balanced_accuracy_score": 0.4932824337121212,
            "cohen_kappa_score": 0.8046616662634083,
            "f1_score_macro": 0.4801820728291316,
            "f1_score_micro": 0.9190751445086706,
            "f1_score_weighted": 0.9112077200822526,
            "matthews_corrcoef": 0.8055062587008616,
            "precision_score": -1.0,
            "recall_score": -1.0,
            "roc_auc_score": -1.0,
            "coverage_error": -1.0,
            "label_ranking_average_precision_score": -1.0,
            "label_ranking_loss": -1.0,
            "training_time": 147.1120470300084,
            "test_time": 0.08801399602089077
        },
        {
            "seed": "29",
            "accuracy_score": 0.8959537572254336,
            "average_precision_score": -1.0,
            "balanced_accuracy_score": 0.49333333333333335,
            "cohen_kappa_score": 0.7832382013086454,
            "f1_score_macro": 0.4966216216216216,
            "f1_score_micro": 0.8959537572254335,
            "f1_score_weighted": 0.8988048742384002,
            "matthews_corrcoef": 0.7834032322040432,
            "precision_score": -1.0,
            "recall_score": -1.0,
            "roc_auc_score": -1.0,
            "coverage_error": -1.0,
            "label_ranking_average_precision_score": -1.0,
            "label_ranking_loss": -1.0,
            "training_time": 132.84502153506037,