{"framework": "autogluon", "accuracy_score": 0.9682080924855492, "average_precision_score": -1.0, "balanced_accuracy_score": 0.9354584111848463, "cohen_kappa_score": 0.9336008374040474, "f1_score_macro": 0.8969834393744625, "f1_score_micro": 0.9682080924855492, "f1_score_weighted": 0.9699659410066946, "matthews_corrcoef": 0.9344493805247461, "precision_score": -1.0, "recall_score": -1.0, "roc_auc_score": -1.0, "training_time": "00:00:13", "test_time": "00:00:00"}