{"framework": "flaml", "accuracy_score": 0.9884393063583815, "average_precision_score": -1.0, "balanced_accuracy_score": 0.9762579730687455, "cohen_kappa_score": 0.9756740605336239, "f1_score_macro": 0.974397794197343, "f1_score_micro": 0.9884393063583815, "f1_score_weighted": 0.9884001001720127, "matthews_corrcoef": 0.9757736534388358, "precision_score": -1.0, "recall_score": -1.0, "roc_auc_score": -1.0, "training_time": "00:10:00", "test_time": "00:00:00"}