{"framework": "evalml", "accuracy_score": 0.9508670520231214, "average_precision_score": -1.0, "balanced_accuracy_score": 0.9113129500594254, "cohen_kappa_score": 0.8971822122780031, "f1_score_macro": 0.8626765163093885, "f1_score_micro": 0.9508670520231214, "f1_score_weighted": 0.9521153791990121, "matthews_corrcoef": 0.8989591745735016, "precision_score": -1.0, "recall_score": -1.0, "roc_auc_score": -1.0, "training_time": "00:10:01", "test_time": "00:00:00"}