{
    "id": 40975,
    "framework": "evalml",
    "results": [
        {
            "seed": "2",
            "accuracy_score": 0.7138728323699421,
            "average_precision_score": -1.0,
            "balanced_accuracy_score": 0.6621863799283154,
            "cohen_kappa_score": 0.41558042721626975,
            "f1_score_macro": 0.4649371069182391,
            "f1_score_micro": 0.7138728323699421,
            "f1_score_weighted": 0.7187915803250081,
            "matthews_corrcoef": 0.4284214525181487,
            "precision_score": -1.0,
            "recall_score": -1.0,
            "roc_auc_score": -1.0,
            "coverage_error": -1.0,
            "label_ranking_average_precision_score": -1.0,
            "label_ranking_loss": -1.0,
            "training_time": 304.53663720109034,
            "test_time": 0.057558769010938704
        },
        {
            "seed": "3",
            "accuracy_score": 0.7341040462427746,
            "average_precision_score": -1.0,
            "balanced_accuracy_score": 0.6621064467766117,
            "cohen_kappa_score": 0.4688115342255449,
            "f1_score_macro": 0.4954444452104058,
            "f1_score_micro": 0.7341040462427746,
            "f1_score_weighted": 0.7264974263235668,
            "matthews_corrcoef": 0.49613755445053315,
            "precision_score": -1.0,
            "recall_score": -1.0,
            "roc_auc_score": -1.0,
            "coverage_error": -1.0,
            "label_ranking_average_precision_score": -1.0,
            "label_ranking_loss": -1.0,
            "training_time": 303.1490512120072,
            "test_time": 0.022096573025919497
        },
        {
            "seed": "5",
            "accuracy_score": 0.7456647398843931,
            "average_precision_score": -1.0,
            "balanced_accuracy_score": 0.6310908112540357,
            "cohen_kappa_score": 0.4816479400749064,
            "f1_score_macro": 0.4774011534351495,
            "f1_score_micro": 0.745664739884393,
            "f1_score_weighted": 0.7680679431279768,
            "matthews_corrcoef": 0.4945829060796334,
            "precision_score": -1.0,
            "recall_score": -1.0,
            "roc_auc_score": -1.0,
            "coverage_error": -1.0,
            "label_ranking_average_precision_score": -1.0,
            "label_ranking_loss": -1.0,
            "training_time": 301.6394542809576,
            "test_time": 0.02080324199050665
        },
        {
            "seed": "7",
            "accuracy_score": 0.7803468208092486,
            "average_precision_score": -1.0,
            "balanced_accuracy_score": 0.6276066413261535,
            "cohen_kappa_score": 0.532257777619666,
            "f1_score_macro": 0.5134504713239435,
            "f1_score_micro": 0.7803468208092486,
            "f1_score_weighted": 0.7875275697834658,
            "matthews_corrcoef": 0.5443829360270794,
            "precision_score": -1.0,
            "recall_score": -1.0,
            "roc_auc_score": -1.0,
            "coverage_error": -1.0,
            "label_ranking_average_precision_score": -1.0,
            "label_ranking_loss": -1.0,
            "training_time": 300.7818944120081,
            "test_time": 0.020609586033970118
        },
        {
            "seed": "11",
            "accuracy_score": 0.7254335260115607,
            "average_precision_score": -1.0,
            "balanced_accuracy_score": 0.5986022107973328,
            "cohen_kappa_score": 0.4411764705882353,
            "f1_score_macro": 0.4509619268445346,
            "f1_score_micro": 0.7254335260115607,
            "f1_score_weighted": 0.73651937368725,
            "matthews_corrcoef": 0.45477219726989243,
            "precision_score": -1.0,
            "recall_score": -1.0,
            "roc_auc_score": -1.0,
            "coverage_error": -1.0,
            "label_ranking_average_precision_score": -1.0,
            "label_ranking_loss": -1.0,
            "training_time": 301.9064994381042,
            "test_time": 0.021317511913366616
        },
        {
            "seed": "13",
            "accuracy_score": 0.7283236994219653,
            "average_precision_score": -1.0,
            "balanced_accuracy_score": 0.6066344019973052,
            "cohen_kappa_score": 0.4202598884155362,
            "f1_score_macro": 0.4016996168957674,
            "f1_score_micro": 0.7283236994219652,
            "f1_score_weighted": 0.7021131269127767,
            "matthews_corrcoef": 0.44809797517953703,
            "precision_score": -1.0,
            "recall_score": -1.0,
            "roc_auc_score": -1.0,
            "coverage_error": -1.0,
            "label_ranking_average_precision_score": -1.0,
            "label_ranking_loss": -1.0,
            "training_time": 300.8891676570056,
            "test_time": 0.13284625008236617
        },
        {
            "seed": "17",
            "accuracy_score": 0.7052023121387283,
            "average_precision_score": -1.0,
            "balanced_accuracy_score": 0.5486381849685943,
            "cohen_kappa_score": 0.3709987880516148,
            "f1_score_macro": 0.4129699855954375,
            "f1_score_micro": 0.7052023121387283,
            "f1_score_weighted": 0.6913950369256038,
            "matthews_corrcoef": 0.3837868663930829,
            "precision_score": -1.0,
            "recall_score": -1.0,
            "roc_auc_score": -1.0,
            "coverage_error": -1.0,
            "label_ranking_average_precision_score": -1.0,
            "label_ranking_loss": -1.0,
            "training_time": 300.53754471894354,
            "test_time": 0.021661969018168747
        },
        {
            "seed": "19",
            "accuracy_score": 0.7803468208092486,
            "average_precision_score": -1.0,
            "balanced_accuracy_score": 0.6759591729611716,
            "cohen_kappa_score": 0.5644049827723298,
            "f1_score_macro": 0.5572560584225483,
            "f1_score_micro": 0.7803468208092486,
            "f1_score_weighted": 0.7884045540068931,
            "matthews_corrcoef": 0.5738796154162163,
            "precision_score": -1.0,
            "recall_score": -1.0,
            "roc_auc_score": -1.0,
            "coverage_error": -1.0,
            "label_ranking_average_precision_score": -1.0,
            "label_ranking_loss": -1.0,
            "training_time": 302.3149887600448,
            "test_time": 0.021581191918812692
        },
        {
            "seed": "23",
            "accuracy_score": 0.7803468208092486,
            "average_precision_score": -1.0,
            "balanced_accuracy_score": 0.6466974431818181,
            "cohen_kappa_score": 0.49711225855804175,
            "f1_score_macro": 0.5199189025389721,
            "f1_score_micro": 0.7803468208092486,
            "f1_score_weighted": 0.7793137952133962,
            "matthews_corrcoef": 0.5048062920702809,
            "precision_score": -1.0,
            "recall_score": -1.0,
            "roc_auc_score": -1.0,
            "coverage_error": -1.0,
            "label_ranking_average_precision_score": -1.0,
            "label_ranking_loss": -1.0,
            "training_time": 307.3990666839527,
            "test_time": 0.02233894495293498
        },
        {
            "seed": "29",
            "accuracy_score": 0.7601156069364162,
            "average_precision_score": -1.0,
            "balanced_accuracy_score": 0.580188994374121,
            "cohen_kappa_score": 0.49069821058045293,
            "f1_score_macro": 0.5140507068407811,
            "f1_score_micro": 0.7601156069364162,
            "f1_score_weighted": 0.7462710288075532,
            "matthews_corrcoef": 0.5049699338338062,
            "precision_score": -1.0,
            "recall_score": -1.0,
            "roc_auc_score": -1.0,
            "coverage_error": -1.0,
            "label_ranking_average_precision_score": -1.0,
            "label_ranking_loss": -1.0,
            "training_time": 305.4485417479882,