{"framework": "h2o", "accuracy_score": 0.8790359254206458, "average_precision_score": -1.0, "balanced_accuracy_score": 0.8783268248534435, "cohen_kappa_score": 0.8655474972003141, "f1_score_macro": 0.878313116305824, "f1_score_micro": 0.8790359254206458, "f1_score_weighted": 0.8789257076264443, "matthews_corrcoef": 0.8656042064066762, "precision_score": -1.0, "recall_score": -1.0, "roc_auc_score": -1.0, "training_time": "00:10:09", "test_time": "00:00:00"}