{"framework": "tpot", "accuracy_score": 0.9940882219190541, "average_precision_score": -1.0, "balanced_accuracy_score": 0.9941592675071339, "cohen_kappa_score": 0.993429201815928, "f1_score_macro": 0.9941370647283035, "f1_score_micro": 0.9940882219190541, "f1_score_weighted": 0.9940848239473231, "matthews_corrcoef": 0.9934330836511727, "precision_score": -1.0, "recall_score": -1.0, "roc_auc_score": -1.0, "training_time": "00:10:53", "test_time": "00:00:00"}