{"framework": "autokeras", "accuracy_score": 0.8562983174170077, "average_precision_score": -1.0, "balanced_accuracy_score": 0.8557979490454292, "cohen_kappa_score": 0.840268485687851, "f1_score_macro": 0.8558680792256853, "f1_score_micro": 0.8562983174170078, "f1_score_weighted": 0.856118704325439, "matthews_corrcoef": 0.8403660515766401, "precision_score": -1.0, "recall_score": -1.0, "roc_auc_score": -1.0, "training_time": "00:00:42", "test_time": "00:00:01"}