{"framework": "gama", "accuracy_score": 0.9936334697589814, "average_precision_score": -1.0, "balanced_accuracy_score": 0.9935907905235499, "cohen_kappa_score": 0.9929236793557435, "f1_score_macro": 0.9936196299218059, "f1_score_micro": 0.9936334697589814, "f1_score_weighted": 0.993634475042905, "matthews_corrcoef": 0.9929291569551258, "precision_score": -1.0, "recall_score": -1.0, "roc_auc_score": -1.0, "training_time": "00:08:59", "test_time": "00:00:00"}