{"framework": "evalml", "accuracy_score": 0.9595270577535243, "average_precision_score": -1.0, "balanced_accuracy_score": 0.9596776723673315, "cohen_kappa_score": 0.9550129057661846, "f1_score_macro": 0.9598616822183648, "f1_score_micro": 0.9595270577535243, "f1_score_weighted": 0.9594981740770777, "matthews_corrcoef": 0.9550258597780705, "precision_score": -1.0, "recall_score": -1.0, "roc_auc_score": -1.0, "training_time": "00:10:09", "test_time": "00:00:00"}