{"framework": "autosklearn", "accuracy_score": 0.9959072305593452, "average_precision_score": -1.0, "balanced_accuracy_score": 0.9959271180868072, "cohen_kappa_score": 0.9954510130580818, "f1_score_macro": 0.9958847407018669, "f1_score_micro": 0.9959072305593452, "f1_score_weighted": 0.9959073659968968, "matthews_corrcoef": 0.9954539875617192, "precision_score": -1.0, "recall_score": -1.0, "roc_auc_score": -1.0, "training_time": "00:42:18", "test_time": "00:00:10"}