{"framework": "lightautoml", "accuracy_score": 0.10231923601637108, "average_precision_score": -1.0, "balanced_accuracy_score": 0.10007296462701912, "cohen_kappa_score": 0.0027966919365954857, "f1_score_macro": 0.10027228835641885, "f1_score_micro": 0.10231923601637108, "f1_score_weighted": 0.10252409117145515, "matthews_corrcoef": 0.0027982559515366745, "precision_score": -1.0, "recall_score": -1.0, "roc_auc_score": -1.0, "training_time": "00:05:18", "test_time": "00:00:01"}