{"framework": "flaml", "accuracy_score": 0.9945429740791268, "average_precision_score": -1.0, "balanced_accuracy_score": 0.9946377364066554, "cohen_kappa_score": 0.9939346938362716, "f1_score_macro": 0.9945877639852, "f1_score_micro": 0.9945429740791268, "f1_score_weighted": 0.9945450378123172, "matthews_corrcoef": 0.9939413191373171, "precision_score": -1.0, "recall_score": -1.0, "roc_auc_score": -1.0, "training_time": "00:10:02", "test_time": "00:00:00"}