{"framework": "autogluon", "accuracy_score": 0.9945429740791268, "average_precision_score": -1.0, "balanced_accuracy_score": 0.9945500403635561, "cohen_kappa_score": 0.9939346631655597, "f1_score_macro": 0.9945218692602165, "f1_score_micro": 0.9945429740791268, "f1_score_weighted": 0.9945430015913015, "matthews_corrcoef": 0.9939392323466149, "precision_score": -1.0, "recall_score": -1.0, "roc_auc_score": -1.0, "training_time": "00:00:27", "test_time": "00:00:00"}