{"framework": "tpot", "accuracy_score": 0.9588477366255144, "average_precision_score": 0.950421714450106, "balanced_accuracy_score": 0.9592617908407381, "cohen_kappa_score": 0.9170818262471849, "f1_score_macro": 0.9585380835380835, "f1_score_micro": 0.9588477366255144, "f1_score_weighted": 0.9588772273957458, "matthews_corrcoef": 0.9172079587837177, "precision_score": 0.9694656488549618, "recall_score": 0.9548872180451128, "roc_auc_score": 0.9592617908407383, "training_time": "00:01:01", "test_time": "00:00:00"}