{"framework": "evalml", "accuracy_score": 0.9094650205761317, "average_precision_score": 0.8866943651712591, "balanced_accuracy_score": 0.9086466165413534, "cohen_kappa_score": 0.8172932330827067, "f1_score_macro": 0.9086466165413534, "f1_score_micro": 0.9094650205761317, "f1_score_weighted": 0.9094650205761317, "matthews_corrcoef": 0.8172932330827067, "precision_score": 0.9172932330827067, "recall_score": 0.9172932330827067, "roc_auc_score": 0.9086466165413535, "training_time": "00:01:02", "test_time": "00:00:00"}