{"framework": "h2o", "accuracy_score": 0.5308641975308642, "average_precision_score": 0.5437943751650393, "balanced_accuracy_score": 0.49282296650717705, "cohen_kappa_score": -0.015394765779634945, "f1_score_macro": 0.41269504748982366, "f1_score_micro": 0.5308641975308642, "f1_score_weighted": 0.4376298222691258, "matthews_corrcoef": -0.023948011244718792, "precision_score": 0.54337899543379, "recall_score": 0.8947368421052632, "roc_auc_score": 0.49282296650717705, "training_time": "00:01:05", "test_time": "00:00:00"}