{"framework": "lightautoml", "accuracy_score": 0.45267489711934156, "average_precision_score": 0.5473251028806584, "balanced_accuracy_score": 0.5, "cohen_kappa_score": 0.0, "f1_score_macro": 0.311614730878187, "f1_score_micro": 0.45267489711934156, "f1_score_weighted": 0.2821203324823092, "matthews_corrcoef": 0.0, "precision_score": 0.0, "recall_score": 0.0, "roc_auc_score": 0.5, "training_time": "00:00:35", "test_time": "00:00:00"}