{"framework": "autokeras", "accuracy_score": 0.6131687242798354, "average_precision_score": 0.672533328728079, "balanced_accuracy_score": 0.6450444292549555, "cohen_kappa_score": 0.27092243855729337, "f1_score_macro": 0.581341642228739, "f1_score_micro": 0.6131687242798354, "f1_score_weighted": 0.5704159274947804, "matthews_corrcoef": 0.3783589281996388, "precision_score": 0.9534883720930233, "recall_score": 0.3082706766917293, "roc_auc_score": 0.6450444292549556, "training_time": "00:00:12", "test_time": "00:00:00"}