{"framework": "gama", "accuracy_score": 0.9711934156378601, "average_precision_score": 0.9643419716519133, "balanced_accuracy_score": 0.971326042378674, "cohen_kappa_score": 0.9419116893760885, "f1_score_macro": 0.9709553487577905, "f1_score_micro": 0.9711934156378601, "f1_score_weighted": 0.9712042368596815, "matthews_corrcoef": 0.9419441221454568, "precision_score": 0.9772727272727273, "recall_score": 0.9699248120300752, "roc_auc_score": 0.971326042378674, "training_time": "00:00:53", "test_time": "00:00:00"}