{"framework": "autosklearn", "accuracy_score": 0.675, "average_precision_score": -1.0, "balanced_accuracy_score": 0.33423243423243426, "cohen_kappa_score": 0.4752113031411631, "f1_score_macro": 0.33343101343101345, "f1_score_micro": 0.675, "f1_score_weighted": 0.6555714285714286, "matthews_corrcoef": 0.47771775582570136, "precision_score": -1.0, "recall_score": -1.0, "roc_auc_score": -1.0, "training_time": "00:14:31", "test_time": "00:00:01"}