{"framework": "h2o", "accuracy_score": 0.55, "average_precision_score": -1.0, "balanced_accuracy_score": 0.2837662337662337, "cohen_kappa_score": 0.29884357881923307, "f1_score_macro": 0.2632936507936508, "f1_score_micro": 0.55, "f1_score_weighted": 0.5235684523809524, "matthews_corrcoef": 0.3074074579580901, "precision_score": -1.0, "recall_score": -1.0, "roc_auc_score": -1.0, "training_time": "00:05:04", "test_time": "00:00:00"}