{"framework": "autokeras", "accuracy_score": 0.575, "average_precision_score": -1.0, "balanced_accuracy_score": 0.2926101676101676, "cohen_kappa_score": 0.32207614181568944, "f1_score_macro": 0.3026069246109911, "f1_score_micro": 0.575, "f1_score_weighted": 0.567148798065831, "matthews_corrcoef": 0.32455057501450585, "precision_score": -1.0, "recall_score": -1.0, "roc_auc_score": -1.0, "training_time": "00:00:10", "test_time": "00:00:00"}