{"framework": "gama", "accuracy_score": 0.68125, "average_precision_score": -1.0, "balanced_accuracy_score": 0.3366994116994117, "cohen_kappa_score": 0.4859356789617917, "f1_score_macro": 0.3351519768672751, "f1_score_micro": 0.68125, "f1_score_weighted": 0.6620373639174107, "matthews_corrcoef": 0.48849868707484295, "precision_score": -1.0, "recall_score": -1.0, "roc_auc_score": -1.0, "training_time": "00:04:29", "test_time": "00:00:00"}