{"framework": "lightautoml", "accuracy_score": 0.65, "average_precision_score": -1.0, "balanced_accuracy_score": 0.30515318015318016, "cohen_kappa_score": 0.4274760383386581, "f1_score_macro": 0.3068532547699215, "f1_score_micro": 0.65, "f1_score_weighted": 0.6269912668350168, "matthews_corrcoef": 0.4323234260441923, "precision_score": -1.0, "recall_score": -1.0, "roc_auc_score": -1.0, "training_time": "00:01:32", "test_time": "00:00:00"}