{"framework": "flaml", "accuracy_score": 0.659375, "average_precision_score": -1.0, "balanced_accuracy_score": 0.3224109224109224, "cohen_kappa_score": 0.4501631539953025, "f1_score_macro": 0.3224313072040949, "f1_score_micro": 0.659375, "f1_score_weighted": 0.6414149866049946, "matthews_corrcoef": 0.4529888091146715, "precision_score": -1.0, "recall_score": -1.0, "roc_auc_score": -1.0, "training_time": "00:05:00", "test_time": "00:00:00"}