{"framework": "autokeras", "accuracy_score": 0.8562983174170077, "average_precision_score": -1.0, "balanced_accuracy_score": 0.8560028658354739, "cohen_kappa_score": 0.8402771871771969, "f1_score_macro": 0.8561982285220671, "f1_score_micro": 0.8562983174170078, "f1_score_weighted": 0.8564740048653423, "matthews_corrcoef": 0.8404234352458985, "precision_score": -1.0, "recall_score": -1.0, "roc_auc_score": -1.0, "training_time": "00:00:42", "test_time": "00:00:01"}