{"framework": "evalml", "accuracy_score": 0.9654388358344702, "average_precision_score": -1.0, "balanced_accuracy_score": 0.9656007459179008, "cohen_kappa_score": 0.9615846106742209, "f1_score_macro": 0.9656118984872311, "f1_score_micro": 0.9654388358344702, "f1_score_weighted": 0.9653052083633727, "matthews_corrcoef": 0.961606494904271, "precision_score": -1.0, "recall_score": -1.0, "roc_auc_score": -1.0, "training_time": "00:05:02", "test_time": "00:00:00"}