{"framework": "gama", "accuracy_score": 0.992269213278763, "average_precision_score": -1.0, "balanced_accuracy_score": 0.9923618420855496, "cohen_kappa_score": 0.9914074928096968, "f1_score_macro": 0.9923080764931059, "f1_score_micro": 0.992269213278763, "f1_score_weighted": 0.9922703152154353, "matthews_corrcoef": 0.9914129618778679, "precision_score": -1.0, "recall_score": -1.0, "roc_auc_score": -1.0, "training_time": "00:04:30", "test_time": "00:00:00"}