{"framework": "autosklearn", "accuracy_score": 0.9954524783992724, "average_precision_score": -1.0, "balanced_accuracy_score": 0.995484640210701, "cohen_kappa_score": 0.9949455526379665, "f1_score_macro": 0.99545596838789, "f1_score_micro": 0.9954524783992724, "f1_score_weighted": 0.9954504362160969, "matthews_corrcoef": 0.9949476108626127, "precision_score": -1.0, "recall_score": -1.0, "roc_auc_score": -1.0, "training_time": "00:06:17", "test_time": "00:00:04"}