{"framework": "h2o", "accuracy_score": 0.7557980900409277, "average_precision_score": -1.0, "balanced_accuracy_score": 0.7565773732590986, "cohen_kappa_score": 0.7285497842513484, "f1_score_macro": 0.7514047516746463, "f1_score_micro": 0.7557980900409277, "f1_score_weighted": 0.7505141158668325, "matthews_corrcoef": 0.7291352006129259, "precision_score": -1.0, "recall_score": -1.0, "roc_auc_score": -1.0, "training_time": "00:05:12", "test_time": "00:00:00"}