{"framework": "lightautoml", "accuracy_score": 0.10186448385629832, "average_precision_score": -1.0, "balanced_accuracy_score": 0.09960784834794933, "cohen_kappa_score": 0.002295877872345753, "f1_score_macro": 0.10004942920564452, "f1_score_micro": 0.10186448385629832, "f1_score_weighted": 0.10231625078150389, "matthews_corrcoef": 0.0022971591675735406, "precision_score": -1.0, "recall_score": -1.0, "roc_auc_score": -1.0, "training_time": "00:03:13", "test_time": "00:00:00"}