{"framework": "autokeras", "accuracy_score": 0.19327731092436976, "average_precision_score": 0.4611168549062263, "balanced_accuracy_score": -1.0, "cohen_kappa_score": -1.0, "f1_score_macro": 0.4561377516298031, "f1_score_micro": 0.511904761904762, "f1_score_weighted": 0.4791184255287352, "matthews_corrcoef": -1.0, "precision_score": -1.0, "recall_score": -1.0, "roc_auc_score": 0.6490564273398054, "coverage_error": 5.033613445378151, "label_ranking_average_precision_score": 0.6232492997198879, "label_ranking_loss": 0.5602240896358542, "training_time": "00:00:27", "test_time": "00:00:00"}