{"framework": "autokeras", "accuracy_score": 0.15966386554621848, "average_precision_score": 0.4338926326605397, "balanced_accuracy_score": -1.0, "cohen_kappa_score": -1.0, "f1_score_macro": 0.4142964531563924, "f1_score_micro": 0.46428571428571436, "f1_score_weighted": 0.4360493377657235, "matthews_corrcoef": -1.0, "precision_score": -1.0, "recall_score": -1.0, "roc_auc_score": 0.62578367178749, "coverage_error": 5.201680672268908, "label_ranking_average_precision_score": 0.5854341736694674, "label_ranking_loss": 0.6092436974789915, "training_time": "00:00:28", "test_time": "00:00:00"}