{"framework": "autosklearn", "accuracy_score": 0.31092436974789917, "average_precision_score": 0.5949860902235492, "balanced_accuracy_score": -1.0, "cohen_kappa_score": -1.0, "f1_score_macro": 0.6721374665523602, "f1_score_micro": 0.6962962962962963, "f1_score_weighted": 0.6762477611286318, "matthews_corrcoef": -1.0, "precision_score": -1.0, "recall_score": -1.0, "roc_auc_score": 0.7693653092365774, "coverage_error": 4.100840336134453, "label_ranking_average_precision_score": 0.6638655462184874, "label_ranking_loss": 0.4, "training_time": "00:12:06", "test_time": "00:00:01"}