{"framework": "evalml", "accuracy_score": 0.93825, "average_precision_score": -1.0, "balanced_accuracy_score": 0.9383968213642132, "cohen_kappa_score": 0.9357697947838443, "f1_score_macro": 0.9382460408929663, "f1_score_micro": 0.93825, "f1_score_weighted": 0.9384303031822011, "matthews_corrcoef": 0.9357946160125048, "precision_score": -1.0, "recall_score": -1.0, "roc_auc_score": -1.0, "training_time": "00:01:10", "test_time": "00:00:00"}