{"framework": "autogluon", "accuracy_score": 0.9815, "average_precision_score": -1.0, "balanced_accuracy_score": 0.981345355786657, "cohen_kappa_score": 0.980756597285315, "f1_score_macro": 0.9811936863071229, "f1_score_micro": 0.9815, "f1_score_weighted": 0.98151301255508, "matthews_corrcoef": 0.9807641848547419, "precision_score": -1.0, "recall_score": -1.0, "roc_auc_score": -1.0, "training_time": "00:01:01", "test_time": "00:00:02"}