{"framework": "flaml", "accuracy_score": 0.96875, "average_precision_score": -1.0, "balanced_accuracy_score": 0.9686665935220492, "cohen_kappa_score": 0.9674942775300878, "f1_score_macro": 0.9685411370869026, "f1_score_micro": 0.96875, "f1_score_weighted": 0.9687978002089411, "matthews_corrcoef": 0.967502768876863, "precision_score": -1.0, "recall_score": -1.0, "roc_auc_score": -1.0, "training_time": "00:01:00", "test_time": "00:00:00"}