{"framework": "autokeras", "accuracy_score": 0.7725, "average_precision_score": -1.0, "balanced_accuracy_score": 0.7720762775108041, "cohen_kappa_score": 0.763371570277311, "f1_score_macro": 0.7715627259574481, "f1_score_micro": 0.7725000000000001, "f1_score_weighted": 0.7726069422983225, "matthews_corrcoef": 0.7635701857790078, "precision_score": -1.0, "recall_score": -1.0, "roc_auc_score": -1.0, "training_time": "00:01:31", "test_time": "00:00:01"}