{"framework": "lightautoml", "accuracy_score": 0.0015, "average_precision_score": -1.0, "balanced_accuracy_score": 0.0014802029069626368, "cohen_kappa_score": -0.03838164295166613, "f1_score_macro": 0.001495209487049906, "f1_score_micro": 0.0015, "f1_score_weighted": 0.0015188884748914173, "matthews_corrcoef": -0.03839137212317504, "precision_score": -1.0, "recall_score": -1.0, "roc_auc_score": -1.0, "training_time": "00:00:49", "test_time": "00:00:01"}