{"framework": "h2o", "accuracy_score": 0.643, "average_precision_score": -1.0, "balanced_accuracy_score": 0.6432248800012004, "cohen_kappa_score": 0.6287403580224677, "f1_score_macro": 0.6187546619433846, "f1_score_micro": 0.643, "f1_score_weighted": 0.6210338236116025, "matthews_corrcoef": 0.6304048534001001, "precision_score": -1.0, "recall_score": -1.0, "roc_auc_score": -1.0, "training_time": "00:01:08", "test_time": "00:00:00"}