{"framework": "tpot", "accuracy_score": 0.929, "average_precision_score": -1.0, "balanced_accuracy_score": 0.9287390476002554, "cohen_kappa_score": 0.9261482036525694, "f1_score_macro": 0.9288650751040096, "f1_score_micro": 0.929, "f1_score_weighted": 0.929466771183234, "matthews_corrcoef": 0.9262359989644909, "precision_score": -1.0, "recall_score": -1.0, "roc_auc_score": -1.0, "training_time": "00:05:04", "test_time": "00:00:00"}