{"framework": "gama", "accuracy_score": 0.91025, "average_precision_score": -1.0, "balanced_accuracy_score": 0.9099347967903765, "cohen_kappa_score": 0.9066452644217626, "f1_score_macro": 0.9101229265476802, "f1_score_micro": 0.91025, "f1_score_weighted": 0.9107848160441084, "matthews_corrcoef": 0.9067741337401419, "precision_score": -1.0, "recall_score": -1.0, "roc_auc_score": -1.0, "training_time": "00:00:53", "test_time": "00:00:00"}