{"framework": "h2o", "accuracy_score": 0.05844155844155844, "average_precision_score": -1.0, "balanced_accuracy_score": 0.03333333333333333, "cohen_kappa_score": 0.0, "f1_score_macro": 0.003680981595092024, "f1_score_micro": 0.05844155844155844, "f1_score_weighted": 0.006453669030356147, "matthews_corrcoef": 0.0, "precision_score": -1.0, "recall_score": -1.0, "roc_auc_score": -1.0, "training_time": "00:05:27", "test_time": "00:00:00"}