{"framework": "flaml", "accuracy_score": 0.7077922077922078, "average_precision_score": -1.0, "balanced_accuracy_score": 0.6619131794131794, "cohen_kappa_score": 0.6936068617914934, "f1_score_macro": 0.578639317746502, "f1_score_micro": 0.7077922077922078, "f1_score_weighted": 0.7083391639084666, "matthews_corrcoef": 0.6946819554234717, "precision_score": -1.0, "recall_score": -1.0, "roc_auc_score": -1.0, "training_time": "00:05:00", "test_time": "00:00:00"}