{"framework": "autokeras", "accuracy_score": 0.6493506493506493, "average_precision_score": -1.0, "balanced_accuracy_score": 0.5856565656565657, "cohen_kappa_score": 0.6321167883211678, "f1_score_macro": 0.5043811846183387, "f1_score_micro": 0.6493506493506493, "f1_score_weighted": 0.6322409411906872, "matthews_corrcoef": 0.634984816911474, "precision_score": -1.0, "recall_score": -1.0, "roc_auc_score": -1.0, "training_time": "00:00:12", "test_time": "00:00:00"}