{"framework": "autosklearn", "accuracy_score": 0.6558441558441559, "average_precision_score": -1.0, "balanced_accuracy_score": 0.5836261423761423, "cohen_kappa_score": 0.6390092879256966, "f1_score_macro": 0.49266262765659, "f1_score_micro": 0.6558441558441559, "f1_score_weighted": 0.6425435980843951, "matthews_corrcoef": 0.640795117629927, "precision_score": -1.0, "recall_score": -1.0, "roc_auc_score": -1.0, "training_time": "00:05:04", "test_time": "00:00:01"}