{"framework": "tpot", "accuracy_score": 0.7272727272727273, "average_precision_score": -1.0, "balanced_accuracy_score": 0.6703072390572391, "cohen_kappa_score": 0.7137673142452539, "f1_score_macro": 0.5764518212318799, "f1_score_micro": 0.7272727272727273, "f1_score_weighted": 0.7188845811824447, "matthews_corrcoef": 0.7160821184482903, "precision_score": -1.0, "recall_score": -1.0, "roc_auc_score": -1.0, "training_time": "00:05:30", "test_time": "00:00:00"}