{"framework": "tpot", "accuracy_score": 0.9931787175989086, "average_precision_score": -1.0, "balanced_accuracy_score": 0.9932448050698133, "cohen_kappa_score": 0.9924182505363079, "f1_score_macro": 0.993259183959813, "f1_score_micro": 0.9931787175989086, "f1_score_weighted": 0.9931788039522936, "matthews_corrcoef": 0.9924271470630522, "precision_score": -1.0, "recall_score": -1.0, "roc_auc_score": -1.0, "training_time": "00:01:14", "test_time": "00:00:00"}