{"framework": "h2o", "accuracy_score": 0.9490677580718508, "average_precision_score": -1.0, "balanced_accuracy_score": 0.9491419898224216, "cohen_kappa_score": 0.9433897081014585, "f1_score_macro": 0.9491265196363384, "f1_score_micro": 0.9490677580718508, "f1_score_weighted": 0.949024699251293, "matthews_corrcoef": 0.9434025020713066, "precision_score": -1.0, "recall_score": -1.0, "roc_auc_score": -1.0, "training_time": "00:01:06", "test_time": "00:00:00"}