{"framework": "lightautoml", "accuracy_score": 0.10140973169622555, "average_precision_score": -1.0, "balanced_accuracy_score": 0.0991840757381302, "cohen_kappa_score": 0.0017900232850051045, "f1_score_macro": 0.09981952982515893, "f1_score_micro": 0.10140973169622555, "f1_score_weighted": 0.1020607866734739, "matthews_corrcoef": 0.0017910934949640015, "precision_score": -1.0, "recall_score": -1.0, "roc_auc_score": -1.0, "training_time": "00:00:32", "test_time": "00:00:00"}