{"framework": "autokeras", "accuracy_score": 0.8535698044565712, "average_precision_score": -1.0, "balanced_accuracy_score": 0.8532354737085258, "cohen_kappa_score": 0.8372386767490949, "f1_score_macro": 0.8534480177965653, "f1_score_micro": 0.8535698044565712, "f1_score_weighted": 0.8536283277581151, "matthews_corrcoef": 0.8372975762567043, "precision_score": -1.0, "recall_score": -1.0, "roc_auc_score": -1.0, "training_time": "00:00:41", "test_time": "00:00:01"}