{"framework": "autosklearn", "accuracy_score": 0.0964074579354252, "average_precision_score": -1.0, "balanced_accuracy_score": 0.1, "cohen_kappa_score": 0.0, "f1_score_macro": 0.01758606387391124, "f1_score_micro": 0.0964074579354252, "f1_score_weighted": 0.016954277131737985, "matthews_corrcoef": 0.0, "precision_score": -1.0, "recall_score": -1.0, "roc_auc_score": -1.0, "training_time": "00:04:39", "test_time": "00:00:00"}