{"framework": "gama", "accuracy_score": 0.9918144611186903, "average_precision_score": -1.0, "balanced_accuracy_score": 0.9918936971104338, "cohen_kappa_score": 0.9909019759275413, "f1_score_macro": 0.991873365951245, "f1_score_micro": 0.9918144611186903, "f1_score_weighted": 0.9918156499964281, "matthews_corrcoef": 0.9909072144673873, "precision_score": -1.0, "recall_score": -1.0, "roc_auc_score": -1.0, "training_time": "00:00:54", "test_time": "00:00:00"}