{"framework": "flaml", "accuracy_score": 0.9954524783992724, "average_precision_score": -1.0, "balanced_accuracy_score": 0.9955077127659935, "cohen_kappa_score": 0.9949455596086084, "f1_score_macro": 0.9954726097101876, "f1_score_micro": 0.9954524783992724, "f1_score_weighted": 0.9954525146942308, "matthews_corrcoef": 0.9949503621248971, "precision_score": -1.0, "recall_score": -1.0, "roc_auc_score": -1.0, "training_time": "00:01:00", "test_time": "00:00:00"}