{"framework": "autokeras", "accuracy_score": 0.7272727272727273, "average_precision_score": 0.7602683685157912, "balanced_accuracy_score": 0.7070707070707071, "cohen_kappa_score": 0.4108216432865732, "f1_score_macro": 0.7053571428571429, "f1_score_micro": 0.7272727272727273, "f1_score_weighted": 0.7283163265306123, "matthews_corrcoef": 0.4109834269934965, "precision_score": 0.7938144329896907, "recall_score": 0.7777777777777778, "roc_auc_score": 0.7070707070707071, "training_time": "00:00:06", "test_time": "00:00:00"}