{"framework": "h2o", "accuracy_score": 0.6883116883116883, "average_precision_score": 0.7216450216450216, "balanced_accuracy_score": 0.6484848484848484, "cohen_kappa_score": 0.30434782608695654, "f1_score_macro": 0.6515837104072397, "f1_score_micro": 0.6883116883116883, "f1_score_weighted": 0.6839043309631545, "matthews_corrcoef": 0.30550504633038933, "precision_score": 0.7428571428571429, "recall_score": 0.7878787878787878, "roc_auc_score": 0.6484848484848484, "training_time": "00:01:04", "test_time": "00:00:00"}