{"framework": "autosklearn", "accuracy_score": 0.7532467532467533, "average_precision_score": 0.7730487334447731, "balanced_accuracy_score": 0.7272727272727273, "cohen_kappa_score": 0.4582484725050916, "f1_score_macro": 0.7290740740740742, "f1_score_micro": 0.7532467532467532, "f1_score_weighted": 0.7521957671957672, "matthews_corrcoef": 0.4584348652606289, "precision_score": 0.801980198019802, "recall_score": 0.8181818181818182, "roc_auc_score": 0.7272727272727273, "training_time": "00:11:28", "test_time": "00:00:00"}