{"framework": "flaml", "accuracy_score": 0.9176954732510288, "average_precision_score": 0.9027370320719974, "balanced_accuracy_score": 0.9185235816814764, "cohen_kappa_score": 0.8344235486508585, "f1_score_macro": 0.9171892039258451, "f1_score_micro": 0.9176954732510288, "f1_score_weighted": 0.9178020562668568, "matthews_corrcoef": 0.8348814490912064, "precision_score": 0.937984496124031, "recall_score": 0.9097744360902256, "roc_auc_score": 0.9185235816814764, "training_time": "00:05:00", "test_time": "00:00:00"}