{"framework": "tpot", "accuracy_score": 0.9506172839506173, "average_precision_score": 0.9436288107578736, "balanced_accuracy_score": 0.951742993848257, "cohen_kappa_score": 0.9006541291905151, "f1_score_macro": 0.950313522355507, "f1_score_micro": 0.9506172839506173, "f1_score_weighted": 0.950681233760114, "matthews_corrcoef": 0.9011483744967799, "precision_score": 0.9689922480620154, "recall_score": 0.9398496240601504, "roc_auc_score": 0.951742993848257, "training_time": "00:05:22", "test_time": "00:00:00"}