{"framework": "autokeras", "accuracy_score": 0.7613168724279835, "average_precision_score": 0.7985753223848462, "balanced_accuracy_score": 0.7811688311688312, "cohen_kappa_score": 0.5386277334031687, "f1_score_macro": 0.7568322981366459, "f1_score_micro": 0.7613168724279835, "f1_score_weighted": 0.7537066857517742, "matthews_corrcoef": 0.6016167616536889, "precision_score": 0.987012987012987, "recall_score": 0.5714285714285714, "roc_auc_score": 0.7811688311688312, "training_time": "00:00:13", "test_time": "00:00:00"}