{"framework": "h2o", "accuracy_score": 0.5432098765432098, "average_precision_score": 0.5454686097960951, "balanced_accuracy_score": 0.49624060150375937, "cohen_kappa_score": -0.00822337681755303, "f1_score_macro": 0.352, "f1_score_micro": 0.5432098765432098, "f1_score_weighted": 0.3853168724279835, "matthews_corrcoef": -0.05846054221936677, "precision_score": 0.5454545454545454, "recall_score": 0.9924812030075187, "roc_auc_score": 0.49624060150375937, "training_time": "00:05:02", "test_time": "00:00:00"}