{
    "id": 41468,
    "framework": "fedot",
    "results": [
        {
            "seed": "2",
            "accuracy_score": 0.335,
            "average_precision_score": 0.46349164035147605,
            "balanced_accuracy_score": -1.0,
            "cohen_kappa_score": -1.0,
            "f1_score_macro": 0.5049820173884345,
            "f1_score_micro": 0.5131761442441055,
            "f1_score_weighted": 0.5059075723246846,
            "matthews_corrcoef": -1.0,
            "precision_score": -1.0,
            "recall_score": -1.0,
            "roc_auc_score": 0.6731284762210772,
            "coverage_error": 3.65,
            "label_ranking_average_precision_score": 0.5462499999999981,
            "label_ranking_loss": 0.606875,
            "training_time": 312.6685119019967,
            "test_time": 0.040383074010605924
        },
        {
            "seed": "3",
            "accuracy_score": 0.33,
            "average_precision_score": 0.4519797860813431,
            "balanced_accuracy_score": -1.0,
            "cohen_kappa_score": -1.0,
            "f1_score_macro": 0.5042504993506666,
            "f1_score_micro": 0.5013477088948787,
            "f1_score_weighted": 0.4986187359663574,
            "matthews_corrcoef": -1.0,
            "precision_score": -1.0,
            "recall_score": -1.0,
            "roc_auc_score": 0.6699415956986288,
            "coverage_error": 3.6575,
            "label_ranking_average_precision_score": 0.5499166666666653,
            "label_ranking_loss": 0.6045833333333333,
            "training_time": 346.0166536600009,
            "test_time": 0.03645972900267225
        },
        {
            "seed": "5",
            "accuracy_score": 0.3225,
            "average_precision_score": 0.4725318971536166,
            "balanced_accuracy_score": -1.0,
            "cohen_kappa_score": -1.0,
            "f1_score_macro": 0.4933992279786672,
            "f1_score_micro": 0.4907801418439717,
            "f1_score_weighted": 0.4815958098668379,
            "matthews_corrcoef": -1.0,
            "precision_score": -1.0,
            "recall_score": -1.0,
            "roc_auc_score": 0.6680963026525877,
            "coverage_error": 3.7175,
            "label_ranking_average_precision_score": 0.5373749999999978,
            "label_ranking_loss": 0.6279166666666667,
            "training_time": 345.8309626410046,
            "test_time": 0.03584738099016249
        },
        {
            "seed": "7",
            "accuracy_score": 0.3025,
            "average_precision_score": 0.43736997926630855,
            "balanced_accuracy_score": -1.0,
            "cohen_kappa_score": -1.0,
            "f1_score_macro": 0.45403328186652947,
            "f1_score_micro": 0.46047156726768373,
            "f1_score_weighted": 0.4452747440899965,
            "matthews_corrcoef": -1.0,
            "precision_score": -1.0,
            "recall_score": -1.0,
            "roc_auc_score": 0.6518725890272747,
            "coverage_error": 3.785,
            "label_ranking_average_precision_score": 0.5264999999999991,
            "label_ranking_loss": 0.6439583333333333,
            "training_time": 379.0976933769998,
            "test_time": 0.034366082996712066
        },
        {
            "seed": "11",
            "accuracy_score": 0.36,
            "average_precision_score": 0.47313522016921705,
            "balanced_accuracy_score": -1.0,
            "cohen_kappa_score": -1.0,
            "f1_score_macro": 0.533046421663443,
            "f1_score_micro": 0.5252263906856404,
            "f1_score_weighted": 0.5233221880836195,
            "matthews_corrcoef": -1.0,
            "precision_score": -1.0,
            "recall_score": -1.0,
            "roc_auc_score": 0.6831930120627036,
            "coverage_error": 3.5725,
            "label_ranking_average_precision_score": 0.5677083333333317,
            "label_ranking_loss": 0.5808333333333333,
            "training_time": 296.9289167090028,
            "test_time": 0.03589617399848066
        },
        {
            "seed": "13",
            "accuracy_score": 0.3575,
            "average_precision_score": 0.4810700577508957,
            "balanced_accuracy_score": -1.0,
            "cohen_kappa_score": -1.0,
            "f1_score_macro": 0.5364594364538552,
            "f1_score_micro": 0.533515731874145,
            "f1_score_weighted": 0.5303256843604456,
            "matthews_corrcoef": -1.0,
            "precision_score": -1.0,
            "recall_score": -1.0,
            "roc_auc_score": 0.6870252495535802,
            "coverage_error": 3.5625,
            "label_ranking_average_precision_score": 0.559999999999998,
            "label_ranking_loss": 0.5852083333333333,
            "training_time": 374.6261994870001,
            "test_time": 0.0354327280074358
        },
        {
            "seed": "17",
            "accuracy_score": 0.29,
            "average_precision_score": 0.43216120739953984,
            "balanced_accuracy_score": -1.0,
            "cohen_kappa_score": -1.0,
            "f1_score_macro": 0.44473621157238935,
            "f1_score_micro": 0.45363766048502135,
            "f1_score_weighted": 0.4415053759895509,
            "matthews_corrcoef": -1.0,
            "precision_score": -1.0,
            "recall_score": -1.0,
            "roc_auc_score": 0.646519140893965,
            "coverage_error": 3.855,
            "label_ranking_average_precision_score": 0.5067916666666652,
            "label_ranking_loss": 0.665,
            "training_time": 324.851741135004,
            "test_time": 0.03406942498986609
        },
        {
            "seed": "19",
            "accuracy_score": 0.31,
            "average_precision_score": 0.46706928363068484,
            "balanced_accuracy_score": -1.0,
            "cohen_kappa_score": -1.0,
            "f1_score_macro": 0.49758515443494566,
            "f1_score_micro": 0.4964539007092199,
            "f1_score_weighted": 0.48721306139358034,
            "matthews_corrcoef": -1.0,
            "precision_score": -1.0,
            "recall_score": -1.0,
            "roc_auc_score": 0.6688559288647264,
            "coverage_error": 3.7575,
            "label_ranking_average_precision_score": 0.526166666666665,
            "label_ranking_loss": 0.6320833333333333,
            "training_time": 436.77755964698736,
            "test_time": 0.034407293002004735
        },
        {
            "seed": "23",
            "accuracy_score": 0.315,
            "average_precision_score": 0.46686168696127694,
            "balanced_accuracy_score": -1.0,
            "cohen_kappa_score": -1.0,
            "f1_score_macro": 0.5066834551524525,
            "f1_score_micro": 0.5115646258503401,
            "f1_score_weighted": 0.5002332167959664,
            "matthews_corrcoef": -1.0,
            "precision_score": -1.0,
            "recall_score": -1.0,
            "roc_auc_score": 0.6749192606044596,
            "coverage_error": 3.7425,
            "label_ranking_average_precision_score": 0.5422499999999986,
            "label_ranking_loss": 0.613125,
            "training_time": 384.34596040799806,
            "test_time": 0.03429995899205096
        },
        {
            "seed": "29",
            "accuracy_score": 0.3475,
            "average_precision_score": 0.4654748001952119,
            "balanced_accuracy_score": -1.0,
            "cohen_kappa_score": -1.0,
            "f1_score_macro": 0.5088357698669188,
            "f1_score_micro": 0.5084745762711864,
            "f1_score_weighted": 0.491230994697187,
            "matthews_corrcoef": -1.0,
            "precision_score": -1.0,
            "recall_score": -1.0,
            "roc_auc_score": 0.6791809552278348,
            "coverage_error": 3.6025,
            "label_ranking_average_precision_score": 0.5445833333333315,
            "label_ranking_loss": 0.6041666666666666,
            "training_time": 380.6729162069969,