{
    "id": 41468,
    "framework": "autokeras",
    "results": [
        {
            "seed": "2",
            "accuracy_score": 0.5175,
            "average_precision_score": 0.530900894985067,
            "balanced_accuracy_score": -1.0,
            "cohen_kappa_score": -1.0,
            "f1_score_macro": 0.6404960551218155,
            "f1_score_micro": 0.641340782122905,
            "f1_score_weighted": 0.6389562284936283,
            "matthews_corrcoef": -1.0,
            "precision_score": -1.0,
            "recall_score": -1.0,
            "roc_auc_score": 0.756831171705926,
            "coverage_error": 2.93,
            "label_ranking_average_precision_score": 0.7189999999999972,
            "label_ranking_loss": 0.385,
            "training_time": 129.0961147400085,
            "test_time": 1.104600050020963
        },
        {
            "seed": "3",
            "accuracy_score": 0.4025,
            "average_precision_score": 0.40554814113128146,
            "balanced_accuracy_score": -1.0,
            "cohen_kappa_score": -1.0,
            "f1_score_macro": 0.508470182362165,
            "f1_score_micro": 0.5066666666666666,
            "f1_score_weighted": 0.5076978945673098,
            "matthews_corrcoef": -1.0,
            "precision_score": -1.0,
            "recall_score": -1.0,
            "roc_auc_score": 0.6707820353415681,
            "coverage_error": 3.39,
            "label_ranking_average_precision_score": 0.6209999999999976,
            "label_ranking_loss": 0.515,
            "training_time": 119.76811111508869,
            "test_time": 0.9288104079896584
        },
        {
            "seed": "5",
            "accuracy_score": 0.48,
            "average_precision_score": 0.5097627297380771,
            "balanced_accuracy_score": -1.0,
            "cohen_kappa_score": -1.0,
            "f1_score_macro": 0.6181769702164274,
            "f1_score_micro": 0.6106194690265487,
            "f1_score_weighted": 0.6087415840178918,
            "matthews_corrcoef": -1.0,
            "precision_score": -1.0,
            "recall_score": -1.0,
            "roc_auc_score": 0.7365275914233522,
            "coverage_error": 3.08,
            "label_ranking_average_precision_score": 0.6964999999999975,
            "label_ranking_loss": 0.4175,
            "training_time": 115.665864872979,
            "test_time": 0.9224245880031958
        },
        {
            "seed": "7",
            "accuracy_score": 0.43,
            "average_precision_score": 0.4690900994652951,
            "balanced_accuracy_score": -1.0,
            "cohen_kappa_score": -1.0,
            "f1_score_macro": 0.573401872541417,
            "f1_score_micro": 0.5698569856985699,
            "f1_score_weighted": 0.566744915914473,
            "matthews_corrcoef": -1.0,
            "precision_score": -1.0,
            "recall_score": -1.0,
            "roc_auc_score": 0.7114826134765753,
            "coverage_error": 3.28,
            "label_ranking_average_precision_score": 0.662499999999998,
            "label_ranking_loss": 0.4625,
            "training_time": 126.9250633190386,
            "test_time": 0.9528743210248649
        },
        {
            "seed": "11",
            "accuracy_score": 0.45,
            "average_precision_score": 0.46455882583450075,
            "balanced_accuracy_score": -1.0,
            "cohen_kappa_score": -1.0,
            "f1_score_macro": 0.5696951011644104,
            "f1_score_micro": 0.5647840531561461,
            "f1_score_weighted": 0.5588392424415881,
            "matthews_corrcoef": -1.0,
            "precision_score": -1.0,
            "recall_score": -1.0,
            "roc_auc_score": 0.7102833937234696,
            "coverage_error": 3.2,
            "label_ranking_average_precision_score": 0.6656666666666645,
            "label_ranking_loss": 0.45833333333333326,
            "training_time": 118.79116030107252,
            "test_time": 0.9724231939762831
        },
        {
            "seed": "13",
            "accuracy_score": 0.5025,
            "average_precision_score": 0.490848728320947,
            "balanced_accuracy_score": -1.0,
            "cohen_kappa_score": -1.0,
            "f1_score_macro": 0.6088498393106139,
            "f1_score_micro": 0.6022471910112359,
            "f1_score_weighted": 0.6001921736676294,
            "matthews_corrcoef": -1.0,
            "precision_score": -1.0,
            "recall_score": -1.0,
            "roc_auc_score": 0.7343343127571341,
            "coverage_error": 2.99,
            "label_ranking_average_precision_score": 0.6959999999999975,
            "label_ranking_loss": 0.415,
            "training_time": 130.5535548350308,
            "test_time": 0.9608792900107801
        },
        {
            "seed": "17",
            "accuracy_score": 0.4175,
            "average_precision_score": 0.4190025794323198,
            "balanced_accuracy_score": -1.0,
            "cohen_kappa_score": -1.0,
            "f1_score_macro": 0.5294318781587273,
            "f1_score_micro": 0.5271317829457364,
            "f1_score_weighted": 0.5259899058822699,
            "matthews_corrcoef": -1.0,
            "precision_score": -1.0,
            "recall_score": -1.0,
            "roc_auc_score": 0.6847365220051073,
            "coverage_error": 3.33,
            "label_ranking_average_precision_score": 0.6370833333333313,
            "label_ranking_loss": 0.4954166666666666,
            "training_time": 113.57521654805169,
            "test_time": 0.9212286949623376
        },
        {
            "seed": "19",
            "accuracy_score": 0.4975,
            "average_precision_score": 0.4779294463086489,
            "balanced_accuracy_score": -1.0,
            "cohen_kappa_score": -1.0,
            "f1_score_macro": 0.5930016051653335,
            "f1_score_micro": 0.5861297539149889,
            "f1_score_weighted": 0.5824765747190878,
            "matthews_corrcoef": -1.0,
            "precision_score": -1.0,
            "recall_score": -1.0,
            "roc_auc_score": 0.7269094038213376,
            "coverage_error": 3.01,
            "label_ranking_average_precision_score": 0.6914166666666643,
            "label_ranking_loss": 0.4245833333333333,
            "training_time": 128.29294953600038,
            "test_time": 0.9533551490167156
        },
        {
            "seed": "23",
            "accuracy_score": 0.49,
            "average_precision_score": 0.4955400546824773,
            "balanced_accuracy_score": -1.0,
            "cohen_kappa_score": -1.0,
            "f1_score_macro": 0.5996425903335465,
            "f1_score_micro": 0.6022222222222222,
            "f1_score_weighted": 0.5915862762517304,
            "matthews_corrcoef": -1.0,
            "precision_score": -1.0,
            "recall_score": -1.0,
            "roc_auc_score": 0.7328614659541399,
            "coverage_error": 3.04,
            "label_ranking_average_precision_score": 0.696583333333331,
            "label_ranking_loss": 0.41791666666666666,
            "training_time": 182.12139598000795,
            "test_time": 0.8220844719326124
        },
        {
            "seed": "29",
            "accuracy_score": 0.445,
            "average_precision_score": 0.42782079681158053,
            "balanced_accuracy_score": -1.0,
            "cohen_kappa_score": -1.0,
            "f1_score_macro": 0.54688937824349,
            "f1_score_micro": 0.5409090909090909,
            "f1_score_weighted": 0.5402532354788419,
            "matthews_corrcoef": -1.0,
            "precision_score": -1.0,
            "recall_score": -1.0,
            "roc_auc_score": 0.6993409091407656,
            "coverage_error": 3.22,
            "label_ranking_average_precision_score": 0.6401666666666646,
            "label_ranking_loss": 0.4808333333333333,
            "training_time": 188.51591289089993,
            "test_time": 0.9053194640437141
        },
        {
            "seed": "31",