{
    "id": 41468,
    "framework": "autogluon",
    "results": [
        {
            "seed": "2",
            "accuracy_score": 0.3525,
            "average_precision_score": 0.37823598265180747,
            "balanced_accuracy_score": -1.0,
            "cohen_kappa_score": -1.0,
            "f1_score_macro": 0.39008672004466244,
            "f1_score_micro": 0.4143763213530655,
            "f1_score_weighted": 0.4058666888984176,
            "matthews_corrcoef": -1.0,
            "precision_score": -1.0,
            "recall_score": -1.0,
            "roc_auc_score": 0.6070901602890889,
            "coverage_error": 3.5525,
            "label_ranking_average_precision_score": 0.5576249999999984,
            "label_ranking_loss": 0.5852083333333333,
            "training_time": 139.0622125509999,
            "test_time": 0.1404058520001854
        },
        {
            "seed": "3",
            "accuracy_score": 0.3175,
            "average_precision_score": 0.3657420469503443,
            "balanced_accuracy_score": -1.0,
            "cohen_kappa_score": -1.0,
            "f1_score_macro": 0.3706367986791051,
            "f1_score_micro": 0.38413361169102295,
            "f1_score_weighted": 0.3952334650169566,
            "matthews_corrcoef": -1.0,
            "precision_score": -1.0,
            "recall_score": -1.0,
            "roc_auc_score": 0.5800938453552347,
            "coverage_error": 3.685,
            "label_ranking_average_precision_score": 0.5334166666666655,
            "label_ranking_loss": 0.6166666666666666,
            "training_time": 134.8019157480012,
            "test_time": 0.7204165459988872
        },
        {
            "seed": "5",
            "accuracy_score": 0.3325,
            "average_precision_score": 0.3692273725516759,
            "balanced_accuracy_score": -1.0,
            "cohen_kappa_score": -1.0,
            "f1_score_macro": 0.3670118274412862,
            "f1_score_micro": 0.3595744680851064,
            "f1_score_weighted": 0.36364234962663733,
            "matthews_corrcoef": -1.0,
            "precision_score": -1.0,
            "recall_score": -1.0,
            "roc_auc_score": 0.5783095272413121,
            "coverage_error": 3.625,
            "label_ranking_average_precision_score": 0.5368749999999989,
            "label_ranking_loss": 0.6245833333333334,
            "training_time": 127.65222485899903,
            "test_time": 0.41108591400006844
        },
        {
            "seed": "7",
            "accuracy_score": 0.3225,
            "average_precision_score": 0.3582203034388433,
            "balanced_accuracy_score": -1.0,
            "cohen_kappa_score": -1.0,
            "f1_score_macro": 0.36300448676578984,
            "f1_score_micro": 0.383881230116649,
            "f1_score_weighted": 0.3834010280405203,
            "matthews_corrcoef": -1.0,
            "precision_score": -1.0,
            "recall_score": -1.0,
            "roc_auc_score": 0.5813959081985982,
            "coverage_error": 3.68,
            "label_ranking_average_precision_score": 0.5408749999999991,
            "label_ranking_loss": 0.6175,
            "training_time": 114.19908627599943,
            "test_time": 0.8038817240012577
        },
        {
            "seed": "11",
            "accuracy_score": 0.305,
            "average_precision_score": 0.35364139475473017,
            "balanced_accuracy_score": -1.0,
            "cohen_kappa_score": -1.0,
            "f1_score_macro": 0.3439370176282012,
            "f1_score_micro": 0.351063829787234,
            "f1_score_weighted": 0.35723719503030676,
            "matthews_corrcoef": -1.0,
            "precision_score": -1.0,
            "recall_score": -1.0,
            "roc_auc_score": 0.5662299000103697,
            "coverage_error": 3.7575,
            "label_ranking_average_precision_score": 0.5142083333333325,
            "label_ranking_loss": 0.649375,
            "training_time": 131.92108829000063,
            "test_time": 0.23179745999914303
        },
        {
            "seed": "13",
            "accuracy_score": 0.3075,
            "average_precision_score": 0.340816047582337,
            "balanced_accuracy_score": -1.0,
            "cohen_kappa_score": -1.0,
            "f1_score_macro": 0.33922275737899754,
            "f1_score_micro": 0.3583690987124463,
            "f1_score_weighted": 0.3667487017053762,
            "matthews_corrcoef": -1.0,
            "precision_score": -1.0,
            "recall_score": -1.0,
            "roc_auc_score": 0.5645880455848595,
            "coverage_error": 3.7325,
            "label_ranking_average_precision_score": 0.5148333333333321,
            "label_ranking_loss": 0.640625,
            "training_time": 123.15855280200049,
            "test_time": 0.20814459000030183
        },
        {
            "seed": "17",
            "accuracy_score": 0.32,
            "average_precision_score": 0.3685945951937108,
            "balanced_accuracy_score": -1.0,
            "cohen_kappa_score": -1.0,
            "f1_score_macro": 0.36702873444963,
            "f1_score_micro": 0.36519871106337265,
            "f1_score_weighted": 0.3701363457566538,
            "matthews_corrcoef": -1.0,
            "precision_score": -1.0,
            "recall_score": -1.0,
            "roc_auc_score": 0.5786927006116473,
            "coverage_error": 3.705,
            "label_ranking_average_precision_score": 0.5287916666666657,
            "label_ranking_loss": 0.63375,
            "training_time": 126.9545170399997,
            "test_time": 0.08361202499872888
        },
        {
            "seed": "19",
            "accuracy_score": 0.335,
            "average_precision_score": 0.3880436427936445,
            "balanced_accuracy_score": -1.0,
            "cohen_kappa_score": -1.0,
            "f1_score_macro": 0.3955422567267688,
            "f1_score_micro": 0.3940042826552463,
            "f1_score_weighted": 0.3984886563882605,
            "matthews_corrcoef": -1.0,
            "precision_score": -1.0,
            "recall_score": -1.0,
            "roc_auc_score": 0.5959644948945855,
            "coverage_error": 3.645,
            "label_ranking_average_precision_score": 0.5406249999999984,
            "label_ranking_loss": 0.6095833333333334,
            "training_time": 128.717504971999,
            "test_time": 0.2334402879969275
        },
        {
            "seed": "23",
            "accuracy_score": 0.2925,
            "average_precision_score": 0.3669098733723297,
            "balanced_accuracy_score": -1.0,
            "cohen_kappa_score": -1.0,
            "f1_score_macro": 0.3561733412158194,
            "f1_score_micro": 0.35053763440860214,
            "f1_score_weighted": 0.3650952874240468,
            "matthews_corrcoef": -1.0,
            "precision_score": -1.0,
            "recall_score": -1.0,
            "roc_auc_score": 0.5694927405491205,
            "coverage_error": 3.8075,
            "label_ranking_average_precision_score": 0.5097499999999985,
            "label_ranking_loss": 0.6547916666666665,
            "training_time": 115.73247091300072,
            "test_time": 0.3837670130014885
        },
        {
            "seed": "29",
            "accuracy_score": 0.34,
            "average_precision_score": 0.36297401643836114,
            "balanced_accuracy_score": -1.0,
            "cohen_kappa_score": -1.0,
            "f1_score_macro": 0.37775310457542643,
            "f1_score_micro": 0.3917748917748918,
            "f1_score_weighted": 0.39461593507263165,
            "matthews_corrcoef": -1.0,
            "precision_score": -1.0,
            "recall_score": -1.0,
            "roc_auc_score": 0.5920513561756549,
            "coverage_error": 3.6175,
            "label_ranking_average_precision_score": 0.5344999999999981,
            "label_ranking_loss": 0.6097916666666666,
            "training_time": 126.4886753360006,