{
    "id": 40945,
    "framework": "h2o",
    "results": [
        {
            "seed": "2",
            "accuracy_score": 0.9847328244274809,
            "average_precision_score": 0.9812502079367134,
            "balanced_accuracy_score": 0.9799014778325124,
            "cohen_kappa_score": 0.9653828367576138,
            "f1_score_macro": 0.9826902748414377,
            "f1_score_micro": 0.9847328244274809,
            "f1_score_weighted": 0.9846874344366799,
            "matthews_corrcoef": 0.9655274773306173,
            "precision_score": 0.9830508474576272,
            "recall_score": 0.9942857142857143,
            "roc_auc_score": 0.9799014778325124,
            "coverage_error": -1.0,
            "label_ranking_average_precision_score": -1.0,
            "label_ranking_loss": -1.0,
            "training_time": 301.6294445153326,
            "test_time": 0.28921135049313307
        },
        {
            "seed": "3",
            "accuracy_score": 0.9656488549618321,
            "average_precision_score": 0.9555900487812985,
            "balanced_accuracy_score": 0.9645566619250829,
            "cohen_kappa_score": 0.9300504301394245,
            "f1_score_macro": 0.9650246963022293,
            "f1_score_micro": 0.9656488549618321,
            "f1_score_weighted": 0.9656310218572719,
            "matthews_corrcoef": 0.9300785220486341,
            "precision_score": 0.9664429530201343,
            "recall_score": 0.972972972972973,
            "roc_auc_score": 0.964556661925083,
            "coverage_error": -1.0,
            "label_ranking_average_precision_score": -1.0,
            "label_ranking_loss": -1.0,
            "training_time": 302.3828691467643,
            "test_time": 0.08187268488109112
        },
        {
            "seed": "5",
            "accuracy_score": 0.9694656488549618,
            "average_precision_score": 0.9595895598225528,
            "balanced_accuracy_score": 0.9638271604938271,
            "cohen_kappa_score": 0.9348096541428216,
            "f1_score_macro": 0.9673967147834743,
            "f1_score_micro": 0.9694656488549618,
            "f1_score_weighted": 0.9693402589112352,
            "matthews_corrcoef": 0.9353066422558143,
            "precision_score": 0.963855421686747,
            "recall_score": 0.9876543209876543,
            "roc_auc_score": 0.9638271604938271,
            "coverage_error": -1.0,
            "label_ranking_average_precision_score": -1.0,
            "label_ranking_loss": -1.0,
            "training_time": 304.43963828869164,
            "test_time": 0.277062164619565
        },
        {
            "seed": "7",
            "accuracy_score": 0.9732824427480916,
            "average_precision_score": 0.9559748427672956,
            "balanced_accuracy_score": 0.9681818181818183,
            "cohen_kappa_score": 0.9446690400048271,
            "f1_score_macro": 0.9723140558247664,
            "f1_score_micro": 0.9732824427480916,
            "f1_score_weighted": 0.9731441017590451,
            "matthews_corrcoef": 0.9461184281292382,
            "precision_score": 0.9559748427672956,
            "recall_score": 1.0,
            "roc_auc_score": 0.9681818181818183,
            "coverage_error": -1.0,
            "label_ranking_average_precision_score": -1.0,
            "label_ranking_loss": -1.0,
            "training_time": 305.12054449971765,
            "test_time": 0.07342222798615694
        },
        {
            "seed": "11",
            "accuracy_score": 0.9694656488549618,
            "average_precision_score": 0.954473647327761,
            "balanced_accuracy_score": 0.9637760038703436,
            "cohen_kappa_score": 0.9360429635054315,
            "f1_score_macro": 0.9680039079196434,
            "f1_score_micro": 0.9694656488549618,
            "f1_score_weighted": 0.9693090337547492,
            "matthews_corrcoef": 0.9371216996321229,
            "precision_score": 0.9567901234567902,
            "recall_score": 0.9935897435897436,
            "roc_auc_score": 0.9637760038703436,
            "coverage_error": -1.0,
            "label_ranking_average_precision_score": -1.0,
            "label_ranking_loss": -1.0,
            "training_time": 305.1546235745773,
            "test_time": 0.2756632110103965
        },
        {
            "seed": "13",
            "accuracy_score": 0.9618320610687023,
            "average_precision_score": 0.9548937940609262,
            "balanced_accuracy_score": 0.9576543209876542,
            "cohen_kappa_score": 0.9188251332259264,
            "f1_score_macro": 0.9594100514345913,
            "f1_score_micro": 0.9618320610687023,
            "f1_score_weighted": 0.9617563732676363,
            "matthews_corrcoef": 0.9189462465413694,
            "precision_score": 0.9634146341463414,
            "recall_score": 0.9753086419753086,
            "roc_auc_score": 0.9576543209876541,
            "coverage_error": -1.0,
            "label_ranking_average_precision_score": -1.0,
            "label_ranking_loss": -1.0,
            "training_time": 301.1127586364746,
            "test_time": 0.276752189733088
        },
        {
            "seed": "17",
            "accuracy_score": 0.9694656488549618,
            "average_precision_score": 0.9643202452915619,
            "balanced_accuracy_score": 0.9684051854085016,
            "cohen_kappa_score": 0.9368103708170034,
            "f1_score_macro": 0.9684051854085016,
            "f1_score_micro": 0.9694656488549618,
            "f1_score_weighted": 0.9694656488549618,
            "matthews_corrcoef": 0.9368103708170034,
            "precision_score": 0.9741935483870968,
            "recall_score": 0.9741935483870968,
            "roc_auc_score": 0.9684051854085016,
            "coverage_error": -1.0,
            "label_ranking_average_precision_score": -1.0,
            "label_ranking_loss": -1.0,
            "training_time": 304.7086478965357,
            "test_time": 0.2815926307812333
        },
        {
            "seed": "19",
            "accuracy_score": 0.9770992366412213,
            "average_precision_score": 0.9706988365313293,
            "balanced_accuracy_score": 0.9677633765370555,
            "cohen_kappa_score": 0.9471098849337192,
            "f1_score_macro": 0.973547822575217,
            "f1_score_micro": 0.9770992366412213,
            "f1_score_weighted": 0.9769512610551377,
            "matthews_corrcoef": 0.947699192571955,
            "precision_score": 0.9723756906077348,
            "recall_score": 0.9943502824858758,
            "roc_auc_score": 0.9677633765370555,
            "coverage_error": -1.0,
            "label_ranking_average_precision_score": -1.0,
            "label_ranking_loss": -1.0,
            "training_time": 301.2325449641794,
            "test_time": 0.07225635088980198
        },
        {
            "seed": "23",
            "accuracy_score": 0.9847328244274809,
            "average_precision_score": 0.9796115512829792,
            "balanced_accuracy_score": 0.9817810001859082,
            "cohen_kappa_score": 0.9673987432339949,
            "f1_score_macro": 0.9836983573917372,
            "f1_score_micro": 0.9847328244274809,
            "f1_score_weighted": 0.9847014769415493,
            "matthews_corrcoef": 0.9675272928472533,
            "precision_score": 0.9818181818181818,
            "recall_score": 0.9938650306748467,
            "roc_auc_score": 0.9817810001859082,
            "coverage_error": -1.0,
            "label_ranking_average_precision_score": -1.0,
            "label_ranking_loss": -1.0,
            "training_time": 301.74784292280674,
            "test_time": 0.2767529273405671
        },
        {
            "seed": "29",
            "accuracy_score": 0.9618320610687023,
            "average_precision_score": 0.9698754519887504,
            "balanced_accuracy_score": 0.9627586206896552,
            "cohen_kappa_score": 0.9149405882734887,
            "f1_score_macro": 0.9574592453075275,