{
    "id": 40945,
    "framework": "naive",
    "results": [
        {
            "seed": "2",
            "accuracy_score": 0.9694656488549618,
            "average_precision_score": 0.9596494695048109,
            "balanced_accuracy_score": 0.956912972085386,
            "cohen_kappa_score": 0.9299512064701557,
            "f1_score_macro": 0.9649545211342965,
            "f1_score_micro": 0.9694656488549618,
            "f1_score_weighted": 0.9691777045323661,
            "matthews_corrcoef": 0.9312372455682024,
            "precision_score": 0.9613259668508287,
            "recall_score": 0.9942857142857143,
            "roc_auc_score": 0.9569129720853858,
            "coverage_error": -1.0,
            "label_ranking_average_precision_score": -1.0,
            "label_ranking_loss": -1.0,
            "training_time": 284.79541067600076,
            "test_time": 0.012401847998262383
        },
        {
            "seed": "3",
            "accuracy_score": 0.9694656488549618,
            "average_precision_score": 0.9585224537514614,
            "balanced_accuracy_score": 0.9679350403034613,
            "cohen_kappa_score": 0.9377598289583086,
            "f1_score_macro": 0.9688780661638059,
            "f1_score_micro": 0.9694656488549618,
            "f1_score_weighted": 0.9694330053721198,
            "matthews_corrcoef": 0.9378733724046511,
            "precision_score": 0.9666666666666667,
            "recall_score": 0.9797297297297297,
            "roc_auc_score": 0.9679350403034613,
            "coverage_error": -1.0,
            "label_ranking_average_precision_score": -1.0,
            "label_ranking_loss": -1.0,
            "training_time": 300.56546957099636,
            "test_time": 0.06472922700049821
        },
        {
            "seed": "5",
            "accuracy_score": 0.950381679389313,
            "average_precision_score": 0.9317545898799711,
            "balanced_accuracy_score": 0.9388271604938272,
            "cohen_kappa_score": 0.8930343571383706,
            "f1_score_macro": 0.946449066867915,
            "f1_score_micro": 0.950381679389313,
            "f1_score_weighted": 0.9498831792105441,
            "matthews_corrcoef": 0.8954931152888624,
            "precision_score": 0.935672514619883,
            "recall_score": 0.9876543209876543,
            "roc_auc_score": 0.9388271604938272,
            "coverage_error": -1.0,
            "label_ranking_average_precision_score": -1.0,
            "label_ranking_loss": -1.0,
            "training_time": 301.3716384110012,
            "test_time": 0.0754369150090497
        },
        {
            "seed": "7",
            "accuracy_score": 0.9618320610687023,
            "average_precision_score": 0.9382716049382716,
            "balanced_accuracy_score": 0.9545454545454546,
            "cohen_kappa_score": 0.9206541490006057,
            "f1_score_macro": 0.9602669093114953,
            "f1_score_micro": 0.9618320610687023,
            "f1_score_weighted": 0.9615310703461625,
            "matthews_corrcoef": 0.9235660162151483,
            "precision_score": 0.9382716049382716,
            "recall_score": 1.0,
            "roc_auc_score": 0.9545454545454545,
            "coverage_error": -1.0,
            "label_ranking_average_precision_score": -1.0,
            "label_ranking_loss": -1.0,
            "training_time": 292.5329034620081,
            "test_time": 0.0147159640036989
        },
        {
            "seed": "11",
            "accuracy_score": 0.9465648854961832,
            "average_precision_score": 0.9205216168479528,
            "balanced_accuracy_score": 0.9354741170778906,
            "cohen_kappa_score": 0.8870411431387041,
            "f1_score_macro": 0.943395061728395,
            "f1_score_micro": 0.9465648854961832,
            "f1_score_weighted": 0.9459513712185469,
            "matthews_corrcoef": 0.8912283790229978,
            "precision_score": 0.9226190476190477,
            "recall_score": 0.9935897435897436,
            "roc_auc_score": 0.9354741170778906,
            "coverage_error": -1.0,
            "label_ranking_average_precision_score": -1.0,
            "label_ranking_loss": -1.0,
            "training_time": 289.54924739399576,
            "test_time": 0.013241917011328042
        },
        {
            "seed": "13",
            "accuracy_score": 0.9389312977099237,
            "average_precision_score": 0.9158214691542175,
            "balanced_accuracy_score": 0.9238271604938271,
            "cohen_kappa_score": 0.8675764468031337,
            "f1_score_macro": 0.9336372847011145,
            "f1_score_micro": 0.9389312977099237,
            "f1_score_weighted": 0.9380728091139006,
            "matthews_corrcoef": 0.8718872508831129,
            "precision_score": 0.9195402298850575,
            "recall_score": 0.9876543209876543,
            "roc_auc_score": 0.9238271604938271,
            "coverage_error": -1.0,
            "label_ranking_average_precision_score": -1.0,
            "label_ranking_loss": -1.0,
            "training_time": 298.71468907500093,
            "test_time": 0.006697791992337443
        },
        {
            "seed": "17",
            "accuracy_score": 0.950381679389313,
            "average_precision_score": 0.9315618910382105,
            "balanced_accuracy_score": 0.9435936086825445,
            "cohen_kappa_score": 0.8962660656636413,
            "f1_score_macro": 0.9480943019552264,
            "f1_score_micro": 0.950381679389313,
            "f1_score_weighted": 0.9500905586249747,
            "matthews_corrcoef": 0.8976675096030315,
            "precision_score": 0.9382716049382716,
            "recall_score": 0.9806451612903225,
            "roc_auc_score": 0.9435936086825443,
            "coverage_error": -1.0,
            "label_ranking_average_precision_score": -1.0,
            "label_ranking_loss": -1.0,
            "training_time": 277.6457317690074,
            "test_time": 0.01590619499620516
        },
        {
            "seed": "19",
            "accuracy_score": 0.9580152671755725,
            "average_precision_score": 0.9447073837722381,
            "balanced_accuracy_score": 0.9383516118311732,
            "cohen_kappa_score": 0.9015104914223224,
            "f1_score_macro": 0.9506869941652549,
            "f1_score_micro": 0.9580152671755725,
            "f1_score_weighted": 0.9573622527489106,
            "matthews_corrcoef": 0.9044518080100324,
            "precision_score": 0.946236559139785,
            "recall_score": 0.9943502824858758,
            "roc_auc_score": 0.9383516118311732,
            "coverage_error": -1.0,
            "label_ranking_average_precision_score": -1.0,
            "label_ranking_loss": -1.0,
            "training_time": 301.1226217039948,
            "test_time": 0.07254795498738531
        },
        {
            "seed": "23",
            "accuracy_score": 0.9618320610687023,
            "average_precision_score": 0.9453731387429845,
            "balanced_accuracy_score": 0.9514779698828779,
            "cohen_kappa_score": 0.9175114917196651,
            "f1_score_macro": 0.9587141506460763,
            "f1_score_micro": 0.9618320610687023,
            "f1_score_weighted": 0.9614856265772994,
            "matthews_corrcoef": 0.9195158237851594,
            "precision_score": 0.9473684210526315,
            "recall_score": 0.9938650306748467,
            "roc_auc_score": 0.9514779698828778,
            "coverage_error": -1.0,
            "label_ranking_average_precision_score": -1.0,
            "label_ranking_loss": -1.0,
            "training_time": 273.768729176998,
            "test_time": 0.014736504992470145
        },
        {
            "seed": "29",
            "accuracy_score": 0.9694656488549618,
            "average_precision_score": 0.9665431984671213,
            "balanced_accuracy_score": 0.9626929392446634,
            "cohen_kappa_score": 0.9307656735152275,
            "f1_score_macro": 0.9653805496828751,