{
    "id": 40945,
    "framework": "autogluon",
    "results": [
        {
            "seed": "2",
            "accuracy_score": 0.9809160305343512,
            "average_precision_score": 0.9830103159979443,
            "balanced_accuracy_score": 0.9799343185550082,
            "cohen_kappa_score": 0.9571026262361648,
            "f1_score_macro": 0.9785509619320507,
            "f1_score_micro": 0.9809160305343512,
            "f1_score_weighted": 0.9809432152309293,
            "matthews_corrcoef": 0.9571378530926143,
            "precision_score": 0.9885057471264368,
            "recall_score": 0.9828571428571429,
            "roc_auc_score": 0.9799343185550082,
            "coverage_error": -1.0,
            "label_ranking_average_precision_score": -1.0,
            "label_ranking_loss": -1.0,
            "training_time": 10.449451227672398,
            "test_time": 0.014501397497951984
        },
        {
            "seed": "3",
            "accuracy_score": 0.9656488549618321,
            "average_precision_score": 0.9590085879616959,
            "balanced_accuracy_score": 0.9655642484589853,
            "cohen_kappa_score": 0.9301912487417846,
            "f1_score_macro": 0.9650951076900303,
            "f1_score_micro": 0.9656488549618321,
            "f1_score_weighted": 0.9656656351821896,
            "matthews_corrcoef": 0.9302192318898684,
            "precision_score": 0.9727891156462585,
            "recall_score": 0.9662162162162162,
            "roc_auc_score": 0.9655642484589854,
            "coverage_error": -1.0,
            "label_ranking_average_precision_score": -1.0,
            "label_ranking_loss": -1.0,
            "training_time": 8.391070825979114,
            "test_time": 0.014826212078332901
        },
        {
            "seed": "5",
            "accuracy_score": 0.9656488549618321,
            "average_precision_score": 0.9572416274706351,
            "balanced_accuracy_score": 0.9607407407407407,
            "cohen_kappa_score": 0.9268020115477743,
            "f1_score_macro": 0.963395892516183,
            "f1_score_micro": 0.9656488549618321,
            "f1_score_weighted": 0.9655448720797252,
            "matthews_corrcoef": 0.9270780100459454,
            "precision_score": 0.9636363636363636,
            "recall_score": 0.9814814814814815,
            "roc_auc_score": 0.9607407407407407,
            "coverage_error": -1.0,
            "label_ranking_average_precision_score": -1.0,
            "label_ranking_loss": -1.0,
            "training_time": 8.149174318648875,
            "test_time": 0.023200013674795628
        },
        {
            "seed": "7",
            "accuracy_score": 0.9770992366412213,
            "average_precision_score": 0.9653974281711325,
            "balanced_accuracy_score": 0.9739832535885168,
            "cohen_kappa_score": 0.952753065640779,
            "f1_score_macro": 0.9763708513708516,
            "f1_score_micro": 0.9770992366412213,
            "f1_score_weighted": 0.9770358987916242,
            "matthews_corrcoef": 0.9532260408863925,
            "precision_score": 0.967948717948718,
            "recall_score": 0.993421052631579,
            "roc_auc_score": 0.9739832535885168,
            "coverage_error": -1.0,
            "label_ranking_average_precision_score": -1.0,
            "label_ranking_loss": -1.0,
            "training_time": 10.816794307902455,
            "test_time": 0.06140529736876488
        },
        {
            "seed": "11",
            "accuracy_score": 0.9732824427480916,
            "average_precision_score": 0.9603783482807712,
            "balanced_accuracy_score": 0.968492985002419,
            "cohen_kappa_score": 0.9441228444336116,
            "f1_score_macro": 0.9720507779758911,
            "f1_score_micro": 0.9732824427480916,
            "f1_score_weighted": 0.9731704732233462,
            "matthews_corrcoef": 0.9448757322481546,
            "precision_score": 0.9627329192546584,
            "recall_score": 0.9935897435897436,
            "roc_auc_score": 0.968492985002419,
            "coverage_error": -1.0,
            "label_ranking_average_precision_score": -1.0,
            "label_ranking_loss": -1.0,
            "training_time": 9.319130056537688,
            "test_time": 0.018396425060927868
        },
        {
            "seed": "13",
            "accuracy_score": 0.950381679389313,
            "average_precision_score": 0.9348560358542742,
            "balanced_accuracy_score": 0.9407407407407408,
            "cohen_kappa_score": 0.8934492898704874,
            "f1_score_macro": 0.9466837812876665,
            "f1_score_micro": 0.950381679389313,
            "f1_score_weighted": 0.9500065303065371,
            "matthews_corrcoef": 0.8949234198738996,
            "precision_score": 0.9408284023668639,
            "recall_score": 0.9814814814814815,
            "roc_auc_score": 0.9407407407407407,
            "coverage_error": -1.0,
            "label_ranking_average_precision_score": -1.0,
            "label_ranking_loss": -1.0,
            "training_time": 7.970267333090305,
            "test_time": 0.01940801553428173
        },
        {
            "seed": "17",
            "accuracy_score": 0.9694656488549618,
            "average_precision_score": 0.9678505728812086,
            "balanced_accuracy_score": 0.9698522761531505,
            "cohen_kappa_score": 0.9369927253051163,
            "f1_score_macro": 0.9684944684944685,
            "f1_score_micro": 0.9694656488549618,
            "f1_score_weighted": 0.9695078740880266,
            "matthews_corrcoef": 0.9371089901611064,
            "precision_score": 0.9803921568627451,
            "recall_score": 0.967741935483871,
            "roc_auc_score": 0.9698522761531504,
            "coverage_error": -1.0,
            "label_ranking_average_precision_score": -1.0,
            "label_ranking_loss": -1.0,
            "training_time": 7.780972233042121,
            "test_time": 0.01935701910406351
        },
        {
            "seed": "19",
            "accuracy_score": 0.9694656488549618,
            "average_precision_score": 0.9670417082583117,
            "balanced_accuracy_score": 0.9621136590229312,
            "cohen_kappa_score": 0.9299137296863506,
            "f1_score_macro": 0.9649545211342964,
            "f1_score_micro": 0.9694656488549618,
            "f1_score_weighted": 0.9693696674140967,
            "matthews_corrcoef": 0.9300565067981077,
            "precision_score": 0.9720670391061452,
            "recall_score": 0.9830508474576272,
            "roc_auc_score": 0.9621136590229312,
            "coverage_error": -1.0,
            "label_ranking_average_precision_score": -1.0,
            "label_ranking_loss": -1.0,
            "training_time": 8.160040638409555,
            "test_time": 0.01899351179599762
        },
        {
            "seed": "23",
            "accuracy_score": 0.9809160305343512,
            "average_precision_score": 0.9772954163063852,
            "balanced_accuracy_score": 0.9787135155233315,
            "cohen_kappa_score": 0.9593294008072027,
            "f1_score_macro": 0.9796643847312129,
            "f1_score_micro": 0.9809160305343512,
            "f1_score_weighted": 0.9808967744450722,
            "matthews_corrcoef": 0.9593611388720793,
            "precision_score": 0.9817073170731707,
            "recall_score": 0.9877300613496932,
            "roc_auc_score": 0.9787135155233315,
            "coverage_error": -1.0,
            "label_ranking_average_precision_score": -1.0,
            "label_ranking_loss": -1.0,
            "training_time": 11.352197295986116,
            "test_time": 0.0577321071177721
        },
        {
            "seed": "29",
            "accuracy_score": 0.9732824427480916,
            "average_precision_score": 0.9755627420749821,
            "balanced_accuracy_score": 0.9713300492610837,
            "cohen_kappa_score": 0.9399436767306307,