{
    "id": 40945,
    "framework": "mljar",
    "results": [
        {
            "seed": "2",
            "accuracy_score": 0.950381679389313,
            "average_precision_score": 0.933955042741056,
            "balanced_accuracy_score": 0.9281773399014779,
            "cohen_kappa_score": 0.884471881147819,
            "f1_score_macro": 0.9421171592202982,
            "f1_score_micro": 0.950381679389313,
            "f1_score_weighted": 0.9494633993705336,
            "matthews_corrcoef": 0.8887283983586666,
            "precision_score": 0.9354838709677419,
            "recall_score": 0.9942857142857143,
            "roc_auc_score": 0.9281773399014778,
            "coverage_error": -1.0,
            "label_ranking_average_precision_score": -1.0,
            "label_ranking_loss": -1.0,
            "training_time": 29.74069781099388,
            "test_time": 0.4151693079911638
        },
        {
            "seed": "3",
            "accuracy_score": 0.9427480916030534,
            "average_precision_score": 0.9191904536893457,
            "balanced_accuracy_score": 0.9382408724513989,
            "cohen_kappa_score": 0.8827075747627291,
            "f1_score_macro": 0.9413108731687649,
            "f1_score_micro": 0.9427480916030534,
            "f1_score_weighted": 0.9425027128459799,
            "matthews_corrcoef": 0.8840328850855756,
            "precision_score": 0.9290322580645162,
            "recall_score": 0.972972972972973,
            "roc_auc_score": 0.9382408724513989,
            "coverage_error": -1.0,
            "label_ranking_average_precision_score": -1.0,
            "label_ranking_loss": -1.0,
            "training_time": 26.433573513000738,
            "test_time": 0.2915028340066783
        },
        {
            "seed": "5",
            "accuracy_score": 0.9427480916030534,
            "average_precision_score": 0.9210711100869803,
            "balanced_accuracy_score": 0.9288271604938272,
            "cohen_kappa_score": 0.8760955924080963,
            "f1_score_macro": 0.9379294006159677,
            "f1_score_micro": 0.9427480916030534,
            "f1_score_weighted": 0.9420219874817117,
            "matthews_corrcoef": 0.879734720025973,
            "precision_score": 0.9248554913294798,
            "recall_score": 0.9876543209876543,
            "roc_auc_score": 0.9288271604938272,
            "coverage_error": -1.0,
            "label_ranking_average_precision_score": -1.0,
            "label_ranking_loss": -1.0,
            "training_time": 29.13634967400867,
            "test_time": 0.3973048329935409
        },
        {
            "seed": "7",
            "accuracy_score": 0.9465648854961832,
            "average_precision_score": 0.924320447468863,
            "balanced_accuracy_score": 0.9401315789473684,
            "cohen_kappa_score": 0.8891976800386661,
            "f1_score_macro": 0.9445452346395743,
            "f1_score_micro": 0.9465648854961832,
            "f1_score_weighted": 0.9462417413591258,
            "matthews_corrcoef": 0.8909853943304663,
            "precision_score": 0.93125,
            "recall_score": 0.9802631578947368,
            "roc_auc_score": 0.9401315789473683,
            "coverage_error": -1.0,
            "label_ranking_average_precision_score": -1.0,
            "label_ranking_loss": -1.0,
            "training_time": 30.672889666995616,
            "test_time": 0.4493145560118137
        },
        {
            "seed": "11",
            "accuracy_score": 0.9427480916030534,
            "average_precision_score": 0.9238718633183111,
            "balanced_accuracy_score": 0.935292694726657,
            "cohen_kappa_score": 0.8798973167899273,
            "f1_score_macro": 0.9399036623595076,
            "f1_score_micro": 0.9427480916030534,
            "f1_score_weighted": 0.9423987757310389,
            "matthews_corrcoef": 0.8812826226309154,
            "precision_score": 0.9325153374233128,
            "recall_score": 0.9743589743589743,
            "roc_auc_score": 0.9352926947266571,
            "coverage_error": -1.0,
            "label_ranking_average_precision_score": -1.0,
            "label_ranking_loss": -1.0,
            "training_time": 27.035755914999754,
            "test_time": 0.40465756099729333
        },
        {
            "seed": "13",
            "accuracy_score": 0.916030534351145,
            "average_precision_score": 0.9019335280997707,
            "balanced_accuracy_score": 0.9053086419753087,
            "cohen_kappa_score": 0.820032471587361,
            "f1_score_macro": 0.9099656357388315,
            "f1_score_micro": 0.916030534351145,
            "f1_score_weighted": 0.9154953962382938,
            "matthews_corrcoef": 0.8210220085992368,
            "precision_score": 0.9166666666666666,
            "recall_score": 0.9506172839506173,
            "roc_auc_score": 0.9053086419753087,
            "coverage_error": -1.0,
            "label_ranking_average_precision_score": -1.0,
            "label_ranking_loss": -1.0,
            "training_time": 27.999764321997645,
            "test_time": 0.27781436798977666
        },
        {
            "seed": "17",
            "accuracy_score": 0.9351145038167938,
            "average_precision_score": 0.9093905293669136,
            "balanced_accuracy_score": 0.9249020198974978,
            "cohen_kappa_score": 0.86355002757184,
            "f1_score_macro": 0.9316483280389177,
            "f1_score_micro": 0.9351145038167938,
            "f1_score_weighted": 0.9344682676548169,
            "matthews_corrcoef": 0.8669356627384339,
            "precision_score": 0.9156626506024096,
            "recall_score": 0.9806451612903225,
            "roc_auc_score": 0.9249020198974977,
            "coverage_error": -1.0,
            "label_ranking_average_precision_score": -1.0,
            "label_ranking_loss": -1.0,
            "training_time": 31.42635853300453,
            "test_time": 0.37280288599140476
        },
        {
            "seed": "19",
            "accuracy_score": 0.950381679389313,
            "average_precision_score": 0.934697909411822,
            "balanced_accuracy_score": 0.9265869059488202,
            "cohen_kappa_score": 0.8828667721301328,
            "f1_score_macro": 0.9413112776772637,
            "f1_score_micro": 0.950381679389313,
            "f1_score_weighted": 0.9494129957113272,
            "matthews_corrcoef": 0.8872353313378037,
            "precision_score": 0.9361702127659575,
            "recall_score": 0.9943502824858758,
            "roc_auc_score": 0.9265869059488203,
            "coverage_error": -1.0,
            "label_ranking_average_precision_score": -1.0,
            "label_ranking_loss": -1.0,
            "training_time": 28.881815259999712,
            "test_time": 0.3315245660051005
        },
        {
            "seed": "23",
            "accuracy_score": 0.9541984732824428,
            "average_precision_score": 0.9344880942938532,
            "balanced_accuracy_score": 0.9413769597818678,
            "cohen_kappa_score": 0.9006132642093949,
            "f1_score_macro": 0.9502279635258357,
            "f1_score_micro": 0.9541984732824428,
            "f1_score_weighted": 0.9536619179099283,
            "matthews_corrcoef": 0.9037181387248306,
            "precision_score": 0.9364161849710982,
            "recall_score": 0.9938650306748467,
            "roc_auc_score": 0.9413769597818678,
            "coverage_error": -1.0,
            "label_ranking_average_precision_score": -1.0,
            "label_ranking_loss": -1.0,
            "training_time": 29.0172330159985,
            "test_time": 0.28783990400552284
        },
        {
            "seed": "29",
            "accuracy_score": 0.9618320610687023,
            "average_precision_score": 0.9525112515589509,
            "balanced_accuracy_score": 0.9483087027914614,
            "cohen_kappa_score": 0.9124390080876946,
            "f1_score_macro": 0.9561931514178705,