{
    "id": 40945,
    "framework": "flaml",
    "results": [
        {
            "seed": "2",
            "accuracy_score": 0.3320610687022901,
            "average_precision_score": 0.6679389312977099,
            "balanced_accuracy_score": 0.5,
            "cohen_kappa_score": 0.0,
            "f1_score_macro": 0.2492836676217765,
            "f1_score_micro": 0.3320610687022901,
            "f1_score_weighted": 0.16555480216102714,
            "matthews_corrcoef": 0.0,
            "precision_score": 0.0,
            "recall_score": 0.0,
            "roc_auc_score": 0.5,
            "coverage_error": -1.0,
            "label_ranking_average_precision_score": -1.0,
            "label_ranking_loss": -1.0,
            "training_time": 300.0288340810075,
            "test_time": 0.02565357499406673
        },
        {
            "seed": "3",
            "accuracy_score": 0.4351145038167939,
            "average_precision_score": 0.5648854961832062,
            "balanced_accuracy_score": 0.5,
            "cohen_kappa_score": 0.0,
            "f1_score_macro": 0.30319148936170215,
            "f1_score_micro": 0.4351145038167939,
            "f1_score_weighted": 0.26384602891018355,
            "matthews_corrcoef": 0.0,
            "precision_score": 0.0,
            "recall_score": 0.0,
            "roc_auc_score": 0.5,
            "coverage_error": -1.0,
            "label_ranking_average_precision_score": -1.0,
            "label_ranking_loss": -1.0,
            "training_time": 299.98829598700104,
            "test_time": 0.012665022994042374
        },
        {
            "seed": "5",
            "accuracy_score": 0.9694656488549618,
            "average_precision_score": 0.9595895598225528,
            "balanced_accuracy_score": 0.9638271604938271,
            "cohen_kappa_score": 0.9348096541428216,
            "f1_score_macro": 0.9673967147834743,
            "f1_score_micro": 0.9694656488549618,
            "f1_score_weighted": 0.9693402589112352,
            "matthews_corrcoef": 0.9353066422558143,
            "precision_score": 0.963855421686747,
            "recall_score": 0.9876543209876543,
            "roc_auc_score": 0.9638271604938271,
            "coverage_error": -1.0,
            "label_ranking_average_precision_score": -1.0,
            "label_ranking_loss": -1.0,
            "training_time": 300.0056152420002,
            "test_time": 0.01041124299808871
        },
        {
            "seed": "7",
            "accuracy_score": 0.4198473282442748,
            "average_precision_score": 0.5801526717557252,
            "balanced_accuracy_score": 0.5,
            "cohen_kappa_score": 0.0,
            "f1_score_macro": 0.2956989247311828,
            "f1_score_micro": 0.4198473282442748,
            "f1_score_weighted": 0.24829680702618406,
            "matthews_corrcoef": 0.0,
            "precision_score": 0.0,
            "recall_score": 0.0,
            "roc_auc_score": 0.5,
            "coverage_error": -1.0,
            "label_ranking_average_precision_score": -1.0,
            "label_ranking_loss": -1.0,
            "training_time": 300.0330287620018,
            "test_time": 0.02520494899363257
        },
        {
            "seed": "11",
            "accuracy_score": 0.40458015267175573,
            "average_precision_score": 0.5954198473282443,
            "balanced_accuracy_score": 0.5,
            "cohen_kappa_score": 0.0,
            "f1_score_macro": 0.28804347826086957,
            "f1_score_micro": 0.4045801526717558,
            "f1_score_weighted": 0.23307334882177233,
            "matthews_corrcoef": 0.0,
            "precision_score": 0.0,
            "recall_score": 0.0,
            "roc_auc_score": 0.5,
            "coverage_error": -1.0,
            "label_ranking_average_precision_score": -1.0,
            "label_ranking_loss": -1.0,
            "training_time": 300.0135930169927,
            "test_time": 0.011824849003460258
        },
        {
            "seed": "13",
            "accuracy_score": 0.9656488549618321,
            "average_precision_score": 0.9538892246606588,
            "balanced_accuracy_score": 0.9588271604938272,
            "cohen_kappa_score": 0.9265191648488625,
            "f1_score_macro": 0.9632452653729249,
            "f1_score_micro": 0.9656488549618321,
            "f1_score_weighted": 0.9654694826044509,
            "matthews_corrcoef": 0.9272921493652063,
            "precision_score": 0.9580838323353293,
            "recall_score": 0.9876543209876543,
            "roc_auc_score": 0.9588271604938271,
            "coverage_error": -1.0,
            "label_ranking_average_precision_score": -1.0,
            "label_ranking_loss": -1.0,
            "training_time": 300.1717246150074,
            "test_time": 0.010201254990533926
        },
        {
            "seed": "17",
            "accuracy_score": 0.4083969465648855,
            "average_precision_score": 0.5916030534351145,
            "balanced_accuracy_score": 0.5,
            "cohen_kappa_score": 0.0,
            "f1_score_macro": 0.2899728997289973,
            "f1_score_micro": 0.4083969465648855,
            "f1_score_weighted": 0.23684809367177642,
            "matthews_corrcoef": 0.0,
            "precision_score": 0.0,
            "recall_score": 0.0,
            "roc_auc_score": 0.5,
            "coverage_error": -1.0,
            "label_ranking_average_precision_score": -1.0,
            "label_ranking_loss": -1.0,
            "training_time": 300.0136834559962,
            "test_time": 0.011138864007079974
        },
        {
            "seed": "19",
            "accuracy_score": 0.3244274809160305,
            "average_precision_score": 0.6755725190839694,
            "balanced_accuracy_score": 0.5,
            "cohen_kappa_score": 0.0,
            "f1_score_macro": 0.24495677233429394,
            "f1_score_micro": 0.3244274809160305,
            "f1_score_weighted": 0.15894141716347315,
            "matthews_corrcoef": 0.0,
            "precision_score": 0.0,
            "recall_score": 0.0,
            "roc_auc_score": 0.5,
            "coverage_error": -1.0,
            "label_ranking_average_precision_score": -1.0,
            "label_ranking_loss": -1.0,
            "training_time": 300.03858447799576,
            "test_time": 0.03877330900286324
        },
        {
            "seed": "23",
            "accuracy_score": 0.9847328244274809,
            "average_precision_score": 0.9796115512829792,
            "balanced_accuracy_score": 0.9817810001859082,
            "cohen_kappa_score": 0.9673987432339949,
            "f1_score_macro": 0.9836983573917372,
            "f1_score_micro": 0.9847328244274809,
            "f1_score_weighted": 0.9847014769415493,
            "matthews_corrcoef": 0.9675272928472533,
            "precision_score": 0.9818181818181818,
            "recall_score": 0.9938650306748467,
            "roc_auc_score": 0.9817810001859082,
            "coverage_error": -1.0,
            "label_ranking_average_precision_score": -1.0,
            "label_ranking_loss": -1.0,
            "training_time": 299.97602608399757,
            "test_time": 0.010723917002906092
        },
        {
            "seed": "29",
            "accuracy_score": 0.9732824427480916,
            "average_precision_score": 0.9719698621988698,
            "balanced_accuracy_score": 0.9684400656814449,
            "cohen_kappa_score": 0.9395955470654107,
            "f1_score_macro": 0.9697972761556577,
            "f1_score_micro": 0.9732824427480916,
            "f1_score_weighted": 0.9732432835728957,
            "matthews_corrcoef": 0.9396305316756687,
            "precision_score": 0.9772727272727273,
            "recall_score": 0.9828571428571429,
            "roc_auc_score": 0.968440065681445,
            "coverage_error": -1.0,
            "label_ranking_average_precision_score": -1.0,
            "label_ranking_loss": -1.0,
            "training_time": 300.01933331300097,