{
    "id": 40945,
    "framework": "pycaret",
    "results": [
        {
            "seed": "2",
            "accuracy_score": 0.9618320610687023,
            "average_precision_score": 0.9525112515589509,
            "balanced_accuracy_score": 0.9483087027914614,
            "cohen_kappa_score": 0.9124390080876946,
            "f1_score_macro": 0.9561931514178705,
            "f1_score_micro": 0.9618320610687023,
            "f1_score_weighted": 0.9614721306654578,
            "matthews_corrcoef": 0.9137008293862956,
            "precision_score": 0.9558011049723757,
            "recall_score": 0.9885714285714285,
            "roc_auc_score": 0.9483087027914614,
            "coverage_error": -1.0,
            "label_ranking_average_precision_score": -1.0,
            "label_ranking_loss": -1.0,
            "training_time": 12.48564684484154,
            "test_time": 0.1387318316847086
        },
        {
            "seed": "3",
            "accuracy_score": 0.9618320610687023,
            "average_precision_score": 0.9428740230266948,
            "balanced_accuracy_score": 0.9581555239449977,
            "cohen_kappa_score": 0.9218843172331544,
            "f1_score_macro": 0.960921186086749,
            "f1_score_micro": 0.9618320610687023,
            "f1_score_weighted": 0.9616954298214093,
            "matthews_corrcoef": 0.9228985593577215,
            "precision_score": 0.948051948051948,
            "recall_score": 0.9864864864864865,
            "roc_auc_score": 0.9581555239449976,
            "coverage_error": -1.0,
            "label_ranking_average_precision_score": -1.0,
            "label_ranking_loss": -1.0,
            "training_time": 13.807155715301633,
            "test_time": 0.14085661061108112
        },
        {
            "seed": "5",
            "accuracy_score": 0.9427480916030534,
            "average_precision_score": 0.9210711100869803,
            "balanced_accuracy_score": 0.9288271604938272,
            "cohen_kappa_score": 0.8760955924080963,
            "f1_score_macro": 0.9379294006159677,
            "f1_score_micro": 0.9427480916030534,
            "f1_score_weighted": 0.9420219874817117,
            "matthews_corrcoef": 0.879734720025973,
            "precision_score": 0.9248554913294798,
            "recall_score": 0.9876543209876543,
            "roc_auc_score": 0.9288271604938272,
            "coverage_error": -1.0,
            "label_ranking_average_precision_score": -1.0,
            "label_ranking_loss": -1.0,
            "training_time": 11.827442551031709,
            "test_time": 0.12505623791366816
        },
        {
            "seed": "7",
            "accuracy_score": 0.9312977099236641,
            "average_precision_score": 0.8941176470588236,
            "balanced_accuracy_score": 0.9181818181818182,
            "cohen_kappa_score": 0.8557092155182964,
            "f1_score_macro": 0.9274952339954492,
            "f1_score_micro": 0.931297709923664,
            "f1_score_weighted": 0.9301569671451997,
            "matthews_corrcoef": 0.86475862911625,
            "precision_score": 0.8941176470588236,
            "recall_score": 1.0,
            "roc_auc_score": 0.9181818181818182,
            "coverage_error": -1.0,
            "label_ranking_average_precision_score": -1.0,
            "label_ranking_loss": -1.0,
            "training_time": 12.570182154886425,
            "test_time": 0.11943171732127666
        },
        {
            "seed": "11",
            "accuracy_score": 0.9427480916030534,
            "average_precision_score": 0.9179667675805173,
            "balanced_accuracy_score": 0.9322689888727624,
            "cohen_kappa_score": 0.8791587233257487,
            "f1_score_macro": 0.9394667529226931,
            "f1_score_micro": 0.9427480916030534,
            "f1_score_weighted": 0.942156374791841,
            "matthews_corrcoef": 0.882631188366332,
            "precision_score": 0.9221556886227545,
            "recall_score": 0.9871794871794872,
            "roc_auc_score": 0.9322689888727624,
            "coverage_error": -1.0,
            "label_ranking_average_precision_score": -1.0,
            "label_ranking_loss": -1.0,
            "training_time": 12.3532141642645,
            "test_time": 0.13529350981116295
        },
        {
            "seed": "13",
            "accuracy_score": 0.9389312977099237,
            "average_precision_score": 0.9129427759357785,
            "balanced_accuracy_score": 0.9219135802469136,
            "cohen_kappa_score": 0.8670556894583281,
            "f1_score_macro": 0.9333206082585734,
            "f1_score_micro": 0.9389312977099237,
            "f1_score_weighted": 0.9378977496530959,
            "matthews_corrcoef": 0.872982318964747,
            "precision_score": 0.9147727272727273,
            "recall_score": 0.9938271604938271,
            "roc_auc_score": 0.9219135802469136,
            "coverage_error": -1.0,
            "label_ranking_average_precision_score": -1.0,
            "label_ranking_loss": -1.0,
            "training_time": 11.598146123811603,
            "test_time": 0.12651254329830408
        },
        {
            "seed": "17",
            "accuracy_score": 0.9351145038167938,
            "average_precision_score": 0.9038547445572664,
            "balanced_accuracy_score": 0.9220078384082002,
            "cohen_kappa_score": 0.8627426810477659,
            "f1_score_macro": 0.9311325860069579,
            "f1_score_micro": 0.9351145038167938,
            "f1_score_weighted": 0.9341664281477854,
            "matthews_corrcoef": 0.8691402785454277,
            "precision_score": 0.9058823529411765,
            "recall_score": 0.9935483870967742,
            "roc_auc_score": 0.9220078384082002,
            "coverage_error": -1.0,
            "label_ranking_average_precision_score": -1.0,
            "label_ranking_loss": -1.0,
            "training_time": 11.173870969563723,
            "test_time": 0.12641986180096865
        },
        {
            "seed": "19",
            "accuracy_score": 0.9465648854961832,
            "average_precision_score": 0.9297726125043155,
            "balanced_accuracy_score": 0.9207045530076438,
            "cohen_kappa_score": 0.8734561512454289,
            "f1_score_macro": 0.9365705194715362,
            "f1_score_micro": 0.9465648854961832,
            "f1_score_weighted": 0.9454116894164162,
            "matthews_corrcoef": 0.8786400021990473,
            "precision_score": 0.9312169312169312,
            "recall_score": 0.9943502824858758,
            "roc_auc_score": 0.9207045530076438,
            "coverage_error": -1.0,
            "label_ranking_average_precision_score": -1.0,
            "label_ranking_loss": -1.0,
            "training_time": 12.465198457241058,
            "test_time": 0.12111490592360497
        },
        {
            "seed": "23",
            "accuracy_score": 0.9541984732824428,
            "average_precision_score": 0.9344880942938532,
            "balanced_accuracy_score": 0.9413769597818678,
            "cohen_kappa_score": 0.9006132642093949,
            "f1_score_macro": 0.9502279635258357,
            "f1_score_micro": 0.9541984732824428,
            "f1_score_weighted": 0.9536619179099283,
            "matthews_corrcoef": 0.9037181387248306,
            "precision_score": 0.9364161849710982,
            "recall_score": 0.9938650306748467,
            "roc_auc_score": 0.9413769597818678,
            "coverage_error": -1.0,
            "label_ranking_average_precision_score": -1.0,
            "label_ranking_loss": -1.0,
            "training_time": 12.85043513868004,
            "test_time": 0.11880265083163977
        },
        {
            "seed": "29",
            "accuracy_score": 0.9656488549618321,
            "average_precision_score": 0.9611775084851678,
            "balanced_accuracy_score": 0.9569458128078818,
            "cohen_kappa_score": 0.9218843172331544,
            "f1_score_macro": 0.9609363351722082,