{
    "id": 40945,
    "framework": "lightwood",
    "results": [
        {
            "seed": "2",
            "accuracy_score": 0.9732824427480916,
            "average_precision_score": 0.9615384615384616,
            "balanced_accuracy_score": 0.9597701149425287,
            "cohen_kappa_score": 0.9385265133740028,
            "f1_score_macro": 0.9692379945990373,
            "f1_score_micro": 0.9732824427480916,
            "f1_score_weighted": 0.9729844307792139,
            "matthews_corrcoef": 0.9403048962790747,
            "precision_score": 0.9615384615384616,
            "recall_score": 1.0,
            "roc_auc_score": 0.9597701149425287,
            "coverage_error": -1.0,
            "label_ranking_average_precision_score": -1.0,
            "label_ranking_loss": -1.0,
            "training_time": 57.06691023299936,
            "test_time": 0.11004470699845115
        },
        {
            "seed": "3",
            "accuracy_score": 0.9656488549618321,
            "average_precision_score": 0.9457958697431733,
            "balanced_accuracy_score": 0.961533902323376,
            "cohen_kappa_score": 0.9296245448576375,
            "f1_score_macro": 0.9647865239012587,
            "f1_score_micro": 0.9656488549618321,
            "f1_score_weighted": 0.9655016277075879,
            "matthews_corrcoef": 0.931020297019391,
            "precision_score": 0.9483870967741935,
            "recall_score": 0.9932432432432432,
            "roc_auc_score": 0.961533902323376,
            "coverage_error": -1.0,
            "label_ranking_average_precision_score": -1.0,
            "label_ranking_loss": -1.0,
            "training_time": 66.01240885399966,
            "test_time": 0.11341545699906419
        },
        {
            "seed": "5",
            "accuracy_score": 0.9618320610687023,
            "average_precision_score": 0.9482567506316445,
            "balanced_accuracy_score": 0.9538271604938271,
            "cohen_kappa_score": 0.918196577994255,
            "f1_score_macro": 0.9590752889721961,
            "f1_score_micro": 0.9618320610687023,
            "f1_score_weighted": 0.9615888164719517,
            "matthews_corrcoef": 0.9193045700916218,
            "precision_score": 0.9523809523809523,
            "recall_score": 0.9876543209876543,
            "roc_auc_score": 0.9538271604938272,
            "coverage_error": -1.0,
            "label_ranking_average_precision_score": -1.0,
            "label_ranking_loss": -1.0,
            "training_time": 71.05896413500159,
            "test_time": 0.1371290589995624
        },
        {
            "seed": "7",
            "accuracy_score": 0.9732824427480916,
            "average_precision_score": 0.9559748427672956,
            "balanced_accuracy_score": 0.9681818181818183,
            "cohen_kappa_score": 0.9446690400048271,
            "f1_score_macro": 0.9723140558247664,
            "f1_score_micro": 0.9732824427480916,
            "f1_score_weighted": 0.9731441017590451,
            "matthews_corrcoef": 0.9461184281292382,
            "precision_score": 0.9559748427672956,
            "recall_score": 1.0,
            "roc_auc_score": 0.9681818181818183,
            "coverage_error": -1.0,
            "label_ranking_average_precision_score": -1.0,
            "label_ranking_loss": -1.0,
            "training_time": 64.72185409200029,
            "test_time": 0.10709456600307021
        },
        {
            "seed": "11",
            "accuracy_score": 0.9656488549618321,
            "average_precision_score": 0.9486413966931926,
            "balanced_accuracy_score": 0.959059022738268,
            "cohen_kappa_score": 0.9279383900739564,
            "f1_score_macro": 0.9639421974157045,
            "f1_score_micro": 0.9656488549618321,
            "f1_score_weighted": 0.9654392654386234,
            "matthews_corrcoef": 0.9293993315353264,
            "precision_score": 0.950920245398773,
            "recall_score": 0.9935897435897436,
            "roc_auc_score": 0.959059022738268,
            "coverage_error": -1.0,
            "label_ranking_average_precision_score": -1.0,
            "label_ranking_loss": -1.0,
            "training_time": 61.29243201900317,
            "test_time": 0.10207515599904582
        },
        {
            "seed": "13",
            "accuracy_score": 0.9541984732824428,
            "average_precision_score": 0.93719059577464,
            "balanced_accuracy_score": 0.9438271604938271,
            "cohen_kappa_score": 0.9014543630892677,
            "f1_score_macro": 0.9506777108433735,
            "f1_score_micro": 0.9541984732824428,
            "f1_score_weighted": 0.9537961004322635,
            "matthews_corrcoef": 0.9034060703053793,
            "precision_score": 0.9411764705882353,
            "recall_score": 0.9876543209876543,
            "roc_auc_score": 0.9438271604938272,
            "coverage_error": -1.0,
            "label_ranking_average_precision_score": -1.0,
            "label_ranking_loss": -1.0,
            "training_time": 63.75433106499986,
            "test_time": 0.10466259600070771
        },
        {
            "seed": "17",
            "accuracy_score": 0.9618320610687023,
            "average_precision_score": 0.9489224855544147,
            "balanced_accuracy_score": 0.9576123002713295,
            "cohen_kappa_score": 0.9205530960033962,
            "f1_score_macro": 0.9602669093114952,
            "f1_score_micro": 0.9618320610687023,
            "f1_score_weighted": 0.9617116647796863,
            "matthews_corrcoef": 0.9210182769089101,
            "precision_score": 0.9559748427672956,
            "recall_score": 0.9806451612903225,
            "roc_auc_score": 0.9576123002713294,
            "coverage_error": -1.0,
            "label_ranking_average_precision_score": -1.0,
            "label_ranking_loss": -1.0,
            "training_time": 65.14300480200109,
            "test_time": 0.1052563299999747
        },
        {
            "seed": "19",
            "accuracy_score": 0.9770992366412213,
            "average_precision_score": 0.9706988365313293,
            "balanced_accuracy_score": 0.9677633765370555,
            "cohen_kappa_score": 0.9471098849337192,
            "f1_score_macro": 0.973547822575217,
            "f1_score_micro": 0.9770992366412213,
            "f1_score_weighted": 0.9769512610551377,
            "matthews_corrcoef": 0.947699192571955,
            "precision_score": 0.9723756906077348,
            "recall_score": 0.9943502824858758,
            "roc_auc_score": 0.9677633765370555,
            "coverage_error": -1.0,
            "label_ranking_average_precision_score": -1.0,
            "label_ranking_loss": -1.0,
            "training_time": 63.48889497200071,
            "test_time": 0.1262880739996035
        },
        {
            "seed": "23",
            "accuracy_score": 0.9847328244274809,
            "average_precision_score": 0.9760479041916168,
            "balanced_accuracy_score": 0.9797979797979798,
            "cohen_kappa_score": 0.9672684115185208,
            "f1_score_macro": 0.9836301155888785,
            "f1_score_micro": 0.9847328244274809,
            "f1_score_weighted": 0.9846679592016808,
            "matthews_corrcoef": 0.9677869730650334,
            "precision_score": 0.9760479041916168,
            "recall_score": 1.0,
            "roc_auc_score": 0.9797979797979798,
            "coverage_error": -1.0,
            "label_ranking_average_precision_score": -1.0,
            "label_ranking_loss": -1.0,
            "training_time": 71.81667729800029,
            "test_time": 0.09596859700104687
        },
        {
            "seed": "29",
            "accuracy_score": 0.9618320610687023,
            "average_precision_score": 0.955871770346588,
            "balanced_accuracy_score": 0.9511986863711002,
            "cohen_kappa_score": 0.9129510266462888,
            "f1_score_macro": 0.956463941508807,