{
    "id": 40945,
    "framework": "autokeras",
    "results": [
        {
            "seed": "2",
            "accuracy_score": 0.9465648854961832,
            "average_precision_score": 0.958708936395372,
            "balanced_accuracy_score": 0.9484400656814449,
            "cohen_kappa_score": 0.8815933888566079,
            "f1_score_macro": 0.9407622739018087,
            "f1_score_micro": 0.9465648854961832,
            "f1_score_weighted": 0.9469894668323569,
            "matthews_corrcoef": 0.8827306924861993,
            "precision_score": 0.9763313609467456,
            "recall_score": 0.9428571428571428,
            "roc_auc_score": 0.948440065681445,
            "coverage_error": -1.0,
            "label_ranking_average_precision_score": -1.0,
            "label_ranking_loss": -1.0,
            "training_time": 33.60920078100753,
            "test_time": 0.6832964459899813
        },
        {
            "seed": "3",
            "accuracy_score": 0.9465648854961832,
            "average_precision_score": 0.9311890516470669,
            "balanced_accuracy_score": 0.9446420104314841,
            "cohen_kappa_score": 0.89107970067704,
            "f1_score_macro": 0.9455366157866603,
            "f1_score_micro": 0.9465648854961832,
            "f1_score_weighted": 0.9465077594012098,
            "matthews_corrcoef": 0.8911875921190237,
            "precision_score": 0.9466666666666667,
            "recall_score": 0.9594594594594594,
            "roc_auc_score": 0.9446420104314841,
            "coverage_error": -1.0,
            "label_ranking_average_precision_score": -1.0,
            "label_ranking_loss": -1.0,
            "training_time": 31.23512616699736,
            "test_time": 0.6949217299988959
        },
        {
            "seed": "5",
            "accuracy_score": 0.9351145038167938,
            "average_precision_score": 0.9286635642026766,
            "balanced_accuracy_score": 0.9303086419753086,
            "cohen_kappa_score": 0.8622673016265694,
            "f1_score_macro": 0.9311325860069579,
            "f1_score_micro": 0.9351145038167938,
            "f1_score_weighted": 0.9350512987721934,
            "matthews_corrcoef": 0.8622956031342732,
            "precision_score": 0.9447852760736196,
            "recall_score": 0.9506172839506173,
            "roc_auc_score": 0.9303086419753087,
            "coverage_error": -1.0,
            "label_ranking_average_precision_score": -1.0,
            "label_ranking_loss": -1.0,
            "training_time": 38.2675074620056,
            "test_time": 0.7642922739905771
        },
        {
            "seed": "7",
            "accuracy_score": 0.9351145038167938,
            "average_precision_score": 0.9132001561587968,
            "balanced_accuracy_score": 0.9290071770334928,
            "cohen_kappa_score": 0.8656248114402945,
            "f1_score_macro": 0.9327627070030041,
            "f1_score_micro": 0.9351145038167938,
            "f1_score_weighted": 0.9347785328433954,
            "matthews_corrcoef": 0.8669529234761146,
            "precision_score": 0.9245283018867925,
            "recall_score": 0.9671052631578947,
            "roc_auc_score": 0.9290071770334928,
            "coverage_error": -1.0,
            "label_ranking_average_precision_score": -1.0,
            "label_ranking_loss": -1.0,
            "training_time": 29.446075935993576,
            "test_time": 0.6445555449899985
        },
        {
            "seed": "11",
            "accuracy_score": 0.9580152671755725,
            "average_precision_score": 0.9371889772653131,
            "balanced_accuracy_score": 0.9496250604741171,
            "cohen_kappa_score": 0.9116547115443566,
            "f1_score_macro": 0.9557724475545939,
            "f1_score_micro": 0.9580152671755725,
            "f1_score_weighted": 0.9576731421486435,
            "matthews_corrcoef": 0.9140456738120082,
            "precision_score": 0.9393939393939394,
            "recall_score": 0.9935897435897436,
            "roc_auc_score": 0.9496250604741171,
            "coverage_error": -1.0,
            "label_ranking_average_precision_score": -1.0,
            "label_ranking_loss": -1.0,
            "training_time": 31.341082301005372,
            "test_time": 0.6391238639916992
        },
        {
            "seed": "13",
            "accuracy_score": 0.9541984732824428,
            "average_precision_score": 0.9468542193903703,
            "balanced_accuracy_score": 0.9495679012345679,
            "cohen_kappa_score": 0.9025901598711117,
            "f1_score_macro": 0.9512920617215095,
            "f1_score_micro": 0.9541984732824428,
            "f1_score_weighted": 0.9541076479211636,
            "matthews_corrcoef": 0.9027091332021572,
            "precision_score": 0.9573170731707317,
            "recall_score": 0.9691358024691358,
            "roc_auc_score": 0.9495679012345677,
            "coverage_error": -1.0,
            "label_ranking_average_precision_score": -1.0,
            "label_ranking_loss": -1.0,
            "training_time": 31.857039402006194,
            "test_time": 0.6423318180022761
        },
        {
            "seed": "17",
            "accuracy_score": 0.9541984732824428,
            "average_precision_score": 0.9469798476459795,
            "balanced_accuracy_score": 0.9526077781127524,
            "cohen_kappa_score": 0.905215556225505,
            "f1_score_macro": 0.9526077781127524,
            "f1_score_micro": 0.9541984732824428,
            "f1_score_weighted": 0.9541984732824428,
            "matthews_corrcoef": 0.905215556225505,
            "precision_score": 0.9612903225806452,
            "recall_score": 0.9612903225806452,
            "roc_auc_score": 0.9526077781127525,
            "coverage_error": -1.0,
            "label_ranking_average_precision_score": -1.0,
            "label_ranking_loss": -1.0,
            "training_time": 31.919186323997565,
            "test_time": 0.5173575270018773
        },
        {
            "seed": "19",
            "accuracy_score": 0.9580152671755725,
            "average_precision_score": 0.9479737990365666,
            "balanced_accuracy_score": 0.9414091060152875,
            "cohen_kappa_score": 0.9021259254228079,
            "f1_score_macro": 0.9510222116479445,
            "f1_score_micro": 0.9580152671755725,
            "f1_score_weighted": 0.9575208087039221,
            "matthews_corrcoef": 0.9038808118502586,
            "precision_score": 0.9510869565217391,
            "recall_score": 0.9887005649717514,
            "roc_auc_score": 0.9414091060152875,
            "coverage_error": -1.0,
            "label_ranking_average_precision_score": -1.0,
            "label_ranking_loss": -1.0,
            "training_time": 32.20067407800525,
            "test_time": 0.6819679679902038
        },
        {
            "seed": "23",
            "accuracy_score": 0.9694656488549618,
            "average_precision_score": 0.9565158173802608,
            "balanced_accuracy_score": 0.961578979983888,
            "cohen_kappa_score": 0.9342740671056757,
            "f1_score_macro": 0.9671184738955823,
            "f1_score_micro": 0.9694656488549618,
            "f1_score_weighted": 0.9692644624298721,
            "matthews_corrcoef": 0.9354112562607824,
            "precision_score": 0.9585798816568047,
            "recall_score": 0.9938650306748467,
            "roc_auc_score": 0.961578979983888,
            "coverage_error": -1.0,
            "label_ranking_average_precision_score": -1.0,
            "label_ranking_loss": -1.0,
            "training_time": 52.77600790500583,
            "test_time": 0.7550568029982969
        },
        {
            "seed": "29",
            "accuracy_score": 0.9389312977099237,
            "average_precision_score": 0.9445410707194232,
            "balanced_accuracy_score": 0.934055829228243,
            "cohen_kappa_score": 0.8631228368053288,