{
    "id": 40945,
    "framework": "autosklearn",
    "results": [
        {
            "seed": "2",
            "accuracy_score": 0.8969465648854962,
            "average_precision_score": 0.890127542553696,
            "balanced_accuracy_score": 0.8708374384236454,
            "cohen_kappa_score": 0.761480882055432,
            "f1_score_macro": 0.8805773613573056,
            "f1_score_micro": 0.8969465648854962,
            "f1_score_weighted": 0.8954277728055611,
            "matthews_corrcoef": 0.7638991133951547,
            "precision_score": 0.9021739130434783,
            "recall_score": 0.9485714285714286,
            "roc_auc_score": 0.8708374384236454,
            "coverage_error": -1.0,
            "label_ranking_average_precision_score": -1.0,
            "label_ranking_loss": -1.0,
            "training_time": 300.7636133199994,
            "test_time": 1.469959039997775
        },
        {
            "seed": "3",
            "accuracy_score": 0.9122137404580153,
            "average_precision_score": 0.8876014541708299,
            "balanced_accuracy_score": 0.9081910858226647,
            "cohen_kappa_score": 0.8205158753797581,
            "f1_score_macro": 0.9102245132070974,
            "f1_score_micro": 0.9122137404580153,
            "f1_score_weighted": 0.9119587113232821,
            "matthews_corrcoef": 0.8211411771298792,
            "precision_score": 0.9084967320261438,
            "recall_score": 0.9391891891891891,
            "roc_auc_score": 0.9081910858226647,
            "coverage_error": -1.0,
            "label_ranking_average_precision_score": -1.0,
            "label_ranking_loss": -1.0,
            "training_time": 305.421481116995,
            "test_time": 2.1804959299915936
        },
        {
            "seed": "5",
            "accuracy_score": 0.8435114503816794,
            "average_precision_score": 0.842402499222944,
            "balanced_accuracy_score": 0.8351851851851853,
            "cohen_kappa_score": 0.6690900129382047,
            "f1_score_macro": 0.8345424579886943,
            "f1_score_micro": 0.8435114503816794,
            "f1_score_weighted": 0.8436584830438595,
            "matthews_corrcoef": 0.6691118064795104,
            "precision_score": 0.8757763975155279,
            "recall_score": 0.8703703703703703,
            "roc_auc_score": 0.8351851851851851,
            "coverage_error": -1.0,
            "label_ranking_average_precision_score": -1.0,
            "label_ranking_loss": -1.0,
            "training_time": 307.6709817999945,
            "test_time": 1.9139922610047506
        },
        {
            "seed": "7",
            "accuracy_score": 0.8969465648854962,
            "average_precision_score": 0.8626423328513724,
            "balanced_accuracy_score": 0.8848086124401914,
            "cohen_kappa_score": 0.7843950015239256,
            "f1_score_macro": 0.8918265922471136,
            "f1_score_micro": 0.8969465648854962,
            "f1_score_weighted": 0.8955992036648692,
            "matthews_corrcoef": 0.7900832913665577,
            "precision_score": 0.874251497005988,
            "recall_score": 0.9605263157894737,
            "roc_auc_score": 0.8848086124401914,
            "coverage_error": -1.0,
            "label_ranking_average_precision_score": -1.0,
            "label_ranking_loss": -1.0,
            "training_time": 298.22425252001267,
            "test_time": 2.257539320999058
        },
        {
            "seed": "11",
            "accuracy_score": 0.9007633587786259,
            "average_precision_score": 0.8763792692791129,
            "balanced_accuracy_score": 0.8894533139816159,
            "cohen_kappa_score": 0.7908633181874003,
            "f1_score_macro": 0.8952708935489821,
            "f1_score_micro": 0.9007633587786259,
            "f1_score_weighted": 0.8998479479070186,
            "matthews_corrcoef": 0.7934342993973997,
            "precision_score": 0.891566265060241,
            "recall_score": 0.9487179487179487,
            "roc_auc_score": 0.8894533139816159,
            "coverage_error": -1.0,
            "label_ranking_average_precision_score": -1.0,
            "label_ranking_loss": -1.0,
            "training_time": 301.2187340249948,
            "test_time": 2.1285666699986905
        },
        {
            "seed": "13",
            "accuracy_score": 0.8740458015267175,
            "average_precision_score": 0.8605248879275107,
            "balanced_accuracy_score": 0.8598765432098765,
            "cohen_kappa_score": 0.729525120440468,
            "f1_score_macro": 0.8646588294225381,
            "f1_score_micro": 0.8740458015267174,
            "f1_score_weighted": 0.8730935000089023,
            "matthews_corrcoef": 0.7307287868158031,
            "precision_score": 0.8816568047337278,
            "recall_score": 0.9197530864197531,
            "roc_auc_score": 0.8598765432098766,
            "coverage_error": -1.0,
            "label_ranking_average_precision_score": -1.0,
            "label_ranking_loss": -1.0,
            "training_time": 302.4572368779918,
            "test_time": 1.8255568189924816
        },
        {
            "seed": "17",
            "accuracy_score": 0.916030534351145,
            "average_precision_score": 0.8883132528343952,
            "balanced_accuracy_score": 0.9044317154054868,
            "cohen_kappa_score": 0.8231576363747929,
            "f1_score_macro": 0.9113830637722158,
            "f1_score_micro": 0.916030534351145,
            "f1_score_weighted": 0.9151010402353591,
            "matthews_corrcoef": 0.8270140749311393,
            "precision_score": 0.8982035928143712,
            "recall_score": 0.967741935483871,
            "roc_auc_score": 0.9044317154054868,
            "coverage_error": -1.0,
            "label_ranking_average_precision_score": -1.0,
            "label_ranking_loss": -1.0,
            "training_time": 305.9616112090007,
            "test_time": 2.9821150170027977
        },
        {
            "seed": "19",
            "accuracy_score": 0.9045801526717557,
            "average_precision_score": 0.895211366603994,
            "balanced_accuracy_score": 0.8743436357593886,
            "cohen_kappa_score": 0.7747437925579476,
            "f1_score_macro": 0.8871370724562764,
            "f1_score_micro": 0.9045801526717557,
            "f1_score_weighted": 0.9027172994448599,
            "matthews_corrcoef": 0.7785773428006405,
            "precision_score": 0.9042553191489362,
            "recall_score": 0.96045197740113,
            "roc_auc_score": 0.8743436357593886,
            "coverage_error": -1.0,
            "label_ranking_average_precision_score": -1.0,
            "label_ranking_loss": -1.0,
            "training_time": 300.5115500210086,
            "test_time": 0.8257005599880358
        },
        {
            "seed": "23",
            "accuracy_score": 0.8740458015267175,
            "average_precision_score": 0.8493823402384261,
            "balanced_accuracy_score": 0.8491974964367602,
            "cohen_kappa_score": 0.7227602129160521,
            "f1_score_macro": 0.8607348227373033,
            "f1_score_micro": 0.8740458015267174,
            "f1_score_weighted": 0.8712521393116553,
            "matthews_corrcoef": 0.7302462539733049,
            "precision_score": 0.8611111111111112,
            "recall_score": 0.950920245398773,
            "roc_auc_score": 0.8491974964367601,
            "coverage_error": -1.0,
            "label_ranking_average_precision_score": -1.0,
            "label_ranking_loss": -1.0,
            "training_time": 303.2722033149912,
            "test_time": 2.4276224600034766
        },
        {
            "seed": "29",
            "accuracy_score": 0.8816793893129771,
            "average_precision_score": 0.8855699459644909,
            "balanced_accuracy_score": 0.8622988505747127,
            "cohen_kappa_score": 0.7309348704697542,
            "f1_score_macro": 0.8654473767042725,