{
    "id": 40945,
    "framework": "autopytorch",
    "results": [
        {
            "seed": "2",
            "accuracy_score": 0.9885496183206107,
            "average_precision_score": 0.9868038068801428,
            "balanced_accuracy_score": 0.985648604269294,
            "cohen_kappa_score": 0.9741123773137474,
            "f1_score_macro": 0.9870559754952819,
            "f1_score_micro": 0.9885496183206107,
            "f1_score_weighted": 0.9885328358169554,
            "matthews_corrcoef": 0.9741486471129969,
            "precision_score": 0.9886363636363636,
            "recall_score": 0.9942857142857143,
            "roc_auc_score": 0.9856486042692939,
            "coverage_error": -1.0,
            "label_ranking_average_precision_score": -1.0,
            "label_ranking_loss": -1.0,
            "training_time": 313.8948187176138,
            "test_time": 4.131079841405153
        },
        {
            "seed": "3",
            "accuracy_score": 0.9732824427480916,
            "average_precision_score": 0.9614549588261737,
            "balanced_accuracy_score": 0.9713134186818397,
            "cohen_kappa_score": 0.94548481065335,
            "f1_score_macro": 0.9727387588257155,
            "f1_score_micro": 0.9732824427480916,
            "f1_score_weighted": 0.973238360267899,
            "matthews_corrcoef": 0.9457429676394985,
            "precision_score": 0.9668874172185431,
            "recall_score": 0.9864864864864865,
            "roc_auc_score": 0.9713134186818397,
            "coverage_error": -1.0,
            "label_ranking_average_precision_score": -1.0,
            "label_ranking_loss": -1.0,
            "training_time": 321.8329354021698,
            "test_time": 4.020927648060024
        },
        {
            "seed": "5",
            "accuracy_score": 0.9618320610687023,
            "average_precision_score": 0.9617896522476674,
            "balanced_accuracy_score": 0.9614814814814814,
            "cohen_kappa_score": 0.9194441028163818,
            "f1_score_macro": 0.9597195744419162,
            "f1_score_micro": 0.9618320610687023,
            "f1_score_weighted": 0.9619024772895951,
            "matthews_corrcoef": 0.9195634561524656,
            "precision_score": 0.975,
            "recall_score": 0.9629629629629629,
            "roc_auc_score": 0.9614814814814814,
            "coverage_error": -1.0,
            "label_ranking_average_precision_score": -1.0,
            "label_ranking_loss": -1.0,
            "training_time": 334.3670139973983,
            "test_time": 1.866341712884605
        },
        {
            "seed": "7",
            "accuracy_score": 0.9770992366412213,
            "average_precision_score": 0.9620253164556962,
            "balanced_accuracy_score": 0.9727272727272727,
            "cohen_kappa_score": 0.952633481981439,
            "f1_score_macro": 0.9763038890563762,
            "f1_score_micro": 0.9770992366412213,
            "f1_score_weighted": 0.9769998181931158,
            "matthews_corrcoef": 0.9537039416325098,
            "precision_score": 0.9620253164556962,
            "recall_score": 1.0,
            "roc_auc_score": 0.9727272727272727,
            "coverage_error": -1.0,
            "label_ranking_average_precision_score": -1.0,
            "label_ranking_loss": -1.0,
            "training_time": 314.70151074882597,
            "test_time": 3.432126465253532
        },
        {
            "seed": "11",
            "accuracy_score": 0.9694656488549618,
            "average_precision_score": 0.957793844196516,
            "balanced_accuracy_score": 0.9652878567972908,
            "cohen_kappa_score": 0.9362375273789243,
            "f1_score_macro": 0.9681110029211295,
            "f1_score_micro": 0.9694656488549618,
            "f1_score_weighted": 0.969365304711715,
            "matthews_corrcoef": 0.9367136924990918,
            "precision_score": 0.9625,
            "recall_score": 0.9871794871794872,
            "roc_auc_score": 0.9652878567972909,
            "coverage_error": -1.0,
            "label_ranking_average_precision_score": -1.0,
            "label_ranking_loss": -1.0,
            "training_time": 323.40534786880016,
            "test_time": 0.4323398042470217
        },
        {
            "seed": "13",
            "accuracy_score": 0.9694656488549618,
            "average_precision_score": 0.9562344893663809,
            "balanced_accuracy_score": 0.9619135802469136,
            "cohen_kappa_score": 0.934557262395404,
            "f1_score_macro": 0.967260231177757,
            "f1_score_micro": 0.9694656488549618,
            "f1_score_weighted": 0.9692710531775615,
            "matthews_corrcoef": 0.9356849970070193,
            "precision_score": 0.9583333333333334,
            "recall_score": 0.9938271604938271,
            "roc_auc_score": 0.9619135802469134,
            "coverage_error": -1.0,
            "label_ranking_average_precision_score": -1.0,
            "label_ranking_loss": -1.0,
            "training_time": 314.307903627865,
            "test_time": 2.4498324375599623
        },
        {
            "seed": "17",
            "accuracy_score": 0.9694656488549618,
            "average_precision_score": 0.960864805349001,
            "balanced_accuracy_score": 0.9669580946638529,
            "cohen_kappa_score": 0.9366269577311483,
            "f1_score_macro": 0.9683115626511852,
            "f1_score_micro": 0.9694656488549618,
            "f1_score_weighted": 0.9694194854068106,
            "matthews_corrcoef": 0.9367445307192261,
            "precision_score": 0.9681528662420382,
            "recall_score": 0.9806451612903225,
            "roc_auc_score": 0.9669580946638527,
            "coverage_error": -1.0,
            "label_ranking_average_precision_score": -1.0,
            "label_ranking_loss": -1.0,
            "training_time": 320.8980931658298,
            "test_time": 2.0664392253383994
        },
        {
            "seed": "19",
            "accuracy_score": 0.9770992366412213,
            "average_precision_score": 0.9706988365313293,
            "balanced_accuracy_score": 0.9677633765370555,
            "cohen_kappa_score": 0.9471098849337192,
            "f1_score_macro": 0.973547822575217,
            "f1_score_micro": 0.9770992366412213,
            "f1_score_weighted": 0.9769512610551377,
            "matthews_corrcoef": 0.947699192571955,
            "precision_score": 0.9723756906077348,
            "recall_score": 0.9943502824858758,
            "roc_auc_score": 0.9677633765370555,
            "coverage_error": -1.0,
            "label_ranking_average_precision_score": -1.0,
            "label_ranking_loss": -1.0,
            "training_time": 325.3665067087859,
            "test_time": 3.1881266413256526
        },
        {
            "seed": "23",
            "accuracy_score": 0.9809160305343512,
            "average_precision_score": 0.9772954163063852,
            "balanced_accuracy_score": 0.9787135155233315,
            "cohen_kappa_score": 0.9593294008072027,
            "f1_score_macro": 0.9796643847312129,
            "f1_score_micro": 0.9809160305343512,
            "f1_score_weighted": 0.9808967744450722,
            "matthews_corrcoef": 0.9593611388720793,
            "precision_score": 0.9817073170731707,
            "recall_score": 0.9877300613496932,
            "roc_auc_score": 0.9787135155233315,
            "coverage_error": -1.0,
            "label_ranking_average_precision_score": -1.0,
            "label_ranking_loss": -1.0,
            "training_time": 344.79499878175557,
            "test_time": 2.0253272699192166
        },
        {
            "seed": "29",
            "accuracy_score": 0.9770992366412213,
            "average_precision_score": 0.9774585449446954,
            "balanced_accuracy_score": 0.9741871921182266,
            "cohen_kappa_score": 0.9483743842364531,
            "f1_score_macro": 0.9741871921182266,