{
    "id": 36,
    "framework": "flaml",
    "results": [
        {
            "seed": "2",
            "accuracy_score": 0.987012987012987,
            "average_precision_score": -1.0,
            "balanced_accuracy_score": 0.985539488320356,
            "cohen_kappa_score": 0.9848326502919112,
            "f1_score_macro": 0.9861971333982276,
            "f1_score_micro": 0.987012987012987,
            "f1_score_weighted": 0.9869655442355145,
            "matthews_corrcoef": 0.9849135327217571,
            "precision_score": -1.0,
            "recall_score": -1.0,
            "roc_auc_score": -1.0,
            "coverage_error": -1.0,
            "label_ranking_average_precision_score": -1.0,
            "label_ranking_loss": -1.0,
            "training_time": 299.81940260300325,
            "test_time": 0.020360417001938913
        },
        {
            "seed": "3",
            "accuracy_score": 0.9783549783549783,
            "average_precision_score": -1.0,
            "balanced_accuracy_score": 0.9789711177401745,
            "cohen_kappa_score": 0.9746936673915306,
            "f1_score_macro": 0.9787555350488939,
            "f1_score_micro": 0.9783549783549783,
            "f1_score_weighted": 0.9786424885399091,
            "matthews_corrcoef": 0.9747844416394341,
            "precision_score": -1.0,
            "recall_score": -1.0,
            "roc_auc_score": -1.0,
            "coverage_error": -1.0,
            "label_ranking_average_precision_score": -1.0,
            "label_ranking_loss": -1.0,
            "training_time": 299.94226298300055,
            "test_time": 0.009662327000114601
        },
        {
            "seed": "5",
            "accuracy_score": 0.9891774891774892,
            "average_precision_score": -1.0,
            "balanced_accuracy_score": 0.9895658263305324,
            "cohen_kappa_score": 0.9873585359980737,
            "f1_score_macro": 0.9894135869682242,
            "f1_score_micro": 0.9891774891774892,
            "f1_score_weighted": 0.9891794119410456,
            "matthews_corrcoef": 0.9873855536814217,
            "precision_score": -1.0,
            "recall_score": -1.0,
            "roc_auc_score": -1.0,
            "coverage_error": -1.0,
            "label_ranking_average_precision_score": -1.0,
            "label_ranking_loss": -1.0,
            "training_time": 300.75201776899485,
            "test_time": 0.007441242996719666
        },
        {
            "seed": "7",
            "accuracy_score": 0.974025974025974,
            "average_precision_score": -1.0,
            "balanced_accuracy_score": 0.9724401010115297,
            "cohen_kappa_score": 0.9696540097321736,
            "f1_score_macro": 0.9721322657725125,
            "f1_score_micro": 0.974025974025974,
            "f1_score_weighted": 0.9742463497392954,
            "matthews_corrcoef": 0.969669944061699,
            "precision_score": -1.0,
            "recall_score": -1.0,
            "roc_auc_score": -1.0,
            "coverage_error": -1.0,
            "label_ranking_average_precision_score": -1.0,
            "label_ranking_loss": -1.0,
            "training_time": 299.84439004999876,
            "test_time": 0.020969249999325257
        },
        {
            "seed": "11",
            "accuracy_score": 0.9913419913419913,
            "average_precision_score": -1.0,
            "balanced_accuracy_score": 0.9912743972445465,
            "cohen_kappa_score": 0.9898892633606162,
            "f1_score_macro": 0.9911088982729618,
            "f1_score_micro": 0.9913419913419913,
            "f1_score_weighted": 0.9913248300494977,
            "matthews_corrcoef": 0.9899271758487935,
            "precision_score": -1.0,
            "recall_score": -1.0,
            "roc_auc_score": -1.0,
            "coverage_error": -1.0,
            "label_ranking_average_precision_score": -1.0,
            "label_ranking_loss": -1.0,
            "training_time": 301.3055438320007,
            "test_time": 0.007554082003480289
        },
        {
            "seed": "13",
            "accuracy_score": 0.9826839826839827,
            "average_precision_score": -1.0,
            "balanced_accuracy_score": 0.9831923164181047,
            "cohen_kappa_score": 0.9797632475169461,
            "f1_score_macro": 0.9829596856263895,
            "f1_score_micro": 0.9826839826839827,
            "f1_score_weighted": 0.982746320088867,
            "matthews_corrcoef": 0.9798061659999432,
            "precision_score": -1.0,
            "recall_score": -1.0,
            "roc_auc_score": -1.0,
            "coverage_error": -1.0,
            "label_ranking_average_precision_score": -1.0,
            "label_ranking_loss": -1.0,
            "training_time": 305.5344072010048,
            "test_time": 0.007278563003637828
        },
        {
            "seed": "17",
            "accuracy_score": 0.9805194805194806,
            "average_precision_score": -1.0,
            "balanced_accuracy_score": 0.9810490759524945,
            "cohen_kappa_score": 0.9772468589940025,
            "f1_score_macro": 0.9813436600971236,
            "f1_score_micro": 0.9805194805194806,
            "f1_score_weighted": 0.9804836451486234,
            "matthews_corrcoef": 0.9772896533603319,
            "precision_score": -1.0,
            "recall_score": -1.0,
            "roc_auc_score": -1.0,
            "coverage_error": -1.0,
            "label_ranking_average_precision_score": -1.0,
            "label_ranking_loss": -1.0,
            "training_time": 300.9647451280034,
            "test_time": 0.010866959004488308
        },
        {
            "seed": "19",
            "accuracy_score": 0.9891774891774892,
            "average_precision_score": -1.0,
            "balanced_accuracy_score": 0.9903733645356877,
            "cohen_kappa_score": 0.9873309421172135,
            "f1_score_macro": 0.9899107237403888,
            "f1_score_micro": 0.9891774891774892,
            "f1_score_weighted": 0.9891725512612534,
            "matthews_corrcoef": 0.9873796870006735,
            "precision_score": -1.0,
            "recall_score": -1.0,
            "roc_auc_score": -1.0,
            "coverage_error": -1.0,
            "label_ranking_average_precision_score": -1.0,
            "label_ranking_loss": -1.0,
            "training_time": 303.5766618349953,
            "test_time": 0.007625878999533597
        },
        {
            "seed": "23",
            "accuracy_score": 0.9783549783549783,
            "average_precision_score": -1.0,
            "balanced_accuracy_score": 0.9779414606790706,
            "cohen_kappa_score": 0.9747066906825361,
            "f1_score_macro": 0.9776283852751029,
            "f1_score_micro": 0.9783549783549783,
            "f1_score_weighted": 0.9784470580860231,
            "matthews_corrcoef": 0.9747227055924789,
            "precision_score": -1.0,
            "recall_score": -1.0,
            "roc_auc_score": -1.0,
            "coverage_error": -1.0,
            "label_ranking_average_precision_score": -1.0,
            "label_ranking_loss": -1.0,
            "training_time": 300.57444351500453,
            "test_time": 0.045699167996644974
        },
        {
            "seed": "29",
            "accuracy_score": 0.9783549783549783,
            "average_precision_score": -1.0,
            "balanced_accuracy_score": 0.9777887072691553,
            "cohen_kappa_score": 0.974696716597749,
            "f1_score_macro": 0.9783915289771555,
            "f1_score_micro": 0.9783549783549783,
            "f1_score_weighted": 0.9783542130710882,
            "matthews_corrcoef": 0.9747661533565826,
            "precision_score": -1.0,
            "recall_score": -1.0,
            "roc_auc_score": -1.0,
            "coverage_error": -1.0,
            "label_ranking_average_precision_score": -1.0,
            "label_ranking_loss": -1.0,
            "training_time": 301.22931663099735,