{
    "id": 36,
    "framework": "mljar",
    "results": [
        {
            "seed": "2",
            "accuracy_score": 0.9805194805194806,
            "average_precision_score": -1.0,
            "balanced_accuracy_score": 0.9791733054835848,
            "cohen_kappa_score": 0.9772530827051216,
            "f1_score_macro": 0.9793617700286223,
            "f1_score_micro": 0.9805194805194806,
            "f1_score_weighted": 0.9805789314827386,
            "matthews_corrcoef": 0.9772691233346043,
            "precision_score": -1.0,
            "recall_score": -1.0,
            "roc_auc_score": -1.0,
            "coverage_error": -1.0,
            "label_ranking_average_precision_score": -1.0,
            "label_ranking_loss": -1.0,
            "training_time": 47.306702171001234,
            "test_time": 0.05164064699783921
        },
        {
            "seed": "3",
            "accuracy_score": 0.9761904761904762,
            "average_precision_score": -1.0,
            "balanced_accuracy_score": 0.9767428685809791,
            "cohen_kappa_score": 0.9721601367341572,
            "f1_score_macro": 0.9766599764904323,
            "f1_score_micro": 0.9761904761904762,
            "f1_score_weighted": 0.976326575304636,
            "matthews_corrcoef": 0.9722453541958116,
            "precision_score": -1.0,
            "recall_score": -1.0,
            "roc_auc_score": -1.0,
            "coverage_error": -1.0,
            "label_ranking_average_precision_score": -1.0,
            "label_ranking_loss": -1.0,
            "training_time": 50.631356851998135,
            "test_time": 0.1914008060048218
        },
        {
            "seed": "5",
            "accuracy_score": 0.9848484848484849,
            "average_precision_score": -1.0,
            "balanced_accuracy_score": 0.9853074563158597,
            "cohen_kappa_score": 0.9823017566901987,
            "f1_score_macro": 0.9851531835034688,
            "f1_score_micro": 0.9848484848484849,
            "f1_score_weighted": 0.9848471845081453,
            "matthews_corrcoef": 0.9823125087384786,
            "precision_score": -1.0,
            "recall_score": -1.0,
            "roc_auc_score": -1.0,
            "coverage_error": -1.0,
            "label_ranking_average_precision_score": -1.0,
            "label_ranking_loss": -1.0,
            "training_time": 44.24372112900164,
            "test_time": 0.06578919099410996
        },
        {
            "seed": "7",
            "accuracy_score": 0.9761904761904762,
            "average_precision_score": -1.0,
            "balanced_accuracy_score": 0.9731612303040874,
            "cohen_kappa_score": 0.9721723322235851,
            "f1_score_macro": 0.9736128106948776,
            "f1_score_micro": 0.9761904761904762,
            "f1_score_weighted": 0.9759696598878693,
            "matthews_corrcoef": 0.9722096266520099,
            "precision_score": -1.0,
            "recall_score": -1.0,
            "roc_auc_score": -1.0,
            "coverage_error": -1.0,
            "label_ranking_average_precision_score": -1.0,
            "label_ranking_loss": -1.0,
            "training_time": 45.34999657700246,
            "test_time": 0.05587340900092386
        },
        {
            "seed": "11",
            "accuracy_score": 0.9848484848484849,
            "average_precision_score": -1.0,
            "balanced_accuracy_score": 0.9848122027226506,
            "cohen_kappa_score": 0.9823064044906936,
            "f1_score_macro": 0.9845650625677235,
            "f1_score_micro": 0.9848484848484849,
            "f1_score_weighted": 0.9847825074515648,
            "matthews_corrcoef": 0.9823279027473376,
            "precision_score": -1.0,
            "recall_score": -1.0,
            "roc_auc_score": -1.0,
            "coverage_error": -1.0,
            "label_ranking_average_precision_score": -1.0,
            "label_ranking_loss": -1.0,
            "training_time": 45.710540763997415,
            "test_time": 0.09048092100420035
        },
        {
            "seed": "13",
            "accuracy_score": 0.9826839826839827,
            "average_precision_score": -1.0,
            "balanced_accuracy_score": 0.9826894075014376,
            "cohen_kappa_score": 0.9797571515420385,
            "f1_score_macro": 0.9833060171335104,
            "f1_score_micro": 0.9826839826839827,
            "f1_score_weighted": 0.9827304745768357,
            "matthews_corrcoef": 0.9798806474174324,
            "precision_score": -1.0,
            "recall_score": -1.0,
            "roc_auc_score": -1.0,
            "coverage_error": -1.0,
            "label_ranking_average_precision_score": -1.0,
            "label_ranking_loss": -1.0,
            "training_time": 44.89500061199942,
            "test_time": 0.06696751899289666
        },
        {
            "seed": "17",
            "accuracy_score": 0.9653679653679653,
            "average_precision_score": -1.0,
            "balanced_accuracy_score": 0.9666374427546144,
            "cohen_kappa_score": 0.9595482006829524,
            "f1_score_macro": 0.9671882506280381,
            "f1_score_micro": 0.9653679653679653,
            "f1_score_weighted": 0.9654883290074456,
            "matthews_corrcoef": 0.9595849767496616,
            "precision_score": -1.0,
            "recall_score": -1.0,
            "roc_auc_score": -1.0,
            "coverage_error": -1.0,
            "label_ranking_average_precision_score": -1.0,
            "label_ranking_loss": -1.0,
            "training_time": 45.18125317199883,
            "test_time": 0.04863912900327705
        },
        {
            "seed": "19",
            "accuracy_score": 0.9805194805194806,
            "average_precision_score": -1.0,
            "balanced_accuracy_score": 0.9820957919032592,
            "cohen_kappa_score": 0.9771949453731736,
            "f1_score_macro": 0.9817363450276488,
            "f1_score_micro": 0.9805194805194806,
            "f1_score_weighted": 0.9805472077892106,
            "matthews_corrcoef": 0.9772860673086211,
            "precision_score": -1.0,
            "recall_score": -1.0,
            "roc_auc_score": -1.0,
            "coverage_error": -1.0,
            "label_ranking_average_precision_score": -1.0,
            "label_ranking_loss": -1.0,
            "training_time": 45.39540606200171,
            "test_time": 0.08808143500209553
        },
        {
            "seed": "23",
            "accuracy_score": 0.9761904761904762,
            "average_precision_score": -1.0,
            "balanced_accuracy_score": 0.9744704626665958,
            "cohen_kappa_score": 0.9721676077396176,
            "f1_score_macro": 0.9751137750114199,
            "f1_score_micro": 0.9761904761904762,
            "f1_score_weighted": 0.9761627847426494,
            "matthews_corrcoef": 0.9722049123918953,
            "precision_score": -1.0,
            "recall_score": -1.0,
            "roc_auc_score": -1.0,
            "coverage_error": -1.0,
            "label_ranking_average_precision_score": -1.0,
            "label_ranking_loss": -1.0,
            "training_time": 46.102195863000816,
            "test_time": 0.06750586399721215
        },
        {
            "seed": "29",
            "accuracy_score": 0.9675324675324676,
            "average_precision_score": -1.0,
            "balanced_accuracy_score": 0.9680744637309152,
            "cohen_kappa_score": 0.9620668892659696,
            "f1_score_macro": 0.9672868482509449,
            "f1_score_micro": 0.9675324675324676,
            "f1_score_weighted": 0.9678269737363883,
            "matthews_corrcoef": 0.9621880570540446,
            "precision_score": -1.0,
            "recall_score": -1.0,
            "roc_auc_score": -1.0,
            "coverage_error": -1.0,
            "label_ranking_average_precision_score": -1.0,
            "label_ranking_loss": -1.0,
            "training_time": 41.68133141400176,