{
    "id": 36,
    "framework": "autopytorch",
    "results": [
        {
            "seed": "2",
            "accuracy_score": 0.9805194805194806,
            "average_precision_score": -1.0,
            "balanced_accuracy_score": 0.9786714463315916,
            "cohen_kappa_score": 0.9772494733674391,
            "f1_score_macro": 0.9792523746727436,
            "f1_score_micro": 0.9805194805194806,
            "f1_score_weighted": 0.9804806330480019,
            "matthews_corrcoef": 0.9773297249267762,
            "precision_score": -1.0,
            "recall_score": -1.0,
            "roc_auc_score": -1.0,
            "coverage_error": -1.0,
            "label_ranking_average_precision_score": -1.0,
            "label_ranking_loss": -1.0,
            "training_time": 315.2708541927859,
            "test_time": 1.1280354242771864
        },
        {
            "seed": "3",
            "accuracy_score": 0.961038961038961,
            "average_precision_score": -1.0,
            "balanced_accuracy_score": 0.9610026166228103,
            "cohen_kappa_score": 0.9544363720043394,
            "f1_score_macro": 0.9612165166258855,
            "f1_score_micro": 0.961038961038961,
            "f1_score_weighted": 0.9610275490613563,
            "matthews_corrcoef": 0.9547293819010115,
            "precision_score": -1.0,
            "recall_score": -1.0,
            "roc_auc_score": -1.0,
            "coverage_error": -1.0,
            "label_ranking_average_precision_score": -1.0,
            "label_ranking_loss": -1.0,
            "training_time": 325.77534027025104,
            "test_time": 1.506517962552607
        },
        {
            "seed": "5",
            "accuracy_score": 0.9826839826839827,
            "average_precision_score": -1.0,
            "balanced_accuracy_score": 0.982469654528478,
            "cohen_kappa_score": 0.9797731041389615,
            "f1_score_macro": 0.982262904122013,
            "f1_score_micro": 0.9826839826839827,
            "f1_score_weighted": 0.9825820321423069,
            "matthews_corrcoef": 0.9797945524246049,
            "precision_score": -1.0,
            "recall_score": -1.0,
            "roc_auc_score": -1.0,
            "coverage_error": -1.0,
            "label_ranking_average_precision_score": -1.0,
            "label_ranking_loss": -1.0,
            "training_time": 325.0389284910634,
            "test_time": 1.2763514565303922
        },
        {
            "seed": "7",
            "accuracy_score": 0.9696969696969697,
            "average_precision_score": -1.0,
            "balanced_accuracy_score": 0.9669921098492528,
            "cohen_kappa_score": 0.9645901423949284,
            "f1_score_macro": 0.9671270428738826,
            "f1_score_micro": 0.9696969696969697,
            "f1_score_weighted": 0.9698168685447842,
            "matthews_corrcoef": 0.9646059851867835,
            "precision_score": -1.0,
            "recall_score": -1.0,
            "roc_auc_score": -1.0,
            "coverage_error": -1.0,
            "label_ranking_average_precision_score": -1.0,
            "label_ranking_loss": -1.0,
            "training_time": 312.1263982942328,
            "test_time": 1.5062482571229339
        },
        {
            "seed": "11",
            "accuracy_score": 0.9805194805194806,
            "average_precision_score": -1.0,
            "balanced_accuracy_score": 0.980613416434312,
            "cohen_kappa_score": 0.9772530827051216,
            "f1_score_macro": 0.98003329078971,
            "f1_score_micro": 0.9805194805194806,
            "f1_score_weighted": 0.9803914084779647,
            "matthews_corrcoef": 0.9773225907059163,
            "precision_score": -1.0,
            "recall_score": -1.0,
            "roc_auc_score": -1.0,
            "coverage_error": -1.0,
            "label_ranking_average_precision_score": -1.0,
            "label_ranking_loss": -1.0,
            "training_time": 332.8696856154129,
            "test_time": 1.0704684751108289
        },
        {
            "seed": "13",
            "accuracy_score": 0.9632034632034632,
            "average_precision_score": -1.0,
            "balanced_accuracy_score": 0.9634811109726847,
            "cohen_kappa_score": 0.9569738139585844,
            "f1_score_macro": 0.964778049926227,
            "f1_score_micro": 0.9632034632034632,
            "f1_score_weighted": 0.9633551876935098,
            "matthews_corrcoef": 0.9574200484281409,
            "precision_score": -1.0,
            "recall_score": -1.0,
            "roc_auc_score": -1.0,
            "coverage_error": -1.0,
            "label_ranking_average_precision_score": -1.0,
            "label_ranking_loss": -1.0,
            "training_time": 315.13901751767844,
            "test_time": 1.516661923378706
        },
        {
            "seed": "17",
            "accuracy_score": 0.9761904761904762,
            "average_precision_score": -1.0,
            "balanced_accuracy_score": 0.97643816020878,
            "cohen_kappa_score": 0.9721906054371142,
            "f1_score_macro": 0.9768701429289665,
            "f1_score_micro": 0.9761904761904762,
            "f1_score_weighted": 0.9763043808043809,
            "matthews_corrcoef": 0.9722065732767984,
            "precision_score": -1.0,
            "recall_score": -1.0,
            "roc_auc_score": -1.0,
            "coverage_error": -1.0,
            "label_ranking_average_precision_score": -1.0,
            "label_ranking_loss": -1.0,
            "training_time": 317.6634046752006,
            "test_time": 1.5527421282604337
        },
        {
            "seed": "19",
            "accuracy_score": 0.9588744588744589,
            "average_precision_score": -1.0,
            "balanced_accuracy_score": 0.9634047249325718,
            "cohen_kappa_score": 0.9518797487090089,
            "f1_score_macro": 0.9620908729225451,
            "f1_score_micro": 0.9588744588744589,
            "f1_score_weighted": 0.9590883910472989,
            "matthews_corrcoef": 0.9522765143410731,
            "precision_score": -1.0,
            "recall_score": -1.0,
            "roc_auc_score": -1.0,
            "coverage_error": -1.0,
            "label_ranking_average_precision_score": -1.0,
            "label_ranking_loss": -1.0,
            "training_time": 324.82997753378004,
            "test_time": 2.014043071307242
        },
        {
            "seed": "23",
            "accuracy_score": 0.9761904761904762,
            "average_precision_score": -1.0,
            "balanced_accuracy_score": 0.97545430862603,
            "cohen_kappa_score": 0.9721797966858813,
            "f1_score_macro": 0.9748980700286094,
            "f1_score_micro": 0.9761904761904762,
            "f1_score_weighted": 0.9762737463312866,
            "matthews_corrcoef": 0.9722489970386574,
            "precision_score": -1.0,
            "recall_score": -1.0,
            "roc_auc_score": -1.0,
            "coverage_error": -1.0,
            "label_ranking_average_precision_score": -1.0,
            "label_ranking_loss": -1.0,
            "training_time": 311.15550772845745,
            "test_time": 1.1520706405863166
        },
        {
            "seed": "29",
            "accuracy_score": 0.9675324675324676,
            "average_precision_score": -1.0,
            "balanced_accuracy_score": 0.9679794419283988,
            "cohen_kappa_score": 0.9620606591481441,
            "f1_score_macro": 0.9674900859814333,
            "f1_score_micro": 0.9675324675324676,
            "f1_score_weighted": 0.9676424603829322,
            "matthews_corrcoef": 0.9620817460862586,
            "precision_score": -1.0,
            "recall_score": -1.0,
            "roc_auc_score": -1.0,
            "coverage_error": -1.0,
            "label_ranking_average_precision_score": -1.0,
            "label_ranking_loss": -1.0,
            "training_time": 313.89920651353896,