{
    "id": 36,
    "framework": "autosklearn",
    "results": [
        {
            "seed": "2",
            "accuracy_score": 0.9913419913419913,
            "average_precision_score": -1.0,
            "balanced_accuracy_score": 0.9903066899729859,
            "cohen_kappa_score": 0.9898892633606162,
            "f1_score_macro": 0.9907427807982846,
            "f1_score_micro": 0.9913419913419913,
            "f1_score_weighted": 0.9913273189194173,
            "matthews_corrcoef": 0.989927191969983,
            "precision_score": -1.0,
            "recall_score": -1.0,
            "roc_auc_score": -1.0,
            "coverage_error": -1.0,
            "label_ranking_average_precision_score": -1.0,
            "label_ranking_loss": -1.0,
            "training_time": 305.2020850029985,
            "test_time": 6.8960909730012645
        },
        {
            "seed": "3",
            "accuracy_score": 0.974025974025974,
            "average_precision_score": -1.0,
            "balanced_accuracy_score": 0.974352454724927,
            "cohen_kappa_score": 0.9696290736977041,
            "f1_score_macro": 0.9742852414077924,
            "f1_score_micro": 0.974025974025974,
            "f1_score_weighted": 0.9741559419645146,
            "matthews_corrcoef": 0.9697193826770005,
            "precision_score": -1.0,
            "recall_score": -1.0,
            "roc_auc_score": -1.0,
            "coverage_error": -1.0,
            "label_ranking_average_precision_score": -1.0,
            "label_ranking_loss": -1.0,
            "training_time": 305.6584093950005,
            "test_time": 4.970573578997573
        },
        {
            "seed": "5",
            "accuracy_score": 0.9891774891774892,
            "average_precision_score": -1.0,
            "balanced_accuracy_score": 0.9894491129785248,
            "cohen_kappa_score": 0.9873588127134226,
            "f1_score_macro": 0.9891993627287745,
            "f1_score_micro": 0.9891774891774892,
            "f1_score_weighted": 0.98916403461858,
            "matthews_corrcoef": 0.9873642184396817,
            "precision_score": -1.0,
            "recall_score": -1.0,
            "roc_auc_score": -1.0,
            "coverage_error": -1.0,
            "label_ranking_average_precision_score": -1.0,
            "label_ranking_loss": -1.0,
            "training_time": 315.03127864400085,
            "test_time": 10.344787996000377
        },
        {
            "seed": "7",
            "accuracy_score": 0.9848484848484849,
            "average_precision_score": -1.0,
            "balanced_accuracy_score": 0.983138554567126,
            "cohen_kappa_score": 0.9822930354796321,
            "f1_score_macro": 0.9835031096486623,
            "f1_score_micro": 0.9848484848484849,
            "f1_score_weighted": 0.9847915568327231,
            "matthews_corrcoef": 0.9823145591118162,
            "precision_score": -1.0,
            "recall_score": -1.0,
            "roc_auc_score": -1.0,
            "coverage_error": -1.0,
            "label_ranking_average_precision_score": -1.0,
            "label_ranking_loss": -1.0,
            "training_time": 301.827070825002,
            "test_time": 7.851748815999599
        },
        {
            "seed": "11",
            "accuracy_score": 0.9913419913419913,
            "average_precision_score": -1.0,
            "balanced_accuracy_score": 0.9912743972445465,
            "cohen_kappa_score": 0.9898892633606162,
            "f1_score_macro": 0.9911088982729618,
            "f1_score_micro": 0.9913419913419913,
            "f1_score_weighted": 0.9913248300494977,
            "matthews_corrcoef": 0.9899271758487935,
            "precision_score": -1.0,
            "recall_score": -1.0,
            "roc_auc_score": -1.0,
            "coverage_error": -1.0,
            "label_ranking_average_precision_score": -1.0,
            "label_ranking_loss": -1.0,
            "training_time": 304.6391948629971,
            "test_time": 6.428948268003296
        },
        {
            "seed": "13",
            "accuracy_score": 0.9891774891774892,
            "average_precision_score": -1.0,
            "balanced_accuracy_score": 0.9896860658138852,
            "cohen_kappa_score": 0.9873513371443591,
            "f1_score_macro": 0.9895702157740232,
            "f1_score_micro": 0.9891774891774892,
            "f1_score_weighted": 0.9891731593859252,
            "matthews_corrcoef": 0.9873891831954181,
            "precision_score": -1.0,
            "recall_score": -1.0,
            "roc_auc_score": -1.0,
            "coverage_error": -1.0,
            "label_ranking_average_precision_score": -1.0,
            "label_ranking_loss": -1.0,
            "training_time": 305.23057834200154,
            "test_time": 9.064675183999498
        },
        {
            "seed": "17",
            "accuracy_score": 0.9783549783549783,
            "average_precision_score": -1.0,
            "balanced_accuracy_score": 0.9788594677148332,
            "cohen_kappa_score": 0.9747185938722687,
            "f1_score_macro": 0.9792565496257181,
            "f1_score_micro": 0.9783549783549783,
            "f1_score_weighted": 0.9784126478421149,
            "matthews_corrcoef": 0.9747292693529463,
            "precision_score": -1.0,
            "recall_score": -1.0,
            "roc_auc_score": -1.0,
            "coverage_error": -1.0,
            "label_ranking_average_precision_score": -1.0,
            "label_ranking_loss": -1.0,
            "training_time": 302.10902210100176,
            "test_time": 4.720453185000224
        },
        {
            "seed": "19",
            "accuracy_score": 0.987012987012987,
            "average_precision_score": -1.0,
            "balanced_accuracy_score": 0.9878132687674226,
            "cohen_kappa_score": 0.9847935443878195,
            "f1_score_macro": 0.987938899972789,
            "f1_score_micro": 0.987012987012987,
            "f1_score_weighted": 0.987006712268702,
            "matthews_corrcoef": 0.9848259636321476,
            "precision_score": -1.0,
            "recall_score": -1.0,
            "roc_auc_score": -1.0,
            "coverage_error": -1.0,
            "label_ranking_average_precision_score": -1.0,
            "label_ranking_loss": -1.0,
            "training_time": 296.4175681880006,
            "test_time": 0.6497479339996062
        },
        {
            "seed": "23",
            "accuracy_score": 0.9783549783549783,
            "average_precision_score": -1.0,
            "balanced_accuracy_score": 0.9770678652639982,
            "cohen_kappa_score": 0.9747005963430861,
            "f1_score_macro": 0.9774692754531417,
            "f1_score_micro": 0.9783549783549783,
            "f1_score_weighted": 0.9784356106896056,
            "matthews_corrcoef": 0.9747272945554449,
            "precision_score": -1.0,
            "recall_score": -1.0,
            "roc_auc_score": -1.0,
            "coverage_error": -1.0,
            "label_ranking_average_precision_score": -1.0,
            "label_ranking_loss": -1.0,
            "training_time": 305.59505784299836,
            "test_time": 1.6271465419995366
        },
        {
            "seed": "29",
            "accuracy_score": 0.9783549783549783,
            "average_precision_score": -1.0,
            "balanced_accuracy_score": 0.9777887072691553,
            "cohen_kappa_score": 0.9746954692840242,
            "f1_score_macro": 0.9785515014606608,
            "f1_score_micro": 0.9783549783549783,
            "f1_score_weighted": 0.9783480871742093,
            "matthews_corrcoef": 0.9747862879083885,
            "precision_score": -1.0,
            "recall_score": -1.0,
            "roc_auc_score": -1.0,
            "coverage_error": -1.0,
            "label_ranking_average_precision_score": -1.0,
            "label_ranking_loss": -1.0,
            "training_time": 303.22082642199894,