{
    "id": 36,
    "framework": "lightautoml",
    "results": [
        {
            "seed": "2",
            "accuracy_score": 0.9848484848484849,
            "average_precision_score": -1.0,
            "balanced_accuracy_score": 0.9834386479842215,
            "cohen_kappa_score": 0.9823065980960718,
            "f1_score_macro": 0.9838236813054392,
            "f1_score_micro": 0.9848484848484849,
            "f1_score_weighted": 0.9848639147387461,
            "matthews_corrcoef": 0.9823442316975044,
            "precision_score": -1.0,
            "recall_score": -1.0,
            "roc_auc_score": -1.0,
            "coverage_error": -1.0,
            "label_ranking_average_precision_score": -1.0,
            "label_ranking_loss": -1.0,
            "training_time": 178.0785224789979,
            "test_time": 0.06880170500153326
        },
        {
            "seed": "3",
            "accuracy_score": 0.9696969696969697,
            "average_precision_score": -1.0,
            "balanced_accuracy_score": 0.9699779138847481,
            "cohen_kappa_score": 0.9645633700958235,
            "f1_score_macro": 0.9701916376586911,
            "f1_score_micro": 0.9696969696969697,
            "f1_score_weighted": 0.9698151534023096,
            "matthews_corrcoef": 0.9646585115573123,
            "precision_score": -1.0,
            "recall_score": -1.0,
            "roc_auc_score": -1.0,
            "coverage_error": -1.0,
            "label_ranking_average_precision_score": -1.0,
            "label_ranking_loss": -1.0,
            "training_time": 197.8595204129997,
            "test_time": 0.1620323150018521
        },
        {
            "seed": "5",
            "accuracy_score": 0.9848484848484849,
            "average_precision_score": -1.0,
            "balanced_accuracy_score": 0.9843249943655623,
            "cohen_kappa_score": 0.9822998193859122,
            "f1_score_macro": 0.984558581657758,
            "f1_score_micro": 0.9848484848484849,
            "f1_score_weighted": 0.9848691970107318,
            "matthews_corrcoef": 0.9823374600881902,
            "precision_score": -1.0,
            "recall_score": -1.0,
            "roc_auc_score": -1.0,
            "coverage_error": -1.0,
            "label_ranking_average_precision_score": -1.0,
            "label_ranking_loss": -1.0,
            "training_time": 148.30243273200176,
            "test_time": 0.273893287001556
        },
        {
            "seed": "7",
            "accuracy_score": 0.974025974025974,
            "average_precision_score": -1.0,
            "balanced_accuracy_score": 0.9715214429500144,
            "cohen_kappa_score": 0.9696486934813672,
            "f1_score_macro": 0.971581850964459,
            "f1_score_micro": 0.974025974025974,
            "f1_score_weighted": 0.9740681218952842,
            "matthews_corrcoef": 0.969664619356771,
            "precision_score": -1.0,
            "recall_score": -1.0,
            "roc_auc_score": -1.0,
            "coverage_error": -1.0,
            "label_ranking_average_precision_score": -1.0,
            "label_ranking_loss": -1.0,
            "training_time": 144.08407602700026,
            "test_time": 0.3822470230006729
        },
        {
            "seed": "11",
            "accuracy_score": 0.987012987012987,
            "average_precision_score": -1.0,
            "balanced_accuracy_score": 0.9870100049204528,
            "cohen_kappa_score": 0.984834724760102,
            "f1_score_macro": 0.9866227444385866,
            "f1_score_micro": 0.987012987012987,
            "f1_score_weighted": 0.9869492383783852,
            "matthews_corrcoef": 0.9848616675436911,
            "precision_score": -1.0,
            "recall_score": -1.0,
            "roc_auc_score": -1.0,
            "coverage_error": -1.0,
            "label_ranking_average_precision_score": -1.0,
            "label_ranking_loss": -1.0,
            "training_time": 174.8847121079998,
            "test_time": 0.0381797469999583
        },
        {
            "seed": "13",
            "accuracy_score": 0.974025974025974,
            "average_precision_score": -1.0,
            "balanced_accuracy_score": 0.975010578394037,
            "cohen_kappa_score": 0.969646367035867,
            "f1_score_macro": 0.9745165952680516,
            "f1_score_micro": 0.974025974025974,
            "f1_score_weighted": 0.9739751117555848,
            "matthews_corrcoef": 0.969779106628011,
            "precision_score": -1.0,
            "recall_score": -1.0,
            "roc_auc_score": -1.0,
            "coverage_error": -1.0,
            "label_ranking_average_precision_score": -1.0,
            "label_ranking_loss": -1.0,
            "training_time": 148.11486789300034,
            "test_time": 0.058439749001991004
        },
        {
            "seed": "17",
            "accuracy_score": 0.9696969696969697,
            "average_precision_score": -1.0,
            "balanced_accuracy_score": 0.9709278913284102,
            "cohen_kappa_score": 0.9646093237032174,
            "f1_score_macro": 0.9708794536408016,
            "f1_score_micro": 0.9696969696969697,
            "f1_score_weighted": 0.9695692828601328,
            "matthews_corrcoef": 0.9646621095337986,
            "precision_score": -1.0,
            "recall_score": -1.0,
            "roc_auc_score": -1.0,
            "coverage_error": -1.0,
            "label_ranking_average_precision_score": -1.0,
            "label_ranking_loss": -1.0,
            "training_time": 149.8553513250008,
            "test_time": 0.03647466799884569
        },
        {
            "seed": "19",
            "accuracy_score": 0.9675324675324676,
            "average_precision_score": -1.0,
            "balanced_accuracy_score": 0.9707866268870419,
            "cohen_kappa_score": 0.9620007457285109,
            "f1_score_macro": 0.9698339779271482,
            "f1_score_micro": 0.9675324675324676,
            "f1_score_weighted": 0.9674988088924134,
            "matthews_corrcoef": 0.9622276320476799,
            "precision_score": -1.0,
            "recall_score": -1.0,
            "roc_auc_score": -1.0,
            "coverage_error": -1.0,
            "label_ranking_average_precision_score": -1.0,
            "label_ranking_loss": -1.0,
            "training_time": 140.54364554999847,
            "test_time": 0.17805651999879046
        },
        {
            "seed": "23",
            "accuracy_score": 0.974025974025974,
            "average_precision_score": -1.0,
            "balanced_accuracy_score": 0.9743747666572286,
            "cohen_kappa_score": 0.9696581617574623,
            "f1_score_macro": 0.9731397756017379,
            "f1_score_micro": 0.974025974025974,
            "f1_score_weighted": 0.9741781613417198,
            "matthews_corrcoef": 0.9697484519157357,
            "precision_score": -1.0,
            "recall_score": -1.0,
            "roc_auc_score": -1.0,
            "coverage_error": -1.0,
            "label_ranking_average_precision_score": -1.0,
            "label_ranking_loss": -1.0,
            "training_time": 143.20407575799982,
            "test_time": 0.02204428700133576
        },
        {
            "seed": "29",
            "accuracy_score": 0.9696969696969697,
            "average_precision_score": -1.0,
            "balanced_accuracy_score": 0.9711366856871465,
            "cohen_kappa_score": 0.9646035133803973,
            "f1_score_macro": 0.969696467187496,
            "f1_score_micro": 0.9696969696969697,
            "f1_score_weighted": 0.9699147973505559,
            "matthews_corrcoef": 0.9647567190259195,
            "precision_score": -1.0,
            "recall_score": -1.0,
            "roc_auc_score": -1.0,
            "coverage_error": -1.0,
            "label_ranking_average_precision_score": -1.0,
            "label_ranking_loss": -1.0,
            "training_time": 145.83324108300076,