{
    "id": 36,
    "framework": "tpot",
    "results": [
        {
            "seed": "2",
            "accuracy_score": 0.9848484848484849,
            "average_precision_score": -1.0,
            "balanced_accuracy_score": 0.9832353408549181,
            "cohen_kappa_score": 0.9823051459524526,
            "f1_score_macro": 0.9837994566634347,
            "f1_score_micro": 0.9848484848484849,
            "f1_score_weighted": 0.9847857681802047,
            "matthews_corrcoef": 0.9823858126827563,
            "precision_score": -1.0,
            "recall_score": -1.0,
            "roc_auc_score": -1.0,
            "coverage_error": -1.0,
            "label_ranking_average_precision_score": -1.0,
            "label_ranking_loss": -1.0,
            "training_time": 302.4768007209932,
            "test_time": 0.00785009800165426
        },
        {
            "seed": "3",
            "accuracy_score": 0.974025974025974,
            "average_precision_score": -1.0,
            "balanced_accuracy_score": 0.9738975595462163,
            "cohen_kappa_score": 0.9696242480028929,
            "f1_score_macro": 0.974110649590023,
            "f1_score_micro": 0.974025974025974,
            "f1_score_weighted": 0.9740030160640094,
            "matthews_corrcoef": 0.9697411603611319,
            "precision_score": -1.0,
            "recall_score": -1.0,
            "roc_auc_score": -1.0,
            "coverage_error": -1.0,
            "label_ranking_average_precision_score": -1.0,
            "label_ranking_loss": -1.0,
            "training_time": 303.7974624970011,
            "test_time": 0.00798559800023213
        },
        {
            "seed": "5",
            "accuracy_score": 0.974025974025974,
            "average_precision_score": -1.0,
            "balanced_accuracy_score": 0.9737641033424865,
            "cohen_kappa_score": 0.9696619806173765,
            "f1_score_macro": 0.9734929231584136,
            "f1_score_micro": 0.974025974025974,
            "f1_score_weighted": 0.9740578295627922,
            "matthews_corrcoef": 0.9697203533618953,
            "precision_score": -1.0,
            "recall_score": -1.0,
            "roc_auc_score": -1.0,
            "coverage_error": -1.0,
            "label_ranking_average_precision_score": -1.0,
            "label_ranking_loss": -1.0,
            "training_time": 37.41879474600137,
            "test_time": 0.005567948996031191
        },
        {
            "seed": "7",
            "accuracy_score": 0.9307359307359307,
            "average_precision_score": -1.0,
            "balanced_accuracy_score": 0.9304832304832305,
            "cohen_kappa_score": 0.9191746896065343,
            "f1_score_macro": 0.9290127584126769,
            "f1_score_micro": 0.9307359307359307,
            "f1_score_weighted": 0.9331354623369759,
            "matthews_corrcoef": 0.9203269099600924,
            "precision_score": -1.0,
            "recall_score": -1.0,
            "roc_auc_score": -1.0,
            "coverage_error": -1.0,
            "label_ranking_average_precision_score": -1.0,
            "label_ranking_loss": -1.0,
            "training_time": 36.51801418600371,
            "test_time": 0.0015588659953209572
        },
        {
            "seed": "11",
            "accuracy_score": 0.9545454545454546,
            "average_precision_score": -1.0,
            "balanced_accuracy_score": 0.9538331345692843,
            "cohen_kappa_score": 0.946913985554826,
            "f1_score_macro": 0.9536900703776453,
            "f1_score_micro": 0.9545454545454546,
            "f1_score_weighted": 0.9543161738382344,
            "matthews_corrcoef": 0.9472094653732668,
            "precision_score": -1.0,
            "recall_score": -1.0,
            "roc_auc_score": -1.0,
            "coverage_error": -1.0,
            "label_ranking_average_precision_score": -1.0,
            "label_ranking_loss": -1.0,
            "training_time": 59.68348986100318,
            "test_time": 0.01718323300156044
        },
        {
            "seed": "13",
            "accuracy_score": 0.9761904761904762,
            "average_precision_score": -1.0,
            "balanced_accuracy_score": 0.9776456834727512,
            "cohen_kappa_score": 0.9721797966858813,
            "f1_score_macro": 0.976813302053049,
            "f1_score_micro": 0.9761904761904762,
            "f1_score_weighted": 0.9761885321270889,
            "matthews_corrcoef": 0.9722649714947643,
            "precision_score": -1.0,
            "recall_score": -1.0,
            "roc_auc_score": -1.0,
            "coverage_error": -1.0,
            "label_ranking_average_precision_score": -1.0,
            "label_ranking_loss": -1.0,
            "training_time": 305.3077184990034,
            "test_time": 0.007748397998511791
        },
        {
            "seed": "17",
            "accuracy_score": 0.9653679653679653,
            "average_precision_score": -1.0,
            "balanced_accuracy_score": 0.9647408577499592,
            "cohen_kappa_score": 0.9595475365697493,
            "f1_score_macro": 0.9652232801398616,
            "f1_score_micro": 0.9653679653679653,
            "f1_score_weighted": 0.9653480978518061,
            "matthews_corrcoef": 0.9595738113638469,
            "precision_score": -1.0,
            "recall_score": -1.0,
            "roc_auc_score": -1.0,
            "coverage_error": -1.0,
            "label_ranking_average_precision_score": -1.0,
            "label_ranking_loss": -1.0,
            "training_time": 30.622582335003244,
            "test_time": 0.008550920996640343
        },
        {
            "seed": "19",
            "accuracy_score": 0.9718614718614719,
            "average_precision_score": -1.0,
            "balanced_accuracy_score": 0.9750064120209093,
            "cohen_kappa_score": 0.9670662294506651,
            "f1_score_macro": 0.9740153998183239,
            "f1_score_micro": 0.9718614718614719,
            "f1_score_weighted": 0.9717239470486224,
            "matthews_corrcoef": 0.9671511165889654,
            "precision_score": -1.0,
            "recall_score": -1.0,
            "roc_auc_score": -1.0,
            "coverage_error": -1.0,
            "label_ranking_average_precision_score": -1.0,
            "label_ranking_loss": -1.0,
            "training_time": 57.89172541999869,
            "test_time": 0.007917288996395655
        },
        {
            "seed": "23",
            "accuracy_score": 0.9761904761904762,
            "average_precision_score": -1.0,
            "balanced_accuracy_score": 0.975929388244463,
            "cohen_kappa_score": 0.9721797966858813,
            "f1_score_macro": 0.975383397654749,
            "f1_score_micro": 0.9761904761904762,
            "f1_score_weighted": 0.9763165825297736,
            "matthews_corrcoef": 0.9722170668052967,
            "precision_score": -1.0,
            "recall_score": -1.0,
            "roc_auc_score": -1.0,
            "coverage_error": -1.0,
            "label_ranking_average_precision_score": -1.0,
            "label_ranking_loss": -1.0,
            "training_time": 182.4901878219971,
            "test_time": 0.010442744998726994
        },
        {
            "seed": "29",
            "accuracy_score": 0.9805194805194806,
            "average_precision_score": -1.0,
            "balanced_accuracy_score": 0.9813776713596686,
            "cohen_kappa_score": 0.9772388876724327,
            "f1_score_macro": 0.9805339754504946,
            "f1_score_micro": 0.9805194805194806,
            "f1_score_weighted": 0.9806062223280766,
            "matthews_corrcoef": 0.9772870732500253,
            "precision_score": -1.0,
            "recall_score": -1.0,
            "roc_auc_score": -1.0,
            "coverage_error": -1.0,
            "label_ranking_average_precision_score": -1.0,
            "label_ranking_loss": -1.0,
            "training_time": 118.58261552699696,