{
    "id": 36,
    "framework": "fedot",
    "results": [
        {
            "seed": "3",
            "accuracy_score": 0.9761904761904762,
            "average_precision_score": -1.0,
            "balanced_accuracy_score": 0.9770628890622899,
            "cohen_kappa_score": 0.9721610517666393,
            "f1_score_macro": 0.976823832283752,
            "f1_score_micro": 0.9761904761904762,
            "f1_score_weighted": 0.9762452864090478,
            "matthews_corrcoef": 0.9721930083811492,
            "precision_score": -1.0,
            "recall_score": -1.0,
            "roc_auc_score": -1.0,
            "coverage_error": -1.0,
            "label_ranking_average_precision_score": -1.0,
            "label_ranking_loss": -1.0,
            "training_time": 276.00726128648967,
            "test_time": 0.017869495786726475
        },
        {
            "seed": "5",
            "accuracy_score": 0.9848484848484849,
            "average_precision_score": -1.0,
            "balanced_accuracy_score": 0.984967320261438,
            "cohen_kappa_score": 0.9823049523152936,
            "f1_score_macro": 0.9843153327103451,
            "f1_score_micro": 0.9848484848484849,
            "f1_score_weighted": 0.9848778866222551,
            "matthews_corrcoef": 0.982342593987842,
            "precision_score": -1.0,
            "recall_score": -1.0,
            "roc_auc_score": -1.0,
            "coverage_error": -1.0,
            "label_ranking_average_precision_score": -1.0,
            "label_ranking_loss": -1.0,
            "training_time": 270.00927618611604,
            "test_time": 0.017562899738550186
        },
        {
            "seed": "7",
            "accuracy_score": 0.9783549783549783,
            "average_precision_score": -1.0,
            "balanced_accuracy_score": 0.9756497470783186,
            "cohen_kappa_score": 0.9747005963430861,
            "f1_score_macro": 0.9763242793423881,
            "f1_score_micro": 0.9783549783549783,
            "f1_score_weighted": 0.9781757112468655,
            "matthews_corrcoef": 0.9747380062532123,
            "precision_score": -1.0,
            "recall_score": -1.0,
            "roc_auc_score": -1.0,
            "coverage_error": -1.0,
            "label_ranking_average_precision_score": -1.0,
            "label_ranking_loss": -1.0,
            "training_time": 267.17768199183047,
            "test_time": 0.017338750883936882
        },
        {
            "seed": "19",
            "accuracy_score": 0.9783549783549783,
            "average_precision_score": -1.0,
            "balanced_accuracy_score": 0.980120740279234,
            "cohen_kappa_score": 0.974660494504289,
            "f1_score_macro": 0.9797826698479685,
            "f1_score_micro": 0.9783549783549783,
            "f1_score_weighted": 0.9783100773072788,
            "matthews_corrcoef": 0.974703265341114,
            "precision_score": -1.0,
            "recall_score": -1.0,
            "roc_auc_score": -1.0,
            "coverage_error": -1.0,
            "label_ranking_average_precision_score": -1.0,
            "label_ranking_loss": -1.0,
            "training_time": 262.36491660866886,
            "test_time": 0.01720971055328846
        },
        {
            "seed": "23",
            "accuracy_score": 0.9718614718614719,
            "average_precision_score": -1.0,
            "balanced_accuracy_score": 0.9720154939196097,
            "cohen_kappa_score": 0.9671269765685293,
            "f1_score_macro": 0.9710159549728362,
            "f1_score_micro": 0.9718614718614719,
            "f1_score_weighted": 0.9720257526777777,
            "matthews_corrcoef": 0.9672011342092433,
            "precision_score": -1.0,
            "recall_score": -1.0,
            "roc_auc_score": -1.0,
            "coverage_error": -1.0,
            "label_ranking_average_precision_score": -1.0,
            "label_ranking_loss": -1.0,
            "training_time": 595.8364101350307,
            "test_time": 0.018384961411356926
        },
        {
            "seed": "29",
            "accuracy_score": 0.9761904761904762,
            "average_precision_score": -1.0,
            "balanced_accuracy_score": 0.9768593332609006,
            "cohen_kappa_score": 0.9721794920923409,
            "f1_score_macro": 0.9761588554104227,
            "f1_score_micro": 0.9761904761904762,
            "f1_score_weighted": 0.9762566554947141,
            "matthews_corrcoef": 0.9722167758951658,
            "precision_score": -1.0,
            "recall_score": -1.0,
            "roc_auc_score": -1.0,
            "coverage_error": -1.0,
            "label_ranking_average_precision_score": -1.0,
            "label_ranking_loss": -1.0,
            "training_time": 326.99131073243916,
            "test_time": 0.01687430962920189
        },
        {
            "seed": "37",
            "accuracy_score": 0.987012987012987,
            "average_precision_score": -1.0,
            "balanced_accuracy_score": 0.9868131868131869,
            "cohen_kappa_score": 0.9847980476569141,
            "f1_score_macro": 0.9871394108104694,
            "f1_score_micro": 0.987012987012987,
            "f1_score_weighted": 0.986835304641949,
            "matthews_corrcoef": 0.9849439462000409,
            "precision_score": -1.0,
            "recall_score": -1.0,
            "roc_auc_score": -1.0,
            "coverage_error": -1.0,
            "label_ranking_average_precision_score": -1.0,
            "label_ranking_loss": -1.0,
            "training_time": 503.16395914182067,
            "test_time": 0.01768546085804701
        },
        {
            "seed": "43",
            "accuracy_score": 0.9826839826839827,
            "average_precision_score": -1.0,
            "balanced_accuracy_score": 0.9836707863023653,
            "cohen_kappa_score": 0.9797485000410948,
            "f1_score_macro": 0.9832581378433358,
            "f1_score_micro": 0.9826839826839827,
            "f1_score_weighted": 0.9826399311678939,
            "matthews_corrcoef": 0.9798344009923045,
            "precision_score": -1.0,
            "recall_score": -1.0,
            "roc_auc_score": -1.0,
            "coverage_error": -1.0,
            "label_ranking_average_precision_score": -1.0,
            "label_ranking_loss": -1.0,
            "training_time": 494.58699878305197,
            "test_time": 0.01660121977329254
        },
        {
            "seed": "47",
            "accuracy_score": 0.9805194805194806,
            "average_precision_score": -1.0,
            "balanced_accuracy_score": 0.9800994243851388,
            "cohen_kappa_score": 0.9772264212947749,
            "f1_score_macro": 0.9797058769254592,
            "f1_score_micro": 0.9805194805194806,
            "f1_score_weighted": 0.9804725056302748,
            "matthews_corrcoef": 0.9772853007186983,
            "precision_score": -1.0,
            "recall_score": -1.0,
            "roc_auc_score": -1.0,
            "coverage_error": -1.0,
            "label_ranking_average_precision_score": -1.0,
            "label_ranking_loss": -1.0,
            "training_time": 454.5815699044615,
            "test_time": 0.017222179099917412
        },
        {
            "seed": "53",
            "accuracy_score": 0.9761904761904762,
            "average_precision_score": -1.0,
            "balanced_accuracy_score": 0.9758345951617194,
            "cohen_kappa_score": 0.9721877137775345,
            "f1_score_macro": 0.9760833390482689,
            "f1_score_micro": 0.9761904761904762,
            "f1_score_weighted": 0.9760566328868217,
            "matthews_corrcoef": 0.9722302954692998,
            "precision_score": -1.0,
            "recall_score": -1.0,
            "roc_auc_score": -1.0,
            "coverage_error": -1.0,
            "label_ranking_average_precision_score": -1.0,
            "label_ranking_loss": -1.0,
            "training_time": 490.16675325576216,