{
    "id": 36,
    "framework": "h2o",
    "results": [
        {
            "seed": "2",
            "accuracy_score": 0.9913419913419913,
            "average_precision_score": -1.0,
            "balanced_accuracy_score": 0.9903066899729859,
            "cohen_kappa_score": 0.9898892633606162,
            "f1_score_macro": 0.9907427807982846,
            "f1_score_micro": 0.9913419913419913,
            "f1_score_weighted": 0.9913273189194173,
            "matthews_corrcoef": 0.989927191969983,
            "precision_score": -1.0,
            "recall_score": -1.0,
            "roc_auc_score": -1.0,
            "coverage_error": -1.0,
            "label_ranking_average_precision_score": -1.0,
            "label_ranking_loss": -1.0,
            "training_time": 306.11754108872265,
            "test_time": 0.27262737695127726
        },
        {
            "seed": "3",
            "accuracy_score": 0.9805194805194806,
            "average_precision_score": -1.0,
            "balanced_accuracy_score": 0.9806066948132263,
            "cohen_kappa_score": 0.9772198085762654,
            "f1_score_macro": 0.9806981300311802,
            "f1_score_micro": 0.9805194805194806,
            "f1_score_weighted": 0.9805835980060427,
            "matthews_corrcoef": 0.9773001274845718,
            "precision_score": -1.0,
            "recall_score": -1.0,
            "roc_auc_score": -1.0,
            "coverage_error": -1.0,
            "label_ranking_average_precision_score": -1.0,
            "label_ranking_loss": -1.0,
            "training_time": 306.72419348172843,
            "test_time": 0.2653407212346792
        },
        {
            "seed": "5",
            "accuracy_score": 0.9891774891774892,
            "average_precision_score": -1.0,
            "balanced_accuracy_score": 0.9893323996265172,
            "cohen_kappa_score": 0.9873581209023347,
            "f1_score_macro": 0.989238030018454,
            "f1_score_micro": 0.9891774891774892,
            "f1_score_weighted": 0.9891621012457412,
            "matthews_corrcoef": 0.987374331653387,
            "precision_score": -1.0,
            "recall_score": -1.0,
            "roc_auc_score": -1.0,
            "coverage_error": -1.0,
            "label_ranking_average_precision_score": -1.0,
            "label_ranking_loss": -1.0,
            "training_time": 305.9541089925915,
            "test_time": 0.26783037185668945
        },
        {
            "seed": "7",
            "accuracy_score": 0.9826839826839827,
            "average_precision_score": -1.0,
            "balanced_accuracy_score": 0.9801529158672017,
            "cohen_kappa_score": 0.9797605879067323,
            "f1_score_macro": 0.980922561085894,
            "f1_score_micro": 0.9826839826839827,
            "f1_score_weighted": 0.9825850007872623,
            "matthews_corrcoef": 0.9798089248192918,
            "precision_score": -1.0,
            "recall_score": -1.0,
            "roc_auc_score": -1.0,
            "coverage_error": -1.0,
            "label_ranking_average_precision_score": -1.0,
            "label_ranking_loss": -1.0,
            "training_time": 305.5202617160976,
            "test_time": 0.2667951062321663
        },
        {
            "seed": "11",
            "accuracy_score": 0.9848484848484849,
            "average_precision_score": -1.0,
            "balanced_accuracy_score": 0.9848778087584058,
            "cohen_kappa_score": 0.9823056300268096,
            "f1_score_macro": 0.9848476152212593,
            "f1_score_micro": 0.9848484848484849,
            "f1_score_weighted": 0.9848493544757104,
            "matthews_corrcoef": 0.9823110046161401,
            "precision_score": -1.0,
            "recall_score": -1.0,
            "roc_auc_score": -1.0,
            "coverage_error": -1.0,
            "label_ranking_average_precision_score": -1.0,
            "label_ranking_loss": -1.0,
            "training_time": 306.16531791258603,
            "test_time": 0.2653580019250512
        },
        {
            "seed": "13",
            "accuracy_score": 0.987012987012987,
            "average_precision_score": -1.0,
            "balanced_accuracy_score": 0.987830778244312,
            "cohen_kappa_score": 0.9848232666111866,
            "f1_score_macro": 0.9874044820957775,
            "f1_score_micro": 0.987012987012987,
            "f1_score_weighted": 0.9870163011280852,
            "matthews_corrcoef": 0.9848556239722972,
            "precision_score": -1.0,
            "recall_score": -1.0,
            "roc_auc_score": -1.0,
            "coverage_error": -1.0,
            "label_ranking_average_precision_score": -1.0,
            "label_ranking_loss": -1.0,
            "training_time": 305.4904763912782,
            "test_time": 0.2675813278183341
        },
        {
            "seed": "17",
            "accuracy_score": 0.9826839826839827,
            "average_precision_score": -1.0,
            "balanced_accuracy_score": 0.9829723804855753,
            "cohen_kappa_score": 0.9797753177890746,
            "f1_score_macro": 0.983343864570142,
            "f1_score_micro": 0.9826839826839827,
            "f1_score_weighted": 0.9827743494923322,
            "matthews_corrcoef": 0.9797860459533748,
            "precision_score": -1.0,
            "recall_score": -1.0,
            "roc_auc_score": -1.0,
            "coverage_error": -1.0,
            "label_ranking_average_precision_score": -1.0,
            "label_ranking_loss": -1.0,
            "training_time": 306.7095025125891,
            "test_time": 0.2620267542079091
        },
        {
            "seed": "19",
            "accuracy_score": 0.974025974025974,
            "average_precision_score": -1.0,
            "balanced_accuracy_score": 0.9769633591833359,
            "cohen_kappa_score": 0.9696030967119367,
            "f1_score_macro": 0.9758680414521698,
            "f1_score_micro": 0.974025974025974,
            "f1_score_weighted": 0.974083701985389,
            "matthews_corrcoef": 0.969826454890882,
            "precision_score": -1.0,
            "recall_score": -1.0,
            "roc_auc_score": -1.0,
            "coverage_error": -1.0,
            "label_ranking_average_precision_score": -1.0,
            "label_ranking_loss": -1.0,
            "training_time": 306.74163132719696,
            "test_time": 0.2636815067380667
        },
        {
            "seed": "23",
            "accuracy_score": 0.9696969696969697,
            "average_precision_score": -1.0,
            "balanced_accuracy_score": 0.9690195755255677,
            "cohen_kappa_score": 0.9645905301018816,
            "f1_score_macro": 0.9686034573422775,
            "f1_score_micro": 0.9696969696969697,
            "f1_score_weighted": 0.9697831791983286,
            "matthews_corrcoef": 0.9647014387108201,
            "precision_score": -1.0,
            "recall_score": -1.0,
            "roc_auc_score": -1.0,
            "coverage_error": -1.0,
            "label_ranking_average_precision_score": -1.0,
            "label_ranking_loss": -1.0,
            "training_time": 306.1354880910367,
            "test_time": 0.26893462613224983
        },
        {
            "seed": "29",
            "accuracy_score": 0.9826839826839827,
            "average_precision_score": -1.0,
            "balanced_accuracy_score": 0.9814992824083019,
            "cohen_kappa_score": 0.9797526048799728,
            "f1_score_macro": 0.9827052286851806,
            "f1_score_micro": 0.9826839826839827,
            "f1_score_weighted": 0.982665773740745,
            "matthews_corrcoef": 0.9798225061571607,
            "precision_score": -1.0,
            "recall_score": -1.0,
            "roc_auc_score": -1.0,
            "coverage_error": -1.0,
            "label_ranking_average_precision_score": -1.0,
            "label_ranking_loss": -1.0,
            "training_time": 305.8868133770302,