{
    "id": 36,
    "framework": "pycaret",
    "results": [
        {
            "seed": "2",
            "accuracy_score": 0.987012987012987,
            "average_precision_score": -1.0,
            "balanced_accuracy_score": 0.9860736534748044,
            "cohen_kappa_score": 0.984835139585647,
            "f1_score_macro": 0.9862697718047874,
            "f1_score_micro": 0.987012987012987,
            "f1_score_weighted": 0.9870205345850981,
            "matthews_corrcoef": 0.9848513060376961,
            "precision_score": -1.0,
            "recall_score": -1.0,
            "roc_auc_score": -1.0,
            "coverage_error": -1.0,
            "label_ranking_average_precision_score": -1.0,
            "label_ranking_loss": -1.0,
            "training_time": 67.10563377849758,
            "test_time": 0.11735539138317108
        },
        {
            "seed": "3",
            "accuracy_score": 0.9805194805194806,
            "average_precision_score": -1.0,
            "balanced_accuracy_score": 0.9806066948132263,
            "cohen_kappa_score": 0.9772191845366586,
            "f1_score_macro": 0.9806942744874875,
            "f1_score_micro": 0.9805194805194806,
            "f1_score_weighted": 0.9804810519924821,
            "matthews_corrcoef": 0.9772620220112952,
            "precision_score": -1.0,
            "recall_score": -1.0,
            "roc_auc_score": -1.0,
            "coverage_error": -1.0,
            "label_ranking_average_precision_score": -1.0,
            "label_ranking_loss": -1.0,
            "training_time": 75.5165334129706,
            "test_time": 0.09624453634023666
        },
        {
            "seed": "5",
            "accuracy_score": 0.9826839826839827,
            "average_precision_score": -1.0,
            "balanced_accuracy_score": 0.9832066159797253,
            "cohen_kappa_score": 0.9797743217064869,
            "f1_score_macro": 0.9828866400564641,
            "f1_score_micro": 0.9826839826839827,
            "f1_score_weighted": 0.982652680381155,
            "matthews_corrcoef": 0.9797957708256513,
            "precision_score": -1.0,
            "recall_score": -1.0,
            "roc_auc_score": -1.0,
            "coverage_error": -1.0,
            "label_ranking_average_precision_score": -1.0,
            "label_ranking_loss": -1.0,
            "training_time": 66.9011860769242,
            "test_time": 0.10736703593283892
        },
        {
            "seed": "7",
            "accuracy_score": 0.9805194805194806,
            "average_precision_score": -1.0,
            "balanced_accuracy_score": 0.9782952497238212,
            "cohen_kappa_score": 0.977231160126603,
            "f1_score_macro": 0.9789587706430325,
            "f1_score_micro": 0.9805194805194806,
            "f1_score_weighted": 0.9803902834835845,
            "matthews_corrcoef": 0.9772633052016246,
            "precision_score": -1.0,
            "recall_score": -1.0,
            "roc_auc_score": -1.0,
            "coverage_error": -1.0,
            "label_ranking_average_precision_score": -1.0,
            "label_ranking_loss": -1.0,
            "training_time": 75.81935075111687,
            "test_time": 0.0924835354089737
        },
        {
            "seed": "11",
            "accuracy_score": 0.9935064935064936,
            "average_precision_score": -1.0,
            "balanced_accuracy_score": 0.9934721994423487,
            "cohen_kappa_score": 0.9924167400736441,
            "f1_score_macro": 0.9934126164239802,
            "f1_score_micro": 0.9935064935064936,
            "f1_score_weighted": 0.9935056674080435,
            "matthews_corrcoef": 0.9924330298520528,
            "precision_score": -1.0,
            "recall_score": -1.0,
            "roc_auc_score": -1.0,
            "coverage_error": -1.0,
            "label_ranking_average_precision_score": -1.0,
            "label_ranking_loss": -1.0,
            "training_time": 74.97813432198018,
            "test_time": 0.09560806956142187
        },
        {
            "seed": "13",
            "accuracy_score": 0.9848484848484849,
            "average_precision_score": -1.0,
            "balanced_accuracy_score": 0.985846651260185,
            "cohen_kappa_score": 0.9822947804092895,
            "f1_score_macro": 0.9852195059776706,
            "f1_score_micro": 0.9848484848484849,
            "f1_score_weighted": 0.9848058509905834,
            "matthews_corrcoef": 0.9823485696474675,
            "precision_score": -1.0,
            "recall_score": -1.0,
            "roc_auc_score": -1.0,
            "coverage_error": -1.0,
            "label_ranking_average_precision_score": -1.0,
            "label_ranking_loss": -1.0,
            "training_time": 75.37090099230409,
            "test_time": 0.0965434992685914
        },
        {
            "seed": "17",
            "accuracy_score": 0.9805194805194806,
            "average_precision_score": -1.0,
            "balanced_accuracy_score": 0.980551072979522,
            "cohen_kappa_score": 0.9772478550166346,
            "f1_score_macro": 0.9807439023301091,
            "f1_score_micro": 0.9805194805194806,
            "f1_score_weighted": 0.9805299362969164,
            "matthews_corrcoef": 0.9772799452044669,
            "precision_score": -1.0,
            "recall_score": -1.0,
            "roc_auc_score": -1.0,
            "coverage_error": -1.0,
            "label_ranking_average_precision_score": -1.0,
            "label_ranking_loss": -1.0,
            "training_time": 75.4381879195571,
            "test_time": 0.09471751563251019
        },
        {
            "seed": "19",
            "accuracy_score": 0.9805194805194806,
            "average_precision_score": -1.0,
            "balanced_accuracy_score": 0.9823883139753792,
            "cohen_kappa_score": 0.9771963211381,
            "f1_score_macro": 0.9818864272140319,
            "f1_score_micro": 0.9805194805194806,
            "f1_score_weighted": 0.9805424078248998,
            "matthews_corrcoef": 0.9772767232901135,
            "precision_score": -1.0,
            "recall_score": -1.0,
            "roc_auc_score": -1.0,
            "coverage_error": -1.0,
            "label_ranking_average_precision_score": -1.0,
            "label_ranking_loss": -1.0,
            "training_time": 65.91828009020537,
            "test_time": 0.1183099439367652
        },
        {
            "seed": "23",
            "accuracy_score": 0.9761904761904762,
            "average_precision_score": -1.0,
            "balanced_accuracy_score": 0.9760396387888249,
            "cohen_kappa_score": 0.9721825377276385,
            "f1_score_macro": 0.9752288547948196,
            "f1_score_micro": 0.9761904761904762,
            "f1_score_weighted": 0.9763358400738593,
            "matthews_corrcoef": 0.9722357874009583,
            "precision_score": -1.0,
            "recall_score": -1.0,
            "roc_auc_score": -1.0,
            "coverage_error": -1.0,
            "label_ranking_average_precision_score": -1.0,
            "label_ranking_loss": -1.0,
            "training_time": 75.32497993577272,
            "test_time": 0.09403913002461195
        },
        {
            "seed": "29",
            "accuracy_score": 0.974025974025974,
            "average_precision_score": -1.0,
            "balanced_accuracy_score": 0.9737689175350798,
            "cohen_kappa_score": 0.9696417130747622,
            "f1_score_macro": 0.9738454692816998,
            "f1_score_micro": 0.974025974025974,
            "f1_score_weighted": 0.9740414181960741,
            "matthews_corrcoef": 0.9696895036718051,
            "precision_score": -1.0,
            "recall_score": -1.0,
            "roc_auc_score": -1.0,
            "coverage_error": -1.0,
            "label_ranking_average_precision_score": -1.0,
            "label_ranking_loss": -1.0,
            "training_time": 66.88161271810532,