{
    "id": 36,
    "framework": "naive",
    "results": [
        {
            "seed": "2",
            "accuracy_score": 0.9848484848484849,
            "average_precision_score": -1.0,
            "balanced_accuracy_score": 0.9830764341331638,
            "cohen_kappa_score": 0.9823037904033357,
            "f1_score_macro": 0.9838809612129159,
            "f1_score_micro": 0.9848484848484849,
            "f1_score_weighted": 0.9847809954246913,
            "matthews_corrcoef": 0.9824275136854456,
            "precision_score": -1.0,
            "recall_score": -1.0,
            "roc_auc_score": -1.0,
            "coverage_error": -1.0,
            "label_ranking_average_precision_score": -1.0,
            "label_ranking_loss": -1.0,
            "training_time": 289.36655673399946,
            "test_time": 0.03677274099754868
        },
        {
            "seed": "3",
            "accuracy_score": 0.9675324675324676,
            "average_precision_score": -1.0,
            "balanced_accuracy_score": 0.9674221783699029,
            "cohen_kappa_score": 0.9620284375770527,
            "f1_score_macro": 0.9677189606563928,
            "f1_score_micro": 0.9675324675324676,
            "f1_score_weighted": 0.9674601592341485,
            "matthews_corrcoef": 0.9621549987658649,
            "precision_score": -1.0,
            "recall_score": -1.0,
            "roc_auc_score": -1.0,
            "coverage_error": -1.0,
            "label_ranking_average_precision_score": -1.0,
            "label_ranking_loss": -1.0,
            "training_time": 288.1366408870017,
            "test_time": 0.008067408001807053
        },
        {
            "seed": "5",
            "accuracy_score": 0.9848484848484849,
            "average_precision_score": -1.0,
            "balanced_accuracy_score": 0.9840440774010755,
            "cohen_kappa_score": 0.9822980754493902,
            "f1_score_macro": 0.9846480085211224,
            "f1_score_micro": 0.9848484848484849,
            "f1_score_weighted": 0.984925793418822,
            "matthews_corrcoef": 0.9823464914056499,
            "precision_score": -1.0,
            "recall_score": -1.0,
            "roc_auc_score": -1.0,
            "coverage_error": -1.0,
            "label_ranking_average_precision_score": -1.0,
            "label_ranking_loss": -1.0,
            "training_time": 298.9751293329973,
            "test_time": 0.005267372995149344
        },
        {
            "seed": "7",
            "accuracy_score": 0.9826839826839827,
            "average_precision_score": -1.0,
            "balanced_accuracy_score": 0.9812080526366241,
            "cohen_kappa_score": 0.9797632475169461,
            "f1_score_macro": 0.9816055345810103,
            "f1_score_micro": 0.9826839826839827,
            "f1_score_weighted": 0.982624831704547,
            "matthews_corrcoef": 0.9797847175387923,
            "precision_score": -1.0,
            "recall_score": -1.0,
            "roc_auc_score": -1.0,
            "coverage_error": -1.0,
            "label_ranking_average_precision_score": -1.0,
            "label_ranking_loss": -1.0,
            "training_time": 288.42512039699795,
            "test_time": 0.036895829005516134
        },
        {
            "seed": "11",
            "accuracy_score": 0.987012987012987,
            "average_precision_score": -1.0,
            "balanced_accuracy_score": 0.9870100049204528,
            "cohen_kappa_score": 0.9848342269394901,
            "f1_score_macro": 0.9867504117845947,
            "f1_score_micro": 0.987012987012987,
            "f1_score_weighted": 0.98696583680775,
            "matthews_corrcoef": 0.9848503926545715,
            "precision_score": -1.0,
            "recall_score": -1.0,
            "roc_auc_score": -1.0,
            "coverage_error": -1.0,
            "label_ranking_average_precision_score": -1.0,
            "label_ranking_loss": -1.0,
            "training_time": 294.96873211899947,
            "test_time": 0.007329015003051609
        },
        {
            "seed": "13",
            "accuracy_score": 0.9805194805194806,
            "average_precision_score": -1.0,
            "balanced_accuracy_score": 0.9814103076327003,
            "cohen_kappa_score": 0.9772342767037335,
            "f1_score_macro": 0.9810569747385239,
            "f1_score_micro": 0.9805194805194806,
            "f1_score_weighted": 0.9805545495083277,
            "matthews_corrcoef": 0.9772877859790926,
            "precision_score": -1.0,
            "recall_score": -1.0,
            "roc_auc_score": -1.0,
            "coverage_error": -1.0,
            "label_ranking_average_precision_score": -1.0,
            "label_ranking_loss": -1.0,
            "training_time": 299.19348818399885,
            "test_time": 0.005745665999711491
        },
        {
            "seed": "17",
            "accuracy_score": 0.9783549783549783,
            "average_precision_score": -1.0,
            "balanced_accuracy_score": 0.9785390005449145,
            "cohen_kappa_score": 0.9747195622435021,
            "f1_score_macro": 0.9788637452404785,
            "f1_score_micro": 0.9783549783549783,
            "f1_score_weighted": 0.9784435742767417,
            "matthews_corrcoef": 0.974746236355422,
            "precision_score": -1.0,
            "recall_score": -1.0,
            "roc_auc_score": -1.0,
            "coverage_error": -1.0,
            "label_ranking_average_precision_score": -1.0,
            "label_ranking_loss": -1.0,
            "training_time": 1.0311614640013431,
            "test_time": 0.00812100699840812
        }
    ]
}