{
    "id": 36,
    "framework": "evalml",
    "results": [
        {
            "seed": "2",
            "accuracy_score": 0.9718614718614719,
            "average_precision_score": -1.0,
            "balanced_accuracy_score": 0.9696833025858742,
            "cohen_kappa_score": 0.96713974635342,
            "f1_score_macro": 0.9701834912839989,
            "f1_score_micro": 0.9718614718614719,
            "f1_score_weighted": 0.9719081862967923,
            "matthews_corrcoef": 0.9671979778436193,
            "precision_score": -1.0,
            "recall_score": -1.0,
            "roc_auc_score": -1.0,
            "coverage_error": -1.0,
            "label_ranking_average_precision_score": -1.0,
            "label_ranking_loss": -1.0,
            "training_time": 302.3987816640001,
            "test_time": 0.03377732100125286
        },
        {
            "seed": "3",
            "accuracy_score": 0.974025974025974,
            "average_precision_score": -1.0,
            "balanced_accuracy_score": 0.9748196355196386,
            "cohen_kappa_score": 0.9696307373748994,
            "f1_score_macro": 0.9746793947638445,
            "f1_score_micro": 0.974025974025974,
            "f1_score_weighted": 0.9742257500411114,
            "matthews_corrcoef": 0.9696785461071227,
            "precision_score": -1.0,
            "recall_score": -1.0,
            "roc_auc_score": -1.0,
            "coverage_error": -1.0,
            "label_ranking_average_precision_score": -1.0,
            "label_ranking_loss": -1.0,
            "training_time": 301.06040453800233,
            "test_time": 0.03786002100241603
        },
        {
            "seed": "5",
            "accuracy_score": 0.9761904761904762,
            "average_precision_score": -1.0,
            "balanced_accuracy_score": 0.9766465206772363,
            "cohen_kappa_score": 0.9721872571447335,
            "f1_score_macro": 0.9768907882070695,
            "f1_score_micro": 0.9761904761904762,
            "f1_score_weighted": 0.9763747872830275,
            "matthews_corrcoef": 0.9723682074161459,
            "precision_score": -1.0,
            "recall_score": -1.0,
            "roc_auc_score": -1.0,
            "coverage_error": -1.0,
            "label_ranking_average_precision_score": -1.0,
            "label_ranking_loss": -1.0,
            "training_time": 304.60018500300066,
            "test_time": 0.034616049997566734
        },
        {
            "seed": "7",
            "accuracy_score": 0.9718614718614719,
            "average_precision_score": -1.0,
            "balanced_accuracy_score": 0.96984126984127,
            "cohen_kappa_score": 0.9671222978262178,
            "f1_score_macro": 0.9694343610155036,
            "f1_score_micro": 0.9718614718614719,
            "f1_score_weighted": 0.9716740186802203,
            "matthews_corrcoef": 0.967169948186351,
            "precision_score": -1.0,
            "recall_score": -1.0,
            "roc_auc_score": -1.0,
            "coverage_error": -1.0,
            "label_ranking_average_precision_score": -1.0,
            "label_ranking_loss": -1.0,
            "training_time": 301.0918174409999,
            "test_time": 0.03681497199795558
        },
        {
            "seed": "11",
            "accuracy_score": 0.9761904761904762,
            "average_precision_score": -1.0,
            "balanced_accuracy_score": 0.9761123737669581,
            "cohen_kappa_score": 0.9721950178636889,
            "f1_score_macro": 0.9758598500062231,
            "f1_score_micro": 0.9761904761904762,
            "f1_score_weighted": 0.9760448730304047,
            "matthews_corrcoef": 0.9723705925678873,
            "precision_score": -1.0,
            "recall_score": -1.0,
            "roc_auc_score": -1.0,
            "coverage_error": -1.0,
            "label_ranking_average_precision_score": -1.0,
            "label_ranking_loss": -1.0,
            "training_time": 308.03327032000016,
            "test_time": 0.0377225330012152
        },
        {
            "seed": "13",
            "accuracy_score": 0.9805194805194806,
            "average_precision_score": -1.0,
            "balanced_accuracy_score": 0.980888168952667,
            "cohen_kappa_score": 0.9772336534565643,
            "f1_score_macro": 0.9806693085213485,
            "f1_score_micro": 0.9805194805194806,
            "f1_score_weighted": 0.9805588489081422,
            "matthews_corrcoef": 0.9772443570011164,
            "precision_score": -1.0,
            "recall_score": -1.0,
            "roc_auc_score": -1.0,
            "coverage_error": -1.0,
            "label_ranking_average_precision_score": -1.0,
            "label_ranking_loss": -1.0,
            "training_time": 300.89093371499985,
            "test_time": 0.033744387998012826
        },
        {
            "seed": "17",
            "accuracy_score": 0.9826839826839827,
            "average_precision_score": -1.0,
            "balanced_accuracy_score": 0.9829723804855753,
            "cohen_kappa_score": 0.979774875097815,
            "f1_score_macro": 0.9833553919598544,
            "f1_score_micro": 0.9826839826839827,
            "f1_score_weighted": 0.9827265157923465,
            "matthews_corrcoef": 0.9797856059567658,
            "precision_score": -1.0,
            "recall_score": -1.0,
            "roc_auc_score": -1.0,
            "coverage_error": -1.0,
            "label_ranking_average_precision_score": -1.0,
            "label_ranking_loss": -1.0,
            "training_time": 301.2133930460004,
            "test_time": 0.038484388001961634
        },
        {
            "seed": "19",
            "accuracy_score": 0.9675324675324676,
            "average_precision_score": -1.0,
            "balanced_accuracy_score": 0.9710791489591618,
            "cohen_kappa_score": 0.9620072038288844,
            "f1_score_macro": 0.9698547694243222,
            "f1_score_micro": 0.9675324675324676,
            "f1_score_weighted": 0.967643852683611,
            "matthews_corrcoef": 0.9622973960961391,
            "precision_score": -1.0,
            "recall_score": -1.0,
            "roc_auc_score": -1.0,
            "coverage_error": -1.0,
            "label_ranking_average_precision_score": -1.0,
            "label_ranking_loss": -1.0,
            "training_time": 301.89563313100007,
            "test_time": 0.03314083599980222
        },
        {
            "seed": "23",
            "accuracy_score": 0.9696969696969697,
            "average_precision_score": -1.0,
            "balanced_accuracy_score": 0.9682581502714236,
            "cohen_kappa_score": 0.9645796710969459,
            "f1_score_macro": 0.9686387675999889,
            "f1_score_micro": 0.9696969696969697,
            "f1_score_weighted": 0.9696496456173592,
            "matthews_corrcoef": 0.9646536528806133,
            "precision_score": -1.0,
            "recall_score": -1.0,
            "roc_auc_score": -1.0,
            "coverage_error": -1.0,
            "label_ranking_average_precision_score": -1.0,
            "label_ranking_loss": -1.0,
            "training_time": 304.88658862900047,
            "test_time": 0.03628594600013457
        },
        {
            "seed": "29",
            "accuracy_score": 0.9783549783549783,
            "average_precision_score": -1.0,
            "balanced_accuracy_score": 0.9784396853637425,
            "cohen_kappa_score": 0.9747022587268994,
            "f1_score_macro": 0.9784639583206836,
            "f1_score_micro": 0.9783549783549783,
            "f1_score_weighted": 0.978398027840959,
            "matthews_corrcoef": 0.9747823244450072,
            "precision_score": -1.0,
            "recall_score": -1.0,
            "roc_auc_score": -1.0,
            "coverage_error": -1.0,
            "label_ranking_average_precision_score": -1.0,
            "label_ranking_loss": -1.0,
            "training_time": 310.16530329500165,