{
    "id": 36,
    "framework": "autokeras",
    "results": [
        {
            "seed": "2",
            "accuracy_score": 0.9783549783549783,
            "average_precision_score": -1.0,
            "balanced_accuracy_score": 0.9762083921443995,
            "cohen_kappa_score": 0.9747231584015407,
            "f1_score_macro": 0.9765227246041054,
            "f1_score_micro": 0.9783549783549783,
            "f1_score_weighted": 0.9782379054827592,
            "matthews_corrcoef": 0.9747605059062406,
            "precision_score": -1.0,
            "recall_score": -1.0,
            "roc_auc_score": -1.0,
            "coverage_error": -1.0,
            "label_ranking_average_precision_score": -1.0,
            "label_ranking_loss": -1.0,
            "training_time": 67.76780848499766,
            "test_time": 0.3756404619998648
        },
        {
            "seed": "3",
            "accuracy_score": 0.9805194805194806,
            "average_precision_score": -1.0,
            "balanced_accuracy_score": 0.9810560416492271,
            "cohen_kappa_score": 0.9772244254069805,
            "f1_score_macro": 0.9806538591169531,
            "f1_score_micro": 0.9805194805194806,
            "f1_score_weighted": 0.9806592280165219,
            "matthews_corrcoef": 0.9773368491391823,
            "precision_score": -1.0,
            "recall_score": -1.0,
            "roc_auc_score": -1.0,
            "coverage_error": -1.0,
            "label_ranking_average_precision_score": -1.0,
            "label_ranking_loss": -1.0,
            "training_time": 55.89689995799927,
            "test_time": 0.3560759300016798
        },
        {
            "seed": "5",
            "accuracy_score": 0.9826839826839827,
            "average_precision_score": -1.0,
            "balanced_accuracy_score": 0.9820728291316527,
            "cohen_kappa_score": 0.979769893485424,
            "f1_score_macro": 0.9823757689748759,
            "f1_score_micro": 0.9826839826839827,
            "f1_score_weighted": 0.9826035739664716,
            "matthews_corrcoef": 0.9797913565979364,
            "precision_score": -1.0,
            "recall_score": -1.0,
            "roc_auc_score": -1.0,
            "coverage_error": -1.0,
            "label_ranking_average_precision_score": -1.0,
            "label_ranking_loss": -1.0,
            "training_time": 61.900062174001505,
            "test_time": 0.3576974630013865
        },
        {
            "seed": "7",
            "accuracy_score": 0.9632034632034632,
            "average_precision_score": -1.0,
            "balanced_accuracy_score": 0.960445374731089,
            "cohen_kappa_score": 0.956998549097977,
            "f1_score_macro": 0.9606844329429948,
            "f1_score_micro": 0.9632034632034632,
            "f1_score_weighted": 0.9631905833601827,
            "matthews_corrcoef": 0.9570299957072825,
            "precision_score": -1.0,
            "recall_score": -1.0,
            "roc_auc_score": -1.0,
            "coverage_error": -1.0,
            "label_ranking_average_precision_score": -1.0,
            "label_ranking_loss": -1.0,
            "training_time": 55.900322833000246,
            "test_time": 0.3548226649982098
        },
        {
            "seed": "11",
            "accuracy_score": 0.987012987012987,
            "average_precision_score": -1.0,
            "balanced_accuracy_score": 0.9864973882681953,
            "cohen_kappa_score": 0.9848327332815355,
            "f1_score_macro": 0.9866200413084315,
            "f1_score_micro": 0.987012987012987,
            "f1_score_weighted": 0.9870265442784527,
            "matthews_corrcoef": 0.9848381226411671,
            "precision_score": -1.0,
            "recall_score": -1.0,
            "roc_auc_score": -1.0,
            "coverage_error": -1.0,
            "label_ranking_average_precision_score": -1.0,
            "label_ranking_loss": -1.0,
            "training_time": 50.518809975001204,
            "test_time": 0.36672238699975424
        },
        {
            "seed": "13",
            "accuracy_score": 0.9783549783549783,
            "average_precision_score": -1.0,
            "balanced_accuracy_score": 0.9792432922132169,
            "cohen_kappa_score": 0.9746971323416654,
            "f1_score_macro": 0.9797012581796656,
            "f1_score_micro": 0.9783549783549783,
            "f1_score_weighted": 0.9783719030846646,
            "matthews_corrcoef": 0.9749642252659824,
            "precision_score": -1.0,
            "recall_score": -1.0,
            "roc_auc_score": -1.0,
            "coverage_error": -1.0,
            "label_ranking_average_precision_score": -1.0,
            "label_ranking_loss": -1.0,
            "training_time": 71.4229276670012,
            "test_time": 0.360301601998799
        },
        {
            "seed": "17",
            "accuracy_score": 0.9632034632034632,
            "average_precision_score": -1.0,
            "balanced_accuracy_score": 0.9637443502904464,
            "cohen_kappa_score": 0.9570161996497373,
            "f1_score_macro": 0.9645315452091767,
            "f1_score_micro": 0.9632034632034632,
            "f1_score_weighted": 0.963359297135613,
            "matthews_corrcoef": 0.9574513503678082,
            "precision_score": -1.0,
            "recall_score": -1.0,
            "roc_auc_score": -1.0,
            "coverage_error": -1.0,
            "label_ranking_average_precision_score": -1.0,
            "label_ranking_loss": -1.0,
            "training_time": 46.89775636700142,
            "test_time": 0.34696353699837346
        },
        {
            "seed": "19",
            "accuracy_score": 0.9653679653679653,
            "average_precision_score": -1.0,
            "balanced_accuracy_score": 0.9678930643987554,
            "cohen_kappa_score": 0.9594581253770635,
            "f1_score_macro": 0.9673699633699633,
            "f1_score_micro": 0.9653679653679653,
            "f1_score_weighted": 0.9652306823611172,
            "matthews_corrcoef": 0.9594844447658302,
            "precision_score": -1.0,
            "recall_score": -1.0,
            "roc_auc_score": -1.0,
            "coverage_error": -1.0,
            "label_ranking_average_precision_score": -1.0,
            "label_ranking_loss": -1.0,
            "training_time": 57.865326815001026,
            "test_time": 0.3519170089966792
        },
        {
            "seed": "23",
            "accuracy_score": 0.974025974025974,
            "average_precision_score": -1.0,
            "balanced_accuracy_score": 0.9723374204128198,
            "cohen_kappa_score": 0.9696430429235545,
            "f1_score_macro": 0.9725380663599648,
            "f1_score_micro": 0.974025974025974,
            "f1_score_weighted": 0.9741150339552358,
            "matthews_corrcoef": 0.9696589728922792,
            "precision_score": -1.0,
            "recall_score": -1.0,
            "roc_auc_score": -1.0,
            "coverage_error": -1.0,
            "label_ranking_average_precision_score": -1.0,
            "label_ranking_loss": -1.0,
            "training_time": 84.53249799900004,
            "test_time": 0.3505584029990132
        },
        {
            "seed": "29",
            "accuracy_score": 0.9805194805194806,
            "average_precision_score": -1.0,
            "balanced_accuracy_score": 0.9828320572787373,
            "cohen_kappa_score": 0.9772462364355721,
            "f1_score_macro": 0.9809899869520399,
            "f1_score_micro": 0.9805194805194806,
            "f1_score_weighted": 0.9805362300984747,
            "matthews_corrcoef": 0.9774228530163384,
            "precision_score": -1.0,
            "recall_score": -1.0,
            "roc_auc_score": -1.0,
            "coverage_error": -1.0,
            "label_ranking_average_precision_score": -1.0,
            "label_ranking_loss": -1.0,
            "training_time": 81.67850327799897,