{
    "id": 36,
    "framework": "lightwood",
    "results": [
        {
            "seed": "2",
            "accuracy_score": 0.9848484848484849,
            "average_precision_score": -1.0,
            "balanced_accuracy_score": 0.9834386479842215,
            "cohen_kappa_score": 0.9823065980960718,
            "f1_score_macro": 0.9838236813054392,
            "f1_score_micro": 0.9848484848484849,
            "f1_score_weighted": 0.9848639147387461,
            "matthews_corrcoef": 0.9823442316975044,
            "precision_score": -1.0,
            "recall_score": -1.0,
            "roc_auc_score": -1.0,
            "coverage_error": -1.0,
            "label_ranking_average_precision_score": -1.0,
            "label_ranking_loss": -1.0,
            "training_time": 4.522894437999639,
            "test_time": 0.168038711999543
        },
        {
            "seed": "3",
            "accuracy_score": 0.9588744588744589,
            "average_precision_score": -1.0,
            "balanced_accuracy_score": 0.9594840802884476,
            "cohen_kappa_score": 0.9519100655771833,
            "f1_score_macro": 0.9594589352318926,
            "f1_score_micro": 0.9588744588744589,
            "f1_score_weighted": 0.9589102344145738,
            "matthews_corrcoef": 0.9520717693229422,
            "precision_score": -1.0,
            "recall_score": -1.0,
            "roc_auc_score": -1.0,
            "coverage_error": -1.0,
            "label_ranking_average_precision_score": -1.0,
            "label_ranking_loss": -1.0,
            "training_time": 2.8219064400036586,
            "test_time": 0.16861634200176923
        },
        {
            "seed": "5",
            "accuracy_score": 0.9891774891774892,
            "average_precision_score": -1.0,
            "balanced_accuracy_score": 0.9892036124794746,
            "cohen_kappa_score": 0.9873586743572624,
            "f1_score_macro": 0.9890332320664798,
            "f1_score_micro": 0.9891774891774892,
            "f1_score_weighted": 0.9891784831322563,
            "matthews_corrcoef": 0.9874073061941007,
            "precision_score": -1.0,
            "recall_score": -1.0,
            "roc_auc_score": -1.0,
            "coverage_error": -1.0,
            "label_ranking_average_precision_score": -1.0,
            "label_ranking_loss": -1.0,
            "training_time": 3.844534718002251,
            "test_time": 0.1715391260004253
        },
        {
            "seed": "7",
            "accuracy_score": 0.9783549783549783,
            "average_precision_score": -1.0,
            "balanced_accuracy_score": 0.9765217336645909,
            "cohen_kappa_score": 0.9747041978985869,
            "f1_score_macro": 0.9769266841815092,
            "f1_score_micro": 0.9783549783549783,
            "f1_score_weighted": 0.9783309856086384,
            "matthews_corrcoef": 0.9747308939854158,
            "precision_score": -1.0,
            "recall_score": -1.0,
            "roc_auc_score": -1.0,
            "coverage_error": -1.0,
            "label_ranking_average_precision_score": -1.0,
            "label_ranking_loss": -1.0,
            "training_time": 4.307364833002794,
            "test_time": 0.18047988900070777
        },
        {
            "seed": "11",
            "accuracy_score": 0.9805194805194806,
            "average_precision_score": -1.0,
            "balanced_accuracy_score": 0.9807752446558416,
            "cohen_kappa_score": 0.9772548247341473,
            "f1_score_macro": 0.9800143002662569,
            "f1_score_micro": 0.9805194805194806,
            "f1_score_weighted": 0.9804434132315707,
            "matthews_corrcoef": 0.9773189899988423,
            "precision_score": -1.0,
            "recall_score": -1.0,
            "roc_auc_score": -1.0,
            "coverage_error": -1.0,
            "label_ranking_average_precision_score": -1.0,
            "label_ranking_loss": -1.0,
            "training_time": 4.334462391998386,
            "test_time": 0.18226101400068728
        },
        {
            "seed": "13",
            "accuracy_score": 0.9675324675324676,
            "average_precision_score": -1.0,
            "balanced_accuracy_score": 0.9675226437251077,
            "cohen_kappa_score": 0.9620334303042256,
            "f1_score_macro": 0.9691516380235097,
            "f1_score_micro": 0.9675324675324676,
            "f1_score_weighted": 0.9678750214054579,
            "matthews_corrcoef": 0.9625349180148728,
            "precision_score": -1.0,
            "recall_score": -1.0,
            "roc_auc_score": -1.0,
            "coverage_error": -1.0,
            "label_ranking_average_precision_score": -1.0,
            "label_ranking_loss": -1.0,
            "training_time": 3.160491078000632,
            "test_time": 0.16849844899843447
        },
        {
            "seed": "17",
            "accuracy_score": 0.9783549783549783,
            "average_precision_score": -1.0,
            "balanced_accuracy_score": 0.97894823561636,
            "cohen_kappa_score": 0.9747183171811471,
            "f1_score_macro": 0.9792996276992599,
            "f1_score_micro": 0.9783549783549783,
            "f1_score_weighted": 0.9783342507510984,
            "matthews_corrcoef": 0.9747503337786593,
            "precision_score": -1.0,
            "recall_score": -1.0,
            "roc_auc_score": -1.0,
            "coverage_error": -1.0,
            "label_ranking_average_precision_score": -1.0,
            "label_ranking_loss": -1.0,
            "training_time": 4.281662216002587,
            "test_time": 0.17655719900358235
        },
        {
            "seed": "19",
            "accuracy_score": 0.9718614718614719,
            "average_precision_score": -1.0,
            "balanced_accuracy_score": 0.974087901156648,
            "cohen_kappa_score": 0.9670573780832287,
            "f1_score_macro": 0.9740040242766425,
            "f1_score_micro": 0.9718614718614719,
            "f1_score_weighted": 0.9720147544942088,
            "matthews_corrcoef": 0.967105119333689,
            "precision_score": -1.0,
            "recall_score": -1.0,
            "roc_auc_score": -1.0,
            "coverage_error": -1.0,
            "label_ranking_average_precision_score": -1.0,
            "label_ranking_loss": -1.0,
            "training_time": 3.003747167000256,
            "test_time": 0.18112448499596212
        },
        {
            "seed": "23",
            "accuracy_score": 0.9761904761904762,
            "average_precision_score": -1.0,
            "balanced_accuracy_score": 0.9754029931324019,
            "cohen_kappa_score": 0.972180862710751,
            "f1_score_macro": 0.9749015426971305,
            "f1_score_micro": 0.9761904761904762,
            "f1_score_weighted": 0.9764568890812958,
            "matthews_corrcoef": 0.9722500665041636,
            "precision_score": -1.0,
            "recall_score": -1.0,
            "roc_auc_score": -1.0,
            "coverage_error": -1.0,
            "label_ranking_average_precision_score": -1.0,
            "label_ranking_loss": -1.0,
            "training_time": 3.1078890729986597,
            "test_time": 0.17000112099776743
        },
        {
            "seed": "29",
            "accuracy_score": 0.9632034632034632,
            "average_precision_score": -1.0,
            "balanced_accuracy_score": 0.96631682287553,
            "cohen_kappa_score": 0.9570371261808773,
            "f1_score_macro": 0.9638088969817956,
            "f1_score_micro": 0.9632034632034632,
            "f1_score_weighted": 0.9635705060698297,
            "matthews_corrcoef": 0.9575453291452971,
            "precision_score": -1.0,
            "recall_score": -1.0,
            "roc_auc_score": -1.0,
            "coverage_error": -1.0,
            "label_ranking_average_precision_score": -1.0,
            "label_ranking_loss": -1.0,
            "training_time": 2.955386927998916,