{
    "id": 36,
    "framework": "autogluon",
    "results": [
        {
            "seed": "2",
            "accuracy_score": 0.987012987012987,
            "average_precision_score": -1.0,
            "balanced_accuracy_score": 0.986105009300717,
            "cohen_kappa_score": 0.9848355543884987,
            "f1_score_macro": 0.9862356329147414,
            "f1_score_micro": 0.987012987012987,
            "f1_score_weighted": 0.987043686438381,
            "matthews_corrcoef": 0.9848409427610063,
            "precision_score": -1.0,
            "recall_score": -1.0,
            "roc_auc_score": -1.0,
            "coverage_error": -1.0,
            "label_ranking_average_precision_score": -1.0,
            "label_ranking_loss": -1.0,
            "training_time": 122.78357028961182,
            "test_time": 0.04842062946408987
        },
        {
            "seed": "3",
            "accuracy_score": 0.9761904761904762,
            "average_precision_score": -1.0,
            "balanced_accuracy_score": 0.9763165028320326,
            "cohen_kappa_score": 0.9721546452758235,
            "f1_score_macro": 0.9766655269029683,
            "f1_score_micro": 0.9761904761904762,
            "f1_score_weighted": 0.9762183437201425,
            "matthews_corrcoef": 0.9722985209228667,
            "precision_score": -1.0,
            "recall_score": -1.0,
            "roc_auc_score": -1.0,
            "coverage_error": -1.0,
            "label_ranking_average_precision_score": -1.0,
            "label_ranking_loss": -1.0,
            "training_time": 82.48371579684317,
            "test_time": 0.08406108524650335
        },
        {
            "seed": "5",
            "accuracy_score": 0.9913419913419913,
            "average_precision_score": -1.0,
            "balanced_accuracy_score": 0.9914332399626516,
            "cohen_kappa_score": 0.9898861646234676,
            "f1_score_macro": 0.9914482503876884,
            "f1_score_micro": 0.9913419913419913,
            "f1_score_weighted": 0.9913404881819834,
            "matthews_corrcoef": 0.9898969999854473,
            "precision_score": -1.0,
            "recall_score": -1.0,
            "roc_auc_score": -1.0,
            "coverage_error": -1.0,
            "label_ranking_average_precision_score": -1.0,
            "label_ranking_loss": -1.0,
            "training_time": 99.2910108556971,
            "test_time": 0.150658349506557
        },
        {
            "seed": "7",
            "accuracy_score": 0.9826839826839827,
            "average_precision_score": -1.0,
            "balanced_accuracy_score": 0.981254724111867,
            "cohen_kappa_score": 0.979762028615703,
            "f1_score_macro": 0.9817796302350078,
            "f1_score_micro": 0.9826839826839827,
            "f1_score_weighted": 0.9825385641624609,
            "matthews_corrcoef": 0.9798318101632926,
            "precision_score": -1.0,
            "recall_score": -1.0,
            "roc_auc_score": -1.0,
            "coverage_error": -1.0,
            "label_ranking_average_precision_score": -1.0,
            "label_ranking_loss": -1.0,
            "training_time": 146.19004184473306,
            "test_time": 0.013720816932618618
        },
        {
            "seed": "11",
            "accuracy_score": 0.987012987012987,
            "average_precision_score": -1.0,
            "balanced_accuracy_score": 0.9869443988846974,
            "cohen_kappa_score": 0.9848338950409244,
            "f1_score_macro": 0.9867427773714078,
            "f1_score_micro": 0.987012987012987,
            "f1_score_weighted": 0.9869607290974702,
            "matthews_corrcoef": 0.984871613909877,
            "precision_score": -1.0,
            "recall_score": -1.0,
            "roc_auc_score": -1.0,
            "coverage_error": -1.0,
            "label_ranking_average_precision_score": -1.0,
            "label_ranking_loss": -1.0,
            "training_time": 164.3945347275585,
            "test_time": 0.04819148126989603
        },
        {
            "seed": "13",
            "accuracy_score": 0.9718614718614719,
            "average_precision_score": -1.0,
            "balanced_accuracy_score": 0.9725885286460111,
            "cohen_kappa_score": 0.9671077132029179,
            "f1_score_macro": 0.9729592528839045,
            "f1_score_micro": 0.9718614718614719,
            "f1_score_weighted": 0.9718621856643042,
            "matthews_corrcoef": 0.967171297801037,
            "precision_score": -1.0,
            "recall_score": -1.0,
            "roc_auc_score": -1.0,
            "coverage_error": -1.0,
            "label_ranking_average_precision_score": -1.0,
            "label_ranking_loss": -1.0,
            "training_time": 25.71306043677032,
            "test_time": 0.010247848927974701
        },
        {
            "seed": "17",
            "accuracy_score": 0.9805194805194806,
            "average_precision_score": -1.0,
            "balanced_accuracy_score": 0.980629038438006,
            "cohen_kappa_score": 0.9772467344850418,
            "f1_score_macro": 0.9809898799785434,
            "f1_score_micro": 0.9805194805194806,
            "f1_score_weighted": 0.9805575800303826,
            "matthews_corrcoef": 0.9773269748798774,
            "precision_score": -1.0,
            "recall_score": -1.0,
            "roc_auc_score": -1.0,
            "coverage_error": -1.0,
            "label_ranking_average_precision_score": -1.0,
            "label_ranking_loss": -1.0,
            "training_time": 66.95583847537637,
            "test_time": 0.2513759005814791
        },
        {
            "seed": "19",
            "accuracy_score": 0.974025974025974,
            "average_precision_score": -1.0,
            "balanced_accuracy_score": 0.9760448483190746,
            "cohen_kappa_score": 0.9695942610813123,
            "f1_score_macro": 0.9756395038114112,
            "f1_score_micro": 0.974025974025974,
            "f1_score_weighted": 0.9740564918029518,
            "matthews_corrcoef": 0.969642130298455,
            "precision_score": -1.0,
            "recall_score": -1.0,
            "roc_auc_score": -1.0,
            "coverage_error": -1.0,
            "label_ranking_average_precision_score": -1.0,
            "label_ranking_loss": -1.0,
            "training_time": 57.27371127344668,
            "test_time": 0.12747473642230034
        },
        {
            "seed": "23",
            "accuracy_score": 0.9783549783549783,
            "average_precision_score": -1.0,
            "balanced_accuracy_score": 0.9782886609820818,
            "cohen_kappa_score": 0.9747107058012108,
            "f1_score_macro": 0.9775615449217406,
            "f1_score_micro": 0.9783549783549783,
            "f1_score_weighted": 0.9784997154842758,
            "matthews_corrcoef": 0.974748084906038,
            "precision_score": -1.0,
            "recall_score": -1.0,
            "roc_auc_score": -1.0,
            "coverage_error": -1.0,
            "label_ranking_average_precision_score": -1.0,
            "label_ranking_loss": -1.0,
            "training_time": 166.3838447285816,
            "test_time": 0.1405705800279975
        },
        {
            "seed": "29",
            "accuracy_score": 0.9826839826839827,
            "average_precision_score": -1.0,
            "balanced_accuracy_score": 0.9822402173349964,
            "cohen_kappa_score": 0.9797592578394542,
            "f1_score_macro": 0.9824800226051014,
            "f1_score_micro": 0.9826839826839827,
            "f1_score_weighted": 0.9826003332133396,
            "matthews_corrcoef": 0.9797807276011721,
            "precision_score": -1.0,
            "recall_score": -1.0,
            "roc_auc_score": -1.0,
            "coverage_error": -1.0,
            "label_ranking_average_precision_score": -1.0,
            "label_ranking_loss": -1.0,
            "training_time": 100.99049073271453,