{
    "id": 36,
    "framework": "gama",
    "results": [
        {
            "seed": "2",
            "accuracy_score": 0.9891774891774892,
            "average_precision_score": -1.0,
            "balanced_accuracy_score": 0.988002542507548,
            "cohen_kappa_score": 0.9873612334560734,
            "f1_score_macro": 0.9885040995512068,
            "f1_score_micro": 0.9891774891774892,
            "f1_score_weighted": 0.9891441485768441,
            "matthews_corrcoef": 0.9874098790895653,
            "precision_score": -1.0,
            "recall_score": -1.0,
            "roc_auc_score": -1.0,
            "coverage_error": -1.0,
            "label_ranking_average_precision_score": -1.0,
            "label_ranking_loss": -1.0,
            "training_time": 269.63215118699736,
            "test_time": 0.0076845470030093566
        },
        {
            "seed": "3",
            "accuracy_score": 0.9696969696969697,
            "average_precision_score": -1.0,
            "balanced_accuracy_score": 0.9700946272367554,
            "cohen_kappa_score": 0.9645656997288191,
            "f1_score_macro": 0.9702215226756951,
            "f1_score_micro": 0.9696969696969697,
            "f1_score_weighted": 0.9698986274813908,
            "matthews_corrcoef": 0.9646344011632624,
            "precision_score": -1.0,
            "recall_score": -1.0,
            "roc_auc_score": -1.0,
            "coverage_error": -1.0,
            "label_ranking_average_precision_score": -1.0,
            "label_ranking_loss": -1.0,
            "training_time": 269.71450614900095,
            "test_time": 0.007288209002581425
        },
        {
            "seed": "5",
            "accuracy_score": 0.9913419913419913,
            "average_precision_score": -1.0,
            "balanced_accuracy_score": 0.9914332399626516,
            "cohen_kappa_score": 0.9898862753253577,
            "f1_score_macro": 0.9914332399626516,
            "f1_score_micro": 0.9913419913419913,
            "f1_score_weighted": 0.9913419913419913,
            "matthews_corrcoef": 0.9898862753253577,
            "precision_score": -1.0,
            "recall_score": -1.0,
            "roc_auc_score": -1.0,
            "coverage_error": -1.0,
            "label_ranking_average_precision_score": -1.0,
            "label_ranking_loss": -1.0,
            "training_time": 270.0567017159992,
            "test_time": 0.008738400996662676
        },
        {
            "seed": "7",
            "accuracy_score": 0.9826839826839827,
            "average_precision_score": -1.0,
            "balanced_accuracy_score": 0.980045351473923,
            "cohen_kappa_score": 0.9797599228949444,
            "f1_score_macro": 0.9808102695426639,
            "f1_score_micro": 0.9826839826839827,
            "f1_score_weighted": 0.9824752356762599,
            "matthews_corrcoef": 0.9798243756014273,
            "precision_score": -1.0,
            "recall_score": -1.0,
            "roc_auc_score": -1.0,
            "coverage_error": -1.0,
            "label_ranking_average_precision_score": -1.0,
            "label_ranking_loss": -1.0,
            "training_time": 270.858571484001,
            "test_time": 0.008466709005006123
        },
        {
            "seed": "11",
            "accuracy_score": 0.9913419913419913,
            "average_precision_score": -1.0,
            "balanced_accuracy_score": 0.9912743972445465,
            "cohen_kappa_score": 0.9898888761223184,
            "f1_score_macro": 0.9912431036057294,
            "f1_score_micro": 0.9913419913419913,
            "f1_score_weighted": 0.9913379024355947,
            "matthews_corrcoef": 0.9899267905664014,
            "precision_score": -1.0,
            "recall_score": -1.0,
            "roc_auc_score": -1.0,
            "coverage_error": -1.0,
            "label_ranking_average_precision_score": -1.0,
            "label_ranking_loss": -1.0,
            "training_time": 270.31086867599515,
            "test_time": 0.00845115700212773
        },
        {
            "seed": "13",
            "accuracy_score": 0.9826839826839827,
            "average_precision_score": -1.0,
            "balanced_accuracy_score": 0.9833403855960247,
            "cohen_kappa_score": 0.9797632475169461,
            "f1_score_macro": 0.9830474721602541,
            "f1_score_micro": 0.9826839826839827,
            "f1_score_weighted": 0.9826614549471693,
            "matthews_corrcoef": 0.9798222608055939,
            "precision_score": -1.0,
            "recall_score": -1.0,
            "roc_auc_score": -1.0,
            "coverage_error": -1.0,
            "label_ranking_average_precision_score": -1.0,
            "label_ranking_loss": -1.0,
            "training_time": 270.0803822119997,
            "test_time": 0.009046650993695948
        },
        {
            "seed": "17",
            "accuracy_score": 0.9696969696969697,
            "average_precision_score": -1.0,
            "balanced_accuracy_score": 0.970401942904957,
            "cohen_kappa_score": 0.9646079681318501,
            "f1_score_macro": 0.970470989861146,
            "f1_score_micro": 0.9696969696969697,
            "f1_score_weighted": 0.9695870768331751,
            "matthews_corrcoef": 0.9646502008416076,
            "precision_score": -1.0,
            "recall_score": -1.0,
            "roc_auc_score": -1.0,
            "coverage_error": -1.0,
            "label_ranking_average_precision_score": -1.0,
            "label_ranking_loss": -1.0,
            "training_time": 269.85400314599974,
            "test_time": 0.008944993001932744
        },
        {
            "seed": "19",
            "accuracy_score": 0.9718614718614719,
            "average_precision_score": -1.0,
            "balanced_accuracy_score": 0.9751550409193214,
            "cohen_kappa_score": 0.9670711047024831,
            "f1_score_macro": 0.9738009732639163,
            "f1_score_micro": 0.9718614718614719,
            "f1_score_weighted": 0.9717096513389193,
            "matthews_corrcoef": 0.9672673656673818,
            "precision_score": -1.0,
            "recall_score": -1.0,
            "roc_auc_score": -1.0,
            "coverage_error": -1.0,
            "label_ranking_average_precision_score": -1.0,
            "label_ranking_loss": -1.0,
            "training_time": 269.8097792550034,
            "test_time": 0.008295691004605033
        },
        {
            "seed": "23",
            "accuracy_score": 0.9783549783549783,
            "average_precision_score": -1.0,
            "balanced_accuracy_score": 0.9779414606790706,
            "cohen_kappa_score": 0.9747066906825361,
            "f1_score_macro": 0.9776283852751029,
            "f1_score_micro": 0.9783549783549783,
            "f1_score_weighted": 0.9784470580860231,
            "matthews_corrcoef": 0.9747227055924789,
            "precision_score": -1.0,
            "recall_score": -1.0,
            "roc_auc_score": -1.0,
            "coverage_error": -1.0,
            "label_ranking_average_precision_score": -1.0,
            "label_ranking_loss": -1.0,
            "training_time": 269.3759148409954,
            "test_time": 0.008022130001336336
        },
        {
            "seed": "29",
            "accuracy_score": 0.9783549783549783,
            "average_precision_score": -1.0,
            "balanced_accuracy_score": 0.9787317603945727,
            "cohen_kappa_score": 0.9747033668614106,
            "f1_score_macro": 0.9785534639202755,
            "f1_score_micro": 0.9783549783549783,
            "f1_score_weighted": 0.9783308856401643,
            "matthews_corrcoef": 0.9747300532820367,
            "precision_score": -1.0,
            "recall_score": -1.0,
            "roc_auc_score": -1.0,
            "coverage_error": -1.0,
            "label_ranking_average_precision_score": -1.0,
            "label_ranking_loss": -1.0,
            "training_time": 269.85213003800163,