{
    "id": 41471,
    "framework": "pycaret",
    "results": [
        {
            "seed": "2",
            "accuracy_score": 0.7178423236514523,
            "average_precision_score": -1.0,
            "balanced_accuracy_score": 0.4221426689159619,
            "cohen_kappa_score": 0.6653666305923672,
            "f1_score_macro": 0.4106561333211925,
            "f1_score_micro": 0.7178423236514523,
            "f1_score_weighted": 0.6984311847728348,
            "matthews_corrcoef": 0.6668772836556159,
            "precision_score": -1.0,
            "recall_score": -1.0,
            "roc_auc_score": -1.0,
            "coverage_error": -1.0,
            "label_ranking_average_precision_score": -1.0,
            "label_ranking_loss": -1.0,
            "training_time": 696.7990435500105,
            "test_time": 0.22606428700964898
        },
        {
            "seed": "3",
            "accuracy_score": 0.7136929460580913,
            "average_precision_score": -1.0,
            "balanced_accuracy_score": 0.3524139543650915,
            "cohen_kappa_score": 0.6598917028424169,
            "f1_score_macro": 0.3399803027307644,
            "f1_score_micro": 0.7136929460580913,
            "f1_score_weighted": 0.6937166579736529,
            "matthews_corrcoef": 0.6610587591717562,
            "precision_score": -1.0,
            "recall_score": -1.0,
            "roc_auc_score": -1.0,
            "coverage_error": -1.0,
            "label_ranking_average_precision_score": -1.0,
            "label_ranking_loss": -1.0,
            "training_time": 812.9949347549991,
            "test_time": 0.22567440598504618
        },
        {
            "seed": "5",
            "accuracy_score": 0.7448132780082988,
            "average_precision_score": -1.0,
            "balanced_accuracy_score": 0.41233166168207785,
            "cohen_kappa_score": 0.6978549259238497,
            "f1_score_macro": 0.40069512397567975,
            "f1_score_micro": 0.7448132780082988,
            "f1_score_weighted": 0.7162027333180149,
            "matthews_corrcoef": 0.6992821397765945,
            "precision_score": -1.0,
            "recall_score": -1.0,
            "roc_auc_score": -1.0,
            "coverage_error": -1.0,
            "label_ranking_average_precision_score": -1.0,
            "label_ranking_loss": -1.0,
            "training_time": 846.6685852899973,
            "test_time": 0.22532076499192044
        },
        {
            "seed": "7",
            "accuracy_score": 0.7240663900414938,
            "average_precision_score": -1.0,
            "balanced_accuracy_score": 0.3596054386079962,
            "cohen_kappa_score": 0.6734067971898292,
            "f1_score_macro": 0.34732535495928096,
            "f1_score_micro": 0.7240663900414938,
            "f1_score_weighted": 0.7006724768726427,
            "matthews_corrcoef": 0.6746343645413896,
            "precision_score": -1.0,
            "recall_score": -1.0,
            "roc_auc_score": -1.0,
            "coverage_error": -1.0,
            "label_ranking_average_precision_score": -1.0,
            "label_ranking_loss": -1.0,
            "training_time": 798.045341465011,
            "test_time": 0.22316100599709898
        },
        {
            "seed": "11",
            "accuracy_score": 0.7593360995850622,
            "average_precision_score": -1.0,
            "balanced_accuracy_score": 0.3904813748634105,
            "cohen_kappa_score": 0.7144360172629536,
            "f1_score_macro": 0.3906493534766717,
            "f1_score_micro": 0.7593360995850622,
            "f1_score_weighted": 0.7425141623972475,
            "matthews_corrcoef": 0.7153342531448399,
            "precision_score": -1.0,
            "recall_score": -1.0,
            "roc_auc_score": -1.0,
            "coverage_error": -1.0,
            "label_ranking_average_precision_score": -1.0,
            "label_ranking_loss": -1.0,
            "training_time": 811.2928475670051,
            "test_time": 0.23309668799629435
        },
        {
            "seed": "13",
            "accuracy_score": 0.7012448132780082,
            "average_precision_score": -1.0,
            "balanced_accuracy_score": 0.4343472350496056,
            "cohen_kappa_score": 0.6479628324060032,
            "f1_score_macro": 0.4214510793047728,
            "f1_score_micro": 0.7012448132780082,
            "f1_score_weighted": 0.6730226224599969,
            "matthews_corrcoef": 0.650321699864058,
            "precision_score": -1.0,
            "recall_score": -1.0,
            "roc_auc_score": -1.0,
            "coverage_error": -1.0,
            "label_ranking_average_precision_score": -1.0,
            "label_ranking_loss": -1.0,
            "training_time": 774.7833867729933,
            "test_time": 0.18258714699186385
        },
        {
            "seed": "17",
            "accuracy_score": 0.7282157676348547,
            "average_precision_score": -1.0,
            "balanced_accuracy_score": 0.3890737009916795,
            "cohen_kappa_score": 0.6785816093826356,
            "f1_score_macro": 0.3963481823258525,
            "f1_score_micro": 0.7282157676348547,
            "f1_score_weighted": 0.7121518995550447,
            "matthews_corrcoef": 0.6799923154012621,
            "precision_score": -1.0,
            "recall_score": -1.0,
            "roc_auc_score": -1.0,
            "coverage_error": -1.0,
            "label_ranking_average_precision_score": -1.0,
            "label_ranking_loss": -1.0,
            "training_time": 571.2259805459762,
            "test_time": 0.18380675098160282
        },
        {
            "seed": "19",
            "accuracy_score": 0.7240663900414938,
            "average_precision_score": -1.0,
            "balanced_accuracy_score": 0.39955573514913906,
            "cohen_kappa_score": 0.6737442109013181,
            "f1_score_macro": 0.38633249077248194,
            "f1_score_micro": 0.7240663900414938,
            "f1_score_weighted": 0.6990492299196994,
            "matthews_corrcoef": 0.6760173485111135,
            "precision_score": -1.0,
            "recall_score": -1.0,
            "roc_auc_score": -1.0,
            "coverage_error": -1.0,
            "label_ranking_average_precision_score": -1.0,
            "label_ranking_loss": -1.0,
            "training_time": 586.0060508040187,
            "test_time": 0.1594030070118606
        },
        {
            "seed": "23",
            "accuracy_score": 0.7344398340248963,
            "average_precision_score": -1.0,
            "balanced_accuracy_score": 0.4487242490518963,
            "cohen_kappa_score": 0.6861452371868243,
            "f1_score_macro": 0.43651040793413837,
            "f1_score_micro": 0.7344398340248963,
            "f1_score_weighted": 0.712059266156373,
            "matthews_corrcoef": 0.6883882901768398,
            "precision_score": -1.0,
            "recall_score": -1.0,
            "roc_auc_score": -1.0,
            "coverage_error": -1.0,
            "label_ranking_average_precision_score": -1.0,
            "label_ranking_loss": -1.0,
            "training_time": 594.744612606999,
            "test_time": 0.15720520899049006
        },
        {
            "seed": "29",
            "accuracy_score": 0.7344398340248963,
            "average_precision_score": -1.0,
            "balanced_accuracy_score": 0.4021810443804623,
            "cohen_kappa_score": 0.6855036855036856,
            "f1_score_macro": 0.39454094737313145,
            "f1_score_micro": 0.7344398340248963,
            "f1_score_weighted": 0.7166277146877637,
            "matthews_corrcoef": 0.6871478014691408,
            "precision_score": -1.0,
            "recall_score": -1.0,
            "roc_auc_score": -1.0,
            "coverage_error": -1.0,
            "label_ranking_average_precision_score": -1.0,
            "label_ranking_loss": -1.0,
            "training_time": 595.0774687389785,