{
    "id": 41471,
    "framework": "autopytorch",
    "results": [
        {
            "seed": "2",
            "accuracy_score": 0.7406639004149378,
            "average_precision_score": -1.0,
            "balanced_accuracy_score": 0.43882708348621163,
            "cohen_kappa_score": 0.6924733817209241,
            "f1_score_macro": 0.4313849061193102,
            "f1_score_micro": 0.7406639004149378,
            "f1_score_weighted": 0.7215827041819619,
            "matthews_corrcoef": 0.6938394691657505,
            "precision_score": -1.0,
            "recall_score": -1.0,
            "roc_auc_score": -1.0,
            "coverage_error": -1.0,
            "label_ranking_average_precision_score": -1.0,
            "label_ranking_loss": -1.0,
            "training_time": 322.4696956000116,
            "test_time": 4.499415511003463
        },
        {
            "seed": "3",
            "accuracy_score": 0.44813278008298757,
            "average_precision_score": -1.0,
            "balanced_accuracy_score": 0.2529031961428439,
            "cohen_kappa_score": 0.366165710895788,
            "f1_score_macro": 0.2156189382014993,
            "f1_score_micro": 0.44813278008298757,
            "f1_score_weighted": 0.4265471688451127,
            "matthews_corrcoef": 0.3793987084529105,
            "precision_score": -1.0,
            "recall_score": -1.0,
            "roc_auc_score": -1.0,
            "coverage_error": -1.0,
            "label_ranking_average_precision_score": -1.0,
            "label_ranking_loss": -1.0,
            "training_time": 307.24170157099434,
            "test_time": 2.6701141179946717
        },
        {
            "seed": "5",
            "accuracy_score": 0.7489626556016598,
            "average_precision_score": -1.0,
            "balanced_accuracy_score": 0.41577173777592696,
            "cohen_kappa_score": 0.7029253110976411,
            "f1_score_macro": 0.40346856409866105,
            "f1_score_micro": 0.7489626556016596,
            "f1_score_weighted": 0.7203973955356897,
            "matthews_corrcoef": 0.7043274832217213,
            "precision_score": -1.0,
            "recall_score": -1.0,
            "roc_auc_score": -1.0,
            "coverage_error": -1.0,
            "label_ranking_average_precision_score": -1.0,
            "label_ranking_loss": -1.0,
            "training_time": 312.86336652500904,
            "test_time": 4.087868212998728
        },
        {
            "seed": "7",
            "accuracy_score": 0.7510373443983402,
            "average_precision_score": -1.0,
            "balanced_accuracy_score": 0.3830707339963685,
            "cohen_kappa_score": 0.7053954800821063,
            "f1_score_macro": 0.37886004205009655,
            "f1_score_micro": 0.7510373443983401,
            "f1_score_weighted": 0.7291923880680025,
            "matthews_corrcoef": 0.7070991531054178,
            "precision_score": -1.0,
            "recall_score": -1.0,
            "roc_auc_score": -1.0,
            "coverage_error": -1.0,
            "label_ranking_average_precision_score": -1.0,
            "label_ranking_loss": -1.0,
            "training_time": 318.8352155969915,
            "test_time": 10.33175501099322
        },
        {
            "seed": "11",
            "accuracy_score": 0.7738589211618258,
            "average_precision_score": -1.0,
            "balanced_accuracy_score": 0.3923625385714973,
            "cohen_kappa_score": 0.7315668732532534,
            "f1_score_macro": 0.38976205362176064,
            "f1_score_micro": 0.7738589211618258,
            "f1_score_weighted": 0.7555719470699792,
            "matthews_corrcoef": 0.7328680816096064,
            "precision_score": -1.0,
            "recall_score": -1.0,
            "roc_auc_score": -1.0,
            "coverage_error": -1.0,
            "label_ranking_average_precision_score": -1.0,
            "label_ranking_loss": -1.0,
            "training_time": 310.2248650820111,
            "test_time": 2.0737426499981666
        },
        {
            "seed": "13",
            "accuracy_score": 0.7199170124481328,
            "average_precision_score": -1.0,
            "balanced_accuracy_score": 0.44602876881191195,
            "cohen_kappa_score": 0.6701542017701269,
            "f1_score_macro": 0.4325825358429658,
            "f1_score_micro": 0.7199170124481328,
            "f1_score_weighted": 0.6919900260163313,
            "matthews_corrcoef": 0.6723854594590556,
            "precision_score": -1.0,
            "recall_score": -1.0,
            "roc_auc_score": -1.0,
            "coverage_error": -1.0,
            "label_ranking_average_precision_score": -1.0,
            "label_ranking_loss": -1.0,
            "training_time": 312.1615147880075,
            "test_time": 3.450347331992816
        },
        {
            "seed": "17",
            "accuracy_score": 0.4315352697095436,
            "average_precision_score": -1.0,
            "balanced_accuracy_score": 0.2659403693703611,
            "cohen_kappa_score": 0.3477318187430547,
            "f1_score_macro": 0.24804204377020586,
            "f1_score_micro": 0.4315352697095436,
            "f1_score_weighted": 0.4167453908169767,
            "matthews_corrcoef": 0.35914526690814114,
            "precision_score": -1.0,
            "recall_score": -1.0,
            "roc_auc_score": -1.0,
            "coverage_error": -1.0,
            "label_ranking_average_precision_score": -1.0,
            "label_ranking_loss": -1.0,
            "training_time": 308.22864741100057,
            "test_time": 1.5071289199986495
        },
        {
            "seed": "19",
            "accuracy_score": 0.7427385892116183,
            "average_precision_score": -1.0,
            "balanced_accuracy_score": 0.40862193375553996,
            "cohen_kappa_score": 0.6954714058614927,
            "f1_score_macro": 0.395974346090943,
            "f1_score_micro": 0.7427385892116183,
            "f1_score_weighted": 0.7169940035004424,
            "matthews_corrcoef": 0.6980190793766542,
            "precision_score": -1.0,
            "recall_score": -1.0,
            "roc_auc_score": -1.0,
            "coverage_error": -1.0,
            "label_ranking_average_precision_score": -1.0,
            "label_ranking_loss": -1.0,
            "training_time": 310.88152579900634,
            "test_time": 2.546652388002258
        },
        {
            "seed": "23",
            "accuracy_score": 0.7489626556016598,
            "average_precision_score": -1.0,
            "balanced_accuracy_score": 0.45625908537449184,
            "cohen_kappa_score": 0.7029207714015017,
            "f1_score_macro": 0.44512180427786024,
            "f1_score_micro": 0.7489626556016596,
            "f1_score_weighted": 0.7255466073444502,
            "matthews_corrcoef": 0.7047954723053732,
            "precision_score": -1.0,
            "recall_score": -1.0,
            "roc_auc_score": -1.0,
            "coverage_error": -1.0,
            "label_ranking_average_precision_score": -1.0,
            "label_ranking_loss": -1.0,
            "training_time": 311.727074445007,
            "test_time": 2.6585347079962958
        },
        {
            "seed": "29",
            "accuracy_score": 0.7448132780082988,
            "average_precision_score": -1.0,
            "balanced_accuracy_score": 0.40672778604550475,
            "cohen_kappa_score": 0.6974972574431717,
            "f1_score_macro": 0.40024412682412996,
            "f1_score_micro": 0.7448132780082988,
            "f1_score_weighted": 0.726629993115773,
            "matthews_corrcoef": 0.6992289578777148,
            "precision_score": -1.0,
            "recall_score": -1.0,
            "roc_auc_score": -1.0,
            "coverage_error": -1.0,
            "label_ranking_average_precision_score": -1.0,
            "label_ranking_loss": -1.0,
            "training_time": 310.78620090200275,