{
    "id": 41471,
    "framework": "mljar",
    "results": [
        {
            "seed": "2",
            "accuracy_score": 0.7053941908713693,
            "average_precision_score": -1.0,
            "balanced_accuracy_score": 0.4224246837745483,
            "cohen_kappa_score": 0.6511269917323357,
            "f1_score_macro": 0.3832812602215652,
            "f1_score_micro": 0.7053941908713693,
            "f1_score_weighted": 0.6898334461131571,
            "matthews_corrcoef": 0.6517441594881377,
            "precision_score": -1.0,
            "recall_score": -1.0,
            "roc_auc_score": -1.0,
            "coverage_error": -1.0,
            "label_ranking_average_precision_score": -1.0,
            "label_ranking_loss": -1.0,
            "training_time": 167.0721808369999,
            "test_time": 0.2338505180014181
        },
        {
            "seed": "3",
            "accuracy_score": 0.6784232365145229,
            "average_precision_score": -1.0,
            "balanced_accuracy_score": 0.3602431212665013,
            "cohen_kappa_score": 0.6197306404161534,
            "f1_score_macro": 0.35995971843938424,
            "f1_score_micro": 0.6784232365145229,
            "f1_score_weighted": 0.6722007406342989,
            "matthews_corrcoef": 0.6209404286547052,
            "precision_score": -1.0,
            "recall_score": -1.0,
            "roc_auc_score": -1.0,
            "coverage_error": -1.0,
            "label_ranking_average_precision_score": -1.0,
            "label_ranking_loss": -1.0,
            "training_time": 139.83663407399945,
            "test_time": 0.1543282390011882
        },
        {
            "seed": "5",
            "accuracy_score": 0.7136929460580913,
            "average_precision_score": -1.0,
            "balanced_accuracy_score": 0.41525899026848423,
            "cohen_kappa_score": 0.6620276511744889,
            "f1_score_macro": 0.41908307162428526,
            "f1_score_micro": 0.7136929460580913,
            "f1_score_weighted": 0.6955593691614977,
            "matthews_corrcoef": 0.6631492635310542,
            "precision_score": -1.0,
            "recall_score": -1.0,
            "roc_auc_score": -1.0,
            "coverage_error": -1.0,
            "label_ranking_average_precision_score": -1.0,
            "label_ranking_loss": -1.0,
            "training_time": 146.39548611099963,
            "test_time": 0.19555960800062167
        },
        {
            "seed": "7",
            "accuracy_score": 0.6991701244813278,
            "average_precision_score": -1.0,
            "balanced_accuracy_score": 0.378081949527946,
            "cohen_kappa_score": 0.6452878451832942,
            "f1_score_macro": 0.3855920740787484,
            "f1_score_micro": 0.6991701244813278,
            "f1_score_weighted": 0.6892436592809209,
            "matthews_corrcoef": 0.6461102967759386,
            "precision_score": -1.0,
            "recall_score": -1.0,
            "roc_auc_score": -1.0,
            "coverage_error": -1.0,
            "label_ranking_average_precision_score": -1.0,
            "label_ranking_loss": -1.0,
            "training_time": 153.63727906400163,
            "test_time": 0.4226689710012579
        },
        {
            "seed": "11",
            "accuracy_score": 0.7614107883817427,
            "average_precision_score": -1.0,
            "balanced_accuracy_score": 0.43215690982459276,
            "cohen_kappa_score": 0.717218404526138,
            "f1_score_macro": 0.45108063805737864,
            "f1_score_micro": 0.7614107883817427,
            "f1_score_weighted": 0.7491823337357056,
            "matthews_corrcoef": 0.7186118535818316,
            "precision_score": -1.0,
            "recall_score": -1.0,
            "roc_auc_score": -1.0,
            "coverage_error": -1.0,
            "label_ranking_average_precision_score": -1.0,
            "label_ranking_loss": -1.0,
            "training_time": 130.83531028300058,
            "test_time": 0.23798963299850584
        },
        {
            "seed": "13",
            "accuracy_score": 0.6825726141078838,
            "average_precision_score": -1.0,
            "balanced_accuracy_score": 0.4382134433056294,
            "cohen_kappa_score": 0.6271368115560993,
            "f1_score_macro": 0.4391756354781125,
            "f1_score_micro": 0.6825726141078838,
            "f1_score_weighted": 0.6691660662662571,
            "matthews_corrcoef": 0.627955906054524,
            "precision_score": -1.0,
            "recall_score": -1.0,
            "roc_auc_score": -1.0,
            "coverage_error": -1.0,
            "label_ranking_average_precision_score": -1.0,
            "label_ranking_loss": -1.0,
            "training_time": 149.57771171399872,
            "test_time": 0.26798912300000666
        },
        {
            "seed": "17",
            "accuracy_score": 0.6825726141078838,
            "average_precision_score": -1.0,
            "balanced_accuracy_score": 0.383324669737263,
            "cohen_kappa_score": 0.6257384137553034,
            "f1_score_macro": 0.36949051864788857,
            "f1_score_micro": 0.6825726141078838,
            "f1_score_weighted": 0.6751412003795673,
            "matthews_corrcoef": 0.6260684673443897,
            "precision_score": -1.0,
            "recall_score": -1.0,
            "roc_auc_score": -1.0,
            "coverage_error": -1.0,
            "label_ranking_average_precision_score": -1.0,
            "label_ranking_loss": -1.0,
            "training_time": 149.61051604100066,
            "test_time": 0.2556220559999929
        },
        {
            "seed": "19",
            "accuracy_score": 0.6908713692946058,
            "average_precision_score": -1.0,
            "balanced_accuracy_score": 0.38975774192372653,
            "cohen_kappa_score": 0.6349617009164332,
            "f1_score_macro": 0.3884711166969232,
            "f1_score_micro": 0.6908713692946058,
            "f1_score_weighted": 0.6743099033756242,
            "matthews_corrcoef": 0.6362524561048888,
            "precision_score": -1.0,
            "recall_score": -1.0,
            "roc_auc_score": -1.0,
            "coverage_error": -1.0,
            "label_ranking_average_precision_score": -1.0,
            "label_ranking_loss": -1.0,
            "training_time": 137.69631243500044,
            "test_time": 0.2351466869986325
        },
        {
            "seed": "23",
            "accuracy_score": 0.7033195020746889,
            "average_precision_score": -1.0,
            "balanced_accuracy_score": 0.47253225215840805,
            "cohen_kappa_score": 0.6509863890464231,
            "f1_score_macro": 0.4107575086570681,
            "f1_score_micro": 0.7033195020746889,
            "f1_score_weighted": 0.6967855566868594,
            "matthews_corrcoef": 0.6521392222459435,
            "precision_score": -1.0,
            "recall_score": -1.0,
            "roc_auc_score": -1.0,
            "coverage_error": -1.0,
            "label_ranking_average_precision_score": -1.0,
            "label_ranking_loss": -1.0,
            "training_time": 153.24020767599723,
            "test_time": 0.25803390899818623
        },
        {
            "seed": "29",
            "accuracy_score": 0.7199170124481328,
            "average_precision_score": -1.0,
            "balanced_accuracy_score": 0.3889956129296624,
            "cohen_kappa_score": 0.6683131221996239,
            "f1_score_macro": 0.3803866175065887,
            "f1_score_micro": 0.7199170124481328,
            "f1_score_weighted": 0.702385432966867,
            "matthews_corrcoef": 0.6698363634634307,
            "precision_score": -1.0,
            "recall_score": -1.0,
            "roc_auc_score": -1.0,
            "coverage_error": -1.0,
            "label_ranking_average_precision_score": -1.0,
            "label_ranking_loss": -1.0,
            "training_time": 139.92822965600135,