{
    "id": 41471,
    "framework": "lightautoml",
    "results": [
        {
            "seed": "11",
            "accuracy_score": 0.7904564315352697,
            "average_precision_score": -1.0,
            "balanced_accuracy_score": 0.44902706333170694,
            "cohen_kappa_score": 0.7513103180522492,
            "f1_score_macro": 0.45720251493739245,
            "f1_score_micro": 0.7904564315352697,
            "f1_score_weighted": 0.7727854467653059,
            "matthews_corrcoef": 0.7521245569745076,
            "precision_score": -1.0,
            "recall_score": -1.0,
            "roc_auc_score": -1.0,
            "coverage_error": -1.0,
            "label_ranking_average_precision_score": -1.0,
            "label_ranking_loss": -1.0,
            "training_time": 124.684986622,
            "test_time": 0.4050494250113843
        }
    ]
}