{
    "id": 41471,
    "framework": "h2o",
    "results": [
        {
            "seed": "2",
            "accuracy_score": 0.553941908713693,
            "average_precision_score": -1.0,
            "balanced_accuracy_score": 0.3623314699071034,
            "cohen_kappa_score": 0.47676678935861894,
            "f1_score_macro": 0.33153221251769766,
            "f1_score_micro": 0.553941908713693,
            "f1_score_weighted": 0.5591191381162502,
            "matthews_corrcoef": 0.47776334469295745,
            "precision_score": -1.0,
            "recall_score": -1.0,
            "roc_auc_score": -1.0,
            "coverage_error": -1.0,
            "label_ranking_average_precision_score": -1.0,
            "label_ranking_loss": -1.0,
            "training_time": 308.5856818309985,
            "test_time": 0.3519182639865903
        },
        {
            "seed": "3",
            "accuracy_score": 0.3879668049792531,
            "average_precision_score": -1.0,
            "balanced_accuracy_score": 0.2030526631889405,
            "cohen_kappa_score": 0.28185055178161056,
            "f1_score_macro": 0.17868376964581112,
            "f1_score_micro": 0.3879668049792531,
            "f1_score_weighted": 0.3940212445700752,
            "matthews_corrcoef": 0.28209996923794467,
            "precision_score": -1.0,
            "recall_score": -1.0,
            "roc_auc_score": -1.0,
            "coverage_error": -1.0,
            "label_ranking_average_precision_score": -1.0,
            "label_ranking_loss": -1.0,
            "training_time": 306.4840006260056,
            "test_time": 0.35404809600731824
        },
        {
            "seed": "5",
            "accuracy_score": 0.44190871369294604,
            "average_precision_score": -1.0,
            "balanced_accuracy_score": 0.25951466904538817,
            "cohen_kappa_score": 0.3468406973991104,
            "f1_score_macro": 0.23466082530326304,
            "f1_score_micro": 0.44190871369294604,
            "f1_score_weighted": 0.43231794499858883,
            "matthews_corrcoef": 0.34768362858546287,
            "precision_score": -1.0,
            "recall_score": -1.0,
            "roc_auc_score": -1.0,
            "coverage_error": -1.0,
            "label_ranking_average_precision_score": -1.0,
            "label_ranking_loss": -1.0,
            "training_time": 306.0877523740055,
            "test_time": 0.3500842989888042
        },
        {
            "seed": "7",
            "accuracy_score": 0.6058091286307054,
            "average_precision_score": -1.0,
            "balanced_accuracy_score": 0.31208638913931064,
            "cohen_kappa_score": 0.5353769037979564,
            "f1_score_macro": 0.3064013136909368,
            "f1_score_micro": 0.6058091286307054,
            "f1_score_weighted": 0.5928796876904595,
            "matthews_corrcoef": 0.5358957512573478,
            "precision_score": -1.0,
            "recall_score": -1.0,
            "roc_auc_score": -1.0,
            "coverage_error": -1.0,
            "label_ranking_average_precision_score": -1.0,
            "label_ranking_loss": -1.0,
            "training_time": 306.6111871070025,
            "test_time": 0.3566254030010896
        },
        {
            "seed": "11",
            "accuracy_score": 0.5809128630705395,
            "average_precision_score": -1.0,
            "balanced_accuracy_score": 0.29556800180744836,
            "cohen_kappa_score": 0.5042894309439804,
            "f1_score_macro": 0.2927932511370498,
            "f1_score_micro": 0.5809128630705395,
            "f1_score_weighted": 0.5727297260190889,
            "matthews_corrcoef": 0.5046975431473337,
            "precision_score": -1.0,
            "recall_score": -1.0,
            "roc_auc_score": -1.0,
            "coverage_error": -1.0,
            "label_ranking_average_precision_score": -1.0,
            "label_ranking_loss": -1.0,
            "training_time": 306.5654638820124,
            "test_time": 0.3582375849946402
        },
        {
            "seed": "13",
            "accuracy_score": 0.5746887966804979,
            "average_precision_score": -1.0,
            "balanced_accuracy_score": 0.3533125899236523,
            "cohen_kappa_score": 0.4997367301889467,
            "f1_score_macro": 0.2882135839030392,
            "f1_score_micro": 0.5746887966804979,
            "f1_score_weighted": 0.5525958300695119,
            "matthews_corrcoef": 0.5010885822037339,
            "precision_score": -1.0,
            "recall_score": -1.0,
            "roc_auc_score": -1.0,
            "coverage_error": -1.0,
            "label_ranking_average_precision_score": -1.0,
            "label_ranking_loss": -1.0,
            "training_time": 306.43350303500483,
            "test_time": 0.3520653610030422
        },
        {
            "seed": "17",
            "accuracy_score": 0.5871369294605809,
            "average_precision_score": -1.0,
            "balanced_accuracy_score": 0.3071282536526944,
            "cohen_kappa_score": 0.5135140618263891,
            "f1_score_macro": 0.283269049819527,
            "f1_score_micro": 0.5871369294605809,
            "f1_score_weighted": 0.5761970798924779,
            "matthews_corrcoef": 0.5143712061781256,
            "precision_score": -1.0,
            "recall_score": -1.0,
            "roc_auc_score": -1.0,
            "coverage_error": -1.0,
            "label_ranking_average_precision_score": -1.0,
            "label_ranking_loss": -1.0,
            "training_time": 305.91026845699525,
            "test_time": 0.3456288140005199
        },
        {
            "seed": "19",
            "accuracy_score": 0.58298755186722,
            "average_precision_score": -1.0,
            "balanced_accuracy_score": 0.34504832419492987,
            "cohen_kappa_score": 0.5083429754582547,
            "f1_score_macro": 0.35324361303110763,
            "f1_score_micro": 0.58298755186722,
            "f1_score_weighted": 0.5727524766455813,
            "matthews_corrcoef": 0.5101002276521857,
            "precision_score": -1.0,
            "recall_score": -1.0,
            "roc_auc_score": -1.0,
            "coverage_error": -1.0,
            "label_ranking_average_precision_score": -1.0,
            "label_ranking_loss": -1.0,
            "training_time": 305.9769257290027,
            "test_time": 0.3719586219958728
        },
        {
            "seed": "23",
            "accuracy_score": 0.47717842323651455,
            "average_precision_score": -1.0,
            "balanced_accuracy_score": 0.30930702924795594,
            "cohen_kappa_score": 0.39458705079001144,
            "f1_score_macro": 0.2956828309700878,
            "f1_score_micro": 0.4771784232365146,
            "f1_score_weighted": 0.4904753729375156,
            "matthews_corrcoef": 0.39695048060761406,
            "precision_score": -1.0,
            "recall_score": -1.0,
            "roc_auc_score": -1.0,
            "coverage_error": -1.0,
            "label_ranking_average_precision_score": -1.0,
            "label_ranking_loss": -1.0,
            "training_time": 306.65582255099434,
            "test_time": 0.34896934099378996
        },
        {
            "seed": "29",
            "accuracy_score": 0.520746887966805,
            "average_precision_score": -1.0,
            "balanced_accuracy_score": 0.317021451359232,
            "cohen_kappa_score": 0.43965053019360745,
            "f1_score_macro": 0.2876655900264155,
            "f1_score_micro": 0.520746887966805,
            "f1_score_weighted": 0.5324808353657723,
            "matthews_corrcoef": 0.4408176206831626,
            "precision_score": -1.0,
            "recall_score": -1.0,
            "roc_auc_score": -1.0,
            "coverage_error": -1.0,
            "label_ranking_average_precision_score": -1.0,
            "label_ranking_loss": -1.0,
            "training_time": 307.40668304900464,