{
    "id": 41471,
    "framework": "lightwood",
    "results": [
        {
            "seed": "2",
            "accuracy_score": 0.24481327800829875,
            "average_precision_score": -1.0,
            "balanced_accuracy_score": 0.17578692594921044,
            "cohen_kappa_score": 0.1592365234309484,
            "f1_score_macro": 0.17166159085514596,
            "f1_score_micro": 0.24481327800829875,
            "f1_score_weighted": 0.28211051642930735,
            "matthews_corrcoef": 0.16474401678455805,
            "precision_score": -1.0,
            "recall_score": -1.0,
            "roc_auc_score": -1.0,
            "coverage_error": -1.0,
            "label_ranking_average_precision_score": -1.0,
            "label_ranking_loss": -1.0,
            "training_time": 20.46796549999999,
            "test_time": 1.4684557810005572
        },
        {
            "seed": "3",
            "accuracy_score": 0.2074688796680498,
            "average_precision_score": -1.0,
            "balanced_accuracy_score": 0.15842766636913672,
            "cohen_kappa_score": 0.12339019524759443,
            "f1_score_macro": 0.11408918964178257,
            "f1_score_micro": 0.2074688796680498,
            "f1_score_weighted": 0.21781252675683044,
            "matthews_corrcoef": 0.12878927010987623,
            "precision_score": -1.0,
            "recall_score": -1.0,
            "roc_auc_score": -1.0,
            "coverage_error": -1.0,
            "label_ranking_average_precision_score": -1.0,
            "label_ranking_loss": -1.0,
            "training_time": 20.850455065999995,
            "test_time": 1.513577002000602
        },
        {
            "seed": "5",
            "accuracy_score": 0.13485477178423236,
            "average_precision_score": -1.0,
            "balanced_accuracy_score": 0.10856245090337785,
            "cohen_kappa_score": 0.05446625143480799,
            "f1_score_macro": 0.07971760350412858,
            "f1_score_micro": 0.13485477178423236,
            "f1_score_weighted": 0.13530959207292065,
            "matthews_corrcoef": 0.05760478774187818,
            "precision_score": -1.0,
            "recall_score": -1.0,
            "roc_auc_score": -1.0,
            "coverage_error": -1.0,
            "label_ranking_average_precision_score": -1.0,
            "label_ranking_loss": -1.0,
            "training_time": 20.57033887200032,
            "test_time": 1.3988329659996452
        },
        {
            "seed": "7",
            "accuracy_score": 0.17842323651452283,
            "average_precision_score": -1.0,
            "balanced_accuracy_score": 0.10625886715204048,
            "cohen_kappa_score": 0.09386883144627212,
            "f1_score_macro": 0.09971131994010822,
            "f1_score_micro": 0.17842323651452283,
            "f1_score_weighted": 0.20294789217565476,
            "matthews_corrcoef": 0.0975616694639179,
            "precision_score": -1.0,
            "recall_score": -1.0,
            "roc_auc_score": -1.0,
            "coverage_error": -1.0,
            "label_ranking_average_precision_score": -1.0,
            "label_ranking_loss": -1.0,
            "training_time": 19.3194773310006,
            "test_time": 1.4533237870000448
        },
        {
            "seed": "11",
            "accuracy_score": 0.23858921161825727,
            "average_precision_score": -1.0,
            "balanced_accuracy_score": 0.14995619543579206,
            "cohen_kappa_score": 0.1542889379727107,
            "f1_score_macro": 0.12801596395094503,
            "f1_score_micro": 0.2385892116182573,
            "f1_score_weighted": 0.2608288879592971,
            "matthews_corrcoef": 0.16015218489580632,
            "precision_score": -1.0,
            "recall_score": -1.0,
            "roc_auc_score": -1.0,
            "coverage_error": -1.0,
            "label_ranking_average_precision_score": -1.0,
            "label_ranking_loss": -1.0,
            "training_time": 20.903201811000145,
            "test_time": 1.486926745999881
        },
        {
            "seed": "13",
            "accuracy_score": 0.1970954356846473,
            "average_precision_score": -1.0,
            "balanced_accuracy_score": 0.17164804109492435,
            "cohen_kappa_score": 0.11292984149780538,
            "f1_score_macro": 0.12237291534729008,
            "f1_score_micro": 0.1970954356846473,
            "f1_score_weighted": 0.19951872260522216,
            "matthews_corrcoef": 0.11774468087037568,
            "precision_score": -1.0,
            "recall_score": -1.0,
            "roc_auc_score": -1.0,
            "coverage_error": -1.0,
            "label_ranking_average_precision_score": -1.0,
            "label_ranking_loss": -1.0,
            "training_time": 19.259838441000284,
            "test_time": 1.5175988060000236
        },
        {
            "seed": "17",
            "accuracy_score": 0.21991701244813278,
            "average_precision_score": -1.0,
            "balanced_accuracy_score": 0.1456538160804938,
            "cohen_kappa_score": 0.13826666222879458,
            "f1_score_macro": 0.13090257461683283,
            "f1_score_micro": 0.21991701244813278,
            "f1_score_weighted": 0.23289071657404076,
            "matthews_corrcoef": 0.14435480254229419,
            "precision_score": -1.0,
            "recall_score": -1.0,
            "roc_auc_score": -1.0,
            "coverage_error": -1.0,
            "label_ranking_average_precision_score": -1.0,
            "label_ranking_loss": -1.0,
            "training_time": 19.3398620830003,
            "test_time": 1.4698702169998796
        },
        {
            "seed": "19",
            "accuracy_score": 0.18672199170124482,
            "average_precision_score": -1.0,
            "balanced_accuracy_score": 0.1471501026123077,
            "cohen_kappa_score": 0.1087715326125922,
            "f1_score_macro": 0.11756189690934857,
            "f1_score_micro": 0.18672199170124482,
            "f1_score_weighted": 0.20003633864031214,
            "matthews_corrcoef": 0.1141670586855814,
            "precision_score": -1.0,
            "recall_score": -1.0,
            "roc_auc_score": -1.0,
            "coverage_error": -1.0,
            "label_ranking_average_precision_score": -1.0,
            "label_ranking_loss": -1.0,
            "training_time": 19.338878053999906,
            "test_time": 1.6233455280007547
        },
        {
            "seed": "23",
            "accuracy_score": 0.2717842323651452,
            "average_precision_score": -1.0,
            "balanced_accuracy_score": 0.23922684596594052,
            "cohen_kappa_score": 0.19376099046420858,
            "f1_score_macro": 0.18376521228634937,
            "f1_score_micro": 0.2717842323651452,
            "f1_score_weighted": 0.2987023469506369,
            "matthews_corrcoef": 0.2008993956255384,
            "precision_score": -1.0,
            "recall_score": -1.0,
            "roc_auc_score": -1.0,
            "coverage_error": -1.0,
            "label_ranking_average_precision_score": -1.0,
            "label_ranking_loss": -1.0,
            "training_time": 19.973060962999625,
            "test_time": 1.3856652980002764
        },
        {
            "seed": "29",
            "accuracy_score": 0.2157676348547718,
            "average_precision_score": -1.0,
            "balanced_accuracy_score": 0.1457991125082603,
            "cohen_kappa_score": 0.1354875444839857,
            "f1_score_macro": 0.12840563626932872,
            "f1_score_micro": 0.2157676348547718,
            "f1_score_weighted": 0.23940466735225174,
            "matthews_corrcoef": 0.14138635787350837,
            "precision_score": -1.0,
            "recall_score": -1.0,
            "roc_auc_score": -1.0,
            "coverage_error": -1.0,
            "label_ranking_average_precision_score": -1.0,
            "label_ranking_loss": -1.0,
            "training_time": 19.353679844999533,