{
    "id": 285,
    "framework": "autokeras",
    "results": [
        {
            "seed": "2",
            "accuracy_score": 0.02564102564102564,
            "average_precision_score": 0.3746686411119584,
            "balanced_accuracy_score": -1.0,
            "cohen_kappa_score": -1.0,
            "f1_score_macro": 0.15719436356310393,
            "f1_score_micro": 0.2926829268292683,
            "f1_score_weighted": 0.2705455957190478,
            "matthews_corrcoef": -1.0,
            "precision_score": -1.0,
            "recall_score": -1.0,
            "roc_auc_score": 0.5227877233870736,
            "coverage_error": 11.717948717948717,
            "label_ranking_average_precision_score": 0.4928266178266179,
            "label_ranking_loss": 0.7977716727716727,
            "training_time": 15.167320560663939,
            "test_time": 0.6194442845880985
        },
        {
            "seed": "3",
            "accuracy_score": 0.0,
            "average_precision_score": 0.3585788875103391,
            "balanced_accuracy_score": -1.0,
            "cohen_kappa_score": -1.0,
            "f1_score_macro": 0.15335497835497836,
            "f1_score_micro": 0.3131313131313131,
            "f1_score_weighted": 0.28395001225189903,
            "matthews_corrcoef": -1.0,
            "precision_score": -1.0,
            "recall_score": -1.0,
            "roc_auc_score": 0.5264590169283859,
            "coverage_error": 12.0,
            "label_ranking_average_precision_score": 0.5068376068376069,
            "label_ranking_loss": 0.7666666666666667,
            "training_time": 15.612254313193262,
            "test_time": 0.596431378275156
        },
        {
            "seed": "5",
            "accuracy_score": 0.0,
            "average_precision_score": 0.4712138948873404,
            "balanced_accuracy_score": -1.0,
            "cohen_kappa_score": -1.0,
            "f1_score_macro": 0.15224686445950816,
            "f1_score_micro": 0.26877470355731226,
            "f1_score_weighted": 0.243704350995682,
            "matthews_corrcoef": -1.0,
            "precision_score": -1.0,
            "recall_score": -1.0,
            "roc_auc_score": 0.5264680514432151,
            "coverage_error": 12.0,
            "label_ranking_average_precision_score": 0.563807488807489,
            "label_ranking_loss": 0.8208078958078959,
            "training_time": 16.086128254421055,
            "test_time": 0.5934960767626762
        },
        {
            "seed": "7",
            "accuracy_score": 0.0,
            "average_precision_score": 0.34086667961667966,
            "balanced_accuracy_score": -1.0,
            "cohen_kappa_score": -1.0,
            "f1_score_macro": 0.13976847427934386,
            "f1_score_micro": 0.29015544041450775,
            "f1_score_weighted": 0.2550031490248882,
            "matthews_corrcoef": -1.0,
            "precision_score": -1.0,
            "recall_score": -1.0,
            "roc_auc_score": 0.5143490416588242,
            "coverage_error": 12.0,
            "label_ranking_average_precision_score": 0.4650997150997151,
            "label_ranking_loss": 0.8041310541310542,
            "training_time": 15.209708449430764,
            "test_time": 0.5474791098386049
        },
        {
            "seed": "11",
            "accuracy_score": 0.0,
            "average_precision_score": 0.3526596941070625,
            "balanced_accuracy_score": -1.0,
            "cohen_kappa_score": -1.0,
            "f1_score_macro": 0.14507167328241313,
            "f1_score_micro": 0.3384615384615385,
            "f1_score_weighted": 0.28664696749462415,
            "matthews_corrcoef": -1.0,
            "precision_score": -1.0,
            "recall_score": -1.0,
            "roc_auc_score": 0.529126200918964,
            "coverage_error": 12.0,
            "label_ranking_average_precision_score": 0.5075396825396825,
            "label_ranking_loss": 0.7552808302808304,
            "training_time": 13.292732020840049,
            "test_time": 0.5614853594452143
        },
        {
            "seed": "13",
            "accuracy_score": 0.0,
            "average_precision_score": 0.3569746685805722,
            "balanced_accuracy_score": -1.0,
            "cohen_kappa_score": -1.0,
            "f1_score_macro": 0.1537965398404472,
            "f1_score_micro": 0.35051546391752586,
            "f1_score_weighted": 0.2959450052882761,
            "matthews_corrcoef": -1.0,
            "precision_score": -1.0,
            "recall_score": -1.0,
            "roc_auc_score": 0.5351876792165838,
            "coverage_error": 12.0,
            "label_ranking_average_precision_score": 0.5204721204721204,
            "label_ranking_loss": 0.7380748880748881,
            "training_time": 18.91421860549599,
            "test_time": 0.6213336801156402
        },
        {
            "seed": "17",
            "accuracy_score": 0.0,
            "average_precision_score": 0.31080158640642513,
            "balanced_accuracy_score": -1.0,
            "cohen_kappa_score": -1.0,
            "f1_score_macro": 0.14539232908798128,
            "f1_score_micro": 0.33707865168539325,
            "f1_score_weighted": 0.3092267687826024,
            "matthews_corrcoef": -1.0,
            "precision_score": -1.0,
            "recall_score": -1.0,
            "roc_auc_score": 0.5268300807615324,
            "coverage_error": 12.0,
            "label_ranking_average_precision_score": 0.4806267806267806,
            "label_ranking_loss": 0.7522792022792023,
            "training_time": 15.416482746601105,
            "test_time": 0.5607465133070946
        },
        {
            "seed": "19",
            "accuracy_score": 0.0,
            "average_precision_score": 0.37431891025641023,
            "balanced_accuracy_score": -1.0,
            "cohen_kappa_score": -1.0,
            "f1_score_macro": 0.12429114723286787,
            "f1_score_micro": 0.24761904761904763,
            "f1_score_weighted": 0.22418035014558702,
            "matthews_corrcoef": -1.0,
            "precision_score": -1.0,
            "recall_score": -1.0,
            "roc_auc_score": 0.5117169425968768,
            "coverage_error": 12.0,
            "label_ranking_average_precision_score": 0.4737484737484738,
            "label_ranking_loss": 0.836080586080586,
            "training_time": 14.308701166883111,
            "test_time": 0.5485048368573189
        },
        {
            "seed": "23",
            "accuracy_score": 0.0,
            "average_precision_score": 0.3330638065813588,
            "balanced_accuracy_score": -1.0,
            "cohen_kappa_score": -1.0,
            "f1_score_macro": 0.1267109500805153,
            "f1_score_micro": 0.36756756756756753,
            "f1_score_weighted": 0.28390741843690026,
            "matthews_corrcoef": -1.0,
            "precision_score": -1.0,
            "recall_score": -1.0,
            "roc_auc_score": -1.0,
            "coverage_error": 12.0,
            "label_ranking_average_precision_score": 0.5104700854700857,
            "label_ranking_loss": 0.7288461538461539,
            "training_time": 23.9401592919603,
            "test_time": 0.59252212010324
        },
        {
            "seed": "29",
            "accuracy_score": 0.0,
            "average_precision_score": 0.4001401808846876,
            "balanced_accuracy_score": -1.0,
            "cohen_kappa_score": -1.0,
            "f1_score_macro": 0.17991212004369897,
            "f1_score_micro": 0.3222748815165877,
            "f1_score_weighted": 0.30140994256661335,
            "matthews_corrcoef": -1.0,
            "precision_score": -1.0,
            "recall_score": -1.0,
            "roc_auc_score": 0.5419346717255157,
            "coverage_error": 12.0,
            "label_ranking_average_precision_score": 0.5190069190069191,
            "label_ranking_loss": 0.775864875864876,
            "training_time": 22.065127809531987,