{
    "id": 285,
    "framework": "autogluon",
    "results": [
        {
            "seed": "2",
            "accuracy_score": 0.0,
            "average_precision_score": 0.35663313926898854,
            "balanced_accuracy_score": -1.0,
            "cohen_kappa_score": -1.0,
            "f1_score_macro": 0.1706777133606402,
            "f1_score_micro": 0.2508250825082508,
            "f1_score_weighted": 0.18155808671530094,
            "matthews_corrcoef": -1.0,
            "precision_score": -1.0,
            "recall_score": -1.0,
            "roc_auc_score": 0.47359089904923907,
            "coverage_error": 12.0,
            "label_ranking_average_precision_score": 0.3539428164428165,
            "label_ranking_loss": 0.8788758309591642,
            "training_time": 128.8987230849998,
            "test_time": 0.1989154780003446
        },
        {
            "seed": "3",
            "accuracy_score": 0.0,
            "average_precision_score": 0.35756384445900574,
            "balanced_accuracy_score": -1.0,
            "cohen_kappa_score": -1.0,
            "f1_score_macro": 0.2155820615498035,
            "f1_score_micro": 0.2491349480968858,
            "f1_score_weighted": 0.1873159789167093,
            "matthews_corrcoef": -1.0,
            "precision_score": -1.0,
            "recall_score": -1.0,
            "roc_auc_score": 0.5070474040457594,
            "coverage_error": 12.0,
            "label_ranking_average_precision_score": 0.33814000814000816,
            "label_ranking_loss": 0.8924331840998507,
            "training_time": 102.72963520099984,
            "test_time": 0.20154535999972722
        },
        {
            "seed": "5",
            "accuracy_score": 0.0,
            "average_precision_score": 0.4850098670822354,
            "balanced_accuracy_score": -1.0,
            "cohen_kappa_score": -1.0,
            "f1_score_macro": 0.3438700725967279,
            "f1_score_micro": 0.3959899749373433,
            "f1_score_weighted": 0.340618771784854,
            "matthews_corrcoef": -1.0,
            "precision_score": -1.0,
            "recall_score": -1.0,
            "roc_auc_score": 0.5209964312743064,
            "coverage_error": 12.0,
            "label_ranking_average_precision_score": 0.4431222018722019,
            "label_ranking_loss": 0.8587852733686068,
            "training_time": 105.24168053500034,
            "test_time": 0.2406719640002848
        },
        {
            "seed": "7",
            "accuracy_score": 0.0,
            "average_precision_score": 0.35420315999360114,
            "balanced_accuracy_score": -1.0,
            "cohen_kappa_score": -1.0,
            "f1_score_macro": 0.21147031105243064,
            "f1_score_micro": 0.2596491228070175,
            "f1_score_weighted": 0.19306114035875266,
            "matthews_corrcoef": -1.0,
            "precision_score": -1.0,
            "recall_score": -1.0,
            "roc_auc_score": 0.5152318821460532,
            "coverage_error": 12.0,
            "label_ranking_average_precision_score": 0.34067663817663824,
            "label_ranking_loss": 0.8707409103242435,
            "training_time": 118.75574735099963,
            "test_time": 0.17509115699976974
        },
        {
            "seed": "11",
            "accuracy_score": 0.0,
            "average_precision_score": 0.330147922557462,
            "balanced_accuracy_score": -1.0,
            "cohen_kappa_score": -1.0,
            "f1_score_macro": 0.17547759634446938,
            "f1_score_micro": 0.2482758620689655,
            "f1_score_weighted": 0.2126625980996069,
            "matthews_corrcoef": -1.0,
            "precision_score": -1.0,
            "recall_score": -1.0,
            "roc_auc_score": 0.48097318725755,
            "coverage_error": 12.0,
            "label_ranking_average_precision_score": 0.3404884004884005,
            "label_ranking_loss": 0.8744827703161037,
            "training_time": 132.87917365200065,
            "test_time": 0.20093650400031038
        },
        {
            "seed": "13",
            "accuracy_score": 0.0,
            "average_precision_score": 0.35640630754675295,
            "balanced_accuracy_score": -1.0,
            "cohen_kappa_score": -1.0,
            "f1_score_macro": 0.26551108448941263,
            "f1_score_micro": 0.304635761589404,
            "f1_score_weighted": 0.27790881690632013,
            "matthews_corrcoef": -1.0,
            "precision_score": -1.0,
            "recall_score": -1.0,
            "roc_auc_score": 0.5343608470258588,
            "coverage_error": 12.0,
            "label_ranking_average_precision_score": 0.3372452855786188,
            "label_ranking_loss": 0.8488866843033509,
            "training_time": 107.49970948800001,
            "test_time": 0.25702660200022365
        },
        {
            "seed": "17",
            "accuracy_score": 0.0,
            "average_precision_score": 0.3131209666076631,
            "balanced_accuracy_score": -1.0,
            "cohen_kappa_score": -1.0,
            "f1_score_macro": 0.22538675038675038,
            "f1_score_micro": 0.24354243542435425,
            "f1_score_weighted": 0.22469081246059658,
            "matthews_corrcoef": -1.0,
            "precision_score": -1.0,
            "recall_score": -1.0,
            "roc_auc_score": 0.5292665761297165,
            "coverage_error": 12.0,
            "label_ranking_average_precision_score": 0.30702754036087376,
            "label_ranking_loss": 0.8722875118708452,
            "training_time": 107.91571429499982,
            "test_time": 0.19099455700052204
        },
        {
            "seed": "19",
            "accuracy_score": 0.0,
            "average_precision_score": 0.39382781394759575,
            "balanced_accuracy_score": -1.0,
            "cohen_kappa_score": -1.0,
            "f1_score_macro": 0.31944368596244865,
            "f1_score_micro": 0.35757575757575755,
            "f1_score_weighted": 0.3303966431221689,
            "matthews_corrcoef": -1.0,
            "precision_score": -1.0,
            "recall_score": -1.0,
            "roc_auc_score": 0.5321096331787122,
            "coverage_error": 12.0,
            "label_ranking_average_precision_score": 0.37695741758241763,
            "label_ranking_loss": 0.83192324650658,
            "training_time": 122.16607305600064,
            "test_time": 0.22726392700042197
        },
        {
            "seed": "23",
            "accuracy_score": 0.0,
            "average_precision_score": 0.3487906121919404,
            "balanced_accuracy_score": -1.0,
            "cohen_kappa_score": -1.0,
            "f1_score_macro": 0.2323412543376823,
            "f1_score_micro": 0.2857142857142857,
            "f1_score_weighted": 0.2504128105967791,
            "matthews_corrcoef": -1.0,
            "precision_score": -1.0,
            "recall_score": -1.0,
            "roc_auc_score": -1.0,
            "coverage_error": 12.0,
            "label_ranking_average_precision_score": 0.3220584045584047,
            "label_ranking_loss": 0.8537876475376474,
            "training_time": 114.04189177899934,
            "test_time": 0.14674532300068677
        },
        {
            "seed": "29",
            "accuracy_score": 0.0,
            "average_precision_score": 0.4073670835890604,
            "balanced_accuracy_score": -1.0,
            "cohen_kappa_score": -1.0,
            "f1_score_macro": 0.3138094608304842,
            "f1_score_micro": 0.3696969696969697,
            "f1_score_weighted": 0.33537941278094063,
            "matthews_corrcoef": -1.0,
            "precision_score": -1.0,
            "recall_score": -1.0,
            "roc_auc_score": 0.5376172155095967,
            "coverage_error": 12.0,
            "label_ranking_average_precision_score": 0.3773494098494099,
            "label_ranking_loss": 0.8442248338081672,
            "training_time": 110.04309791299966,