{
    "id": 285,
    "framework": "autosklearn",
    "results": [
        {
            "seed": "2",
            "accuracy_score": 0.1282051282051282,
            "average_precision_score": 0.4691568316577271,
            "balanced_accuracy_score": -1.0,
            "cohen_kappa_score": -1.0,
            "f1_score_macro": 0.48084808512717286,
            "f1_score_micro": 0.7009646302250803,
            "f1_score_weighted": 0.6715471391039737,
            "matthews_corrcoef": -1.0,
            "precision_score": -1.0,
            "recall_score": -1.0,
            "roc_auc_score": 0.644736332211771,
            "coverage_error": 9.512820512820513,
            "label_ranking_average_precision_score": 0.6877167277167276,
            "label_ranking_loss": 0.3914351851851852,
            "training_time": 298.36500493530184,
            "test_time": 0.14283537957817316
        },
        {
            "seed": "3",
            "accuracy_score": 0.3076923076923077,
            "average_precision_score": 0.47312404358551313,
            "balanced_accuracy_score": -1.0,
            "cohen_kappa_score": -1.0,
            "f1_score_macro": 0.49239153937169483,
            "f1_score_micro": 0.724252491694352,
            "f1_score_weighted": 0.6952940844552027,
            "matthews_corrcoef": -1.0,
            "precision_score": -1.0,
            "recall_score": -1.0,
            "roc_auc_score": 0.6723724736573139,
            "coverage_error": 8.846153846153847,
            "label_ranking_average_precision_score": 0.7260551485551485,
            "label_ranking_loss": 0.3649369149369149,
            "training_time": 298.0777819734067,
            "test_time": 0.17881032265722752
        },
        {
            "seed": "5",
            "accuracy_score": 0.20512820512820512,
            "average_precision_score": 0.5695278924976409,
            "balanced_accuracy_score": -1.0,
            "cohen_kappa_score": -1.0,
            "f1_score_macro": 0.5821445105820106,
            "f1_score_micro": 0.7544303797468355,
            "f1_score_weighted": 0.7406113398111062,
            "matthews_corrcoef": -1.0,
            "precision_score": -1.0,
            "recall_score": -1.0,
            "roc_auc_score": 0.6909428481183681,
            "coverage_error": 10.282051282051283,
            "label_ranking_average_precision_score": 0.7403962601184825,
            "label_ranking_loss": 0.4025683421516755,
            "training_time": 297.58127848803997,
            "test_time": 0.1505949404090643
        },
        {
            "seed": "7",
            "accuracy_score": 0.23076923076923078,
            "average_precision_score": 0.5565643345829421,
            "balanced_accuracy_score": -1.0,
            "cohen_kappa_score": -1.0,
            "f1_score_macro": 0.6363279115419876,
            "f1_score_micro": 0.7665505226480837,
            "f1_score_weighted": 0.7572984317383689,
            "matthews_corrcoef": -1.0,
            "precision_score": -1.0,
            "recall_score": -1.0,
            "roc_auc_score": 0.7370205198622392,
            "coverage_error": 9.256410256410257,
            "label_ranking_average_precision_score": 0.7175488400488401,
            "label_ranking_loss": 0.326929012345679,
            "training_time": 297.20329238753766,
            "test_time": 0.31229139398783445
        },
        {
            "seed": "11",
            "accuracy_score": 0.2564102564102564,
            "average_precision_score": 0.4649993910811827,
            "balanced_accuracy_score": -1.0,
            "cohen_kappa_score": -1.0,
            "f1_score_macro": 0.47123618340723605,
            "f1_score_micro": 0.7386759581881533,
            "f1_score_weighted": 0.6989424837982531,
            "matthews_corrcoef": -1.0,
            "precision_score": -1.0,
            "recall_score": -1.0,
            "roc_auc_score": 0.649128824837513,
            "coverage_error": 8.666666666666666,
            "label_ranking_average_precision_score": 0.7278311965811967,
            "label_ranking_loss": 0.3249711708045041,
            "training_time": 299.3965035881847,
            "test_time": 0.43568148650228977
        },
        {
            "seed": "13",
            "accuracy_score": 0.15384615384615385,
            "average_precision_score": 0.5542387378703442,
            "balanced_accuracy_score": -1.0,
            "cohen_kappa_score": -1.0,
            "f1_score_macro": 0.6423625076085031,
            "f1_score_micro": 0.7243589743589742,
            "f1_score_weighted": 0.7219069188973966,
            "matthews_corrcoef": -1.0,
            "precision_score": -1.0,
            "recall_score": -1.0,
            "roc_auc_score": 0.7670988193228999,
            "coverage_error": 9.333333333333334,
            "label_ranking_average_precision_score": 0.6760725914297344,
            "label_ranking_loss": 0.35017297517297513,
            "training_time": 296.74487905576825,
            "test_time": 0.1429634392261505
        },
        {
            "seed": "17",
            "accuracy_score": 0.28205128205128205,
            "average_precision_score": 0.4562042969381039,
            "balanced_accuracy_score": -1.0,
            "cohen_kappa_score": -1.0,
            "f1_score_macro": 0.48896774521774516,
            "f1_score_micro": 0.756554307116105,
            "f1_score_weighted": 0.7262734867051414,
            "matthews_corrcoef": -1.0,
            "precision_score": -1.0,
            "recall_score": -1.0,
            "roc_auc_score": 0.6895789291780753,
            "coverage_error": 8.615384615384615,
            "label_ranking_average_precision_score": 0.7266147741147743,
            "label_ranking_loss": 0.29371269162935815,
            "training_time": 310.93730979412794,
            "test_time": 0.1759015927091241
        },
        {
            "seed": "19",
            "accuracy_score": 0.20512820512820512,
            "average_precision_score": 0.5090189746663271,
            "balanced_accuracy_score": -1.0,
            "cohen_kappa_score": -1.0,
            "f1_score_macro": 0.5542196686697966,
            "f1_score_micro": 0.7289719626168225,
            "f1_score_weighted": 0.7074907270879432,
            "matthews_corrcoef": -1.0,
            "precision_score": -1.0,
            "recall_score": -1.0,
            "roc_auc_score": 0.6775650483274324,
            "coverage_error": 9.64102564102564,
            "label_ranking_average_precision_score": 0.6922884728440284,
            "label_ranking_loss": 0.37947530864197526,
            "training_time": 317.42836986575276,
            "test_time": 0.24064615834504366
        },
        {
            "seed": "23",
            "accuracy_score": 0.20512820512820512,
            "average_precision_score": NaN,
            "balanced_accuracy_score": -1.0,
            "cohen_kappa_score": -1.0,
            "f1_score_macro": 0.41432423258798967,
            "f1_score_micro": 0.6840148698884758,
            "f1_score_weighted": 0.664207241526521,
            "matthews_corrcoef": -1.0,
            "precision_score": -1.0,
            "recall_score": -1.0,
            "roc_auc_score": -1.0,
            "coverage_error": 9.35897435897436,
            "label_ranking_average_precision_score": 0.6588471713471713,
            "label_ranking_loss": 0.40224613349613353,
            "training_time": 298.92338818404824,
            "test_time": 0.21101374831050634
        },
        {
            "seed": "29",
            "accuracy_score": 0.1282051282051282,
            "average_precision_score": 0.5065070955095499,
            "balanced_accuracy_score": -1.0,
            "cohen_kappa_score": -1.0,
            "f1_score_macro": 0.5509670470854681,
            "f1_score_micro": 0.7200000000000001,
            "f1_score_weighted": 0.7202278177079278,
            "matthews_corrcoef": -1.0,
            "precision_score": -1.0,
            "recall_score": -1.0,
            "roc_auc_score": 0.7186503663132212,