{"framework": "autogluon", "accuracy_score": 0.5661016949152542, "average_precision_score": -1.0, "balanced_accuracy_score": 0.5305548512021392, "cohen_kappa_score": 0.3211807428181066, "f1_score_macro": 0.526031302155579, "f1_score_micro": 0.5661016949152542, "f1_score_weighted": 0.5563617097430008, "matthews_corrcoef": 0.33199321726624126, "precision_score": -1.0, "recall_score": -1.0, "roc_auc_score": -1.0, "training_time": "00:00:11", "test_time": "00:00:00"}