{"framework": "autopytorch", "accuracy_score": 0.5796610169491525, "average_precision_score": -1.0, "balanced_accuracy_score": 0.5450727276918467, "cohen_kappa_score": 0.3423583769304065, "f1_score_macro": 0.5425026282032734, "f1_score_micro": 0.5796610169491525, "f1_score_weighted": 0.5712624056016897, "matthews_corrcoef": 0.3516114397730631, "precision_score": -1.0, "recall_score": -1.0, "roc_auc_score": -1.0, "coverage_error": -1.0, "label_ranking_average_precision_score": -1.0, "label_ranking_loss": -1.0, "training_time": "00:11:20", "test_time": "00:01:42"}