{"framework": "lightautoml", "accuracy_score": 0.4271186440677966, "average_precision_score": -1.0, "balanced_accuracy_score": 0.4119007553229908, "cohen_kappa_score": 0.1526158343814802, "f1_score_macro": 0.3796451914098973, "f1_score_micro": 0.4271186440677966, "f1_score_weighted": 0.4180209156081539, "matthews_corrcoef": 0.1664799610921046, "precision_score": -1.0, "recall_score": -1.0, "roc_auc_score": -1.0, "coverage_error": -1.0, "label_ranking_average_precision_score": -1.0, "label_ranking_loss": -1.0, "training_time": "00:00:45", "test_time": "00:00:00"}