{"framework": "autogluon", "accuracy_score": 0.5457627118644067, "average_precision_score": -1.0, "balanced_accuracy_score": 0.5058504875406283, "cohen_kappa_score": 0.2817298083038067, "f1_score_macro": 0.5062764801261006, "f1_score_micro": 0.5457627118644067, "f1_score_weighted": 0.5356193260974884, "matthews_corrcoef": 0.28420042576689036, "precision_score": -1.0, "recall_score": -1.0, "roc_auc_score": -1.0, "coverage_error": -1.0, "label_ranking_average_precision_score": -1.0, "label_ranking_loss": -1.0, "training_time": "00:00:11", "test_time": "00:00:00"}