{
    "id": 23,
    "framework": "pycaret",
    "results": [
        {
            "seed": "2",
            "accuracy_score": 0.5627118644067797,
            "average_precision_score": -1.0,
            "balanced_accuracy_score": 0.5343610740246255,
            "cohen_kappa_score": 0.3216577540106952,
            "f1_score_macro": 0.5342438253309623,
            "f1_score_micro": 0.5627118644067797,
            "f1_score_weighted": 0.5635515939437172,
            "matthews_corrcoef": 0.32218040130536824,
            "precision_score": -1.0,
            "recall_score": -1.0,
            "roc_auc_score": -1.0,
            "coverage_error": -1.0,
            "label_ranking_average_precision_score": -1.0,
            "label_ranking_loss": -1.0,
            "training_time": 8.22988940961659,
            "test_time": 0.09869436547160149
        },
        {
            "seed": "3",
            "accuracy_score": 0.5491525423728814,
            "average_precision_score": -1.0,
            "balanced_accuracy_score": 0.5034722222222222,
            "cohen_kappa_score": 0.28692159499836434,
            "f1_score_macro": 0.5026048188671094,
            "f1_score_micro": 0.5491525423728814,
            "f1_score_weighted": 0.5442909806986284,
            "matthews_corrcoef": 0.28866732874445716,
            "precision_score": -1.0,
            "recall_score": -1.0,
            "roc_auc_score": -1.0,
            "coverage_error": -1.0,
            "label_ranking_average_precision_score": -1.0,
            "label_ranking_loss": -1.0,
            "training_time": 7.862632820382714,
            "test_time": 0.10329742636531591
        },
        {
            "seed": "5",
            "accuracy_score": 0.5254237288135594,
            "average_precision_score": -1.0,
            "balanced_accuracy_score": 0.5210584777861286,
            "cohen_kappa_score": 0.2730153142052456,
            "f1_score_macro": 0.5164799379724753,
            "f1_score_micro": 0.5254237288135594,
            "f1_score_weighted": 0.5220145453669359,
            "matthews_corrcoef": 0.2756431032518404,
            "precision_score": -1.0,
            "recall_score": -1.0,
            "roc_auc_score": -1.0,
            "coverage_error": -1.0,
            "label_ranking_average_precision_score": -1.0,
            "label_ranking_loss": -1.0,
            "training_time": 8.000379067845643,
            "test_time": 0.09860098920762539
        },
        {
            "seed": "7",
            "accuracy_score": 0.5932203389830508,
            "average_precision_score": -1.0,
            "balanced_accuracy_score": 0.5609788542514057,
            "cohen_kappa_score": 0.360664619830233,
            "f1_score_macro": 0.558775410749095,
            "f1_score_micro": 0.5932203389830508,
            "f1_score_weighted": 0.5954593404414992,
            "matthews_corrcoef": 0.3608546465204641,
            "precision_score": -1.0,
            "recall_score": -1.0,
            "roc_auc_score": -1.0,
            "coverage_error": -1.0,
            "label_ranking_average_precision_score": -1.0,
            "label_ranking_loss": -1.0,
            "training_time": 8.040346570312977,
            "test_time": 0.10324044805020094
        },
        {
            "seed": "11",
            "accuracy_score": 0.5661016949152542,
            "average_precision_score": -1.0,
            "balanced_accuracy_score": 0.5485343061955965,
            "cohen_kappa_score": 0.3259911107937812,
            "f1_score_macro": 0.5488478231359903,
            "f1_score_micro": 0.5661016949152542,
            "f1_score_weighted": 0.567175500036097,
            "matthews_corrcoef": 0.3306876601833157,
            "precision_score": -1.0,
            "recall_score": -1.0,
            "roc_auc_score": -1.0,
            "coverage_error": -1.0,
            "label_ranking_average_precision_score": -1.0,
            "label_ranking_loss": -1.0,
            "training_time": 7.959513086825609,
            "test_time": 0.10236630216240883
        },
        {
            "seed": "13",
            "accuracy_score": 0.6,
            "average_precision_score": -1.0,
            "balanced_accuracy_score": 0.5650993336941953,
            "cohen_kappa_score": 0.37478671623830295,
            "f1_score_macro": 0.5651308244363258,
            "f1_score_micro": 0.6,
            "f1_score_weighted": 0.5993305466496973,
            "matthews_corrcoef": 0.37711745836033683,
            "precision_score": -1.0,
            "recall_score": -1.0,
            "roc_auc_score": -1.0,
            "coverage_error": -1.0,
            "label_ranking_average_precision_score": -1.0,
            "label_ranking_loss": -1.0,
            "training_time": 7.856425437144935,
            "test_time": 0.09421270247548819
        },
        {
            "seed": "17",
            "accuracy_score": 0.6067796610169491,
            "average_precision_score": -1.0,
            "balanced_accuracy_score": 0.5796003513394817,
            "cohen_kappa_score": 0.3873970640887935,
            "f1_score_macro": 0.5767552697517128,
            "f1_score_micro": 0.6067796610169491,
            "f1_score_weighted": 0.6069286874006776,
            "matthews_corrcoef": 0.39122980062012624,
            "precision_score": -1.0,
            "recall_score": -1.0,
            "roc_auc_score": -1.0,
            "coverage_error": -1.0,
            "label_ranking_average_precision_score": -1.0,
            "label_ranking_loss": -1.0,
            "training_time": 7.920653689652681,
            "test_time": 0.10258237645030022
        },
        {
            "seed": "19",
            "accuracy_score": 0.5186440677966102,
            "average_precision_score": -1.0,
            "balanced_accuracy_score": 0.5072065213943603,
            "cohen_kappa_score": 0.25902996426928926,
            "f1_score_macro": 0.5034441829970474,
            "f1_score_micro": 0.5186440677966102,
            "f1_score_weighted": 0.519846611907272,
            "matthews_corrcoef": 0.25940954140091227,
            "precision_score": -1.0,
            "recall_score": -1.0,
            "roc_auc_score": -1.0,
            "coverage_error": -1.0,
            "label_ranking_average_precision_score": -1.0,
            "label_ranking_loss": -1.0,
            "training_time": 7.920635482296348,
            "test_time": 0.1027118293568492
        },
        {
            "seed": "23",
            "accuracy_score": 0.5389830508474577,
            "average_precision_score": -1.0,
            "balanced_accuracy_score": 0.5054730204360199,
            "cohen_kappa_score": 0.2814414156248881,
            "f1_score_macro": 0.5036723612647424,
            "f1_score_micro": 0.5389830508474577,
            "f1_score_weighted": 0.5427375144098358,
            "matthews_corrcoef": 0.28185157278183726,
            "precision_score": -1.0,
            "recall_score": -1.0,
            "roc_auc_score": -1.0,
            "coverage_error": -1.0,
            "label_ranking_average_precision_score": -1.0,
            "label_ranking_loss": -1.0,
            "training_time": 8.04649038799107,
            "test_time": 0.10195062775164843
        },
        {
            "seed": "29",
            "accuracy_score": 0.511864406779661,
            "average_precision_score": -1.0,
            "balanced_accuracy_score": 0.4676765290989027,
            "cohen_kappa_score": 0.23390441839495046,
            "f1_score_macro": 0.4583971838558994,
            "f1_score_micro": 0.511864406779661,
            "f1_score_weighted": 0.49392700364477693,
            "matthews_corrcoef": 0.23697882296514153,
            "precision_score": -1.0,
            "recall_score": -1.0,
            "roc_auc_score": -1.0,
            "coverage_error": -1.0,
            "label_ranking_average_precision_score": -1.0,
            "label_ranking_loss": -1.0,
            "training_time": 7.964029239490628,