{
    "id": 23,
    "framework": "gama",
    "results": [
        {
            "seed": "2",
            "accuracy_score": 0.576271186440678,
            "average_precision_score": -1.0,
            "balanced_accuracy_score": 0.5502764179399694,
            "cohen_kappa_score": 0.33694753119718057,
            "f1_score_macro": 0.5533619583019787,
            "f1_score_micro": 0.576271186440678,
            "f1_score_weighted": 0.5749571788375301,
            "matthews_corrcoef": 0.3379104281874934,
            "precision_score": -1.0,
            "recall_score": -1.0,
            "roc_auc_score": -1.0,
            "coverage_error": -1.0,
            "label_ranking_average_precision_score": -1.0,
            "label_ranking_loss": -1.0,
            "training_time": 269.1999001209624,
            "test_time": 0.006342265987768769
        },
        {
            "seed": "3",
            "accuracy_score": 0.5525423728813559,
            "average_precision_score": -1.0,
            "balanced_accuracy_score": 0.5314043209876543,
            "cohen_kappa_score": 0.30706811872731155,
            "f1_score_macro": 0.5283319084259523,
            "f1_score_micro": 0.5525423728813559,
            "f1_score_weighted": 0.5539460274065237,
            "matthews_corrcoef": 0.31414993045311296,
            "precision_score": -1.0,
            "recall_score": -1.0,
            "roc_auc_score": -1.0,
            "coverage_error": -1.0,
            "label_ranking_average_precision_score": -1.0,
            "label_ranking_loss": -1.0,
            "training_time": 269.3562802680535,
            "test_time": 0.006357397069223225
        },
        {
            "seed": "5",
            "accuracy_score": 0.5423728813559322,
            "average_precision_score": -1.0,
            "balanced_accuracy_score": 0.52877215981953,
            "cohen_kappa_score": 0.2927543953116676,
            "f1_score_macro": 0.5282200378420786,
            "f1_score_micro": 0.5423728813559322,
            "f1_score_weighted": 0.5384822964306583,
            "matthews_corrcoef": 0.2956538097631922,
            "precision_score": -1.0,
            "recall_score": -1.0,
            "roc_auc_score": -1.0,
            "coverage_error": -1.0,
            "label_ranking_average_precision_score": -1.0,
            "label_ranking_loss": -1.0,
            "training_time": 269.22248937992845,
            "test_time": 0.007228606031276286
        },
        {
            "seed": "7",
            "accuracy_score": 0.6237288135593221,
            "average_precision_score": -1.0,
            "balanced_accuracy_score": 0.5713061452113807,
            "cohen_kappa_score": 0.3961606550121709,
            "f1_score_macro": 0.5738366142917344,
            "f1_score_micro": 0.6237288135593221,
            "f1_score_weighted": 0.6178729839018253,
            "matthews_corrcoef": 0.39712114113761976,
            "precision_score": -1.0,
            "recall_score": -1.0,
            "roc_auc_score": -1.0,
            "coverage_error": -1.0,
            "label_ranking_average_precision_score": -1.0,
            "label_ranking_loss": -1.0,
            "training_time": 269.27710538893007,
            "test_time": 0.0067554309498518705
        },
        {
            "seed": "11",
            "accuracy_score": 0.5898305084745763,
            "average_precision_score": -1.0,
            "balanced_accuracy_score": 0.5590973822324629,
            "cohen_kappa_score": 0.3581190433375292,
            "f1_score_macro": 0.5596545046067286,
            "f1_score_micro": 0.5898305084745763,
            "f1_score_weighted": 0.5871753233417822,
            "matthews_corrcoef": 0.36462978502509774,
            "precision_score": -1.0,
            "recall_score": -1.0,
            "roc_auc_score": -1.0,
            "coverage_error": -1.0,
            "label_ranking_average_precision_score": -1.0,
            "label_ranking_loss": -1.0,
            "training_time": 269.1856595359277,
            "test_time": 0.0064700450748205185
        },
        {
            "seed": "13",
            "accuracy_score": 0.6,
            "average_precision_score": -1.0,
            "balanced_accuracy_score": 0.565797698216311,
            "cohen_kappa_score": 0.37279279279279276,
            "f1_score_macro": 0.5674401056404451,
            "f1_score_micro": 0.6,
            "f1_score_weighted": 0.5991750836906372,
            "matthews_corrcoef": 0.374095576214463,
            "precision_score": -1.0,
            "recall_score": -1.0,
            "roc_auc_score": -1.0,
            "coverage_error": -1.0,
            "label_ranking_average_precision_score": -1.0,
            "label_ranking_loss": -1.0,
            "training_time": 269.40205383009743,
            "test_time": 0.006363695953041315
        },
        {
            "seed": "17",
            "accuracy_score": 0.6067796610169491,
            "average_precision_score": -1.0,
            "balanced_accuracy_score": 0.5733970136144049,
            "cohen_kappa_score": 0.381495472373344,
            "f1_score_macro": 0.5724293216529525,
            "f1_score_micro": 0.6067796610169491,
            "f1_score_weighted": 0.6037330532728049,
            "matthews_corrcoef": 0.38550706706869153,
            "precision_score": -1.0,
            "recall_score": -1.0,
            "roc_auc_score": -1.0,
            "coverage_error": -1.0,
            "label_ranking_average_precision_score": -1.0,
            "label_ranking_loss": -1.0,
            "training_time": 269.2105431340169,
            "test_time": 0.006156868999823928
        },
        {
            "seed": "19",
            "accuracy_score": 0.5254237288135594,
            "average_precision_score": -1.0,
            "balanced_accuracy_score": 0.5089415421702033,
            "cohen_kappa_score": 0.2651637812928136,
            "f1_score_macro": 0.5031539888682746,
            "f1_score_micro": 0.5254237288135594,
            "f1_score_weighted": 0.5202654004591051,
            "matthews_corrcoef": 0.26697514109943926,
            "precision_score": -1.0,
            "recall_score": -1.0,
            "roc_auc_score": -1.0,
            "coverage_error": -1.0,
            "label_ranking_average_precision_score": -1.0,
            "label_ranking_loss": -1.0,
            "training_time": 269.27436477609444,
            "test_time": 0.006714852061122656
        },
        {
            "seed": "23",
            "accuracy_score": 0.5932203389830508,
            "average_precision_score": -1.0,
            "balanced_accuracy_score": 0.5421852404997273,
            "cohen_kappa_score": 0.3490493177889743,
            "f1_score_macro": 0.5436522062055135,
            "f1_score_micro": 0.5932203389830508,
            "f1_score_weighted": 0.5857703716008124,
            "matthews_corrcoef": 0.3502810510826539,
            "precision_score": -1.0,
            "recall_score": -1.0,
            "roc_auc_score": -1.0,
            "coverage_error": -1.0,
            "label_ranking_average_precision_score": -1.0,
            "label_ranking_loss": -1.0,
            "training_time": 270.203954054974,
            "test_time": 0.0060706810327246785
        },
        {
            "seed": "31",
            "accuracy_score": 0.5220338983050847,
            "average_precision_score": -1.0,
            "balanced_accuracy_score": 0.49386950260330115,
            "cohen_kappa_score": 0.261295020245791,
            "f1_score_macro": 0.4880892743921342,
            "f1_score_micro": 0.5220338983050847,
            "f1_score_weighted": 0.5109503303932177,
            "matthews_corrcoef": 0.2709173632908205,
            "precision_score": -1.0,
            "recall_score": -1.0,
            "roc_auc_score": -1.0,
            "coverage_error": -1.0,
            "label_ranking_average_precision_score": -1.0,
            "label_ranking_loss": -1.0,
            "training_time": 269.3464831899619,