{
    "id": 23,
    "framework": "evalml",
    "results": [
        {
            "seed": "2",
            "accuracy_score": 0.5830508474576271,
            "average_precision_score": -1.0,
            "balanced_accuracy_score": 0.5508769223161746,
            "cohen_kappa_score": 0.3435430763107429,
            "f1_score_macro": 0.5561520694647629,
            "f1_score_micro": 0.5830508474576271,
            "f1_score_weighted": 0.5798201462702696,
            "matthews_corrcoef": 0.3489658228222077,
            "precision_score": -1.0,
            "recall_score": -1.0,
            "roc_auc_score": -1.0,
            "coverage_error": -1.0,
            "label_ranking_average_precision_score": -1.0,
            "label_ranking_loss": -1.0,
            "training_time": 310.3372808499844,
            "test_time": 0.2003792569739744
        },
        {
            "seed": "3",
            "accuracy_score": 0.5457627118644067,
            "average_precision_score": -1.0,
            "balanced_accuracy_score": 0.5133101851851852,
            "cohen_kappa_score": 0.2924899770904925,
            "f1_score_macro": 0.5055621870064739,
            "f1_score_micro": 0.5457627118644067,
            "f1_score_weighted": 0.5403710663149655,
            "matthews_corrcoef": 0.3071333177931333,
            "precision_score": -1.0,
            "recall_score": -1.0,
            "roc_auc_score": -1.0,
            "coverage_error": -1.0,
            "label_ranking_average_precision_score": -1.0,
            "label_ranking_loss": -1.0,
            "training_time": 303.90387453098083,
            "test_time": 0.135028773045633
        },
        {
            "seed": "5",
            "accuracy_score": 0.535593220338983,
            "average_precision_score": -1.0,
            "balanced_accuracy_score": 0.5249307621822525,
            "cohen_kappa_score": 0.2831169291897262,
            "f1_score_macro": 0.522323557302959,
            "f1_score_micro": 0.535593220338983,
            "f1_score_weighted": 0.529726039331691,
            "matthews_corrcoef": 0.2873342383921611,
            "precision_score": -1.0,
            "recall_score": -1.0,
            "roc_auc_score": -1.0,
            "coverage_error": -1.0,
            "label_ranking_average_precision_score": -1.0,
            "label_ranking_loss": -1.0,
            "training_time": 305.66548016294837,
            "test_time": 0.08873825700720772
        },
        {
            "seed": "7",
            "accuracy_score": 0.6067796610169491,
            "average_precision_score": -1.0,
            "balanced_accuracy_score": 0.5549339227333426,
            "cohen_kappa_score": 0.3712563848160806,
            "f1_score_macro": 0.5565663322185062,
            "f1_score_micro": 0.6067796610169491,
            "f1_score_weighted": 0.6025277478600986,
            "matthews_corrcoef": 0.37163481907737317,
            "precision_score": -1.0,
            "recall_score": -1.0,
            "roc_auc_score": -1.0,
            "coverage_error": -1.0,
            "label_ranking_average_precision_score": -1.0,
            "label_ranking_loss": -1.0,
            "training_time": 305.829329892993,
            "test_time": 0.403232979006134
        },
        {
            "seed": "11",
            "accuracy_score": 0.5796610169491525,
            "average_precision_score": -1.0,
            "balanced_accuracy_score": 0.5502240143369176,
            "cohen_kappa_score": 0.3457225133699404,
            "f1_score_macro": 0.5489709893379617,
            "f1_score_micro": 0.5796610169491525,
            "f1_score_weighted": 0.57792197422115,
            "matthews_corrcoef": 0.3580139540273586,
            "precision_score": -1.0,
            "recall_score": -1.0,
            "roc_auc_score": -1.0,
            "coverage_error": -1.0,
            "label_ranking_average_precision_score": -1.0,
            "label_ranking_loss": -1.0,
            "training_time": 309.6552462609834,
            "test_time": 0.373452301020734
        },
        {
            "seed": "13",
            "accuracy_score": 0.5966101694915255,
            "average_precision_score": -1.0,
            "balanced_accuracy_score": 0.5641166292916795,
            "cohen_kappa_score": 0.36791025964204693,
            "f1_score_macro": 0.565971264895996,
            "f1_score_micro": 0.5966101694915255,
            "f1_score_weighted": 0.595481004830376,
            "matthews_corrcoef": 0.37465474817865424,
            "precision_score": -1.0,
            "recall_score": -1.0,
            "roc_auc_score": -1.0,
            "coverage_error": -1.0,
            "label_ranking_average_precision_score": -1.0,
            "label_ranking_loss": -1.0,
            "training_time": 302.887879426009,
            "test_time": 0.3670650830026716
        },
        {
            "seed": "17",
            "accuracy_score": 0.6,
            "average_precision_score": -1.0,
            "balanced_accuracy_score": 0.575098814229249,
            "cohen_kappa_score": 0.3795893633706423,
            "f1_score_macro": 0.5731149332666462,
            "f1_score_micro": 0.6,
            "f1_score_weighted": 0.6025479065872764,
            "matthews_corrcoef": 0.3892477747212694,
            "precision_score": -1.0,
            "recall_score": -1.0,
            "roc_auc_score": -1.0,
            "coverage_error": -1.0,
            "label_ranking_average_precision_score": -1.0,
            "label_ranking_loss": -1.0,
            "training_time": 303.13860159902833,
            "test_time": 0.13105116598308086
        },
        {
            "seed": "19",
            "accuracy_score": 0.5457627118644067,
            "average_precision_score": -1.0,
            "balanced_accuracy_score": 0.5306332667237607,
            "cohen_kappa_score": 0.29867825778408585,
            "f1_score_macro": 0.5261161929533409,
            "f1_score_micro": 0.5457627118644067,
            "f1_score_weighted": 0.5441882225532463,
            "matthews_corrcoef": 0.2994824900003333,
            "precision_score": -1.0,
            "recall_score": -1.0,
            "roc_auc_score": -1.0,
            "coverage_error": -1.0,
            "label_ranking_average_precision_score": -1.0,
            "label_ranking_loss": -1.0,
            "training_time": 304.651114873006,
            "test_time": 0.3640175390173681
        },
        {
            "seed": "23",
            "accuracy_score": 0.5661016949152542,
            "average_precision_score": -1.0,
            "balanced_accuracy_score": 0.526144855061343,
            "cohen_kappa_score": 0.3144765985258342,
            "f1_score_macro": 0.5258357600685907,
            "f1_score_micro": 0.5661016949152542,
            "f1_score_weighted": 0.5640974193287775,
            "matthews_corrcoef": 0.314655824051319,
            "precision_score": -1.0,
            "recall_score": -1.0,
            "roc_auc_score": -1.0,
            "coverage_error": -1.0,
            "label_ranking_average_precision_score": -1.0,
            "label_ranking_loss": -1.0,
            "training_time": 304.83463853097055,
            "test_time": 0.29291156196268275
        },
        {
            "seed": "29",
            "accuracy_score": 0.5966101694915255,
            "average_precision_score": -1.0,
            "balanced_accuracy_score": 0.5617099855007441,
            "cohen_kappa_score": 0.36587789017341044,
            "f1_score_macro": 0.5634965960494229,
            "f1_score_micro": 0.5966101694915255,
            "f1_score_weighted": 0.5845781195479673,
            "matthews_corrcoef": 0.3751135789577094,
            "precision_score": -1.0,
            "recall_score": -1.0,
            "roc_auc_score": -1.0,
            "coverage_error": -1.0,
            "label_ranking_average_precision_score": -1.0,
            "label_ranking_loss": -1.0,
            "training_time": 303.5368662069668,
            "test_time": 0.33170913899084553
        },
        {
            "seed": "31",