{"framework": "autosklearn", "accuracy_score": 0.6135593220338983, "average_precision_score": -1.0, "balanced_accuracy_score": 0.5812006792528219, "cohen_kappa_score": 0.39511124700973077, "f1_score_macro": 0.582414648471033, "f1_score_micro": 0.6135593220338983, "f1_score_weighted": 0.6074055443300321, "matthews_corrcoef": 0.40403834465542465, "precision_score": -1.0, "recall_score": -1.0, "roc_auc_score": -1.0, "training_time": "00:09:57", "test_time": "00:00:01"}