{"framework": "lightautoml", "accuracy_score": 0.44745762711864406, "average_precision_score": -1.0, "balanced_accuracy_score": 0.4212266506842473, "cohen_kappa_score": 0.16673887050097913, "f1_score_macro": 0.3734599002866508, "f1_score_micro": 0.44745762711864406, "f1_score_weighted": 0.4142268404558487, "matthews_corrcoef": 0.18038699575822564, "precision_score": -1.0, "recall_score": -1.0, "roc_auc_score": -1.0, "training_time": "00:00:51", "test_time": "00:00:00"}