{"framework": "h2o", "accuracy_score": 0.4440677966101695, "average_precision_score": -1.0, "balanced_accuracy_score": 0.3398254228041462, "cohen_kappa_score": 0.015526117656634697, "f1_score_macro": 0.23042373650303963, "f1_score_micro": 0.4440677966101695, "f1_score_weighted": 0.29550396085131775, "matthews_corrcoef": 0.03757160668765572, "precision_score": -1.0, "recall_score": -1.0, "roc_auc_score": -1.0, "training_time": "00:10:02", "test_time": "00:00:00"}