{"framework": "tpot", "accuracy_score": 0.5966101694915255, "average_precision_score": -1.0, "balanced_accuracy_score": 0.5788670923522586, "cohen_kappa_score": 0.37652073528105845, "f1_score_macro": 0.5768714510597627, "f1_score_micro": 0.5966101694915255, "f1_score_weighted": 0.5937734233629017, "matthews_corrcoef": 0.3832506222179184, "precision_score": -1.0, "recall_score": -1.0, "roc_auc_score": -1.0, "training_time": "00:10:01", "test_time": "00:00:00"}