{"framework": "h2o", "accuracy_score": 0.43728813559322033, "average_precision_score": -1.0, "balanced_accuracy_score": 0.33076923076923076, "cohen_kappa_score": -0.004842615012106588, "f1_score_macro": 0.2028301886792453, "f1_score_micro": 0.43728813559322033, "f1_score_weighted": 0.2681483850335785, "matthews_corrcoef": -0.04103645131203812, "precision_score": -1.0, "recall_score": -1.0, "roc_auc_score": -1.0, "coverage_error": -1.0, "label_ranking_average_precision_score": -1.0, "label_ranking_loss": -1.0, "training_time": "00:10:02", "test_time": "00:00:00"}