{
    "id": 23,
    "framework": "lightautoml",
    "results": [
        {
            "seed": "2",
            "accuracy_score": 0.4135593220338983,
            "average_precision_score": -1.0,
            "balanced_accuracy_score": 0.3968408248034416,
            "cohen_kappa_score": 0.13441316146540028,
            "f1_score_macro": 0.38240898313007654,
            "f1_score_micro": 0.41355932203389834,
            "f1_score_weighted": 0.4184349965647086,
            "matthews_corrcoef": 0.1431655537827207,
            "precision_score": -1.0,
            "recall_score": -1.0,
            "roc_auc_score": -1.0,
            "coverage_error": -1.0,
            "label_ranking_average_precision_score": -1.0,
            "label_ranking_loss": -1.0,
            "training_time": 159.64202831097646,
            "test_time": 0.11296344897709787
        },
        {
            "seed": "3",
            "accuracy_score": 0.42033898305084744,
            "average_precision_score": -1.0,
            "balanced_accuracy_score": 0.3931712962962963,
            "cohen_kappa_score": 0.12572141631570732,
            "f1_score_macro": 0.3702382093287391,
            "f1_score_micro": 0.42033898305084744,
            "f1_score_weighted": 0.4145966514227644,
            "matthews_corrcoef": 0.13433320950360056,
            "precision_score": -1.0,
            "recall_score": -1.0,
            "roc_auc_score": -1.0,
            "coverage_error": -1.0,
            "label_ranking_average_precision_score": -1.0,
            "label_ranking_loss": -1.0,
            "training_time": 181.16564695496345,
            "test_time": 0.10601967800175771
        },
        {
            "seed": "5",
            "accuracy_score": 0.3593220338983051,
            "average_precision_score": -1.0,
            "balanced_accuracy_score": 0.37075778946898796,
            "cohen_kappa_score": 0.06316160903316859,
            "f1_score_macro": 0.3298745026017753,
            "f1_score_micro": 0.3593220338983051,
            "f1_score_weighted": 0.32865574076668064,
            "matthews_corrcoef": 0.06844605584390535,
            "precision_score": -1.0,
            "recall_score": -1.0,
            "roc_auc_score": -1.0,
            "coverage_error": -1.0,
            "label_ranking_average_precision_score": -1.0,
            "label_ranking_loss": -1.0,
            "training_time": 158.09397893596906,
            "test_time": 0.09118190803565085
        },
        {
            "seed": "7",
            "accuracy_score": 0.44745762711864406,
            "average_precision_score": -1.0,
            "balanced_accuracy_score": 0.41925936158564975,
            "cohen_kappa_score": 0.16418974118301444,
            "f1_score_macro": 0.3870234604105572,
            "f1_score_micro": 0.44745762711864406,
            "f1_score_weighted": 0.4292683532978777,
            "matthews_corrcoef": 0.17530583213693074,
            "precision_score": -1.0,
            "recall_score": -1.0,
            "roc_auc_score": -1.0,
            "coverage_error": -1.0,
            "label_ranking_average_precision_score": -1.0,
            "label_ranking_loss": -1.0,
            "training_time": 158.29943935998017,
            "test_time": 0.08863068901700899
        },
        {
            "seed": "11",
            "accuracy_score": 0.4101694915254237,
            "average_precision_score": -1.0,
            "balanced_accuracy_score": 0.4056851638504864,
            "cohen_kappa_score": 0.13975431128391635,
            "f1_score_macro": 0.3750052866675126,
            "f1_score_micro": 0.4101694915254237,
            "f1_score_weighted": 0.4088709481312161,
            "matthews_corrcoef": 0.15379815203386088,
            "precision_score": -1.0,
            "recall_score": -1.0,
            "roc_auc_score": -1.0,
            "coverage_error": -1.0,
            "label_ranking_average_precision_score": -1.0,
            "label_ranking_loss": -1.0,
            "training_time": 162.81709966203198,
            "test_time": 0.07818182796472684
        },
        {
            "seed": "13",
            "accuracy_score": 0.42033898305084744,
            "average_precision_score": -1.0,
            "balanced_accuracy_score": 0.41003180095886177,
            "cohen_kappa_score": 0.1525551859691563,
            "f1_score_macro": 0.37886564166620745,
            "f1_score_micro": 0.42033898305084744,
            "f1_score_weighted": 0.41664457279349515,
            "matthews_corrcoef": 0.1686195632095562,
            "precision_score": -1.0,
            "recall_score": -1.0,
            "roc_auc_score": -1.0,
            "coverage_error": -1.0,
            "label_ranking_average_precision_score": -1.0,
            "label_ranking_loss": -1.0,
            "training_time": 174.6068320919876,
            "test_time": 0.11070430598920211
        },
        {
            "seed": "17",
            "accuracy_score": 0.4847457627118644,
            "average_precision_score": -1.0,
            "balanced_accuracy_score": 0.4440601668862538,
            "cohen_kappa_score": 0.21642638706858897,
            "f1_score_macro": 0.39946686519134017,
            "f1_score_micro": 0.4847457627118644,
            "f1_score_weighted": 0.4605545570754027,
            "matthews_corrcoef": 0.23539279647510228,
            "precision_score": -1.0,
            "recall_score": -1.0,
            "roc_auc_score": -1.0,
            "coverage_error": -1.0,
            "label_ranking_average_precision_score": -1.0,
            "label_ranking_loss": -1.0,
            "training_time": 135.85160640301183,
            "test_time": 0.08359722699970007
        },
        {
            "seed": "19",
            "accuracy_score": 0.4610169491525424,
            "average_precision_score": -1.0,
            "balanced_accuracy_score": 0.46222127065689733,
            "cohen_kappa_score": 0.20007844876102132,
            "f1_score_macro": 0.42850708476139254,
            "f1_score_micro": 0.4610169491525424,
            "f1_score_weighted": 0.443397272064709,
            "matthews_corrcoef": 0.2133057028657793,
            "precision_score": -1.0,
            "recall_score": -1.0,
            "roc_auc_score": -1.0,
            "coverage_error": -1.0,
            "label_ranking_average_precision_score": -1.0,
            "label_ranking_loss": -1.0,
            "training_time": 167.8527510649874,
            "test_time": 0.07324247696669772
        },
        {
            "seed": "23",
            "accuracy_score": 0.4576271186440678,
            "average_precision_score": -1.0,
            "balanced_accuracy_score": 0.42359918001389935,
            "cohen_kappa_score": 0.17381410817433918,
            "f1_score_macro": 0.3993199790762793,
            "f1_score_micro": 0.4576271186440678,
            "f1_score_weighted": 0.44439776764969563,
            "matthews_corrcoef": 0.18330362726821162,
            "precision_score": -1.0,
            "recall_score": -1.0,
            "roc_auc_score": -1.0,
            "coverage_error": -1.0,
            "label_ranking_average_precision_score": -1.0,
            "label_ranking_loss": -1.0,
            "training_time": 157.9751031040214,
            "test_time": 0.08197344501968473
        },
        {
            "seed": "29",
            "accuracy_score": 0.43050847457627117,
            "average_precision_score": -1.0,
            "balanced_accuracy_score": 0.42111843545156574,
            "cohen_kappa_score": 0.1482194417709336,
            "f1_score_macro": 0.3799085883845031,
            "f1_score_micro": 0.43050847457627117,
            "f1_score_weighted": 0.39902440558813107,
            "matthews_corrcoef": 0.16109785704857077,
            "precision_score": -1.0,
            "recall_score": -1.0,
            "roc_auc_score": -1.0,
            "coverage_error": -1.0,
            "label_ranking_average_precision_score": -1.0,
            "label_ranking_loss": -1.0,
            "training_time": 160.84873316099402,