{"framework": "autokeras", "accuracy_score": 0.4440677966101695, "average_precision_score": -1.0, "balanced_accuracy_score": 0.42466594438425426, "cohen_kappa_score": 0.14206167650866275, "f1_score_macro": 0.4223395946563426, "f1_score_micro": 0.4440677966101695, "f1_score_weighted": 0.44265386110547583, "matthews_corrcoef": 0.14298318266795162, "precision_score": -1.0, "recall_score": -1.0, "roc_auc_score": -1.0, "coverage_error": -1.0, "label_ranking_average_precision_score": -1.0, "label_ranking_loss": -1.0, "training_time": "00:00:53", "test_time": "00:00:00"}