{
    "id": 23,
    "framework": "fedot",
    "results": [
        {
            "seed": "2",
            "accuracy_score": 0.5796610169491525,
            "average_precision_score": -1.0,
            "balanced_accuracy_score": 0.5533916827374771,
            "cohen_kappa_score": 0.342038995611195,
            "f1_score_macro": 0.5562454553635985,
            "f1_score_micro": 0.5796610169491525,
            "f1_score_weighted": 0.5779341432848161,
            "matthews_corrcoef": 0.34291166428131986,
            "precision_score": -1.0,
            "recall_score": -1.0,
            "roc_auc_score": -1.0,
            "coverage_error": -1.0,
            "label_ranking_average_precision_score": -1.0,
            "label_ranking_loss": -1.0,
            "training_time": 302.80752946343273,
            "test_time": 0.01880791410803795
        },
        {
            "seed": "3",
            "accuracy_score": 0.5525423728813559,
            "average_precision_score": -1.0,
            "balanced_accuracy_score": 0.5249228395061728,
            "cohen_kappa_score": 0.2995898985538529,
            "f1_score_macro": 0.5251345981575816,
            "f1_score_micro": 0.5525423728813559,
            "f1_score_weighted": 0.5516199517447817,
            "matthews_corrcoef": 0.3066117850789,
            "precision_score": -1.0,
            "recall_score": -1.0,
            "roc_auc_score": -1.0,
            "coverage_error": -1.0,
            "label_ranking_average_precision_score": -1.0,
            "label_ranking_loss": -1.0,
            "training_time": 363.6283234031871,
            "test_time": 0.012653778307139874
        },
        {
            "seed": "5",
            "accuracy_score": 0.5423728813559322,
            "average_precision_score": -1.0,
            "balanced_accuracy_score": 0.5255828159801227,
            "cohen_kappa_score": 0.2892454311821816,
            "f1_score_macro": 0.5257868632086403,
            "f1_score_micro": 0.5423728813559322,
            "f1_score_weighted": 0.5364428699716454,
            "matthews_corrcoef": 0.2934774458474366,
            "precision_score": -1.0,
            "recall_score": -1.0,
            "roc_auc_score": -1.0,
            "coverage_error": -1.0,
            "label_ranking_average_precision_score": -1.0,
            "label_ranking_loss": -1.0,
            "training_time": 300.5975363170728,
            "test_time": 0.01616988517343998
        },
        {
            "seed": "7",
            "accuracy_score": 0.5932203389830508,
            "average_precision_score": -1.0,
            "balanced_accuracy_score": 0.5387919346339017,
            "cohen_kappa_score": 0.34563200118303816,
            "f1_score_macro": 0.5402302627975506,
            "f1_score_micro": 0.5932203389830508,
            "f1_score_weighted": 0.5857542230844683,
            "matthews_corrcoef": 0.3480675421986751,
            "precision_score": -1.0,
            "recall_score": -1.0,
            "roc_auc_score": -1.0,
            "coverage_error": -1.0,
            "label_ranking_average_precision_score": -1.0,
            "label_ranking_loss": -1.0,
            "training_time": 517.6050256378949,
            "test_time": 0.015186376869678497
        },
        {
            "seed": "11",
            "accuracy_score": 0.576271186440678,
            "average_precision_score": -1.0,
            "balanced_accuracy_score": 0.5397937467997952,
            "cohen_kappa_score": 0.33273618877006317,
            "f1_score_macro": 0.5412063996846238,
            "f1_score_micro": 0.576271186440678,
            "f1_score_weighted": 0.5713980287523464,
            "matthews_corrcoef": 0.3407020039419382,
            "precision_score": -1.0,
            "recall_score": -1.0,
            "roc_auc_score": -1.0,
            "coverage_error": -1.0,
            "label_ranking_average_precision_score": -1.0,
            "label_ranking_loss": -1.0,
            "training_time": 300.337390916422,
            "test_time": 0.012344101443886757
        },
        {
            "seed": "13",
            "accuracy_score": 0.4847457627118644,
            "average_precision_score": -1.0,
            "balanced_accuracy_score": 0.45144634756160434,
            "cohen_kappa_score": 0.18916475289777757,
            "f1_score_macro": 0.45281189570622155,
            "f1_score_micro": 0.4847457627118644,
            "f1_score_weighted": 0.4828017867787056,
            "matthews_corrcoef": 0.18948352756445494,
            "precision_score": -1.0,
            "recall_score": -1.0,
            "roc_auc_score": -1.0,
            "coverage_error": -1.0,
            "label_ranking_average_precision_score": -1.0,
            "label_ranking_loss": -1.0,
            "training_time": 299.6430979343131,
            "test_time": 0.022721962071955204
        },
        {
            "seed": "17",
            "accuracy_score": 0.6101694915254238,
            "average_precision_score": -1.0,
            "balanced_accuracy_score": 0.5923364075537988,
            "cohen_kappa_score": 0.39933426583331855,
            "f1_score_macro": 0.586878157153318,
            "f1_score_micro": 0.6101694915254238,
            "f1_score_weighted": 0.6131376082869534,
            "matthews_corrcoef": 0.40740696374553265,
            "precision_score": -1.0,
            "recall_score": -1.0,
            "roc_auc_score": -1.0,
            "coverage_error": -1.0,
            "label_ranking_average_precision_score": -1.0,
            "label_ranking_loss": -1.0,
            "training_time": 301.02035749610513,
            "test_time": 0.01493153627961874
        },
        {
            "seed": "19",
            "accuracy_score": 0.5084745762711864,
            "average_precision_score": -1.0,
            "balanced_accuracy_score": 0.4900275953944238,
            "cohen_kappa_score": 0.23860804556781778,
            "f1_score_macro": 0.48247072879330943,
            "f1_score_micro": 0.5084745762711864,
            "f1_score_weighted": 0.500845197740113,
            "matthews_corrcoef": 0.2410862686108216,
            "precision_score": -1.0,
            "recall_score": -1.0,
            "roc_auc_score": -1.0,
            "coverage_error": -1.0,
            "label_ranking_average_precision_score": -1.0,
            "label_ranking_loss": -1.0,
            "training_time": 344.88702161889523,
            "test_time": 0.019485612399876118
        },
        {
            "seed": "23",
            "accuracy_score": 0.5661016949152542,
            "average_precision_score": -1.0,
            "balanced_accuracy_score": 0.5196169072849252,
            "cohen_kappa_score": 0.3076387106237852,
            "f1_score_macro": 0.5203787538581421,
            "f1_score_micro": 0.5661016949152542,
            "f1_score_weighted": 0.559826158318725,
            "matthews_corrcoef": 0.3086358625199441,
            "precision_score": -1.0,
            "recall_score": -1.0,
            "roc_auc_score": -1.0,
            "coverage_error": -1.0,
            "label_ranking_average_precision_score": -1.0,
            "label_ranking_loss": -1.0,
            "training_time": 300.86791730858386,
            "test_time": 0.013225521892309189
        },
        {
            "seed": "29",
            "accuracy_score": 0.576271186440678,
            "average_precision_score": -1.0,
            "balanced_accuracy_score": 0.5408339200465302,
            "cohen_kappa_score": 0.33354418940900055,
            "f1_score_macro": 0.5412037611717975,
            "f1_score_micro": 0.576271186440678,
            "f1_score_weighted": 0.5634731929459883,
            "matthews_corrcoef": 0.3399378876535859,
            "precision_score": -1.0,
            "recall_score": -1.0,
            "roc_auc_score": -1.0,
            "coverage_error": -1.0,
            "label_ranking_average_precision_score": -1.0,
            "label_ranking_loss": -1.0,
            "training_time": 300.15103149041533,