{"framework": "evalml", "accuracy_score": 0.5932203389830508, "average_precision_score": -1.0, "balanced_accuracy_score": 0.5730235202815365, "cohen_kappa_score": 0.37112504663267665, "f1_score_macro": 0.5742030733662532, "f1_score_micro": 0.5932203389830508, "f1_score_weighted": 0.5926660878309697, "matthews_corrcoef": 0.38543752051530134, "precision_score": -1.0, "recall_score": -1.0, "roc_auc_score": -1.0, "coverage_error": -1.0, "label_ranking_average_precision_score": -1.0, "label_ranking_loss": -1.0, "training_time": "00:10:01", "test_time": "00:00:00"}