{"framework": "flaml", "accuracy_score": 0.576271186440678, "average_precision_score": -1.0, "balanced_accuracy_score": 0.547418608761132, "cohen_kappa_score": 0.34065835821696144, "f1_score_macro": 0.5437907328045914, "f1_score_micro": 0.576271186440678, "f1_score_weighted": 0.5690575770117221, "matthews_corrcoef": 0.3564003129388076, "precision_score": -1.0, "recall_score": -1.0, "roc_auc_score": -1.0, "training_time": "00:09:59", "test_time": "00:00:00"}