{
    "id": 23,
    "framework": "autosklearn",
    "results": [
        {
            "seed": "2",
            "accuracy_score": 0.559322033898305,
            "average_precision_score": -1.0,
            "balanced_accuracy_score": 0.5403973693319487,
            "cohen_kappa_score": 0.3189728654638443,
            "f1_score_macro": 0.5396668440358233,
            "f1_score_micro": 0.559322033898305,
            "f1_score_weighted": 0.5617986715306219,
            "matthews_corrcoef": 0.3195260035572961,
            "precision_score": -1.0,
            "recall_score": -1.0,
            "roc_auc_score": -1.0,
            "coverage_error": -1.0,
            "label_ranking_average_precision_score": -1.0,
            "label_ranking_loss": -1.0,
            "training_time": 301.98566334403586,
            "test_time": 1.562031442008447
        },
        {
            "seed": "3",
            "accuracy_score": 0.559322033898305,
            "average_precision_score": -1.0,
            "balanced_accuracy_score": 0.5346064814814815,
            "cohen_kappa_score": 0.31108196956904444,
            "f1_score_macro": 0.5339293910660924,
            "f1_score_micro": 0.559322033898305,
            "f1_score_weighted": 0.5578839658886915,
            "matthews_corrcoef": 0.3183550631691899,
            "precision_score": -1.0,
            "recall_score": -1.0,
            "roc_auc_score": -1.0,
            "coverage_error": -1.0,
            "label_ranking_average_precision_score": -1.0,
            "label_ranking_loss": -1.0,
            "training_time": 297.4847962560016,
            "test_time": 1.7940573780215345
        },
        {
            "seed": "5",
            "accuracy_score": 0.535593220338983,
            "average_precision_score": -1.0,
            "balanced_accuracy_score": 0.5413876848772708,
            "cohen_kappa_score": 0.2947263716319978,
            "f1_score_macro": 0.5322329096897384,
            "f1_score_micro": 0.535593220338983,
            "f1_score_weighted": 0.5327251086666263,
            "matthews_corrcoef": 0.29778883503366343,
            "precision_score": -1.0,
            "recall_score": -1.0,
            "roc_auc_score": -1.0,
            "coverage_error": -1.0,
            "label_ranking_average_precision_score": -1.0,
            "label_ranking_loss": -1.0,
            "training_time": 303.81911530398065,
            "test_time": 2.0592203410342336
        },
        {
            "seed": "7",
            "accuracy_score": 0.5796610169491525,
            "average_precision_score": -1.0,
            "balanced_accuracy_score": 0.5264974188168,
            "cohen_kappa_score": 0.32251731673889694,
            "f1_score_macro": 0.5268958070768937,
            "f1_score_micro": 0.5796610169491525,
            "f1_score_weighted": 0.5700704131662765,
            "matthews_corrcoef": 0.3269178931380049,
            "precision_score": -1.0,
            "recall_score": -1.0,
            "roc_auc_score": -1.0,
            "coverage_error": -1.0,
            "label_ranking_average_precision_score": -1.0,
            "label_ranking_loss": -1.0,
            "training_time": 301.59658862894867,
            "test_time": 1.619464651972521
        },
        {
            "seed": "11",
            "accuracy_score": 0.5966101694915255,
            "average_precision_score": -1.0,
            "balanced_accuracy_score": 0.5615335381464414,
            "cohen_kappa_score": 0.3634401972872996,
            "f1_score_macro": 0.5647185300243863,
            "f1_score_micro": 0.5966101694915255,
            "f1_score_weighted": 0.591674335322327,
            "matthews_corrcoef": 0.37023418954281795,
            "precision_score": -1.0,
            "recall_score": -1.0,
            "roc_auc_score": -1.0,
            "coverage_error": -1.0,
            "label_ranking_average_precision_score": -1.0,
            "label_ranking_loss": -1.0,
            "training_time": 299.32318623299943,
            "test_time": 1.3813727609813213
        },
        {
            "seed": "13",
            "accuracy_score": 0.6,
            "average_precision_score": -1.0,
            "balanced_accuracy_score": 0.5881397244561296,
            "cohen_kappa_score": 0.39026099141706083,
            "f1_score_macro": 0.5809231005690128,
            "f1_score_micro": 0.6,
            "f1_score_weighted": 0.6080349517821129,
            "matthews_corrcoef": 0.39354747170819654,
            "precision_score": -1.0,
            "recall_score": -1.0,
            "roc_auc_score": -1.0,
            "coverage_error": -1.0,
            "label_ranking_average_precision_score": -1.0,
            "label_ranking_loss": -1.0,
            "training_time": 298.78462817595573,
            "test_time": 2.280300181999337
        },
        {
            "seed": "17",
            "accuracy_score": 0.6305084745762712,
            "average_precision_score": -1.0,
            "balanced_accuracy_score": 0.6002964426877471,
            "cohen_kappa_score": 0.4229388751301102,
            "f1_score_macro": 0.5987710885841159,
            "f1_score_micro": 0.6305084745762712,
            "f1_score_weighted": 0.6305895341573979,
            "matthews_corrcoef": 0.42718492083464726,
            "precision_score": -1.0,
            "recall_score": -1.0,
            "roc_auc_score": -1.0,
            "coverage_error": -1.0,
            "label_ranking_average_precision_score": -1.0,
            "label_ranking_loss": -1.0,
            "training_time": 300.1505753660458,
            "test_time": 1.4987243980285712
        },
        {
            "seed": "19",
            "accuracy_score": 0.5254237288135594,
            "average_precision_score": -1.0,
            "balanced_accuracy_score": 0.501317917975069,
            "cohen_kappa_score": 0.261629777952587,
            "f1_score_macro": 0.4967499757822338,
            "f1_score_micro": 0.5254237288135594,
            "f1_score_weighted": 0.5189954142223141,
            "matthews_corrcoef": 0.263581461916156,
            "precision_score": -1.0,
            "recall_score": -1.0,
            "roc_auc_score": -1.0,
            "coverage_error": -1.0,
            "label_ranking_average_precision_score": -1.0,
            "label_ranking_loss": -1.0,
            "training_time": 304.1492567039677,
            "test_time": 2.4605926369549707
        },
        {
            "seed": "23",
            "accuracy_score": 0.5627118644067797,
            "average_precision_score": -1.0,
            "balanced_accuracy_score": 0.5267699509780068,
            "cohen_kappa_score": 0.3080657478453763,
            "f1_score_macro": 0.523268668695955,
            "f1_score_micro": 0.5627118644067797,
            "f1_score_weighted": 0.5568009523743521,
            "matthews_corrcoef": 0.31013821224270616,
            "precision_score": -1.0,
            "recall_score": -1.0,
            "roc_auc_score": -1.0,
            "coverage_error": -1.0,
            "label_ranking_average_precision_score": -1.0,
            "label_ranking_loss": -1.0,
            "training_time": 304.73270707100164,
            "test_time": 1.8125018720165826
        },
        {
            "seed": "29",
            "accuracy_score": 0.5898305084745763,
            "average_precision_score": -1.0,
            "balanced_accuracy_score": 0.5537932185371988,
            "cohen_kappa_score": 0.3549174106336068,
            "f1_score_macro": 0.5558805149356331,
            "f1_score_micro": 0.5898305084745763,
            "f1_score_weighted": 0.5781238362153883,
            "matthews_corrcoef": 0.3622843359246608,
            "precision_score": -1.0,
            "recall_score": -1.0,
            "roc_auc_score": -1.0,
            "coverage_error": -1.0,
            "label_ranking_average_precision_score": -1.0,
            "label_ranking_loss": -1.0,
            "training_time": 302.0505375470384,
            "test_time": 0.8842071159742773
        },
        {
            "seed": "31",