{"framework": "gama", "accuracy_score": 0.6067796610169491, "average_precision_score": -1.0, "balanced_accuracy_score": 0.5805006800212075, "cohen_kappa_score": 0.38839341566728036, "f1_score_macro": 0.5835505802875455, "f1_score_micro": 0.6067796610169491, "f1_score_weighted": 0.6054382763713019, "matthews_corrcoef": 0.39596294162068246, "precision_score": -1.0, "recall_score": -1.0, "roc_auc_score": -1.0, "training_time": "00:08:59", "test_time": "00:00:00"}