{"framework": "gama", "accuracy_score": 0.6135593220338983, "average_precision_score": -1.0, "balanced_accuracy_score": 0.5908723481093873, "cohen_kappa_score": 0.40006422149279297, "f1_score_macro": 0.593683717615921, "f1_score_micro": 0.6135593220338983, "f1_score_weighted": 0.612813196994754, "matthews_corrcoef": 0.4067923280588179, "precision_score": -1.0, "recall_score": -1.0, "roc_auc_score": -1.0, "coverage_error": -1.0, "label_ranking_average_precision_score": -1.0, "label_ranking_loss": -1.0, "training_time": "00:08:59", "test_time": "00:00:00"}