{"framework": "autokeras", "accuracy_score": 0.46779661016949153, "average_precision_score": -1.0, "balanced_accuracy_score": 0.4427814019962657, "cohen_kappa_score": 0.1731531402863571, "f1_score_macro": 0.44331861471082856, "f1_score_micro": 0.46779661016949153, "f1_score_weighted": 0.46628792722886225, "matthews_corrcoef": 0.1745337155120557, "precision_score": -1.0, "recall_score": -1.0, "roc_auc_score": -1.0, "training_time": "00:00:54", "test_time": "00:00:00"}