{
    "id": 23,
    "framework": "naive",
    "results": [
        {
            "seed": "2",
            "accuracy_score": 0.5830508474576271,
            "average_precision_score": -1.0,
            "balanced_accuracy_score": 0.5616883746229541,
            "cohen_kappa_score": 0.35399159663865554,
            "f1_score_macro": 0.560808281326704,
            "f1_score_micro": 0.5830508474576271,
            "f1_score_weighted": 0.5841819612248838,
            "matthews_corrcoef": 0.3540500855762701,
            "precision_score": -1.0,
            "recall_score": -1.0,
            "roc_auc_score": -1.0,
            "coverage_error": -1.0,
            "label_ranking_average_precision_score": -1.0,
            "label_ranking_loss": -1.0,
            "training_time": 293.70016713099903,
            "test_time": 0.010827265010448173
        },
        {
            "seed": "3",
            "accuracy_score": 0.576271186440678,
            "average_precision_score": -1.0,
            "balanced_accuracy_score": 0.5419367283950618,
            "cohen_kappa_score": 0.33170828953568454,
            "f1_score_macro": 0.5433060967944688,
            "f1_score_micro": 0.576271186440678,
            "f1_score_weighted": 0.5735962529340535,
            "matthews_corrcoef": 0.334325554769748,
            "precision_score": -1.0,
            "recall_score": -1.0,
            "roc_auc_score": -1.0,
            "coverage_error": -1.0,
            "label_ranking_average_precision_score": -1.0,
            "label_ranking_loss": -1.0,
            "training_time": 291.42325178299507,
            "test_time": 0.0024091300001600757
        },
        {
            "seed": "5",
            "accuracy_score": 0.5084745762711864,
            "average_precision_score": -1.0,
            "balanced_accuracy_score": 0.504845217299788,
            "cohen_kappa_score": 0.24950873745525992,
            "f1_score_macro": 0.49628580894179986,
            "f1_score_micro": 0.5084745762711864,
            "f1_score_weighted": 0.5018913816075156,
            "matthews_corrcoef": 0.25493838889150294,
            "precision_score": -1.0,
            "recall_score": -1.0,
            "roc_auc_score": -1.0,
            "coverage_error": -1.0,
            "label_ranking_average_precision_score": -1.0,
            "label_ranking_loss": -1.0,
            "training_time": 296.4859730790049,
            "test_time": 0.018896883004345
        },
        {
            "seed": "7",
            "accuracy_score": 0.5932203389830508,
            "average_precision_score": -1.0,
            "balanced_accuracy_score": 0.5609788542514057,
            "cohen_kappa_score": 0.360664619830233,
            "f1_score_macro": 0.558775410749095,
            "f1_score_micro": 0.5932203389830508,
            "f1_score_weighted": 0.5954593404414992,
            "matthews_corrcoef": 0.3608546465204641,
            "precision_score": -1.0,
            "recall_score": -1.0,
            "roc_auc_score": -1.0,
            "coverage_error": -1.0,
            "label_ranking_average_precision_score": -1.0,
            "label_ranking_loss": -1.0,
            "training_time": 133.51780800300185,
            "test_time": 0.0024981280002975836
        }
    ]
}