{"framework": "evalml", "accuracy_score": 0.6033898305084746, "average_precision_score": -1.0, "balanced_accuracy_score": 0.5659674358205974, "cohen_kappa_score": 0.3773564483250049, "f1_score_macro": 0.5622578330542932, "f1_score_micro": 0.6033898305084746, "f1_score_weighted": 0.5920474787071457, "matthews_corrcoef": 0.3875118332262122, "precision_score": -1.0, "recall_score": -1.0, "roc_auc_score": -1.0, "training_time": "00:10:03", "test_time": "00:00:00"}