{"framework": "autosklearn", "accuracy_score": 0.576271186440678, "average_precision_score": -1.0, "balanced_accuracy_score": 0.551198297257632, "cohen_kappa_score": 0.343171657077715, "f1_score_macro": 0.5521107435406457, "f1_score_micro": 0.576271186440678, "f1_score_weighted": 0.5751435235255781, "matthews_corrcoef": 0.35023780386686976, "precision_score": -1.0, "recall_score": -1.0, "roc_auc_score": -1.0, "coverage_error": -1.0, "label_ranking_average_precision_score": -1.0, "label_ranking_loss": -1.0, "training_time": "00:11:44", "test_time": "00:00:01"}