{"framework": "tpot", "accuracy_score": 0.5694915254237288, "average_precision_score": -1.0, "balanced_accuracy_score": 0.5406598895061586, "cohen_kappa_score": 0.3273184307388456, "f1_score_macro": 0.5417211530173741, "f1_score_micro": 0.5694915254237288, "f1_score_weighted": 0.5644002306552324, "matthews_corrcoef": 0.33674223777019624, "precision_score": -1.0, "recall_score": -1.0, "roc_auc_score": -1.0, "coverage_error": -1.0, "label_ranking_average_precision_score": -1.0, "label_ranking_loss": -1.0, "training_time": "00:10:08", "test_time": "00:00:00"}