{"framework": "flaml", "accuracy_score": 0.5898305084745763, "average_precision_score": -1.0, "balanced_accuracy_score": 0.5724234111707891, "cohen_kappa_score": 0.3706805359661496, "f1_score_macro": 0.5709916376429822, "f1_score_micro": 0.5898305084745763, "f1_score_weighted": 0.5909644473224246, "matthews_corrcoef": 0.38888645560431606, "precision_score": -1.0, "recall_score": -1.0, "roc_auc_score": -1.0, "coverage_error": -1.0, "label_ranking_average_precision_score": -1.0, "label_ranking_loss": -1.0, "training_time": "00:09:59", "test_time": "00:00:00"}