{"framework": "autopytorch", "accuracy_score": 0.5864406779661017, "average_precision_score": -1.0, "balanced_accuracy_score": 0.5541473609798453, "cohen_kappa_score": 0.34922156121729386, "f1_score_macro": 0.5592839773133248, "f1_score_micro": 0.5864406779661017, "f1_score_weighted": 0.5815003963333651, "matthews_corrcoef": 0.35297377754690107, "precision_score": -1.0, "recall_score": -1.0, "roc_auc_score": -1.0, "training_time": "00:10:12", "test_time": "00:00:13"}