{
    "id": 23,
    "framework": "h2o",
    "results": [
        {
            "seed": "2",
            "accuracy_score": 0.423728813559322,
            "average_precision_score": -1.0,
            "balanced_accuracy_score": 0.3333333333333333,
            "cohen_kappa_score": 0.0,
            "f1_score_macro": 0.1984126984126984,
            "f1_score_micro": 0.423728813559322,
            "f1_score_weighted": 0.2522195318805488,
            "matthews_corrcoef": 0.0,
            "precision_score": -1.0,
            "recall_score": -1.0,
            "roc_auc_score": -1.0,
            "coverage_error": -1.0,
            "label_ranking_average_precision_score": -1.0,
            "label_ranking_loss": -1.0,
            "training_time": 305.5939792320132,
            "test_time": 0.26022813899908215
        },
        {
            "seed": "3",
            "accuracy_score": 0.47796610169491527,
            "average_precision_score": -1.0,
            "balanced_accuracy_score": 0.48858024691358026,
            "cohen_kappa_score": 0.22159587409831571,
            "f1_score_macro": 0.4671777606760057,
            "f1_score_micro": 0.47796610169491527,
            "f1_score_weighted": 0.4736220807156255,
            "matthews_corrcoef": 0.24870964297751796,
            "precision_score": -1.0,
            "recall_score": -1.0,
            "roc_auc_score": -1.0,
            "coverage_error": -1.0,
            "label_ranking_average_precision_score": -1.0,
            "label_ranking_loss": -1.0,
            "training_time": 306.1059578859713,
            "test_time": 0.057797782006673515
        },
        {
            "seed": "5",
            "accuracy_score": 0.3220338983050847,
            "average_precision_score": -1.0,
            "balanced_accuracy_score": 0.3335483966912273,
            "cohen_kappa_score": -0.0016977928692700761,
            "f1_score_macro": 0.2843465374768404,
            "f1_score_micro": 0.3220338983050847,
            "f1_score_weighted": 0.2771161421422278,
            "matthews_corrcoef": -0.002022894386511661,
            "precision_score": -1.0,
            "recall_score": -1.0,
            "roc_auc_score": -1.0,
            "coverage_error": -1.0,
            "label_ranking_average_precision_score": -1.0,
            "label_ranking_loss": -1.0,
            "training_time": 300.90483966004103,
            "test_time": 0.04858447902370244
        },
        {
            "seed": "7",
            "accuracy_score": 0.46440677966101696,
            "average_precision_score": -1.0,
            "balanced_accuracy_score": 0.3661647557213243,
            "cohen_kappa_score": 0.0716988647679746,
            "f1_score_macro": 0.2955240842731008,
            "f1_score_micro": 0.46440677966101696,
            "f1_score_weighted": 0.36985380077966984,
            "matthews_corrcoef": 0.09808470565499351,
            "precision_score": -1.0,
            "recall_score": -1.0,
            "roc_auc_score": -1.0,
            "coverage_error": -1.0,
            "label_ranking_average_precision_score": -1.0,
            "label_ranking_loss": -1.0,
            "training_time": 306.10913214698667,
            "test_time": 0.054230795009061694
        },
        {
            "seed": "11",
            "accuracy_score": 0.4271186440677966,
            "average_precision_score": -1.0,
            "balanced_accuracy_score": 0.33211805555555557,
            "cohen_kappa_score": 0.0010819691839148993,
            "f1_score_macro": 0.2359316011547857,
            "f1_score_micro": 0.4271186440677966,
            "f1_score_weighted": 0.2989040074978263,
            "matthews_corrcoef": 0.0018699758864208762,
            "precision_score": -1.0,
            "recall_score": -1.0,
            "roc_auc_score": -1.0,
            "coverage_error": -1.0,
            "label_ranking_average_precision_score": -1.0,
            "label_ranking_loss": -1.0,
            "training_time": 305.7013323309948,
            "test_time": 0.2567039069836028
        },
        {
            "seed": "13",
            "accuracy_score": 0.5559322033898305,
            "average_precision_score": -1.0,
            "balanced_accuracy_score": 0.4789942906485205,
            "cohen_kappa_score": 0.26933257704670077,
            "f1_score_macro": 0.46241398146583057,
            "f1_score_micro": 0.5559322033898305,
            "f1_score_weighted": 0.5209743951820309,
            "matthews_corrcoef": 0.2792181180802756,
            "precision_score": -1.0,
            "recall_score": -1.0,
            "roc_auc_score": -1.0,
            "coverage_error": -1.0,
            "label_ranking_average_precision_score": -1.0,
            "label_ranking_loss": -1.0,
            "training_time": 305.29085644101724,
            "test_time": 0.08580402302322909
        },
        {
            "seed": "17",
            "accuracy_score": 0.4745762711864407,
            "average_precision_score": -1.0,
            "balanced_accuracy_score": 0.4711791831357049,
            "cohen_kappa_score": 0.21689016766856772,
            "f1_score_macro": 0.44509891329113294,
            "f1_score_micro": 0.4745762711864407,
            "f1_score_weighted": 0.47011179721260005,
            "matthews_corrcoef": 0.24494405714626694,
            "precision_score": -1.0,
            "recall_score": -1.0,
            "roc_auc_score": -1.0,
            "coverage_error": -1.0,
            "label_ranking_average_precision_score": -1.0,
            "label_ranking_loss": -1.0,
            "training_time": 306.0101647290285,
            "test_time": 0.05567931703990325
        },
        {
            "seed": "19",
            "accuracy_score": 0.3898305084745763,
            "average_precision_score": -1.0,
            "balanced_accuracy_score": 0.33888888888888885,
            "cohen_kappa_score": 0.010214733074858429,
            "f1_score_macro": 0.19797836215746664,
            "f1_score_micro": 0.3898305084745763,
            "f1_score_weighted": 0.22826063387662174,
            "matthews_corrcoef": 0.03931881984612151,
            "precision_score": -1.0,
            "recall_score": -1.0,
            "roc_auc_score": -1.0,
            "coverage_error": -1.0,
            "label_ranking_average_precision_score": -1.0,
            "label_ranking_loss": -1.0,
            "training_time": 305.4545237989514,
            "test_time": 0.26082493201829493
        },
        {
            "seed": "23",
            "accuracy_score": 0.4440677966101695,
            "average_precision_score": -1.0,
            "balanced_accuracy_score": 0.33944954128440363,
            "cohen_kappa_score": 0.012854519485819282,
            "f1_score_macro": 0.21580348120632478,
            "f1_score_micro": 0.4440677966101695,
            "f1_score_weighted": 0.28066178476653214,
            "matthews_corrcoef": 0.07828794294981388,
            "precision_score": -1.0,
            "recall_score": -1.0,
            "roc_auc_score": -1.0,
            "coverage_error": -1.0,
            "label_ranking_average_precision_score": -1.0,
            "label_ranking_loss": -1.0,
            "training_time": 306.1225255570025,
            "test_time": 0.25490919401636347
        },
        {
            "seed": "29",
            "accuracy_score": 0.423728813559322,
            "average_precision_score": -1.0,
            "balanced_accuracy_score": 0.3844397256254099,
            "cohen_kappa_score": 0.09095852668213456,
            "f1_score_macro": 0.3732632606760289,
            "f1_score_micro": 0.423728813559322,
            "f1_score_weighted": 0.404332102340347,
            "matthews_corrcoef": 0.0927364443429619,
            "precision_score": -1.0,
            "recall_score": -1.0,
            "roc_auc_score": -1.0,
            "coverage_error": -1.0,
            "label_ranking_average_precision_score": -1.0,
            "label_ranking_loss": -1.0,
            "training_time": 306.089379460027,