{"accuracy_score": 0.8666666666666667, "average_precision_score": -1.0, "balanced_accuracy_score": 0.8518518518518517, "cohen_kappa_score": 0.7966101694915254, "f1_score_macro": 0.8534798534798534, "f1_score_micro": 0.8666666666666667, "f1_score_weighted": 0.8578754578754579, "matthews_corrcoef": 0.8195320098147333, "precision_score": -1.0, "recall_score": -1.0, "roc_auc_score": -1.0, "training_time": "00:01:06", "test_time": "00:00:00"}