{"framework": "flaml", "accuracy_score": 0.7272727272727273, "average_precision_score": -1.0, "balanced_accuracy_score": 0.6778324915824915, "cohen_kappa_score": 0.7137673142452539, "f1_score_macro": 0.5933185111607707, "f1_score_micro": 0.7272727272727273, "f1_score_weighted": 0.7213882296567015, "matthews_corrcoef": 0.7149380134984847, "precision_score": -1.0, "recall_score": -1.0, "roc_auc_score": -1.0, "training_time": "00:01:00", "test_time": "00:00:00"}