{"framework": "autosklearn", "accuracy_score": 0.6623376623376623, "average_precision_score": -1.0, "balanced_accuracy_score": 0.5984223184223185, "cohen_kappa_score": 0.6451141147795258, "f1_score_macro": 0.5527562693122465, "f1_score_micro": 0.6623376623376623, "f1_score_weighted": 0.6392493124254011, "matthews_corrcoef": 0.6472406652121334, "precision_score": -1.0, "recall_score": -1.0, "roc_auc_score": -1.0, "training_time": "00:05:16", "test_time": "00:00:00"}