{"framework": "h2o", "accuracy_score": 0.461038961038961, "average_precision_score": -1.0, "balanced_accuracy_score": 0.2993482443482443, "cohen_kappa_score": 0.4292730844793714, "f1_score_macro": 0.23273803194855824, "f1_score_micro": 0.461038961038961, "f1_score_weighted": 0.3703350268627097, "matthews_corrcoef": 0.4359683987552922, "precision_score": -1.0, "recall_score": -1.0, "roc_auc_score": -1.0, "training_time": "00:01:05", "test_time": "00:00:00"}