{"framework": "autokeras", "accuracy_score": 0.6298701298701299, "average_precision_score": -1.0, "balanced_accuracy_score": 0.5985377585377586, "cohen_kappa_score": 0.611644471972747, "f1_score_macro": 0.5157358034595887, "f1_score_micro": 0.6298701298701299, "f1_score_weighted": 0.6162524987698534, "matthews_corrcoef": 0.6137091129056159, "precision_score": -1.0, "recall_score": -1.0, "roc_auc_score": -1.0, "training_time": "00:00:12", "test_time": "00:00:00"}