{"accuracy_score": 0.9609120521172638, "average_precision_score": 0.9338055141612488, "balanced_accuracy_score": 0.9582717658988845, "f1_score_micro": 0.9609120521172638, "f1_score_macro": 0.9598323318472572, "f1_score_weighted": 0.960840547463621, "precision_score": 0.9657894736842105, "recall_score": 0.941025641025641, "roc_auc_score": 0.9582717658988845}