{"accuracy_score": 0.9142236699239956, "average_precision_score": 0.8590174467895231, "balanced_accuracy_score": 0.9079096045197741, "cohen_kappa_score": 0.8228220769258867, "f1_score_macro": 0.9113435727471564, "f1_score_micro": 0.9142236699239956, "f1_score_weighted": 0.9137899203491704, "matthews_corrcoef": 0.8241184990802783, "precision_score": 0.9260273972602739, "recall_score": 0.8666666666666667, "roc_auc_score": 0.907909604519774, "training_time": "00:01:23", "test_time": "00:00:00"}