{"accuracy_score": 0.9315960912052117, "average_precision_score": 0.888771699794858, "balanced_accuracy_score": 0.9256989714616832, "cohen_kappa_score": 0.8587062132446944, "f1_score_macro": 0.9292993048489981, "f1_score_micro": 0.9315960912052116, "f1_score_weighted": 0.9312501896455411, "matthews_corrcoef": 0.8600591737329732, "precision_score": 0.947945205479452, "recall_score": 0.8871794871794871, "roc_auc_score": 0.9256989714616832, "training_time": "00:00:58", "test_time": "00:00:03"}