{"accuracy_score": 0.9576547231270358, "average_precision_score": 0.9385066570430772, "balanced_accuracy_score": 0.9527234535709111, "cohen_kappa_score": 0.9125924411771147, "f1_score_macro": 0.9562680724908534, "f1_score_micro": 0.9576547231270358, "f1_score_weighted": 0.9574602538304979, "matthews_corrcoef": 0.9138073337403412, "precision_score": 0.944043321299639, "recall_score": 0.9849340866290018, "roc_auc_score": 0.9527234535709111, "training_time": "00:01:19", "test_time": "00:00:01"}