{"accuracy_score": 0.5245098039215687, "average_precision_score": 0.46568627450980393, "balanced_accuracy_score": 0.4908256880733945, "cohen_kappa_score": -0.01957955482275353, "f1_score_macro": 0.34405144694533757, "f1_score_micro": 0.5245098039215687, "f1_score_weighted": 0.3676628207553117, "matthews_corrcoef": -0.09289404338977934, "precision_score": 0.0, "recall_score": 0.0, "roc_auc_score": 0.4908256880733945, "training_time": "00:00:16", "test_time": "00:00:00"}