{"accuracy_score": 0.9554831704668838, "average_precision_score": 0.927349203267674, "balanced_accuracy_score": 0.9515210777922642, "f1_score_micro": 0.9554831704668838, "f1_score_macro": 0.9541332989990003, "f1_score_weighted": 0.9553379311317317, "precision_score": 0.967828418230563, "recall_score": 0.9256410256410257, "roc_auc_score": 0.9515210777922642}