{"accuracy_score": 0.9598262757871878, "average_precision_score": 0.936089759911283, "balanced_accuracy_score": 0.9556279878313777, "cohen_kappa_score": 0.9171885366013691, "f1_score_macro": 0.9585760982007947, "f1_score_micro": 0.9598262757871878, "f1_score_weighted": 0.9596778171988037, "matthews_corrcoef": 0.9180189661689298, "precision_score": 0.9757412398921833, "recall_score": 0.9282051282051282, "roc_auc_score": 0.9556279878313777, "training_time": "00:01:01", "test_time": "00:00:00"}