{"accuracy_score": 0.9554831704668838, "average_precision_score": 0.9282813554216665, "balanced_accuracy_score": 0.9511806460959004, "cohen_kappa_score": 0.9082359459636793, "f1_score_macro": 0.9540978385468266, "f1_score_micro": 0.9554831704668838, "f1_score_weighted": 0.9553186623013771, "matthews_corrcoef": 0.9090582697867009, "precision_score": 0.9703504043126685, "recall_score": 0.9230769230769231, "roc_auc_score": 0.9511806460959004, "training_time": "00:01:00", "test_time": "00:00:00"}