{"accuracy_score": 0.9576547231270358, "average_precision_score": 0.9303005762966675, "balanced_accuracy_score": 0.9540851803563668, "cohen_kappa_score": 0.9128317134432674, "f1_score_macro": 0.9564039543393958, "f1_score_micro": 0.9576547231270358, "f1_score_weighted": 0.957534456897455, "matthews_corrcoef": 0.9133451624867664, "precision_score": 0.968, "recall_score": 0.9307692307692308, "roc_auc_score": 0.9540851803563668, "training_time": "00:00:14", "test_time": "00:00:00"}