{"accuracy_score": 0.9587404994571118, "average_precision_score": 0.933655114689054, "balanced_accuracy_score": 0.9546863682456903, "f1_score_micro": 0.9587404994571118, "f1_score_macro": 0.9574730242053078, "f1_score_weighted": 0.9585970116927567, "precision_score": 0.9731182795698925, "recall_score": 0.9282051282051282, "roc_auc_score": 0.9546863682456903}