{"accuracy_score": 0.5343137254901961, "average_precision_score": 0.46568627450980393, "balanced_accuracy_score": 0.5, "cohen_kappa_score": 0.0, "f1_score_macro": 0.34824281150159747, "f1_score_micro": 0.5343137254901961, "f1_score_weighted": 0.3721418279771973, "matthews_corrcoef": 0.0, "precision_score": 0.0, "recall_score": 0.0, "roc_auc_score": 0.5, "training_time": "00:00:44", "test_time": "00:00:00"}