{"accuracy_score": 0.9587404994571118, "average_precision_score": 0.9290472279907279, "balanced_accuracy_score": 0.9563885267275098, "cohen_kappa_score": 0.915269748118881, "f1_score_macro": 0.957631591690475, "f1_score_micro": 0.9587404994571118, "f1_score_weighted": 0.9586809607850776, "matthews_corrcoef": 0.91541539880846, "precision_score": 0.9607329842931938, "recall_score": 0.941025641025641, "roc_auc_score": 0.9563885267275098, "training_time": "00:01:02", "test_time": "00:00:00"}