{"accuracy_score": 0.9207383279044516, "average_precision_score": 0.894385837583867, "balanced_accuracy_score": 0.9135593220338983, "cohen_kappa_score": 0.8359406455202302, "f1_score_macro": 0.91787403027153, "f1_score_micro": 0.9207383279044516, "f1_score_weighted": 0.9202220882147972, "matthews_corrcoef": 0.8379767947984289, "precision_score": 0.9074733096085409, "recall_score": 0.96045197740113, "roc_auc_score": 0.9135593220338983, "training_time": "00:00:54", "test_time": "00:00:00"}