{
    "id": 31,
    "framework": "autogluon",
    "results": [
        {
            "seed": "2",
            "accuracy_score": 0.715,
            "average_precision_score": 0.4195121951219512,
            "balanced_accuracy_score": 0.625,
            "cohen_kappa_score": 0.27628237684103607,
            "f1_score_macro": 0.6319612590799031,
            "f1_score_micro": 0.715,
            "f1_score_weighted": 0.6948958837772397,
            "matthews_corrcoef": 0.2888743354014473,
            "precision_score": 0.5853658536585366,
            "recall_score": 0.375,
            "roc_auc_score": 0.625,
            "coverage_error": -1.0,
            "label_ranking_average_precision_score": -1.0,
            "label_ranking_loss": -1.0,
            "training_time": 8.69268440362066,
            "test_time": 0.014152143150568008
        },
        {
            "seed": "3",
            "accuracy_score": 0.725,
            "average_precision_score": 0.38105067064083453,
            "balanced_accuracy_score": 0.5859771199433895,
            "cohen_kappa_score": 0.20954297211842476,
            "f1_score_macro": 0.5819239101516476,
            "f1_score_micro": 0.7250000000000001,
            "f1_score_weighted": 0.6773079700505492,
            "matthews_corrcoef": 0.2530252512535888,
            "precision_score": 0.6363636363636364,
            "recall_score": 0.22950819672131148,
            "roc_auc_score": 0.5859771199433896,
            "coverage_error": -1.0,
            "label_ranking_average_precision_score": -1.0,
            "label_ranking_loss": -1.0,
            "training_time": 7.517629225738347,
            "test_time": 0.07484380900859833
        },
        {
            "seed": "5",
            "accuracy_score": 0.725,
            "average_precision_score": 0.3749206349206349,
            "balanced_accuracy_score": 0.628968253968254,
            "cohen_kappa_score": 0.27440633245382584,
            "f1_score_macro": 0.6357495281300705,
            "f1_score_micro": 0.7250000000000001,
            "f1_score_weighted": 0.7150832809033412,
            "matthews_corrcoef": 0.2773422084260067,
            "precision_score": 0.5111111111111111,
            "recall_score": 0.4107142857142857,
            "roc_auc_score": 0.6289682539682538,
            "coverage_error": -1.0,
            "label_ranking_average_precision_score": -1.0,
            "label_ranking_loss": -1.0,
            "training_time": 8.340926222503185,
            "test_time": 0.011448915116488934
        },
        {
            "seed": "7",
            "accuracy_score": 0.785,
            "average_precision_score": 0.43526143790849675,
            "balanced_accuracy_score": 0.7073957099618371,
            "cohen_kappa_score": 0.42297369833601717,
            "f1_score_macro": 0.7113997113997115,
            "f1_score_micro": 0.785,
            "f1_score_weighted": 0.7828138528138529,
            "matthews_corrcoef": 0.42331686766473414,
            "precision_score": 0.5833333333333334,
            "recall_score": 0.5490196078431373,
            "roc_auc_score": 0.7073957099618371,
            "coverage_error": -1.0,
            "label_ranking_average_precision_score": -1.0,
            "label_ranking_loss": -1.0,
            "training_time": 7.831965099088848,
            "test_time": 0.0036757634952664375
        },
        {
            "seed": "11",
            "accuracy_score": 0.735,
            "average_precision_score": 0.45222222222222225,
            "balanced_accuracy_score": 0.65625,
            "cohen_kappa_score": 0.3391521197007481,
            "f1_score_macro": 0.6658154418487343,
            "f1_score_micro": 0.735,
            "f1_score_weighted": 0.7205548724739117,
            "matthews_corrcoef": 0.3490899587257619,
            "precision_score": 0.6222222222222222,
            "recall_score": 0.4375,
            "roc_auc_score": 0.65625,
            "coverage_error": -1.0,
            "label_ranking_average_precision_score": -1.0,
            "label_ranking_loss": -1.0,
            "training_time": 8.280288523994386,
            "test_time": 0.07727644871920347
        },
        {
            "seed": "13",
            "accuracy_score": 0.735,
            "average_precision_score": 0.40095429029671215,
            "balanced_accuracy_score": 0.6399951432734337,
            "cohen_kappa_score": 0.3031816986589535,
            "f1_score_macro": 0.6489949998344315,
            "f1_score_micro": 0.735,
            "f1_score_weighted": 0.7219689393688532,
            "matthews_corrcoef": 0.3092552492366605,
            "precision_score": 0.5581395348837209,
            "recall_score": 0.41379310344827586,
            "roc_auc_score": 0.6399951432734337,
            "coverage_error": -1.0,
            "label_ranking_average_precision_score": -1.0,
            "label_ranking_loss": -1.0,
            "training_time": 11.63499846123159,
            "test_time": 0.08624131605029106
        },
        {
            "seed": "17",
            "accuracy_score": 0.79,
            "average_precision_score": 0.5117492804605053,
            "balanced_accuracy_score": 0.7327803822574829,
            "cohen_kappa_score": 0.4797473058342624,
            "f1_score_macro": 0.7395833333333334,
            "f1_score_micro": 0.79,
            "f1_score_weighted": 0.7865625,
            "matthews_corrcoef": 0.4810778181854826,
            "precision_score": 0.660377358490566,
            "recall_score": 0.5932203389830508,
            "roc_auc_score": 0.7327803822574829,
            "coverage_error": -1.0,
            "label_ranking_average_precision_score": -1.0,
            "label_ranking_loss": -1.0,
            "training_time": 11.764974601566792,
            "test_time": 0.09541053045541048
        },
        {
            "seed": "19",
            "accuracy_score": 0.7,
            "average_precision_score": 0.3383232467070132,
            "balanced_accuracy_score": 0.614940315748941,
            "cohen_kappa_score": 0.22988063149788218,
            "f1_score_macro": 0.6149403157489411,
            "f1_score_micro": 0.7,
            "f1_score_weighted": 0.7,
            "matthews_corrcoef": 0.22988063149788218,
            "precision_score": 0.4339622641509434,
            "recall_score": 0.4339622641509434,
            "roc_auc_score": 0.6149403157489411,
            "coverage_error": -1.0,
            "label_ranking_average_precision_score": -1.0,
            "label_ranking_loss": -1.0,
            "training_time": 10.389428718946874,
            "test_time": 0.041060568764805794
        },
        {
            "seed": "23",
            "accuracy_score": 0.76,
            "average_precision_score": 0.5202614379084967,
            "balanced_accuracy_score": 0.6755793226381461,
            "cohen_kappa_score": 0.39637826961770617,
            "f1_score_macro": 0.6881496881496881,
            "f1_score_micro": 0.76,
            "f1_score_weighted": 0.7360498960498961,
            "matthews_corrcoef": 0.43298376494166757,
            "precision_score": 0.7777777777777778,
            "recall_score": 0.4117647058823529,
            "roc_auc_score": 0.6755793226381461,
            "coverage_error": -1.0,
            "label_ranking_average_precision_score": -1.0,
            "label_ranking_loss": -1.0,
            "training_time": 11.916711637750268,
            "test_time": 0.006997149437665939
        },
        {
            "seed": "29",
            "accuracy_score": 0.755,
            "average_precision_score": 0.5100746268656717,
            "balanced_accuracy_score": 0.6935809673437325,
            "cohen_kappa_score": 0.4131736526946108,
            "f1_score_macro": 0.7040258524357466,
            "f1_score_micro": 0.755,
            "f1_score_weighted": 0.7445595119446711,
            "matthews_corrcoef": 0.4220124286750734,
            "precision_score": 0.68,
            "recall_score": 0.5074626865671642,
            "roc_auc_score": 0.6935809673437325,