{
    "id": 31,
    "framework": "tpot",
    "results": [
        {
            "seed": "2",
            "accuracy_score": 0.715,
            "average_precision_score": 0.43533018867924533,
            "balanced_accuracy_score": 0.6498161764705883,
            "cohen_kappa_score": 0.31391429947038996,
            "f1_score_macro": 0.6557035426293377,
            "f1_score_micro": 0.715,
            "f1_score_weighted": 0.7071414333605146,
            "matthews_corrcoef": 0.3167025379713803,
            "precision_score": 0.5660377358490566,
            "recall_score": 0.46875,
            "roc_auc_score": 0.6498161764705882,
            "coverage_error": -1.0,
            "label_ranking_average_precision_score": -1.0,
            "label_ranking_loss": -1.0,
            "training_time": 176.98086610698374,
            "test_time": 0.002002525987336412
        },
        {
            "seed": "3",
            "accuracy_score": 0.765,
            "average_precision_score": 0.4757412687099073,
            "balanced_accuracy_score": 0.6883476825097299,
            "cohen_kappa_score": 0.4046110970357233,
            "f1_score_macro": 0.7001690536187044,
            "f1_score_micro": 0.765,
            "f1_score_weighted": 0.7545433957449523,
            "matthews_corrcoef": 0.41211964581468935,
            "precision_score": 0.6521739130434783,
            "recall_score": 0.4918032786885246,
            "roc_auc_score": 0.6883476825097301,
            "coverage_error": -1.0,
            "label_ranking_average_precision_score": -1.0,
            "label_ranking_loss": -1.0,
            "training_time": 217.52417045697803,
            "test_time": 0.008195842994609848
        },
        {
            "seed": "5",
            "accuracy_score": 0.72,
            "average_precision_score": 0.3782142857142857,
            "balanced_accuracy_score": 0.6364087301587301,
            "cohen_kappa_score": 0.28205128205128205,
            "f1_score_macro": 0.6406109613656783,
            "f1_score_micro": 0.72,
            "f1_score_weighted": 0.714932614555256,
            "matthews_corrcoef": 0.2828894749305018,
            "precision_score": 0.5,
            "recall_score": 0.44642857142857145,
            "roc_auc_score": 0.6364087301587301,
            "coverage_error": -1.0,
            "label_ranking_average_precision_score": -1.0,
            "label_ranking_loss": -1.0,
            "training_time": 43.904675865022,
            "test_time": 0.015252426004735753
        },
        {
            "seed": "7",
            "accuracy_score": 0.82,
            "average_precision_score": 0.48994021999043524,
            "balanced_accuracy_score": 0.7308856428477432,
            "cohen_kappa_score": 0.49359966239977493,
            "f1_score_macro": 0.745906267645398,
            "f1_score_micro": 0.82,
            "f1_score_weighted": 0.8131394692264258,
            "matthews_corrcoef": 0.49855681297827986,
            "precision_score": 0.6829268292682927,
            "recall_score": 0.5490196078431373,
            "roc_auc_score": 0.7308856428477432,
            "coverage_error": -1.0,
            "label_ranking_average_precision_score": -1.0,
            "label_ranking_loss": -1.0,
            "training_time": 95.3543330039829,
            "test_time": 0.003852022986393422
        },
        {
            "seed": "11",
            "accuracy_score": 0.755,
            "average_precision_score": 0.4787804878048781,
            "balanced_accuracy_score": 0.6709558823529411,
            "cohen_kappa_score": 0.377856780091417,
            "f1_score_macro": 0.6836158192090396,
            "f1_score_micro": 0.755,
            "f1_score_weighted": 0.737717514124294,
            "matthews_corrcoef": 0.3950781351813911,
            "precision_score": 0.6829268292682927,
            "recall_score": 0.4375,
            "roc_auc_score": 0.6709558823529411,
            "coverage_error": -1.0,
            "label_ranking_average_precision_score": -1.0,
            "label_ranking_loss": -1.0,
            "training_time": 126.44971562601859,
            "test_time": 0.0024941539741121233
        },
        {
            "seed": "13",
            "accuracy_score": 0.74,
            "average_precision_score": 0.4203448275862069,
            "balanced_accuracy_score": 0.6639145216124333,
            "cohen_kappa_score": 0.3417721518987342,
            "f1_score_macro": 0.6702181633688482,
            "f1_score_micro": 0.74,
            "f1_score_weighted": 0.7339320142059867,
            "matthews_corrcoef": 0.3435381428036076,
            "precision_score": 0.56,
            "recall_score": 0.4827586206896552,
            "roc_auc_score": 0.6639145216124333,
            "coverage_error": -1.0,
            "label_ranking_average_precision_score": -1.0,
            "label_ranking_loss": -1.0,
            "training_time": 136.07641550400876,
            "test_time": 0.003981201007263735
        },
        {
            "seed": "19",
            "accuracy_score": 0.715,
            "average_precision_score": 0.3539985486211902,
            "balanced_accuracy_score": 0.6311769991015275,
            "cohen_kappa_score": 0.26394628099173556,
            "f1_score_macro": 0.6319612590799031,
            "f1_score_micro": 0.715,
            "f1_score_weighted": 0.7141259079903147,
            "matthews_corrcoef": 0.26396829044130216,
            "precision_score": 0.46153846153846156,
            "recall_score": 0.4528301886792453,
            "roc_auc_score": 0.6311769991015274,
            "coverage_error": -1.0,
            "label_ranking_average_precision_score": -1.0,
            "label_ranking_loss": -1.0,
            "training_time": 232.19821635101107,
            "test_time": 0.003937358997063711
        },
        {
            "seed": "23",
            "accuracy_score": 0.745,
            "average_precision_score": 0.4990522875816994,
            "balanced_accuracy_score": 0.6749108734402852,
            "cohen_kappa_score": 0.3810679611650486,
            "f1_score_macro": 0.6854861089698128,
            "f1_score_micro": 0.745,
            "f1_score_weighted": 0.7292664426012148,
            "matthews_corrcoef": 0.3968406206093198,
            "precision_score": 0.6888888888888889,
            "recall_score": 0.45588235294117646,
            "roc_auc_score": 0.6749108734402851,
            "coverage_error": -1.0,
            "label_ranking_average_precision_score": -1.0,
            "label_ranking_loss": -1.0,
            "training_time": 31.38112638000166,
            "test_time": 0.0015919259749352932
        },
        {
            "seed": "29",
            "accuracy_score": 0.755,
            "average_precision_score": 0.5132089552238805,
            "balanced_accuracy_score": 0.7009875434855797,
            "cohen_kappa_score": 0.422306059891535,
            "f1_score_macro": 0.7097070410853401,
            "f1_score_micro": 0.755,
            "f1_score_weighted": 0.747546728279866,
            "matthews_corrcoef": 0.4273552581673046,
            "precision_score": 0.6666666666666666,
            "recall_score": 0.5373134328358209,
            "roc_auc_score": 0.7009875434855796,
            "coverage_error": -1.0,
            "label_ranking_average_precision_score": -1.0,
            "label_ranking_loss": -1.0,
            "training_time": 210.11269635899225,
            "test_time": 0.005059701012214646
        },
        {
            "seed": "37",
            "accuracy_score": 0.805,
            "average_precision_score": 0.4706504468718967,
            "balanced_accuracy_score": 0.7044666923373123,
            "cohen_kappa_score": 0.449618966977138,
            "f1_score_macro": 0.7226074895977809,
            "f1_score_micro": 0.805,
            "f1_score_weighted": 0.7936615811373093,
            "matthews_corrcoef": 0.4600445220235588,
            "precision_score": 0.6842105263157895,
            "recall_score": 0.49056603773584906,