{
    "id": 31,
    "framework": "lightwood",
    "results": [
        {
            "seed": "2",
            "accuracy_score": 0.655,
            "average_precision_score": 0.4252688172043011,
            "balanced_accuracy_score": 0.6636029411764706,
            "cohen_kappa_score": 0.29216249487074275,
            "f1_score_macro": 0.6382794684280884,
            "f1_score_micro": 0.655,
            "f1_score_weighted": 0.6662766375717544,
            "matthews_corrcoef": 0.30601814670714644,
            "precision_score": 0.4731182795698925,
            "recall_score": 0.6875,
            "roc_auc_score": 0.6636029411764706,
            "coverage_error": -1.0,
            "label_ranking_average_precision_score": -1.0,
            "label_ranking_loss": -1.0,
            "training_time": 4.5533969909993175,
            "test_time": 0.15924198299944692
        },
        {
            "seed": "3",
            "accuracy_score": 0.66,
            "average_precision_score": 0.4064885999623139,
            "balanced_accuracy_score": 0.6588041042575775,
            "cohen_kappa_score": 0.2836827135784262,
            "f1_score_macro": 0.6353496353496354,
            "f1_score_micro": 0.66,
            "f1_score_weighted": 0.6723251823251825,
            "matthews_corrcoef": 0.29496140122036,
            "precision_score": 0.45977011494252873,
            "recall_score": 0.6557377049180327,
            "roc_auc_score": 0.6588041042575774,
            "coverage_error": -1.0,
            "label_ranking_average_precision_score": -1.0,
            "label_ranking_loss": -1.0,
            "training_time": 10.05177603499942,
            "test_time": 0.07861296699957165
        },
        {
            "seed": "5",
            "accuracy_score": 0.67,
            "average_precision_score": 0.35585084033613446,
            "balanced_accuracy_score": 0.6235119047619048,
            "cohen_kappa_score": 0.23184357541899447,
            "f1_score_macro": 0.6143057503506312,
            "f1_score_micro": 0.67,
            "f1_score_weighted": 0.6787938288920057,
            "matthews_corrcoef": 0.23413840341376058,
            "precision_score": 0.4264705882352941,
            "recall_score": 0.5178571428571429,
            "roc_auc_score": 0.6235119047619049,
            "coverage_error": -1.0,
            "label_ranking_average_precision_score": -1.0,
            "label_ranking_loss": -1.0,
            "training_time": 4.417613302999598,
            "test_time": 0.19075784800043039
        },
        {
            "seed": "7",
            "accuracy_score": 0.75,
            "average_precision_score": 0.4089038894246223,
            "balanced_accuracy_score": 0.7032504276878536,
            "cohen_kappa_score": 0.3818766225738658,
            "f1_score_macro": 0.6899801587301586,
            "f1_score_micro": 0.75,
            "f1_score_weighted": 0.7568204365079364,
            "matthews_corrcoef": 0.38482862445965454,
            "precision_score": 0.5081967213114754,
            "recall_score": 0.6078431372549019,
            "roc_auc_score": 0.7032504276878537,
            "coverage_error": -1.0,
            "label_ranking_average_precision_score": -1.0,
            "label_ranking_loss": -1.0,
            "training_time": 2.851684737999676,
            "test_time": 0.1931476740001017
        },
        {
            "seed": "11",
            "accuracy_score": 0.69,
            "average_precision_score": 0.4517441860465117,
            "balanced_accuracy_score": 0.6893382352941176,
            "cohen_kappa_score": 0.34709351305812974,
            "f1_score_macro": 0.6693333333333333,
            "f1_score_micro": 0.69,
            "f1_score_weighted": 0.6990933333333333,
            "matthews_corrcoef": 0.3568010391578865,
            "precision_score": 0.5116279069767442,
            "recall_score": 0.6875,
            "roc_auc_score": 0.6893382352941176,
            "coverage_error": -1.0,
            "label_ranking_average_precision_score": -1.0,
            "label_ranking_loss": -1.0,
            "training_time": 8.911029799000062,
            "test_time": 0.20582660699983535
        },
        {
            "seed": "13",
            "accuracy_score": 0.72,
            "average_precision_score": 0.4581315156375301,
            "balanced_accuracy_score": 0.7314230208839242,
            "cohen_kappa_score": 0.40501487462813435,
            "f1_score_macro": 0.6961805555555556,
            "f1_score_micro": 0.72,
            "f1_score_weighted": 0.7319097222222222,
            "matthews_corrcoef": 0.42422188726026955,
            "precision_score": 0.5116279069767442,
            "recall_score": 0.7586206896551724,
            "roc_auc_score": 0.7314230208839242,
            "coverage_error": -1.0,
            "label_ranking_average_precision_score": -1.0,
            "label_ranking_loss": -1.0,
            "training_time": 3.3970330219999596,
            "test_time": 0.1830638960000215
        },
        {
            "seed": "17",
            "accuracy_score": 0.71,
            "average_precision_score": 0.4313276836158192,
            "balanced_accuracy_score": 0.6908282245462194,
            "cohen_kappa_score": 0.35376044568245124,
            "f1_score_macro": 0.6745595331612613,
            "f1_score_micro": 0.7100000000000001,
            "f1_score_weighted": 0.7185916283245426,
            "matthews_corrcoef": 0.35951956473323216,
            "precision_score": 0.5066666666666667,
            "recall_score": 0.6440677966101694,
            "roc_auc_score": 0.6908282245462194,
            "coverage_error": -1.0,
            "label_ranking_average_precision_score": -1.0,
            "label_ranking_loss": -1.0,
            "training_time": 2.9281009329997687,
            "test_time": 0.08135345300070185
        },
        {
            "seed": "19",
            "accuracy_score": 0.715,
            "average_precision_score": 0.42438903863432165,
            "balanced_accuracy_score": 0.7276986266204595,
            "cohen_kappa_score": 0.3836505190311419,
            "f1_score_macro": 0.6836057839083013,
            "f1_score_micro": 0.715,
            "f1_score_weighted": 0.7304479476006773,
            "matthews_corrcoef": 0.40720994070199845,
            "precision_score": 0.47619047619047616,
            "recall_score": 0.7547169811320755,
            "roc_auc_score": 0.7276986266204595,
            "coverage_error": -1.0,
            "label_ranking_average_precision_score": -1.0,
            "label_ranking_loss": -1.0,
            "training_time": 4.623092088000703,
            "test_time": 0.20779777800089505
        },
        {
            "seed": "23",
            "accuracy_score": 0.7,
            "average_precision_score": 0.4919148936170213,
            "balanced_accuracy_score": 0.7121212121212122,
            "cohen_kappa_score": 0.38825448613376834,
            "f1_score_macro": 0.6887643946467477,
            "f1_score_micro": 0.7,
            "f1_score_weighted": 0.7076875194522253,
            "matthews_corrcoef": 0.4026601568050618,
            "precision_score": 0.5425531914893617,
            "recall_score": 0.75,
            "roc_auc_score": 0.7121212121212123,
            "coverage_error": -1.0,
            "label_ranking_average_precision_score": -1.0,
            "label_ranking_loss": -1.0,
            "training_time": 3.5798060799997984,
            "test_time": 0.07646713499980251
        },
        {
            "seed": "29",
            "accuracy_score": 0.77,
            "average_precision_score": 0.5632396839332748,
            "balanced_accuracy_score": 0.7752216361800022,
            "cohen_kappa_score": 0.516044187269858,
            "f1_score_macro": 0.7559422750424449,
            "f1_score_micro": 0.7699999999999999,
            "f1_score_weighted": 0.7752716468590833,
            "matthews_corrcoef": 0.5255540738056268,
            "precision_score": 0.6235294117647059,
            "recall_score": 0.7910447761194029,