{
    "id": 31,
    "framework": "evalml",
    "results": [
        {
            "seed": "2",
            "accuracy_score": 0.72,
            "average_precision_score": 0.4699408783783784,
            "balanced_accuracy_score": 0.6989889705882353,
            "cohen_kappa_score": 0.382171226831421,
            "f1_score_macro": 0.6902312202677288,
            "f1_score_micro": 0.72,
            "f1_score_weighted": 0.7248014160858501,
            "matthews_corrcoef": 0.38451856222133146,
            "precision_score": 0.5540540540540541,
            "recall_score": 0.640625,
            "roc_auc_score": 0.6989889705882353,
            "coverage_error": -1.0,
            "label_ranking_average_precision_score": -1.0,
            "label_ranking_loss": -1.0,
            "training_time": 304.09534505102783,
            "test_time": 0.13379015601822175
        },
        {
            "seed": "3",
            "accuracy_score": 0.7,
            "average_precision_score": 0.43062841530054646,
            "balanced_accuracy_score": 0.6783818846562095,
            "cohen_kappa_score": 0.33518005540166207,
            "f1_score_macro": 0.6657754010695187,
            "f1_score_micro": 0.7,
            "f1_score_weighted": 0.7074866310160427,
            "matthews_corrcoef": 0.339287158954585,
            "precision_score": 0.5066666666666667,
            "recall_score": 0.6229508196721312,
            "roc_auc_score": 0.6783818846562095,
            "coverage_error": -1.0,
            "label_ranking_average_precision_score": -1.0,
            "label_ranking_loss": -1.0,
            "training_time": 305.2291717529879,
            "test_time": 0.23765970297972672
        },
        {
            "seed": "5",
            "accuracy_score": 0.73,
            "average_precision_score": 0.4070935960591133,
            "balanced_accuracy_score": 0.6706349206349207,
            "cohen_kappa_score": 0.3375858684985279,
            "f1_score_macro": 0.6687523003312478,
            "f1_score_micro": 0.7299999999999999,
            "f1_score_weighted": 0.7314243651085758,
            "matthews_corrcoef": 0.3376875125625398,
            "precision_score": 0.5172413793103449,
            "recall_score": 0.5357142857142857,
            "roc_auc_score": 0.6706349206349207,
            "coverage_error": -1.0,
            "label_ranking_average_precision_score": -1.0,
            "label_ranking_loss": -1.0,
            "training_time": 305.1190533799818,
            "test_time": 0.12352970498614013
        },
        {
            "seed": "7",
            "accuracy_score": 0.775,
            "average_precision_score": 0.44117985125084513,
            "balanced_accuracy_score": 0.7264771680484274,
            "cohen_kappa_score": 0.43339209267187107,
            "f1_score_macro": 0.7162583940225102,
            "f1_score_micro": 0.775,
            "f1_score_weighted": 0.7795185850751915,
            "matthews_corrcoef": 0.435085364621352,
            "precision_score": 0.5517241379310345,
            "recall_score": 0.6274509803921569,
            "roc_auc_score": 0.7264771680484274,
            "coverage_error": -1.0,
            "label_ranking_average_precision_score": -1.0,
            "label_ranking_loss": -1.0,
            "training_time": 306.1482875639922,
            "test_time": 0.09739744401304051
        },
        {
            "seed": "11",
            "accuracy_score": 0.72,
            "average_precision_score": 0.4699408783783784,
            "balanced_accuracy_score": 0.6989889705882353,
            "cohen_kappa_score": 0.382171226831421,
            "f1_score_macro": 0.6902312202677288,
            "f1_score_micro": 0.72,
            "f1_score_weighted": 0.7248014160858501,
            "matthews_corrcoef": 0.38451856222133146,
            "precision_score": 0.5540540540540541,
            "recall_score": 0.640625,
            "roc_auc_score": 0.6989889705882353,
            "coverage_error": -1.0,
            "label_ranking_average_precision_score": -1.0,
            "label_ranking_loss": -1.0,
            "training_time": 304.2694011749991,
            "test_time": 0.22218795400112867
        },
        {
            "seed": "13",
            "accuracy_score": 0.735,
            "average_precision_score": 0.46498472282845915,
            "balanced_accuracy_score": 0.7317872753763963,
            "cohen_kappa_score": 0.4187321781092346,
            "f1_score_macro": 0.7058088867919291,
            "f1_score_micro": 0.735,
            "f1_score_weighted": 0.7447303710693569,
            "matthews_corrcoef": 0.43030017655968,
            "precision_score": 0.5316455696202531,
            "recall_score": 0.7241379310344828,
            "roc_auc_score": 0.7317872753763963,
            "coverage_error": -1.0,
            "label_ranking_average_precision_score": -1.0,
            "label_ranking_loss": -1.0,
            "training_time": 306.03071640699636,
            "test_time": 0.13078413999755867
        },
        {
            "seed": "17",
            "accuracy_score": 0.74,
            "average_precision_score": 0.46988700564971747,
            "balanced_accuracy_score": 0.7268902512321193,
            "cohen_kappa_score": 0.4206128133704735,
            "f1_score_macro": 0.7082257883514756,
            "f1_score_micro": 0.74,
            "f1_score_weighted": 0.747702839187521,
            "matthews_corrcoef": 0.42746026987966973,
            "precision_score": 0.5466666666666666,
            "recall_score": 0.6949152542372882,
            "roc_auc_score": 0.7268902512321193,
            "coverage_error": -1.0,
            "label_ranking_average_precision_score": -1.0,
            "label_ranking_loss": -1.0,
            "training_time": 303.0469675110071,
            "test_time": 0.15234227501787245
        },
        {
            "seed": "19",
            "accuracy_score": 0.7,
            "average_precision_score": 0.35980083857442346,
            "balanced_accuracy_score": 0.6451033243486073,
            "cohen_kappa_score": 0.273695678489287,
            "f1_score_macro": 0.6357455075279261,
            "f1_score_micro": 0.7,
            "f1_score_weighted": 0.7076493443419136,
            "matthews_corrcoef": 0.2757232581935019,
            "precision_score": 0.4444444444444444,
            "recall_score": 0.5283018867924528,
            "roc_auc_score": 0.6451033243486073,
            "coverage_error": -1.0,
            "label_ranking_average_precision_score": -1.0,
            "label_ranking_loss": -1.0,
            "training_time": 304.3330911079829,
            "test_time": 0.1449954540003091
        },
        {
            "seed": "23",
            "accuracy_score": 0.645,
            "average_precision_score": 0.45867516918271733,
            "balanced_accuracy_score": 0.6847147950089126,
            "cohen_kappa_score": 0.31835637480798773,
            "f1_score_macro": 0.6417669466939125,
            "f1_score_micro": 0.645,
            "f1_score_weighted": 0.6526572315144176,
            "matthews_corrcoef": 0.3529996313761742,
            "precision_score": 0.48672566371681414,
            "recall_score": 0.8088235294117647,
            "roc_auc_score": 0.6847147950089126,
            "coverage_error": -1.0,
            "label_ranking_average_precision_score": -1.0,
            "label_ranking_loss": -1.0,
            "training_time": 302.53710807600874,
            "test_time": 0.14625882601831108
        },
        {
            "seed": "29",
            "accuracy_score": 0.715,
            "average_precision_score": 0.5043426484598286,
            "balanced_accuracy_score": 0.730164964650432,
            "cohen_kappa_score": 0.41848602326055906,
            "f1_score_macro": 0.7037345045349411,
            "f1_score_micro": 0.715,
            "f1_score_weighted": 0.7227991891681177,
            "matthews_corrcoef": 0.43532697074320775,
            "precision_score": 0.5531914893617021,
            "recall_score": 0.7761194029850746,