{
    "id": 31,
    "framework": "autosklearn",
    "results": [
        {
            "seed": "2",
            "accuracy_score": 0.745,
            "average_precision_score": 0.4784090909090909,
            "balanced_accuracy_score": 0.6884191176470589,
            "cohen_kappa_score": 0.3914081145584726,
            "f1_score_macro": 0.6949669547534316,
            "f1_score_micro": 0.745,
            "f1_score_weighted": 0.7394407727503812,
            "matthews_corrcoef": 0.3936851711893441,
            "precision_score": 0.6181818181818182,
            "recall_score": 0.53125,
            "roc_auc_score": 0.6884191176470588,
            "coverage_error": -1.0,
            "label_ranking_average_precision_score": -1.0,
            "label_ranking_loss": -1.0,
            "training_time": 304.3691833210178,
            "test_time": 1.9893920260074083
        },
        {
            "seed": "3",
            "accuracy_score": 0.755,
            "average_precision_score": 0.44729508196721307,
            "balanced_accuracy_score": 0.6535558438495106,
            "cohen_kappa_score": 0.3470149253731344,
            "f1_score_macro": 0.6665645946037903,
            "f1_score_micro": 0.755,
            "f1_score_weighted": 0.733535095777619,
            "matthews_corrcoef": 0.3680403947614912,
            "precision_score": 0.6666666666666666,
            "recall_score": 0.39344262295081966,
            "roc_auc_score": 0.6535558438495106,
            "coverage_error": -1.0,
            "label_ranking_average_precision_score": -1.0,
            "label_ranking_loss": -1.0,
            "training_time": 303.5220287190168,
            "test_time": 1.7287340470065828
        },
        {
            "seed": "5",
            "accuracy_score": 0.725,
            "average_precision_score": 0.3749206349206349,
            "balanced_accuracy_score": 0.628968253968254,
            "cohen_kappa_score": 0.27440633245382584,
            "f1_score_macro": 0.6357495281300705,
            "f1_score_micro": 0.7250000000000001,
            "f1_score_weighted": 0.7150832809033412,
            "matthews_corrcoef": 0.2773422084260067,
            "precision_score": 0.5111111111111111,
            "recall_score": 0.4107142857142857,
            "roc_auc_score": 0.6289682539682538,
            "coverage_error": -1.0,
            "label_ranking_average_precision_score": -1.0,
            "label_ranking_loss": -1.0,
            "training_time": 304.37723804297275,
            "test_time": 1.843082556995796
        },
        {
            "seed": "7",
            "accuracy_score": 0.815,
            "average_precision_score": 0.47381320949432404,
            "balanced_accuracy_score": 0.7146335044084748,
            "cohen_kappa_score": 0.46854352197644356,
            "f1_score_macro": 0.7326493009140504,
            "f1_score_micro": 0.815,
            "f1_score_weighted": 0.8053553235304745,
            "matthews_corrcoef": 0.4769319629303555,
            "precision_score": 0.6842105263157895,
            "recall_score": 0.5098039215686274,
            "roc_auc_score": 0.7146335044084748,
            "coverage_error": -1.0,
            "label_ranking_average_precision_score": -1.0,
            "label_ranking_loss": -1.0,
            "training_time": 299.80081400400377,
            "test_time": 1.1224013819883112
        },
        {
            "seed": "11",
            "accuracy_score": 0.735,
            "average_precision_score": 0.43391203703703707,
            "balanced_accuracy_score": 0.6190257352941176,
            "cohen_kappa_score": 0.28106348345089527,
            "f1_score_macro": 0.623030690991856,
            "f1_score_micro": 0.735,
            "f1_score_weighted": 0.6969920694192538,
            "matthews_corrcoef": 0.3249566105973061,
            "precision_score": 0.7037037037037037,
            "recall_score": 0.296875,
            "roc_auc_score": 0.6190257352941176,
            "coverage_error": -1.0,
            "label_ranking_average_precision_score": -1.0,
            "label_ranking_loss": -1.0,
            "training_time": 300.0436222470016,
            "test_time": 2.5401923280151095
        },
        {
            "seed": "13",
            "accuracy_score": 0.785,
            "average_precision_score": 0.47500465983224605,
            "balanced_accuracy_score": 0.6854055366682856,
            "cohen_kappa_score": 0.4152841990753332,
            "f1_score_macro": 0.7031924072476272,
            "f1_score_micro": 0.785,
            "f1_score_weighted": 0.7686384814495254,
            "matthews_corrcoef": 0.43332744835123543,
            "precision_score": 0.7027027027027027,
            "recall_score": 0.4482758620689655,
            "roc_auc_score": 0.6854055366682856,
            "coverage_error": -1.0,
            "label_ranking_average_precision_score": -1.0,
            "label_ranking_loss": -1.0,
            "training_time": 299.57450639799936,
            "test_time": 1.1979945240018424
        },
        {
            "seed": "17",
            "accuracy_score": 0.765,
            "average_precision_score": 0.45418886198547215,
            "balanced_accuracy_score": 0.6756220699603317,
            "cohen_kappa_score": 0.38336394647074257,
            "f1_score_macro": 0.6887314149475148,
            "f1_score_micro": 0.765,
            "f1_score_weighted": 0.7519033742839167,
            "matthews_corrcoef": 0.3932705818897395,
            "precision_score": 0.6428571428571429,
            "recall_score": 0.4576271186440678,
            "roc_auc_score": 0.6756220699603318,
            "coverage_error": -1.0,
            "label_ranking_average_precision_score": -1.0,
            "label_ranking_loss": -1.0,
            "training_time": 299.311564832984,
            "test_time": 1.3878137200081255
        },
        {
            "seed": "19",
            "accuracy_score": 0.75,
            "average_precision_score": 0.39970033296337404,
            "balanced_accuracy_score": 0.673084328070851,
            "cohen_kappa_score": 0.3503962582824477,
            "f1_score_macro": 0.6751559251559252,
            "f1_score_micro": 0.75,
            "f1_score_weighted": 0.7484407484407484,
            "matthews_corrcoef": 0.3505146077938849,
            "precision_score": 0.5294117647058824,
            "recall_score": 0.5094339622641509,
            "roc_auc_score": 0.6730843280708511,
            "coverage_error": -1.0,
            "label_ranking_average_precision_score": -1.0,
            "label_ranking_loss": -1.0,
            "training_time": 309.26031623600284,
            "test_time": 1.9194342920091003
        },
        {
            "seed": "23",
            "accuracy_score": 0.76,
            "average_precision_score": 0.5204643962848297,
            "balanced_accuracy_score": 0.6791443850267379,
            "cohen_kappa_score": 0.4011976047904191,
            "f1_score_macro": 0.6919522525991528,
            "f1_score_micro": 0.76,
            "f1_score_weighted": 0.7382826338082402,
            "matthews_corrcoef": 0.4326386477883136,
            "precision_score": 0.7631578947368421,
            "recall_score": 0.4264705882352941,
            "roc_auc_score": 0.679144385026738,
            "coverage_error": -1.0,
            "label_ranking_average_precision_score": -1.0,
            "label_ranking_loss": -1.0,
            "training_time": 304.30711578199407,
            "test_time": 1.9030585150176194
        },
        {
            "seed": "29",
            "accuracy_score": 0.765,
            "average_precision_score": 0.5200175592625109,
            "balanced_accuracy_score": 0.6751767478397486,
            "cohen_kappa_score": 0.399130657120941,
            "f1_score_macro": 0.6887314149475148,
            "f1_score_micro": 0.765,
            "f1_score_weighted": 0.7395771383158382,
            "matthews_corrcoef": 0.44022649232916355,
            "precision_score": 0.7941176470588235,