{
    "id": 31,
    "framework": "mljar",
    "results": [
        {
            "seed": "2",
            "accuracy_score": 0.67,
            "average_precision_score": 0.4276860119047619,
            "balanced_accuracy_score": 0.6622242647058824,
            "cohen_kappa_score": 0.299660441426146,
            "f1_score_macro": 0.646074646074646,
            "f1_score_micro": 0.67,
            "f1_score_weighted": 0.6792020592020591,
            "matthews_corrcoef": 0.30664551251691163,
            "precision_score": 0.4880952380952381,
            "recall_score": 0.640625,
            "roc_auc_score": 0.6622242647058824,
            "coverage_error": -1.0,
            "label_ranking_average_precision_score": -1.0,
            "label_ranking_loss": -1.0,
            "training_time": 31.56621454099968,
            "test_time": 0.04094954400079587
        },
        {
            "seed": "3",
            "accuracy_score": 0.735,
            "average_precision_score": 0.4210655737704918,
            "balanced_accuracy_score": 0.6391673546408775,
            "cohen_kappa_score": 0.30809399477806787,
            "f1_score_macro": 0.6489949998344315,
            "f1_score_micro": 0.735,
            "f1_score_weighted": 0.7167565151163946,
            "matthews_corrcoef": 0.3203684192420457,
            "precision_score": 0.6,
            "recall_score": 0.39344262295081966,
            "roc_auc_score": 0.6391673546408775,
            "coverage_error": -1.0,
            "label_ranking_average_precision_score": -1.0,
            "label_ranking_loss": -1.0,
            "training_time": 28.143149351999455,
            "test_time": 0.031217132000165293
        },
        {
            "seed": "5",
            "accuracy_score": 0.715,
            "average_precision_score": 0.37383753501400563,
            "balanced_accuracy_score": 0.6329365079365079,
            "cohen_kappa_score": 0.2733299337072922,
            "f1_score_macro": 0.6363752352397053,
            "f1_score_micro": 0.715,
            "f1_score_weighted": 0.7107728621096616,
            "matthews_corrcoef": 0.27388692443932444,
            "precision_score": 0.49019607843137253,
            "recall_score": 0.44642857142857145,
            "roc_auc_score": 0.6329365079365079,
            "coverage_error": -1.0,
            "label_ranking_average_precision_score": -1.0,
            "label_ranking_loss": -1.0,
            "training_time": 28.31185212100081,
            "test_time": 0.0561235029999807
        },
        {
            "seed": "7",
            "accuracy_score": 0.795,
            "average_precision_score": 0.4491858482523445,
            "balanced_accuracy_score": 0.7141071193578102,
            "cohen_kappa_score": 0.4424802828392712,
            "f1_score_macro": 0.7210030281378654,
            "f1_score_micro": 0.795,
            "f1_score_weighted": 0.7914079139872752,
            "matthews_corrcoef": 0.44350656217443774,
            "precision_score": 0.6086956521739131,
            "recall_score": 0.5490196078431373,
            "roc_auc_score": 0.7141071193578102,
            "coverage_error": -1.0,
            "label_ranking_average_precision_score": -1.0,
            "label_ranking_loss": -1.0,
            "training_time": 28.943376858000192,
            "test_time": 0.02904802099965309
        },
        {
            "seed": "11",
            "accuracy_score": 0.73,
            "average_precision_score": 0.43033203124999997,
            "balanced_accuracy_score": 0.6236213235294117,
            "cohen_kappa_score": 0.28495762711864403,
            "f1_score_macro": 0.6299342105263158,
            "f1_score_micro": 0.7299999999999999,
            "f1_score_weighted": 0.6992105263157896,
            "matthews_corrcoef": 0.3145959995687769,
            "precision_score": 0.65625,
            "recall_score": 0.328125,
            "roc_auc_score": 0.6236213235294118,
            "coverage_error": -1.0,
            "label_ranking_average_precision_score": -1.0,
            "label_ranking_loss": -1.0,
            "training_time": 25.249391721999928,
            "test_time": 0.05235340299987001
        },
        {
            "seed": "13",
            "accuracy_score": 0.755,
            "average_precision_score": 0.4215051258154706,
            "balanced_accuracy_score": 0.6489800874210783,
            "cohen_kappa_score": 0.3336959477835192,
            "f1_score_macro": 0.6617773943054357,
            "f1_score_micro": 0.755,
            "f1_score_weighted": 0.7363554788610871,
            "matthews_corrcoef": 0.34819435437260376,
            "precision_score": 0.6216216216216216,
            "recall_score": 0.39655172413793105,
            "roc_auc_score": 0.6489800874210783,
            "coverage_error": -1.0,
            "label_ranking_average_precision_score": -1.0,
            "label_ranking_loss": -1.0,
            "training_time": 26.52591283000038,
            "test_time": 0.029070810000121128
        },
        {
            "seed": "17",
            "accuracy_score": 0.755,
            "average_precision_score": 0.4438725128960943,
            "balanced_accuracy_score": 0.6734583483591778,
            "cohen_kappa_score": 0.37066529668636017,
            "f1_score_macro": 0.6836158192090396,
            "f1_score_micro": 0.755,
            "f1_score_weighted": 0.745231638418079,
            "matthews_corrcoef": 0.3759425547218067,
            "precision_score": 0.6086956521739131,
            "recall_score": 0.4745762711864407,
            "roc_auc_score": 0.6734583483591778,
            "coverage_error": -1.0,
            "label_ranking_average_precision_score": -1.0,
            "label_ranking_loss": -1.0,
            "training_time": 29.896311495999726,
            "test_time": 0.02608881800006202
        },
        {
            "seed": "19",
            "accuracy_score": 0.705,
            "average_precision_score": 0.367936320754717,
            "balanced_accuracy_score": 0.6545372866127583,
            "cohen_kappa_score": 0.28984111699566684,
            "f1_score_macro": 0.6436229651777354,
            "f1_score_micro": 0.705,
            "f1_score_weighted": 0.7131343058198181,
            "matthews_corrcoef": 0.2924155335257223,
            "precision_score": 0.453125,
            "recall_score": 0.5471698113207547,
            "roc_auc_score": 0.6545372866127583,
            "coverage_error": -1.0,
            "label_ranking_average_precision_score": -1.0,
            "label_ranking_loss": -1.0,
            "training_time": 29.041556224000487,
            "test_time": 0.06412363700019341
        },
        {
            "seed": "23",
            "accuracy_score": 0.735,
            "average_precision_score": 0.5000420168067228,
            "balanced_accuracy_score": 0.695855614973262,
            "cohen_kappa_score": 0.3988203266787659,
            "f1_score_macro": 0.6991969125117058,
            "f1_score_micro": 0.735,
            "f1_score_weighted": 0.7324055733704136,
            "matthews_corrcoef": 0.3994633006553909,
            "precision_score": 0.6190476190476191,
            "recall_score": 0.5735294117647058,
            "roc_auc_score": 0.695855614973262,
            "coverage_error": -1.0,
            "label_ranking_average_precision_score": -1.0,
            "label_ranking_loss": -1.0,
            "training_time": 30.061525751999397,
            "test_time": 0.04540856299990992
        },
        {
            "seed": "29",
            "accuracy_score": 0.725,
            "average_precision_score": 0.44940298507462684,
            "balanced_accuracy_score": 0.6228818314442823,
            "cohen_kappa_score": 0.28478543563068925,
            "f1_score_macro": 0.625735769453234,
            "f1_score_micro": 0.7250000000000001,
            "f1_score_weighted": 0.6893419754346568,
            "matthews_corrcoef": 0.3248596746005268,
            "precision_score": 0.7,
            "recall_score": 0.31343283582089554,