{
    "id": 31,
    "framework": "autokeras",
    "results": [
        {
            "seed": "2",
            "accuracy_score": 0.7,
            "average_precision_score": 0.42666666666666664,
            "balanced_accuracy_score": 0.6470588235294117,
            "cohen_kappa_score": 0.2990654205607476,
            "f1_score_macro": 0.6493688639551193,
            "f1_score_micro": 0.7,
            "f1_score_weighted": 0.6973352033660589,
            "matthews_corrcoef": 0.2993924754260479,
            "precision_score": 0.5333333333333333,
            "recall_score": 0.5,
            "roc_auc_score": 0.6470588235294119,
            "coverage_error": -1.0,
            "label_ranking_average_precision_score": -1.0,
            "label_ranking_loss": -1.0,
            "training_time": 28.577177752973512,
            "test_time": 0.8732717699895147
        },
        {
            "seed": "3",
            "accuracy_score": 0.68,
            "average_precision_score": 0.36698226831716296,
            "balanced_accuracy_score": 0.5949994103078193,
            "cohen_kappa_score": 0.20109848957683185,
            "f1_score_macro": 0.5987460815047022,
            "f1_score_micro": 0.68,
            "f1_score_weighted": 0.669166144200627,
            "matthews_corrcoef": 0.20339333111756538,
            "precision_score": 0.46938775510204084,
            "recall_score": 0.3770491803278688,
            "roc_auc_score": 0.5949994103078193,
            "coverage_error": -1.0,
            "label_ranking_average_precision_score": -1.0,
            "label_ranking_loss": -1.0,
            "training_time": 28.582413857016945,
            "test_time": 0.8488692610117141
        },
        {
            "seed": "5",
            "accuracy_score": 0.63,
            "average_precision_score": 0.30940092165898625,
            "balanced_accuracy_score": 0.5575396825396826,
            "cohen_kappa_score": 0.11143131604226708,
            "f1_score_macro": 0.5552350042072365,
            "f1_score_micro": 0.63,
            "f1_score_weighted": 0.6354706094482511,
            "matthews_corrcoef": 0.11172164681349515,
            "precision_score": 0.3548387096774194,
            "recall_score": 0.39285714285714285,
            "roc_auc_score": 0.5575396825396826,
            "coverage_error": -1.0,
            "label_ranking_average_precision_score": -1.0,
            "label_ranking_loss": -1.0,
            "training_time": 32.107286587997805,
            "test_time": 0.9490532010095194
        },
        {
            "seed": "7",
            "accuracy_score": 0.72,
            "average_precision_score": 0.3433833141099577,
            "balanced_accuracy_score": 0.6315304645348072,
            "cohen_kappa_score": 0.2630609290696144,
            "f1_score_macro": 0.6315304645348072,
            "f1_score_micro": 0.72,
            "f1_score_weighted": 0.72,
            "matthews_corrcoef": 0.2630609290696144,
            "precision_score": 0.45098039215686275,
            "recall_score": 0.45098039215686275,
            "roc_auc_score": 0.6315304645348072,
            "coverage_error": -1.0,
            "label_ranking_average_precision_score": -1.0,
            "label_ranking_loss": -1.0,
            "training_time": 29.001963868999155,
            "test_time": 0.9098261870094575
        },
        {
            "seed": "11",
            "accuracy_score": 0.67,
            "average_precision_score": 0.40522977941176475,
            "balanced_accuracy_score": 0.6291360294117647,
            "cohen_kappa_score": 0.2540687160940326,
            "f1_score_macro": 0.6268656716417911,
            "f1_score_micro": 0.67,
            "f1_score_weighted": 0.6725373134328357,
            "matthews_corrcoef": 0.25432874239112135,
            "precision_score": 0.4852941176470588,
            "recall_score": 0.515625,
            "roc_auc_score": 0.6291360294117647,
            "coverage_error": -1.0,
            "label_ranking_average_precision_score": -1.0,
            "label_ranking_loss": -1.0,
            "training_time": 31.195277096994687,
            "test_time": 0.9908943169866689
        },
        {
            "seed": "13",
            "accuracy_score": 0.715,
            "average_precision_score": 0.40300409117475156,
            "balanced_accuracy_score": 0.6565080135988344,
            "cohen_kappa_score": 0.31142788113070796,
            "f1_score_macro": 0.6557035426293376,
            "f1_score_micro": 0.715,
            "f1_score_weighted": 0.7157144151490441,
            "matthews_corrcoef": 0.31145060719271433,
            "precision_score": 0.5084745762711864,
            "recall_score": 0.5172413793103449,
            "roc_auc_score": 0.6565080135988345,
            "coverage_error": -1.0,
            "label_ranking_average_precision_score": -1.0,
            "label_ranking_loss": -1.0,
            "training_time": 28.9101900520036,
            "test_time": 0.870796508010244
        },
        {
            "seed": "17",
            "accuracy_score": 0.685,
            "average_precision_score": 0.3627444589308996,
            "balanced_accuracy_score": 0.6040990503666306,
            "cohen_kappa_score": 0.2156374501992031,
            "f1_score_macro": 0.6072196764238287,
            "f1_score_micro": 0.685,
            "f1_score_weighted": 0.6788824464603012,
            "matthews_corrcoef": 0.21646106756664232,
            "precision_score": 0.46153846153846156,
            "recall_score": 0.4067796610169492,
            "roc_auc_score": 0.6040990503666306,
            "coverage_error": -1.0,
            "label_ranking_average_precision_score": -1.0,
            "label_ranking_loss": -1.0,
            "training_time": 28.06545587198343,
            "test_time": 0.8972712199902162
        },
        {
            "seed": "19",
            "accuracy_score": 0.69,
            "average_precision_score": 0.33147512864493994,
            "balanced_accuracy_score": 0.6081375946605057,
            "cohen_kappa_score": 0.21369689283449578,
            "f1_score_macro": 0.6067985794013191,
            "f1_score_micro": 0.69,
            "f1_score_weighted": 0.6918087265347539,
            "matthews_corrcoef": 0.21376566844064354,
            "precision_score": 0.41818181818181815,
            "recall_score": 0.4339622641509434,
            "roc_auc_score": 0.6081375946605058,
            "coverage_error": -1.0,
            "label_ranking_average_precision_score": -1.0,
            "label_ranking_loss": -1.0,
            "training_time": 28.24741988599999,
            "test_time": 0.8829993070103228
        },
        {
            "seed": "23",
            "accuracy_score": 0.715,
            "average_precision_score": 0.45246771879483505,
            "balanced_accuracy_score": 0.6343582887700534,
            "cohen_kappa_score": 0.2973372781065089,
            "f1_score_macro": 0.6405939657618462,
            "f1_score_micro": 0.715,
            "f1_score_weighted": 0.6929234843469214,
            "matthews_corrcoef": 0.3153155515895217,
            "precision_score": 0.6341463414634146,
            "recall_score": 0.38235294117647056,
            "roc_auc_score": 0.6343582887700535,
            "coverage_error": -1.0,
            "label_ranking_average_precision_score": -1.0,
            "label_ranking_loss": -1.0,
            "training_time": 47.81324868000229,
            "test_time": 0.9033898590132594
        },
        {
            "seed": "29",
            "accuracy_score": 0.675,
            "average_precision_score": 0.4190547263681592,
            "balanced_accuracy_score": 0.6223207271911121,
            "cohen_kappa_score": 0.25115207373271886,
            "f1_score_macro": 0.6250468691413573,
            "f1_score_micro": 0.675,
            "f1_score_weighted": 0.670209973753281,
            "matthews_corrcoef": 0.25197278069013745,
            "precision_score": 0.5166666666666667,
            "recall_score": 0.4626865671641791,