{
    "id": 31,
    "framework": "naive",
    "results": [
        {
            "seed": "2",
            "accuracy_score": 0.715,
            "average_precision_score": 0.4045689655172414,
            "balanced_accuracy_score": 0.6001838235294117,
            "cohen_kappa_score": 0.2342826437399248,
            "f1_score_macro": 0.6007145108752758,
            "f1_score_micro": 0.715,
            "f1_score_weighted": 0.6776168960806978,
            "matthews_corrcoef": 0.2654544348117007,
            "precision_score": 0.6206896551724138,
            "recall_score": 0.28125,
            "roc_auc_score": 0.6001838235294117,
            "coverage_error": -1.0,
            "label_ranking_average_precision_score": -1.0,
            "label_ranking_loss": -1.0,
            "training_time": 290.7207599969988,
            "test_time": 0.024523215000954224
        },
        {
            "seed": "3",
            "accuracy_score": 0.745,
            "average_precision_score": 0.4334900776531493,
            "balanced_accuracy_score": 0.646361599245194,
            "cohen_kappa_score": 0.32735426008968604,
            "f1_score_macro": 0.6577066344508204,
            "f1_score_micro": 0.745,
            "f1_score_weighted": 0.7251213127957314,
            "matthews_corrcoef": 0.34354224861628185,
            "precision_score": 0.631578947368421,
            "recall_score": 0.39344262295081966,
            "roc_auc_score": 0.646361599245194,
            "coverage_error": -1.0,
            "label_ranking_average_precision_score": -1.0,
            "label_ranking_loss": -1.0,
            "training_time": 288.9139386730003,
            "test_time": 0.030914004000806017
        },
        {
            "seed": "5",
            "accuracy_score": 0.725,
            "average_precision_score": 0.39454545454545453,
            "balanced_accuracy_score": 0.65625,
            "cohen_kappa_score": 0.31421446384039897,
            "f1_score_macro": 0.6570965429096917,
            "f1_score_micro": 0.7250000000000001,
            "f1_score_weighted": 0.7242370398079739,
            "matthews_corrcoef": 0.31423889241260733,
            "precision_score": 0.509090909090909,
            "recall_score": 0.5,
            "roc_auc_score": 0.65625,
            "coverage_error": -1.0,
            "label_ranking_average_precision_score": -1.0,
            "label_ranking_loss": -1.0,
            "training_time": 110.14130776300044,
            "test_time": 0.0020863299996563
        },
        {
            "seed": "7",
            "accuracy_score": 0.8,
            "average_precision_score": 0.44024642289348176,
            "balanced_accuracy_score": 0.6916699565732334,
            "cohen_kappa_score": 0.4213800086792998,
            "f1_score_macro": 0.7086247086247086,
            "f1_score_micro": 0.8000000000000002,
            "f1_score_weighted": 0.7885780885780885,
            "matthews_corrcoef": 0.43029628654278623,
            "precision_score": 0.6486486486486487,
            "recall_score": 0.47058823529411764,
            "roc_auc_score": 0.6916699565732334,
            "coverage_error": -1.0,
            "label_ranking_average_precision_score": -1.0,
            "label_ranking_loss": -1.0,
            "training_time": 56.445361590000175,
            "test_time": 0.0016590340001130244
        }
    ]
}