{
    "id": 31,
    "framework": "gama",
    "results": [
        {
            "seed": "2",
            "accuracy_score": 0.75,
            "average_precision_score": 0.4778255208333334,
            "balanced_accuracy_score": 0.6796875,
            "cohen_kappa_score": 0.38484251968503935,
            "f1_score_macro": 0.6899801587301588,
            "f1_score_micro": 0.75,
            "f1_score_weighted": 0.7390873015873016,
            "matthews_corrcoef": 0.3925228021647892,
            "precision_score": 0.6458333333333334,
            "recall_score": 0.484375,
            "roc_auc_score": 0.6796875,
            "coverage_error": -1.0,
            "label_ranking_average_precision_score": -1.0,
            "label_ranking_loss": -1.0,
            "training_time": 269.28363630599983,
            "test_time": 0.006703177999952459
        },
        {
            "seed": "3",
            "accuracy_score": 0.75,
            "average_precision_score": 0.44529188324670127,
            "balanced_accuracy_score": 0.6591579195659866,
            "cohen_kappa_score": 0.3505650084426548,
            "f1_score_macro": 0.6710093433346493,
            "f1_score_micro": 0.75,
            "f1_score_weighted": 0.7338794578233978,
            "matthews_corrcoef": 0.3630279610142596,
            "precision_score": 0.6341463414634146,
            "recall_score": 0.4262295081967213,
            "roc_auc_score": 0.6591579195659866,
            "coverage_error": -1.0,
            "label_ranking_average_precision_score": -1.0,
            "label_ranking_loss": -1.0,
            "training_time": 269.31809742300015,
            "test_time": 0.0020885400001589005
        },
        {
            "seed": "5",
            "accuracy_score": 0.73,
            "average_precision_score": 0.387514880952381,
            "balanced_accuracy_score": 0.6433531746031746,
            "cohen_kappa_score": 0.299792531120332,
            "f1_score_macro": 0.6491683991683992,
            "f1_score_micro": 0.7299999999999999,
            "f1_score_weighted": 0.7232640332640333,
            "matthews_corrcoef": 0.301418675789559,
            "precision_score": 0.5208333333333334,
            "recall_score": 0.44642857142857145,
            "roc_auc_score": 0.6433531746031746,
            "coverage_error": -1.0,
            "label_ranking_average_precision_score": -1.0,
            "label_ranking_loss": -1.0,
            "training_time": 269.2427007000001,
            "test_time": 0.008686809000209905
        },
        {
            "seed": "7",
            "accuracy_score": 0.835,
            "average_precision_score": 0.5222549019607843,
            "balanced_accuracy_score": 0.7474009738123437,
            "cohen_kappa_score": 0.5325779036827195,
            "f1_score_macro": 0.7652832604288915,
            "f1_score_micro": 0.835,
            "f1_score_weighted": 0.8279643657313559,
            "matthews_corrcoef": 0.5391624469763301,
            "precision_score": 0.725,
            "recall_score": 0.5686274509803921,
            "roc_auc_score": 0.7474009738123437,
            "coverage_error": -1.0,
            "label_ranking_average_precision_score": -1.0,
            "label_ranking_loss": -1.0,
            "training_time": 269.57908460299996,
            "test_time": 0.007803959999819199
        },
        {
            "seed": "11",
            "accuracy_score": 0.735,
            "average_precision_score": 0.44324324324324327,
            "balanced_accuracy_score": 0.6397058823529411,
            "cohen_kappa_score": 0.3145369891360579,
            "f1_score_macro": 0.6489949998344317,
            "f1_score_micro": 0.735,
            "f1_score_weighted": 0.711544090863936,
            "matthews_corrcoef": 0.33566763229525476,
            "precision_score": 0.6486486486486487,
            "recall_score": 0.375,
            "roc_auc_score": 0.6397058823529412,
            "coverage_error": -1.0,
            "label_ranking_average_precision_score": -1.0,
            "label_ranking_loss": -1.0,
            "training_time": 269.2242224060001,
            "test_time": 0.006943487000171444
        },
        {
            "seed": "13",
            "accuracy_score": 0.755,
            "average_precision_score": 0.4246419098143236,
            "balanced_accuracy_score": 0.6540796503156873,
            "cohen_kappa_score": 0.34122075826835163,
            "f1_score_macro": 0.6665645946037904,
            "f1_score_micro": 0.755,
            "f1_score_weighted": 0.7386866727909904,
            "matthews_corrcoef": 0.35292970023538445,
            "precision_score": 0.6153846153846154,
            "recall_score": 0.41379310344827586,
            "roc_auc_score": 0.6540796503156872,
            "coverage_error": -1.0,
            "label_ranking_average_precision_score": -1.0,
            "label_ranking_loss": -1.0,
            "training_time": 269.326867108,
            "test_time": 0.005979685000056634
        },
        {
            "seed": "17",
            "accuracy_score": 0.76,
            "average_precision_score": 0.4532816444284169,
            "balanced_accuracy_score": 0.6819329246303643,
            "cohen_kappa_score": 0.3867382138750479,
            "f1_score_macro": 0.6919522525991528,
            "f1_score_micro": 0.76,
            "f1_score_weighted": 0.751313053523296,
            "matthews_corrcoef": 0.3913652077885379,
            "precision_score": 0.6170212765957447,
            "recall_score": 0.4915254237288136,
            "roc_auc_score": 0.6819329246303643,
            "coverage_error": -1.0,
            "label_ranking_average_precision_score": -1.0,
            "label_ranking_loss": -1.0,
            "training_time": 269.3255106920001,
            "test_time": 0.00595005700006368
        },
        {
            "seed": "19",
            "accuracy_score": 0.745,
            "average_precision_score": 0.35920335429769396,
            "balanced_accuracy_score": 0.6214221537671673,
            "cohen_kappa_score": 0.27059496567505725,
            "f1_score_macro": 0.6314895769355829,
            "f1_score_micro": 0.745,
            "f1_score_weighted": 0.727615520791936,
            "matthews_corrcoef": 0.2789660515228744,
            "precision_score": 0.5277777777777778,
            "recall_score": 0.3584905660377358,
            "roc_auc_score": 0.6214221537671671,
            "coverage_error": -1.0,
            "label_ranking_average_precision_score": -1.0,
            "label_ranking_loss": -1.0,
            "training_time": 269.22901688499996,
            "test_time": 0.006668876999810891
        },
        {
            "seed": "23",
            "accuracy_score": 0.77,
            "average_precision_score": 0.5391003460207613,
            "balanced_accuracy_score": 0.6831550802139037,
            "cohen_kappa_score": 0.4168356997971602,
            "f1_score_macro": 0.6973285958678773,
            "f1_score_micro": 0.7699999999999999,
            "f1_score_weighted": 0.7447874720357942,
            "matthews_corrcoef": 0.4619520347435719,
            "precision_score": 0.8235294117647058,
            "recall_score": 0.4117647058823529,
            "roc_auc_score": 0.6831550802139037,
            "coverage_error": -1.0,
            "label_ranking_average_precision_score": -1.0,
            "label_ranking_loss": -1.0,
            "training_time": 269.2696935040003,
            "test_time": 0.005527077999886387
        },
        {
            "seed": "31",
            "accuracy_score": 0.77,
            "average_precision_score": 0.5117554240631165,
            "balanced_accuracy_score": 0.6860398860398861,
            "cohen_kappa_score": 0.4151303242212333,
            "f1_score_macro": 0.7011434511434511,
            "f1_score_micro": 0.7699999999999999,
            "f1_score_weighted": 0.7513513513513513,
            "matthews_corrcoef": 0.43985991049071177,
            "precision_score": 0.7435897435897436,
            "recall_score": 0.4461538461538462,