{
    "id": 31,
    "framework": "flaml",
    "results": [
        {
            "seed": "2",
            "accuracy_score": 0.7,
            "average_precision_score": 0.42111607142857144,
            "balanced_accuracy_score": 0.6387867647058824,
            "cohen_kappa_score": 0.28707224334600756,
            "f1_score_macro": 0.6428571428571429,
            "f1_score_micro": 0.7,
            "f1_score_weighted": 0.6942857142857144,
            "matthews_corrcoef": 0.28837806885679146,
            "precision_score": 0.5357142857142857,
            "recall_score": 0.46875,
            "roc_auc_score": 0.6387867647058824,
            "coverage_error": -1.0,
            "label_ranking_average_precision_score": -1.0,
            "label_ranking_loss": -1.0,
            "training_time": 300.00484634999884,
            "test_time": 0.005726728995796293
        },
        {
            "seed": "3",
            "accuracy_score": 0.76,
            "average_precision_score": 0.47956035767511174,
            "balanced_accuracy_score": 0.7031489562448402,
            "cohen_kappa_score": 0.41782898726500917,
            "f1_score_macro": 0.708596406022341,
            "f1_score_micro": 0.76,
            "f1_score_weighted": 0.7563283147158816,
            "matthews_corrcoef": 0.41893974376537785,
            "precision_score": 0.6181818181818182,
            "recall_score": 0.5573770491803278,
            "roc_auc_score": 0.7031489562448403,
            "coverage_error": -1.0,
            "label_ranking_average_precision_score": -1.0,
            "label_ranking_loss": -1.0,
            "training_time": 300.0682754110021,
            "test_time": 0.005985637981211767
        },
        {
            "seed": "5",
            "accuracy_score": 0.725,
            "average_precision_score": 0.3749206349206349,
            "balanced_accuracy_score": 0.628968253968254,
            "cohen_kappa_score": 0.27440633245382584,
            "f1_score_macro": 0.6357495281300705,
            "f1_score_micro": 0.7250000000000001,
            "f1_score_weighted": 0.7150832809033412,
            "matthews_corrcoef": 0.2773422084260067,
            "precision_score": 0.5111111111111111,
            "recall_score": 0.4107142857142857,
            "roc_auc_score": 0.6289682539682538,
            "coverage_error": -1.0,
            "label_ranking_average_precision_score": -1.0,
            "label_ranking_loss": -1.0,
            "training_time": 300.0770177950035,
            "test_time": 0.011540968989720568
        },
        {
            "seed": "7",
            "accuracy_score": 0.785,
            "average_precision_score": 0.4627777777777778,
            "balanced_accuracy_score": 0.7460850111856823,
            "cohen_kappa_score": 0.4651741293532339,
            "f1_score_macro": 0.7319118426384863,
            "f1_score_micro": 0.785,
            "f1_score_weighted": 0.7903684653511643,
            "matthews_corrcoef": 0.4681162711270749,
            "precision_score": 0.5666666666666667,
            "recall_score": 0.6666666666666666,
            "roc_auc_score": 0.7460850111856823,
            "coverage_error": -1.0,
            "label_ranking_average_precision_score": -1.0,
            "label_ranking_loss": -1.0,
            "training_time": 300.01343554700725,
            "test_time": 0.021816236985614523
        },
        {
            "seed": "11",
            "accuracy_score": 0.735,
            "average_precision_score": 0.4569897959183674,
            "balanced_accuracy_score": 0.6645220588235294,
            "cohen_kappa_score": 0.35080842724154826,
            "f1_score_macro": 0.6731522308901976,
            "f1_score_micro": 0.735,
            "f1_score_weighted": 0.7243365915327926,
            "matthews_corrcoef": 0.3568839843133665,
            "precision_score": 0.6122448979591837,
            "recall_score": 0.46875,
            "roc_auc_score": 0.6645220588235294,
            "coverage_error": -1.0,
            "label_ranking_average_precision_score": -1.0,
            "label_ranking_loss": -1.0,
            "training_time": 300.04121601601946,
            "test_time": 0.00669055400067009
        },
        {
            "seed": "13",
            "accuracy_score": 0.76,
            "average_precision_score": 0.45363395225464187,
            "balanced_accuracy_score": 0.6932977173385138,
            "cohen_kappa_score": 0.3987975951903808,
            "f1_score_macro": 0.6990595611285266,
            "f1_score_micro": 0.76,
            "f1_score_weighted": 0.7559373040752351,
            "matthews_corrcoef": 0.3999285058267594,
            "precision_score": 0.5961538461538461,
            "recall_score": 0.5344827586206896,
            "roc_auc_score": 0.6932977173385138,
            "coverage_error": -1.0,
            "label_ranking_average_precision_score": -1.0,
            "label_ranking_loss": -1.0,
            "training_time": 300.05724367900984,
            "test_time": 0.006168026011437178
        },
        {
            "seed": "17",
            "accuracy_score": 0.74,
            "average_precision_score": 0.41635396137169883,
            "balanced_accuracy_score": 0.6480346195456185,
            "cohen_kappa_score": 0.32141458958632385,
            "f1_score_macro": 0.6578497170680353,
            "f1_score_micro": 0.74,
            "f1_score_weighted": 0.7265877089090671,
            "matthews_corrcoef": 0.3286584446815752,
            "precision_score": 0.5813953488372093,
            "recall_score": 0.423728813559322,
            "roc_auc_score": 0.6480346195456185,
            "coverage_error": -1.0,
            "label_ranking_average_precision_score": -1.0,
            "label_ranking_loss": -1.0,
            "training_time": 300.45939456799533,
            "test_time": 0.006565892021171749
        },
        {
            "seed": "19",
            "accuracy_score": 0.735,
            "average_precision_score": 0.36698113207547167,
            "balanced_accuracy_score": 0.638749839558465,
            "cohen_kappa_score": 0.2897346555883141,
            "f1_score_macro": 0.6442833652135977,
            "f1_score_micro": 0.735,
            "f1_score_weighted": 0.7287127084801504,
            "matthews_corrcoef": 0.2910179728293638,
            "precision_score": 0.5,
            "recall_score": 0.4339622641509434,
            "roc_auc_score": 0.638749839558465,
            "coverage_error": -1.0,
            "label_ranking_average_precision_score": -1.0,
            "label_ranking_loss": -1.0,
            "training_time": 300.47481207500095,
            "test_time": 0.010540515999309719
        },
        {
            "seed": "23",
            "accuracy_score": 0.72,
            "average_precision_score": 0.4638618925831202,
            "balanced_accuracy_score": 0.6488413547237076,
            "cohen_kappa_score": 0.3230174081237911,
            "f1_score_macro": 0.6564838670101828,
            "f1_score_micro": 0.72,
            "f1_score_weighted": 0.7037516869095817,
            "matthews_corrcoef": 0.3350855928738123,
            "precision_score": 0.6304347826086957,
            "recall_score": 0.4264705882352941,
            "roc_auc_score": 0.6488413547237077,
            "coverage_error": -1.0,
            "label_ranking_average_precision_score": -1.0,
            "label_ranking_loss": -1.0,
            "training_time": 300.0574186469894,
            "test_time": 0.012647811992792413
        },
        {
            "seed": "29",
            "accuracy_score": 0.745,
            "average_precision_score": 0.5004157782515992,
            "balanced_accuracy_score": 0.6934687464930984,
            "cohen_kappa_score": 0.40336920917173613,
            "f1_score_macro": 0.7006251650964164,
            "f1_score_micro": 0.745,
            "f1_score_weighted": 0.7386607378709167,
            "matthews_corrcoef": 0.4067511371544514,
            "precision_score": 0.6428571428571429,
            "recall_score": 0.5373134328358209,