{
    "id": 31,
    "framework": "fedot",
    "results": [
        {
            "seed": "2",
            "accuracy_score": 0.73,
            "average_precision_score": 0.44148809523809524,
            "balanced_accuracy_score": 0.6443014705882353,
            "cohen_kappa_score": 0.31749241658240646,
            "f1_score_macro": 0.6534462841740469,
            "f1_score_micro": 0.7299999999999999,
            "f1_score_weighted": 0.7120831728917981,
            "matthews_corrcoef": 0.33052704826019835,
            "precision_score": 0.6190476190476191,
            "recall_score": 0.40625,
            "roc_auc_score": 0.6443014705882353,
            "coverage_error": -1.0,
            "label_ranking_average_precision_score": -1.0,
            "label_ranking_loss": -1.0,
            "training_time": 301.7199373570038,
            "test_time": 0.03279154800111428
        },
        {
            "seed": "3",
            "accuracy_score": 0.72,
            "average_precision_score": 0.40151539384246304,
            "balanced_accuracy_score": 0.6237763887250856,
            "cohen_kappa_score": 0.2726328094557734,
            "f1_score_macro": 0.6315304645348072,
            "f1_score_micro": 0.72,
            "f1_score_weighted": 0.7019449927622056,
            "matthews_corrcoef": 0.2823251908740018,
            "precision_score": 0.5609756097560976,
            "recall_score": 0.3770491803278688,
            "roc_auc_score": 0.6237763887250856,
            "coverage_error": -1.0,
            "label_ranking_average_precision_score": -1.0,
            "label_ranking_loss": -1.0,
            "training_time": 299.54200712998863,
            "test_time": 0.03352244998677634
        },
        {
            "seed": "5",
            "accuracy_score": 0.745,
            "average_precision_score": 0.39161172161172164,
            "balanced_accuracy_score": 0.6374007936507936,
            "cohen_kappa_score": 0.30289775833788957,
            "f1_score_macro": 0.6479723899913719,
            "f1_score_micro": 0.745,
            "f1_score_weighted": 0.729290767903365,
            "matthews_corrcoef": 0.3114219752571865,
            "precision_score": 0.5641025641025641,
            "recall_score": 0.39285714285714285,
            "roc_auc_score": 0.6374007936507935,
            "coverage_error": -1.0,
            "label_ranking_average_precision_score": -1.0,
            "label_ranking_loss": -1.0,
            "training_time": 301.2227826740127,
            "test_time": 0.03079016099218279
        },
        {
            "seed": "7",
            "accuracy_score": 0.82,
            "average_precision_score": 0.4772459893048128,
            "balanced_accuracy_score": 0.7050927753651797,
            "cohen_kappa_score": 0.46404644930772665,
            "f1_score_macro": 0.72875226039783,
            "f1_score_micro": 0.82,
            "f1_score_weighted": 0.8058408679927667,
            "matthews_corrcoef": 0.4816630978162588,
            "precision_score": 0.7272727272727273,
            "recall_score": 0.47058823529411764,
            "roc_auc_score": 0.7050927753651797,
            "coverage_error": -1.0,
            "label_ranking_average_precision_score": -1.0,
            "label_ranking_loss": -1.0,
            "training_time": 300.808113749983,
            "test_time": 0.03241651298594661
        },
        {
            "seed": "11",
            "accuracy_score": 0.715,
            "average_precision_score": 0.39111111111111113,
            "balanced_accuracy_score": 0.5588235294117647,
            "cohen_kappa_score": 0.1522903033908387,
            "f1_score_macro": 0.5224330777931381,
            "f1_score_micro": 0.715,
            "f1_score_weighted": 0.6316048762096267,
            "matthews_corrcoef": 0.26472964491242584,
            "precision_score": 0.8888888888888888,
            "recall_score": 0.125,
            "roc_auc_score": 0.5588235294117647,
            "coverage_error": -1.0,
            "label_ranking_average_precision_score": -1.0,
            "label_ranking_loss": -1.0,
            "training_time": 301.38376279798103,
            "test_time": 0.031183662998955697
        },
        {
            "seed": "13",
            "accuracy_score": 0.745,
            "average_precision_score": 0.45376657824933686,
            "balanced_accuracy_score": 0.7082321515298688,
            "cohen_kappa_score": 0.4021101992966002,
            "f1_score_macro": 0.7006251650964164,
            "f1_score_micro": 0.745,
            "f1_score_weighted": 0.7490340759003259,
            "matthews_corrcoef": 0.4034710592705932,
            "precision_score": 0.5538461538461539,
            "recall_score": 0.6206896551724138,
            "roc_auc_score": 0.7082321515298688,
            "coverage_error": -1.0,
            "label_ranking_average_precision_score": -1.0,
            "label_ranking_loss": -1.0,
            "training_time": 301.99107233501854,
            "test_time": 0.043659648013999686
        },
        {
            "seed": "17",
            "accuracy_score": 0.74,
            "average_precision_score": 0.43281579788935076,
            "balanced_accuracy_score": 0.67267700444765,
            "cohen_kappa_score": 0.355877616747182,
            "f1_score_macro": 0.6775793650793651,
            "f1_score_micro": 0.74,
            "f1_score_weighted": 0.7357440476190475,
            "matthews_corrcoef": 0.35686459376372104,
            "precision_score": 0.5660377358490566,
            "recall_score": 0.5084745762711864,
            "roc_auc_score": 0.67267700444765,
            "coverage_error": -1.0,
            "label_ranking_average_precision_score": -1.0,
            "label_ranking_loss": -1.0,
            "training_time": 300.787006464001,
            "test_time": 0.04932913099764846
        },
        {
            "seed": "19",
            "accuracy_score": 0.745,
            "average_precision_score": 0.3460062893081761,
            "balanced_accuracy_score": 0.6033243486073675,
            "cohen_kappa_score": 0.23994038748137103,
            "f1_score_macro": 0.6123294439588005,
            "f1_score_micro": 0.745,
            "f1_score_weighted": 0.7189194633423283,
            "matthews_corrcoef": 0.2554136984502283,
            "precision_score": 0.5333333333333333,
            "recall_score": 0.3018867924528302,
            "roc_auc_score": 0.6033243486073675,
            "coverage_error": -1.0,
            "label_ranking_average_precision_score": -1.0,
            "label_ranking_loss": -1.0,
            "training_time": 300.7901273139869,
            "test_time": 0.030037686985451728
        },
        {
            "seed": "23",
            "accuracy_score": 0.75,
            "average_precision_score": 0.5023529411764707,
            "balanced_accuracy_score": 0.6537433155080214,
            "cohen_kappa_score": 0.35567010309278346,
            "f1_score_macro": 0.6621165022300312,
            "f1_score_micro": 0.75,
            "f1_score_weighted": 0.71725908906609,
            "matthews_corrcoef": 0.40792711325226844,
            "precision_score": 0.8,
            "recall_score": 0.35294117647058826,
            "roc_auc_score": 0.6537433155080214,
            "coverage_error": -1.0,
            "label_ranking_average_precision_score": -1.0,
            "label_ranking_loss": -1.0,
            "training_time": 299.76508946399554,
            "test_time": 0.04943793700658716
        },
        {
            "seed": "29",
            "accuracy_score": 0.74,
            "average_precision_score": 0.48388059701492536,
            "balanced_accuracy_score": 0.6119402985074627,
            "cohen_kappa_score": 0.2772758860319666,
            "f1_score_macro": 0.6011658229789845,
            "f1_score_micro": 0.74,
            "f1_score_weighted": 0.6788188372449763,
            "matthews_corrcoef": 0.40118823109968255,
            "precision_score": 1.0,
            "recall_score": 0.22388059701492538,