{
    "id": 31,
    "framework": "h2o",
    "results": [
        {
            "seed": "2",
            "accuracy_score": 0.685,
            "average_precision_score": 0.4477011494252874,
            "balanced_accuracy_score": 0.6856617647058824,
            "cohen_kappa_score": 0.3390684011749895,
            "f1_score_macro": 0.6648847043804358,
            "f1_score_micro": 0.685,
            "f1_score_weighted": 0.6944418734540813,
            "matthews_corrcoef": 0.34939208537317246,
            "precision_score": 0.5057471264367817,
            "recall_score": 0.6875,
            "roc_auc_score": 0.6856617647058824,
            "coverage_error": -1.0,
            "label_ranking_average_precision_score": -1.0,
            "label_ranking_loss": -1.0,
            "training_time": 300.7671382818371,
            "test_time": 0.076563467271626
        },
        {
            "seed": "3",
            "accuracy_score": 0.725,
            "average_precision_score": 0.44065838180856687,
            "balanced_accuracy_score": 0.6779691001297323,
            "cohen_kappa_score": 0.3543085231274947,
            "f1_score_macro": 0.6771447858882922,
            "f1_score_micro": 0.7250000000000001,
            "f1_score_weighted": 0.7256214962871651,
            "matthews_corrcoef": 0.35433294175373936,
            "precision_score": 0.5483870967741935,
            "recall_score": 0.5573770491803278,
            "roc_auc_score": 0.6779691001297323,
            "coverage_error": -1.0,
            "label_ranking_average_precision_score": -1.0,
            "label_ranking_loss": -1.0,
            "training_time": 301.2050633672625,
            "test_time": 0.07160459738224745
        },
        {
            "seed": "5",
            "accuracy_score": 0.7,
            "average_precision_score": 0.37333333333333335,
            "balanced_accuracy_score": 0.6388888888888888,
            "cohen_kappa_score": 0.27184466019417486,
            "f1_score_macro": 0.6357455075279261,
            "f1_score_micro": 0.7,
            "f1_score_weighted": 0.7030597377367654,
            "matthews_corrcoef": 0.2721655269759087,
            "precision_score": 0.4666666666666667,
            "recall_score": 0.5,
            "roc_auc_score": 0.638888888888889,
            "coverage_error": -1.0,
            "label_ranking_average_precision_score": -1.0,
            "label_ranking_loss": -1.0,
            "training_time": 300.7811569282785,
            "test_time": 0.07047074474394321
        },
        {
            "seed": "7",
            "accuracy_score": 0.795,
            "average_precision_score": 0.4939958407605467,
            "balanced_accuracy_score": 0.778589288064219,
            "cohen_kappa_score": 0.5080393568514519,
            "f1_score_macro": 0.7523481622421553,
            "f1_score_micro": 0.795,
            "f1_score_weighted": 0.802708163450213,
            "matthews_corrcoef": 0.5164737633928346,
            "precision_score": 0.5757575757575758,
            "recall_score": 0.7450980392156863,
            "roc_auc_score": 0.778589288064219,
            "coverage_error": -1.0,
            "label_ranking_average_precision_score": -1.0,
            "label_ranking_loss": -1.0,
            "training_time": 300.90488014090806,
            "test_time": 0.06983315106481314
        },
        {
            "seed": "11",
            "accuracy_score": 0.695,
            "average_precision_score": 0.4334782608695652,
            "balanced_accuracy_score": 0.6599264705882353,
            "cohen_kappa_score": 0.31337235479513736,
            "f1_score_macro": 0.6564444819914954,
            "f1_score_micro": 0.695,
            "f1_score_weighted": 0.6978772774633211,
            "matthews_corrcoef": 0.3138698476308776,
            "precision_score": 0.5217391304347826,
            "recall_score": 0.5625,
            "roc_auc_score": 0.6599264705882353,
            "coverage_error": -1.0,
            "label_ranking_average_precision_score": -1.0,
            "label_ranking_loss": -1.0,
            "training_time": 300.66166801098734,
            "test_time": 0.07256849389523268
        },
        {
            "seed": "13",
            "accuracy_score": 0.725,
            "average_precision_score": 0.437442933462846,
            "balanced_accuracy_score": 0.6992472073822245,
            "cohen_kappa_score": 0.3737189706217262,
            "f1_score_macro": 0.685345690666209,
            "f1_score_micro": 0.7250000000000001,
            "f1_score_weighted": 0.7322606481878773,
            "matthews_corrcoef": 0.3778821505045369,
            "precision_score": 0.5211267605633803,
            "recall_score": 0.6379310344827587,
            "roc_auc_score": 0.6992472073822243,
            "coverage_error": -1.0,
            "label_ranking_average_precision_score": -1.0,
            "label_ranking_loss": -1.0,
            "training_time": 301.10533759277314,
            "test_time": 0.07018445897847414
        },
        {
            "seed": "17",
            "accuracy_score": 0.77,
            "average_precision_score": 0.46402640914465904,
            "balanced_accuracy_score": 0.6840966462315182,
            "cohen_kappa_score": 0.3997129061725172,
            "f1_score_macro": 0.6973285958678773,
            "f1_score_micro": 0.7699999999999999,
            "f1_score_weighted": 0.7581352809580207,
            "matthews_corrcoef": 0.40872140319109407,
            "precision_score": 0.6511627906976745,
            "recall_score": 0.4745762711864407,
            "roc_auc_score": 0.6840966462315182,
            "coverage_error": -1.0,
            "label_ranking_average_precision_score": -1.0,
            "label_ranking_loss": -1.0,
            "training_time": 300.9285265924409,
            "test_time": 0.07290399167686701
        },
        {
            "seed": "19",
            "accuracy_score": 0.715,
            "average_precision_score": 0.3627628032345014,
            "balanced_accuracy_score": 0.643242202541394,
            "cohen_kappa_score": 0.2813918305597579,
            "f1_score_macro": 0.6405939657618461,
            "f1_score_micro": 0.715,
            "f1_score_weighted": 0.7174529461836753,
            "matthews_corrcoef": 0.28159330725810466,
            "precision_score": 0.4642857142857143,
            "recall_score": 0.49056603773584906,
            "roc_auc_score": 0.6432422025413939,
            "coverage_error": -1.0,
            "label_ranking_average_precision_score": -1.0,
            "label_ranking_loss": -1.0,
            "training_time": 300.83107415400445,
            "test_time": 0.07665804401040077
        },
        {
            "seed": "23",
            "accuracy_score": 0.755,
            "average_precision_score": 0.5257280617164899,
            "balanced_accuracy_score": 0.714572192513369,
            "cohen_kappa_score": 0.4401279707495429,
            "f1_score_macro": 0.7196716153208044,
            "f1_score_micro": 0.755,
            "f1_score_weighted": 0.751516919820361,
            "matthews_corrcoef": 0.441542527029114,
            "precision_score": 0.6557377049180327,
            "recall_score": 0.5882352941176471,
            "roc_auc_score": 0.714572192513369,
            "coverage_error": -1.0,
            "label_ranking_average_precision_score": -1.0,
            "label_ranking_loss": -1.0,
            "training_time": 300.99757708236575,
            "test_time": 0.069326838478446
        },
        {
            "seed": "29",
            "accuracy_score": 0.755,
            "average_precision_score": 0.5132089552238805,
            "balanced_accuracy_score": 0.7009875434855797,
            "cohen_kappa_score": 0.422306059891535,
            "f1_score_macro": 0.7097070410853401,
            "f1_score_micro": 0.755,
            "f1_score_weighted": 0.747546728279866,
            "matthews_corrcoef": 0.4273552581673046,
            "precision_score": 0.6666666666666666,
            "recall_score": 0.5373134328358209,