{
    "id": 31,
    "framework": "autopytorch",
    "results": [
        {
            "seed": "2",
            "accuracy_score": 0.7,
            "average_precision_score": 0.43779411764705883,
            "balanced_accuracy_score": 0.6636029411764706,
            "cohen_kappa_score": 0.3218806509945751,
            "f1_score_macro": 0.66078697421981,
            "f1_score_micro": 0.7,
            "f1_score_weighted": 0.7023066485753052,
            "matthews_corrcoef": 0.32221007932825335,
            "precision_score": 0.5294117647058824,
            "recall_score": 0.5625,
            "roc_auc_score": 0.6636029411764706,
            "coverage_error": -1.0,
            "label_ranking_average_precision_score": -1.0,
            "label_ranking_loss": -1.0,
            "training_time": 315.8378221625462,
            "test_time": 0.6183701306581497
        },
        {
            "seed": "3",
            "accuracy_score": 0.74,
            "average_precision_score": 0.4384565748168817,
            "balanced_accuracy_score": 0.6611628729803043,
            "cohen_kappa_score": 0.344510273540905,
            "f1_score_macro": 0.6702181633688483,
            "f1_score_micro": 0.74,
            "f1_score_weighted": 0.729381024860477,
            "matthews_corrcoef": 0.35000372759807385,
            "precision_score": 0.5957446808510638,
            "recall_score": 0.45901639344262296,
            "roc_auc_score": 0.6611628729803043,
            "coverage_error": -1.0,
            "label_ranking_average_precision_score": -1.0,
            "label_ranking_loss": -1.0,
            "training_time": 310.66683852206916,
            "test_time": 0.2160130450502038
        },
        {
            "seed": "5",
            "accuracy_score": 0.71,
            "average_precision_score": 0.38137931034482764,
            "balanced_accuracy_score": 0.6458333333333333,
            "cohen_kappa_score": 0.2885181550539745,
            "f1_score_macro": 0.6442154336891178,
            "f1_score_micro": 0.7100000000000001,
            "f1_score_weighted": 0.7115298736351366,
            "matthews_corrcoef": 0.28860502527147297,
            "precision_score": 0.4827586206896552,
            "recall_score": 0.5,
            "roc_auc_score": 0.6458333333333334,
            "coverage_error": -1.0,
            "label_ranking_average_precision_score": -1.0,
            "label_ranking_loss": -1.0,
            "training_time": 317.0233023222536,
            "test_time": 0.798744541592896
        },
        {
            "seed": "7",
            "accuracy_score": 0.815,
            "average_precision_score": 0.47381320949432404,
            "balanced_accuracy_score": 0.7146335044084748,
            "cohen_kappa_score": 0.46854352197644356,
            "f1_score_macro": 0.7326493009140504,
            "f1_score_micro": 0.815,
            "f1_score_weighted": 0.8053553235304745,
            "matthews_corrcoef": 0.4769319629303555,
            "precision_score": 0.6842105263157895,
            "recall_score": 0.5098039215686274,
            "roc_auc_score": 0.7146335044084748,
            "coverage_error": -1.0,
            "label_ranking_average_precision_score": -1.0,
            "label_ranking_loss": -1.0,
            "training_time": 331.5704921884462,
            "test_time": 0.6959459101781249
        },
        {
            "seed": "11",
            "accuracy_score": 0.685,
            "average_precision_score": 0.39429846938775515,
            "balanced_accuracy_score": 0.6070772058823529,
            "cohen_kappa_score": 0.22831945124938757,
            "f1_score_macro": 0.6114828404921218,
            "f1_score_micro": 0.685,
            "f1_score_weighted": 0.6723246276710555,
            "matthews_corrcoef": 0.23227365459501226,
            "precision_score": 0.5102040816326531,
            "recall_score": 0.390625,
            "roc_auc_score": 0.6070772058823529,
            "coverage_error": -1.0,
            "label_ranking_average_precision_score": -1.0,
            "label_ranking_loss": -1.0,
            "training_time": 313.8109715785831,
            "test_time": 0.3378675598651171
        },
        {
            "seed": "13",
            "accuracy_score": 0.755,
            "average_precision_score": 0.44762199089134674,
            "balanced_accuracy_score": 0.6897765905779505,
            "cohen_kappa_score": 0.3894841764266136,
            "f1_score_macro": 0.6945041927740889,
            "f1_score_micro": 0.755,
            "f1_score_weighted": 0.7516013591446117,
            "matthews_corrcoef": 0.390242174133263,
            "precision_score": 0.5849056603773585,
            "recall_score": 0.5344827586206896,
            "roc_auc_score": 0.6897765905779504,
            "coverage_error": -1.0,
            "label_ranking_average_precision_score": -1.0,
            "label_ranking_loss": -1.0,
            "training_time": 319.2073361687362,
            "test_time": 0.2805101117119193
        },
        {
            "seed": "17",
            "accuracy_score": 0.75,
            "average_precision_score": 0.4345762711864407,
            "balanced_accuracy_score": 0.6649837720879914,
            "cohen_kappa_score": 0.35442220787604906,
            "f1_score_macro": 0.6751559251559253,
            "f1_score_micro": 0.75,
            "f1_score_weighted": 0.7390852390852394,
            "matthews_corrcoef": 0.3603584254665646,
            "precision_score": 0.6,
            "recall_score": 0.4576271186440678,
            "roc_auc_score": 0.6649837720879914,
            "coverage_error": -1.0,
            "label_ranking_average_precision_score": -1.0,
            "label_ranking_loss": -1.0,
            "training_time": 319.6735394028947,
            "test_time": 0.4237959887832403
        },
        {
            "seed": "19",
            "accuracy_score": 0.725,
            "average_precision_score": 0.36677793904209,
            "balanced_accuracy_score": 0.6440123219098961,
            "cohen_kappa_score": 0.2897727272727273,
            "f1_score_macro": 0.6448748991121873,
            "f1_score_micro": 0.7250000000000001,
            "f1_score_weighted": 0.7241565778853915,
            "matthews_corrcoef": 0.2897968902887877,
            "precision_score": 0.4807692307692308,
            "recall_score": 0.4716981132075472,
            "roc_auc_score": 0.6440123219098961,
            "coverage_error": -1.0,
            "label_ranking_average_precision_score": -1.0,
            "label_ranking_loss": -1.0,
            "training_time": 328.3955146530643,
            "test_time": 0.5499075865373015
        },
        {
            "seed": "23",
            "accuracy_score": 0.75,
            "average_precision_score": 0.5177941176470588,
            "balanced_accuracy_score": 0.7072192513368984,
            "cohen_kappa_score": 0.42660550458715596,
            "f1_score_macro": 0.7127757352941176,
            "f1_score_micro": 0.75,
            "f1_score_weighted": 0.7458639705882354,
            "matthews_corrcoef": 0.42841224443765613,
            "precision_score": 0.65,
            "recall_score": 0.5735294117647058,
            "roc_auc_score": 0.7072192513368984,
            "coverage_error": -1.0,
            "label_ranking_average_precision_score": -1.0,
            "label_ranking_loss": -1.0,
            "training_time": 316.7453437894583,
            "test_time": 0.5903789782896638
        },
        {
            "seed": "29",
            "accuracy_score": 0.735,
            "average_precision_score": 0.49471082089552243,
            "balanced_accuracy_score": 0.6970598137133879,
            "cohen_kappa_score": 0.39854743531547887,
            "f1_score_macro": 0.6991969125117057,
            "f1_score_micro": 0.735,
            "f1_score_weighted": 0.733443344022248,
            "matthews_corrcoef": 0.3987785998875405,
            "precision_score": 0.609375,
            "recall_score": 0.582089552238806,
            "roc_auc_score": 0.6970598137133879,