{
    "id": 31,
    "framework": "pycaret",
    "results": [
        {
            "seed": "2",
            "accuracy_score": 0.745,
            "average_precision_score": 0.47604952830188674,
            "balanced_accuracy_score": 0.6842830882352942,
            "cohen_kappa_score": 0.38613384689455943,
            "f1_score_macro": 0.6919452749841442,
            "f1_score_micro": 0.745,
            "f1_score_weighted": 0.737968650901513,
            "matthews_corrcoef": 0.3895635513083543,
            "precision_score": 0.6226415094339622,
            "recall_score": 0.515625,
            "roc_auc_score": 0.6842830882352942,
            "coverage_error": -1.0,
            "label_ranking_average_precision_score": -1.0,
            "label_ranking_loss": -1.0,
            "training_time": 8.072811941616237,
            "test_time": 0.09855400305241346
        },
        {
            "seed": "3",
            "accuracy_score": 0.76,
            "average_precision_score": 0.45915300546448085,
            "balanced_accuracy_score": 0.6663521641703031,
            "cohen_kappa_score": 0.37016139614223853,
            "f1_score_macro": 0.68,
            "f1_score_micro": 0.76,
            "f1_score_weighted": 0.7424000000000001,
            "matthews_corrcoef": 0.38662107762028747,
            "precision_score": 0.6666666666666666,
            "recall_score": 0.4262295081967213,
            "roc_auc_score": 0.6663521641703032,
            "coverage_error": -1.0,
            "label_ranking_average_precision_score": -1.0,
            "label_ranking_loss": -1.0,
            "training_time": 8.094607634469867,
            "test_time": 0.09643386024981737
        },
        {
            "seed": "5",
            "accuracy_score": 0.725,
            "average_precision_score": 0.37884498480243156,
            "balanced_accuracy_score": 0.6344246031746031,
            "cohen_kappa_score": 0.2827334376630152,
            "f1_score_macro": 0.6404171161452714,
            "f1_score_micro": 0.7250000000000001,
            "f1_score_weighted": 0.7171521035598706,
            "matthews_corrcoef": 0.28470124999257396,
            "precision_score": 0.5106382978723404,
            "recall_score": 0.42857142857142855,
            "roc_auc_score": 0.6344246031746031,
            "coverage_error": -1.0,
            "label_ranking_average_precision_score": -1.0,
            "label_ranking_loss": -1.0,
            "training_time": 8.190990042872727,
            "test_time": 0.10181536618620157
        },
        {
            "seed": "7",
            "accuracy_score": 0.82,
            "average_precision_score": 0.48324059353471116,
            "balanced_accuracy_score": 0.7179892091064614,
            "cohen_kappa_score": 0.47924200781136983,
            "f1_score_macro": 0.7377622377622377,
            "f1_score_micro": 0.82,
            "f1_score_weighted": 0.8097202797202796,
            "matthews_corrcoef": 0.4893826286701856,
            "precision_score": 0.7027027027027027,
            "recall_score": 0.5098039215686274,
            "roc_auc_score": 0.7179892091064614,
            "coverage_error": -1.0,
            "label_ranking_average_precision_score": -1.0,
            "label_ranking_loss": -1.0,
            "training_time": 8.329330410808325,
            "test_time": 0.0973446425050497
        },
        {
            "seed": "11",
            "accuracy_score": 0.75,
            "average_precision_score": 0.46109374999999997,
            "balanced_accuracy_score": 0.6383272058823529,
            "cohen_kappa_score": 0.32505399568034554,
            "f1_score_macro": 0.6470920383963862,
            "f1_score_micro": 0.75,
            "f1_score_weighted": 0.7156973461321288,
            "matthews_corrcoef": 0.37192365598648464,
            "precision_score": 0.75,
            "recall_score": 0.328125,
            "roc_auc_score": 0.6383272058823529,
            "coverage_error": -1.0,
            "label_ranking_average_precision_score": -1.0,
            "label_ranking_loss": -1.0,
            "training_time": 7.787453595548868,
            "test_time": 0.1072611603885889
        },
        {
            "seed": "13",
            "accuracy_score": 0.775,
            "average_precision_score": 0.46156013456686296,
            "balanced_accuracy_score": 0.6834628460417679,
            "cohen_kappa_score": 0.4017548524328636,
            "f1_score_macro": 0.6979764421624888,
            "f1_score_micro": 0.775,
            "f1_score_weighted": 0.7620356387798249,
            "matthews_corrcoef": 0.41242577627396304,
            "precision_score": 0.6585365853658537,
            "recall_score": 0.46551724137931033,
            "roc_auc_score": 0.6834628460417679,
            "coverage_error": -1.0,
            "label_ranking_average_precision_score": -1.0,
            "label_ranking_loss": -1.0,
            "training_time": 8.14004978351295,
            "test_time": 0.09847678989171982
        },
        {
            "seed": "17",
            "accuracy_score": 0.77,
            "average_precision_score": 0.4724109304738845,
            "balanced_accuracy_score": 0.6988820771727371,
            "cohen_kappa_score": 0.4183841193576938,
            "f1_score_macro": 0.7082699137493659,
            "f1_score_micro": 0.7699999999999999,
            "f1_score_weighted": 0.7632902080162354,
            "matthews_corrcoef": 0.4217690343751833,
            "precision_score": 0.6326530612244898,
            "recall_score": 0.5254237288135594,
            "roc_auc_score": 0.6988820771727371,
            "coverage_error": -1.0,
            "label_ranking_average_precision_score": -1.0,
            "label_ranking_loss": -1.0,
            "training_time": 8.126671553589404,
            "test_time": 0.10006726812571287
        },
        {
            "seed": "19",
            "accuracy_score": 0.75,
            "average_precision_score": 0.38650943396226417,
            "balanced_accuracy_score": 0.6549865229110512,
            "cohen_kappa_score": 0.3256911665542819,
            "f1_score_macro": 0.662116502230031,
            "f1_score_micro": 0.75,
            "f1_score_weighted": 0.7431071766454926,
            "matthews_corrcoef": 0.3276034200241561,
            "precision_score": 0.5333333333333333,
            "recall_score": 0.4528301886792453,
            "roc_auc_score": 0.6549865229110512,
            "coverage_error": -1.0,
            "label_ranking_average_precision_score": -1.0,
            "label_ranking_loss": -1.0,
            "training_time": 8.518629181198776,
            "test_time": 0.09994586929678917
        },
        {
            "seed": "23",
            "accuracy_score": 0.775,
            "average_precision_score": 0.5472883787661407,
            "balanced_accuracy_score": 0.7012032085561497,
            "cohen_kappa_score": 0.4452662721893491,
            "f1_score_macro": 0.7162583940225102,
            "f1_score_micro": 0.775,
            "f1_score_weighted": 0.7575711718528327,
            "matthews_corrcoef": 0.4721889603405275,
            "precision_score": 0.7804878048780488,
            "recall_score": 0.47058823529411764,
            "roc_auc_score": 0.7012032085561498,
            "coverage_error": -1.0,
            "label_ranking_average_precision_score": -1.0,
            "label_ranking_loss": -1.0,
            "training_time": 8.234680317342281,
            "test_time": 0.0987973352894187
        },
        {
            "seed": "29",
            "accuracy_score": 0.775,
            "average_precision_score": 0.541865671641791,
            "balanced_accuracy_score": 0.716025137470542,
            "cohen_kappa_score": 0.4610778443113772,
            "f1_score_macro": 0.7281870073389508,
            "f1_score_micro": 0.775,
            "f1_score_weighted": 0.7654117966838815,
            "matthews_corrcoef": 0.470941405912763,
            "precision_score": 0.72,
            "recall_score": 0.5373134328358209,