{"framework": "evalml", "accuracy_score": 0.7922077922077922, "average_precision_score": 0.7924505401140916, "balanced_accuracy_score": 0.7575757575757576, "cohen_kappa_score": 0.5323590814196242, "f1_score_macro": 0.7654673519893394, "f1_score_micro": 0.7922077922077922, "f1_score_weighted": 0.7880938783280302, "matthews_corrcoef": 0.5360349483921667, "precision_score": 0.8130841121495327, "recall_score": 0.8787878787878788, "roc_auc_score": 0.7575757575757576, "training_time": "00:05:01", "test_time": "00:00:00"}