{"framework": "autosklearn", "accuracy_score": 0.7662337662337663, "average_precision_score": 0.7828568571142829, "balanced_accuracy_score": 0.7414141414141414, "cohen_kappa_score": 0.4867617107942973, "f1_score_macro": 0.7433333333333334, "f1_score_micro": 0.7662337662337663, "f1_score_weighted": 0.7652380952380953, "matthews_corrcoef": 0.48695970132129024, "precision_score": 0.8118811881188119, "recall_score": 0.8282828282828283, "roc_auc_score": 0.7414141414141414, "training_time": "00:21:58", "test_time": "00:00:00"}