{"framework": "autokeras", "accuracy_score": 0.7467532467532467, "average_precision_score": 0.7698412698412699, "balanced_accuracy_score": 0.7222222222222222, "cohen_kappa_score": 0.44624746450304265, "f1_score_macro": 0.723110967682449, "f1_score_micro": 0.7467532467532466, "f1_score_weighted": 0.7462278627738956, "matthews_corrcoef": 0.44629245426346864, "precision_score": 0.8, "recall_score": 0.8080808080808081, "roc_auc_score": 0.7222222222222221, "training_time": "00:00:05", "test_time": "00:00:00"}