{"framework": "gama", "accuracy_score": 0.7467532467532467, "average_precision_score": 0.7731395588538446, "balanced_accuracy_score": 0.7262626262626263, "cohen_kappa_score": 0.45070422535211263, "f1_score_macro": 0.7253395527507203, "f1_score_micro": 0.7467532467532466, "f1_score_weighted": 0.7472512396370264, "matthews_corrcoef": 0.4507489358552088, "precision_score": 0.8061224489795918, "recall_score": 0.797979797979798, "roc_auc_score": 0.7262626262626263, "training_time": "00:04:29", "test_time": "00:00:00"}