{"framework": "flaml", "accuracy_score": 0.7272727272727273, "average_precision_score": 0.7701742701742702, "balanced_accuracy_score": 0.7191919191919192, "cohen_kappa_score": 0.4246575342465754, "f1_score_macro": 0.711507582515611, "f1_score_micro": 0.7272727272727273, "f1_score_weighted": 0.7307760927743085, "matthews_corrcoef": 0.4272307524739402, "precision_score": 0.8131868131868132, "recall_score": 0.7474747474747475, "roc_auc_score": 0.7191919191919192, "training_time": "00:05:00", "test_time": "00:00:00"}