{"framework": "h2o", "accuracy_score": 0.6948051948051948, "average_precision_score": 0.7385161135161136, "balanced_accuracy_score": 0.6737373737373737, "cohen_kappa_score": 0.343313373253493, "f1_score_macro": 0.671522577717268, "f1_score_micro": 0.6948051948051948, "f1_score_weighted": 0.6965088009335797, "matthews_corrcoef": 0.3436153660645253, "precision_score": 0.7708333333333334, "recall_score": 0.7474747474747475, "roc_auc_score": 0.6737373737373737, "training_time": "00:05:00", "test_time": "00:00:00"}