{"framework": "tpot", "accuracy_score": 0.7597402597402597, "average_precision_score": 0.7901353965183753, "balanced_accuracy_score": 0.7484848484848485, "cohen_kappa_score": 0.4871287128712871, "f1_score_macro": 0.7432755125028159, "f1_score_micro": 0.7597402597402597, "f1_score_weighted": 0.7618511247707013, "matthews_corrcoef": 0.4883028940238392, "precision_score": 0.8297872340425532, "recall_score": 0.7878787878787878, "roc_auc_score": 0.7484848484848484, "training_time": "00:05:01", "test_time": "00:00:00"}