{
    "id": 1510,
    "framework": "autosklearn",
    "results": [
        {
            "seed": "2",
            "accuracy_score": 0.9473684210526315,
            "average_precision_score": 0.9412496269027958,
            "balanced_accuracy_score": 0.9449275362318841,
            "cohen_kappa_score": 0.8898550724637682,
            "f1_score_macro": 0.9449275362318841,
            "f1_score_micro": 0.9473684210526315,
            "f1_score_weighted": 0.9473684210526315,
            "matthews_corrcoef": 0.8898550724637682,
            "precision_score": 0.9565217391304348,
            "recall_score": 0.9565217391304348,
            "roc_auc_score": 0.9449275362318841,
            "coverage_error": -1.0,
            "label_ranking_average_precision_score": -1.0,
            "label_ranking_loss": -1.0,
            "training_time": 303.37443330703536,
            "test_time": 1.1855374469887465
        },
        {
            "seed": "3",
            "accuracy_score": 0.9649122807017544,
            "average_precision_score": 0.9563181602655287,
            "balanced_accuracy_score": 0.9557432432432433,
            "cohen_kappa_score": 0.922077922077922,
            "f1_score_macro": 0.961025641025641,
            "f1_score_micro": 0.9649122807017544,
            "f1_score_weighted": 0.9646963562753036,
            "matthews_corrcoef": 0.9227785597153145,
            "precision_score": 0.9605263157894737,
            "recall_score": 0.9864864864864865,
            "roc_auc_score": 0.9557432432432432,
            "coverage_error": -1.0,
            "label_ranking_average_precision_score": -1.0,
            "label_ranking_loss": -1.0,
            "training_time": 302.9938052769867,
            "test_time": 0.19975947897182778
        },
        {
            "seed": "5",
            "accuracy_score": 0.9824561403508771,
            "average_precision_score": 0.9705882352941176,
            "balanced_accuracy_score": 0.9791666666666667,
            "cohen_kappa_score": 0.9638095238095238,
            "f1_score_macro": 0.9818990155604954,
            "f1_score_micro": 0.9824561403508771,
            "f1_score_weighted": 0.982400427871839,
            "matthews_corrcoef": 0.9644413195335055,
            "precision_score": 0.9705882352941176,
            "recall_score": 1.0,
            "roc_auc_score": 0.9791666666666667,
            "coverage_error": -1.0,
            "label_ranking_average_precision_score": -1.0,
            "label_ranking_loss": -1.0,
            "training_time": 302.58522958197864,
            "test_time": 0.8979280040366575
        },
        {
            "seed": "7",
            "accuracy_score": 0.9824561403508771,
            "average_precision_score": 0.9736842105263158,
            "balanced_accuracy_score": 0.975,
            "cohen_kappa_score": 0.961038961038961,
            "f1_score_macro": 0.9805128205128204,
            "f1_score_micro": 0.9824561403508771,
            "f1_score_weighted": 0.9823481781376517,
            "matthews_corrcoef": 0.9617692030835673,
            "precision_score": 0.9736842105263158,
            "recall_score": 1.0,
            "roc_auc_score": 0.975,
            "coverage_error": -1.0,
            "label_ranking_average_precision_score": -1.0,
            "label_ranking_loss": -1.0,
            "training_time": 300.33279187598964,
            "test_time": 0.9873255100101233
        },
        {
            "seed": "11",
            "accuracy_score": 0.9736842105263158,
            "average_precision_score": 0.9782456140350877,
            "balanced_accuracy_score": 0.9736842105263158,
            "cohen_kappa_score": 0.9411764705882353,
            "f1_score_macro": 0.9705857056850435,
            "f1_score_micro": 0.9736842105263158,
            "f1_score_weighted": 0.9737679539004043,
            "matthews_corrcoef": 0.9413574486632834,
            "precision_score": 0.9866666666666667,
            "recall_score": 0.9736842105263158,
            "roc_auc_score": 0.9736842105263158,
            "coverage_error": -1.0,
            "label_ranking_average_precision_score": -1.0,
            "label_ranking_loss": -1.0,
            "training_time": 297.2016156690079,
            "test_time": 0.9537134660058655
        },
        {
            "seed": "13",
            "accuracy_score": 0.9736842105263158,
            "average_precision_score": 0.9709595312526691,
            "balanced_accuracy_score": 0.9658119658119658,
            "cohen_kappa_score": 0.9386437029063509,
            "f1_score_macro": 0.9693190993092313,
            "f1_score_micro": 0.9736842105263158,
            "f1_score_weighted": 0.973582696311965,
            "matthews_corrcoef": 0.9388400763791593,
            "precision_score": 0.9746835443037974,
            "recall_score": 0.9871794871794872,
            "roc_auc_score": 0.9658119658119658,
            "coverage_error": -1.0,
            "label_ranking_average_precision_score": -1.0,
            "label_ranking_loss": -1.0,
            "training_time": 296.314992777945,
            "test_time": 0.8449370820308104
        },
        {
            "seed": "17",
            "accuracy_score": 0.9736842105263158,
            "average_precision_score": 0.9699817726133515,
            "balanced_accuracy_score": 0.9671052631578947,
            "cohen_kappa_score": 0.9403973509933775,
            "f1_score_macro": 0.9701960784313725,
            "f1_score_micro": 0.9736842105263158,
            "f1_score_weighted": 0.9735947712418299,
            "matthews_corrcoef": 0.9405830025555346,
            "precision_score": 0.974025974025974,
            "recall_score": 0.9868421052631579,
            "roc_auc_score": 0.9671052631578948,
            "coverage_error": -1.0,
            "label_ranking_average_precision_score": -1.0,
            "label_ranking_loss": -1.0,
            "training_time": 301.83980672003236,
            "test_time": 1.168007011001464
        },
        {
            "seed": "19",
            "accuracy_score": 0.9473684210526315,
            "average_precision_score": 0.92,
            "balanced_accuracy_score": 0.9333333333333333,
            "cohen_kappa_score": 0.887240356083086,
            "f1_score_macro": 0.9434523809523809,
            "f1_score_micro": 0.9473684210526315,
            "f1_score_weighted": 0.9465852130325814,
            "matthews_corrcoef": 0.8929352346801718,
            "precision_score": 0.92,
            "recall_score": 1.0,
            "roc_auc_score": 0.9333333333333333,
            "coverage_error": -1.0,
            "label_ranking_average_precision_score": -1.0,
            "label_ranking_loss": -1.0,
            "training_time": 299.6320411299821,
            "test_time": 0.9993897919775918
        },
        {
            "seed": "23",
            "accuracy_score": 0.9912280701754386,
            "average_precision_score": 0.9868421052631579,
            "balanced_accuracy_score": 0.9871794871794872,
            "cohen_kappa_score": 0.9803921568627451,
            "f1_score_macro": 0.9901952352283477,
            "f1_score_micro": 0.9912280701754386,
            "f1_score_weighted": 0.991200155717409,
            "matthews_corrcoef": 0.9805806756909202,
            "precision_score": 0.9868421052631579,
            "recall_score": 1.0,
            "roc_auc_score": 0.9871794871794871,
            "coverage_error": -1.0,
            "label_ranking_average_precision_score": -1.0,
            "label_ranking_loss": -1.0,
            "training_time": 298.145026794984,
            "test_time": 1.15879210899584
        },
        {
            "seed": "29",
            "accuracy_score": 0.9649122807017544,
            "average_precision_score": 0.9569970380496696,
            "balanced_accuracy_score": 0.9548717948717949,
            "cohen_kappa_score": 0.9210799584631361,
            "f1_score_macro": 0.9605263157894737,
            "f1_score_micro": 0.9649122807017544,
            "f1_score_weighted": 0.9646814404432132,