{"framework": "tpot", "accuracy_score": 0.9736842105263158, "average_precision_score": 0.9673008813112594, "balanced_accuracy_score": 0.9697019325253848, "cohen_kappa_score": 0.9437314906219151, "f1_score_macro": 0.97186343068696, "f1_score_micro": 0.9736842105263158, "f1_score_weighted": 0.9736214250146138, "matthews_corrcoef": 0.9438975339262832, "precision_score": 0.9722222222222222, "recall_score": 0.9859154929577465, "roc_auc_score": 0.969701932525385, "coverage_error": -1.0, "label_ranking_average_precision_score": -1.0, "label_ranking_loss": -1.0, "training_time": "00:10:00", "test_time": "00:00:00"}