{"framework": "autokeras", "accuracy_score": 0.956140350877193, "average_precision_score": 0.9566980832362597, "balanced_accuracy_score": 0.9556174254831313, "cohen_kappa_score": 0.9070753179002282, "f1_score_macro": 0.9535338713621913, "f1_score_micro": 0.956140350877193, "f1_score_weighted": 0.9562368871555263, "matthews_corrcoef": 0.9072320103372488, "precision_score": 0.9714285714285714, "recall_score": 0.9577464788732394, "roc_auc_score": 0.9556174254831314, "training_time": "00:00:36", "test_time": "00:00:00"}