{
    "id": 1510,
    "framework": "evalml",
    "results": [
        {
            "seed": "2",
            "accuracy_score": 0.9736842105263158,
            "average_precision_score": 0.9661218263048927,
            "balanced_accuracy_score": 0.9705314009661836,
            "cohen_kappa_score": 0.944713870029098,
            "f1_score_macro": 0.9723547005092557,
            "f1_score_micro": 0.9736842105263158,
            "f1_score_weighted": 0.9736310301256335,
            "matthews_corrcoef": 0.9448743315133075,
            "precision_score": 0.9714285714285714,
            "recall_score": 0.9855072463768116,
            "roc_auc_score": 0.9705314009661835,
            "coverage_error": -1.0,
            "label_ranking_average_precision_score": -1.0,
            "label_ranking_loss": -1.0,
            "training_time": 300.7513601289829,
            "test_time": 0.05648554803337902
        },
        {
            "seed": "3",
            "accuracy_score": 0.9649122807017544,
            "average_precision_score": 0.9563181602655287,
            "balanced_accuracy_score": 0.9557432432432433,
            "cohen_kappa_score": 0.922077922077922,
            "f1_score_macro": 0.961025641025641,
            "f1_score_micro": 0.9649122807017544,
            "f1_score_weighted": 0.9646963562753036,
            "matthews_corrcoef": 0.9227785597153145,
            "precision_score": 0.9605263157894737,
            "recall_score": 0.9864864864864865,
            "roc_auc_score": 0.9557432432432432,
            "coverage_error": -1.0,
            "label_ranking_average_precision_score": -1.0,
            "label_ranking_loss": -1.0,
            "training_time": 300.6325776389567,
            "test_time": 0.05530943599296734
        },
        {
            "seed": "5",
            "accuracy_score": 0.9649122807017544,
            "average_precision_score": 0.9578560726886086,
            "balanced_accuracy_score": 0.9640151515151516,
            "cohen_kappa_score": 0.928030303030303,
            "f1_score_macro": 0.9640151515151516,
            "f1_score_micro": 0.9649122807017544,
            "f1_score_weighted": 0.9649122807017544,
            "matthews_corrcoef": 0.928030303030303,
            "precision_score": 0.9696969696969697,
            "recall_score": 0.9696969696969697,
            "roc_auc_score": 0.9640151515151516,
            "coverage_error": -1.0,
            "label_ranking_average_precision_score": -1.0,
            "label_ranking_loss": -1.0,
            "training_time": 300.7034579440369,
            "test_time": 0.05305120797129348
        },
        {
            "seed": "7",
            "accuracy_score": 0.9912280701754386,
            "average_precision_score": 0.9866666666666667,
            "balanced_accuracy_score": 0.9875,
            "cohen_kappa_score": 0.9806320081549439,
            "f1_score_macro": 0.9903151813779627,
            "f1_score_micro": 0.9912280701754386,
            "f1_score_weighted": 0.9912019876383678,
            "matthews_corrcoef": 0.9808159868191383,
            "precision_score": 0.9866666666666667,
            "recall_score": 1.0,
            "roc_auc_score": 0.9874999999999999,
            "coverage_error": -1.0,
            "label_ranking_average_precision_score": -1.0,
            "label_ranking_loss": -1.0,
            "training_time": 300.77089348598383,
            "test_time": 0.05157167598372325
        },
        {
            "seed": "11",
            "accuracy_score": 0.9824561403508771,
            "average_precision_score": 0.9912280701754386,
            "balanced_accuracy_score": 0.986842105263158,
            "cohen_kappa_score": 0.961038961038961,
            "f1_score_macro": 0.9805128205128204,
            "f1_score_micro": 0.9824561403508771,
            "f1_score_weighted": 0.9825641025641025,
            "matthews_corrcoef": 0.9617692030835673,
            "precision_score": 1.0,
            "recall_score": 0.9736842105263158,
            "roc_auc_score": 0.986842105263158,
            "coverage_error": -1.0,
            "label_ranking_average_precision_score": -1.0,
            "label_ranking_loss": -1.0,
            "training_time": 300.70902585895965,
            "test_time": 0.05135904799681157
        },
        {
            "seed": "13",
            "accuracy_score": 0.9649122807017544,
            "average_precision_score": 0.9512195121951219,
            "balanced_accuracy_score": 0.9444444444444444,
            "cohen_kappa_score": 0.9162995594713657,
            "f1_score_macro": 0.9580882352941176,
            "f1_score_micro": 0.9649122807017544,
            "f1_score_weighted": 0.9643188854489164,
            "matthews_corrcoef": 0.9195262123966629,
            "precision_score": 0.9512195121951219,
            "recall_score": 1.0,
            "roc_auc_score": 0.9444444444444444,
            "coverage_error": -1.0,
            "label_ranking_average_precision_score": -1.0,
            "label_ranking_loss": -1.0,
            "training_time": 300.96854920801707,
            "test_time": 0.05352177703753114
        },
        {
            "seed": "17",
            "accuracy_score": 0.9649122807017544,
            "average_precision_score": 0.95,
            "balanced_accuracy_score": 0.9473684210526316,
            "cohen_kappa_score": 0.918918918918919,
            "f1_score_macro": 0.9594017094017093,
            "f1_score_micro": 0.9649122807017544,
            "f1_score_weighted": 0.9643874643874643,
            "matthews_corrcoef": 0.9219544457292888,
            "precision_score": 0.95,
            "recall_score": 1.0,
            "roc_auc_score": 0.9473684210526316,
            "coverage_error": -1.0,
            "label_ranking_average_precision_score": -1.0,
            "label_ranking_loss": -1.0,
            "training_time": 301.27980144001776,
            "test_time": 0.055425280006602407
        },
        {
            "seed": "19",
            "accuracy_score": 0.9473684210526315,
            "average_precision_score": 0.9338533105574714,
            "balanced_accuracy_score": 0.9410628019323671,
            "cohen_kappa_score": 0.8889970788704966,
            "f1_score_macro": 0.9444805194805195,
            "f1_score_micro": 0.9473684210526315,
            "f1_score_weighted": 0.9471462747778537,
            "matthews_corrcoef": 0.8896062549754361,
            "precision_score": 0.9436619718309859,
            "recall_score": 0.9710144927536232,
            "roc_auc_score": 0.9410628019323671,
            "coverage_error": -1.0,
            "label_ranking_average_precision_score": -1.0,
            "label_ranking_loss": -1.0,
            "training_time": 300.6558563730214,
            "test_time": 0.05275292100850493
        },
        {
            "seed": "23",
            "accuracy_score": 0.956140350877193,
            "average_precision_score": 0.9375,
            "balanced_accuracy_score": 0.9358974358974359,
            "cohen_kappa_score": 0.8994708994708995,
            "f1_score_macro": 0.9496243923994698,
            "f1_score_micro": 0.956140350877193,
            "f1_score_weighted": 0.9553457217945438,
            "matthews_corrcoef": 0.9040507133494737,
            "precision_score": 0.9375,
            "recall_score": 1.0,
            "roc_auc_score": 0.9358974358974359,
            "coverage_error": -1.0,
            "label_ranking_average_precision_score": -1.0,
            "label_ranking_loss": -1.0,
            "training_time": 301.51046383799985,
            "test_time": 0.05152148602064699
        },
        {
            "seed": "29",
            "accuracy_score": 0.956140350877193,
            "average_precision_score": 0.9603698435277384,
            "balanced_accuracy_score": 0.9543589743589743,
            "cohen_kappa_score": 0.9031600407747197,
            "f1_score_macro": 0.951575906889814,
            "f1_score_micro": 0.956140350877193,
            "f1_score_weighted": 0.9562707635625467,