{
    "id": 1510,
    "framework": "autopytorch",
    "results": [
        {
            "seed": "2",
            "accuracy_score": 0.9298245614035088,
            "average_precision_score": 0.9375814117232881,
            "balanced_accuracy_score": 0.9342995169082126,
            "cohen_kappa_score": 0.8553758325404377,
            "f1_score_macro": 0.9275960622419817,
            "f1_score_micro": 0.9298245614035088,
            "f1_score_weighted": 0.9302702612358141,
            "matthews_corrcoef": 0.8576210377163798,
            "precision_score": 0.9692307692307692,
            "recall_score": 0.9130434782608695,
            "roc_auc_score": 0.9342995169082126,
            "coverage_error": -1.0,
            "label_ranking_average_precision_score": -1.0,
            "label_ranking_loss": -1.0,
            "training_time": 307.8842230719747,
            "test_time": 9.02585676399758
        },
        {
            "seed": "3",
            "accuracy_score": 0.9298245614035088,
            "average_precision_score": 0.9299014519498161,
            "balanced_accuracy_score": 0.922972972972973,
            "cohen_kappa_score": 0.845945945945946,
            "f1_score_macro": 0.922972972972973,
            "f1_score_micro": 0.9298245614035088,
            "f1_score_weighted": 0.9298245614035088,
            "matthews_corrcoef": 0.845945945945946,
            "precision_score": 0.9459459459459459,
            "recall_score": 0.9459459459459459,
            "roc_auc_score": 0.922972972972973,
            "coverage_error": -1.0,
            "label_ranking_average_precision_score": -1.0,
            "label_ranking_loss": -1.0,
            "training_time": 308.9328449550085,
            "test_time": 4.0698407890158705
        },
        {
            "seed": "5",
            "accuracy_score": 0.9649122807017544,
            "average_precision_score": 0.9501712168120837,
            "balanced_accuracy_score": 0.9611742424242424,
            "cohen_kappa_score": 0.9276190476190476,
            "f1_score_macro": 0.9637980311209908,
            "f1_score_micro": 0.9649122807017544,
            "f1_score_weighted": 0.964800855743678,
            "matthews_corrcoef": 0.9282271197881763,
            "precision_score": 0.9558823529411765,
            "recall_score": 0.9848484848484849,
            "roc_auc_score": 0.9611742424242424,
            "coverage_error": -1.0,
            "label_ranking_average_precision_score": -1.0,
            "label_ranking_loss": -1.0,
            "training_time": 307.1476789639564,
            "test_time": 5.243485888000578
        },
        {
            "seed": "7",
            "accuracy_score": 0.956140350877193,
            "average_precision_score": 0.9367088607594937,
            "balanced_accuracy_score": 0.9375,
            "cohen_kappa_score": 0.9008695652173913,
            "f1_score_macro": 0.9503267973856209,
            "f1_score_micro": 0.956140350877193,
            "f1_score_weighted": 0.9553950235064784,
            "matthews_corrcoef": 0.9053288094192943,
            "precision_score": 0.9367088607594937,
            "recall_score": 1.0,
            "roc_auc_score": 0.9375,
            "coverage_error": -1.0,
            "label_ranking_average_precision_score": -1.0,
            "label_ranking_loss": -1.0,
            "training_time": 318.29894042003434,
            "test_time": 1.5033932080259547
        },
        {
            "seed": "11",
            "accuracy_score": 0.9649122807017544,
            "average_precision_score": 0.95,
            "balanced_accuracy_score": 0.9473684210526316,
            "cohen_kappa_score": 0.918918918918919,
            "f1_score_macro": 0.9594017094017093,
            "f1_score_micro": 0.9649122807017544,
            "f1_score_weighted": 0.9643874643874643,
            "matthews_corrcoef": 0.9219544457292888,
            "precision_score": 0.95,
            "recall_score": 1.0,
            "roc_auc_score": 0.9473684210526316,
            "coverage_error": -1.0,
            "label_ranking_average_precision_score": -1.0,
            "label_ranking_loss": -1.0,
            "training_time": 314.04716154997004,
            "test_time": 1.73642104602186
        },
        {
            "seed": "13",
            "accuracy_score": 0.9122807017543859,
            "average_precision_score": 0.9197636596422022,
            "balanced_accuracy_score": 0.8985042735042735,
            "cohen_kappa_score": 0.7970085470085471,
            "f1_score_macro": 0.8985042735042735,
            "f1_score_micro": 0.9122807017543859,
            "f1_score_weighted": 0.9122807017543859,
            "matthews_corrcoef": 0.7970085470085471,
            "precision_score": 0.9358974358974359,
            "recall_score": 0.9358974358974359,
            "roc_auc_score": 0.8985042735042735,
            "coverage_error": -1.0,
            "label_ranking_average_precision_score": -1.0,
            "label_ranking_loss": -1.0,
            "training_time": 310.3528958079987,
            "test_time": 1.3729737289831974
        },
        {
            "seed": "17",
            "accuracy_score": 0.9649122807017544,
            "average_precision_score": 0.9656048014773777,
            "balanced_accuracy_score": 0.9605263157894737,
            "cohen_kappa_score": 0.9210526315789473,
            "f1_score_macro": 0.9605263157894737,
            "f1_score_micro": 0.9649122807017544,
            "f1_score_weighted": 0.9649122807017544,
            "matthews_corrcoef": 0.9210526315789473,
            "precision_score": 0.9736842105263158,
            "recall_score": 0.9736842105263158,
            "roc_auc_score": 0.9605263157894739,
            "coverage_error": -1.0,
            "label_ranking_average_precision_score": -1.0,
            "label_ranking_loss": -1.0,
            "training_time": 310.91811170900473,
            "test_time": 1.312470539007336
        },
        {
            "seed": "19",
            "accuracy_score": 0.9473684210526315,
            "average_precision_score": 0.9267786798741942,
            "balanced_accuracy_score": 0.9371980676328502,
            "cohen_kappa_score": 0.888125613346418,
            "f1_score_macro": 0.9439895185063871,
            "f1_score_micro": 0.9473684210526315,
            "f1_score_weighted": 0.9468857206888823,
            "matthews_corrcoef": 0.8906061160850764,
            "precision_score": 0.9315068493150684,
            "recall_score": 0.9855072463768116,
            "roc_auc_score": 0.9371980676328502,
            "coverage_error": -1.0,
            "label_ranking_average_precision_score": -1.0,
            "label_ranking_loss": -1.0,
            "training_time": 315.78383220301475,
            "test_time": 1.4431701970170252
        },
        {
            "seed": "23",
            "accuracy_score": 0.9736842105263158,
            "average_precision_score": 0.9694736842105264,
            "balanced_accuracy_score": 0.9676923076923076,
            "cohen_kappa_score": 0.9411764705882353,
            "f1_score_macro": 0.9705857056850435,
            "f1_score_micro": 0.9736842105263158,
            "f1_score_weighted": 0.9736004671522273,
            "matthews_corrcoef": 0.9413574486632834,
            "precision_score": 0.9736842105263158,
            "recall_score": 0.9866666666666667,
            "roc_auc_score": 0.9676923076923077,
            "coverage_error": -1.0,
            "label_ranking_average_precision_score": -1.0,
            "label_ranking_loss": -1.0,
            "training_time": 315.0410599950119,
            "test_time": 1.3014577589929104
        },
        {
            "seed": "29",
            "accuracy_score": 0.9473684210526315,
            "average_precision_score": 0.9329913391072618,
            "balanced_accuracy_score": 0.9292307692307693,
            "cohen_kappa_score": 0.8801261829652997,
            "f1_score_macro": 0.93997893997894,
            "f1_score_micro": 0.9473684210526315,