{"id": 1510, "framework": "flaml", "results": [{"seed": "2", "accuracy_score": 0.9473684210526315, "average_precision_score": 0.9489964365813951, "balanced_accuracy_score": 0.9487922705314009, "cohen_kappa_score": 0.8906999041227229, "f1_score_macro": 0.9453324808184143, "f1_score_micro": 0.9473684210526315, "f1_score_weighted": 0.9475535065284696, "matthews_corrcoef": 0.8912916464128872, "precision_score": 0.9701492537313433, "recall_score": 0.9420289855072463, "roc_auc_score": 0.948792270531401, "coverage_error": -1.0, "label_ranking_average_precision_score": -1.0, "label_ranking_loss": -1.0, "training_time": 300.01845746999606, "test_time": 0.00493723398540169}, {"seed": "3", "accuracy_score": 0.9385964912280702, "average_precision_score": 0.9346040777619724, "balanced_accuracy_score": 0.9297297297297298, "cohen_kappa_score": 0.8644240570846076, "f1_score_macro": 0.9322062696457395, "f1_score_micro": 0.9385964912280702, "f1_score_weighted": 0.938413913468575, "matthews_corrcoef": 0.8645862337033567, "precision_score": 0.9466666666666667, "recall_score": 0.9594594594594594, "roc_auc_score": 0.9297297297297298, "coverage_error": -1.0, "label_ranking_average_precision_score": -1.0, "label_ranking_loss": -1.0, "training_time": 299.9784014520119, "test_time": 0.00481459399452433}, {"seed": "5", "accuracy_score": 0.956140350877193, "average_precision_score": 0.9365277488847283, "balanced_accuracy_score": 0.9507575757575757, "cohen_kappa_score": 0.9092645654250239, "f1_score_macro": 0.954599761051374, "f1_score_micro": 0.956140350877193, "f1_score_weighted": 0.9559202666163618, "matthews_corrcoef": 0.9106150303874627, "precision_score": 0.9420289855072463, "recall_score": 0.9848484848484849, "roc_auc_score": 0.9507575757575757, "coverage_error": -1.0, "label_ranking_average_precision_score": -1.0, "label_ranking_loss": -1.0, "training_time": 300.0089672380127, "test_time": 0.004922272986732423}, {"seed": "7", "accuracy_score": 0.9736842105263158, "average_precision_score": 0.961038961038961, "balanced_accuracy_score": 0.9625, "cohen_kappa_score": 0.9412169130285322, "f1_score_macro": 0.9705857056850433, "f1_score_micro": 0.9736842105263158, "f1_score_weighted": 0.9734329804040505, "matthews_corrcoef": 0.9428473041596073, "precision_score": 0.961038961038961, "recall_score": 1.0, "roc_auc_score": 0.9625, "coverage_error": -1.0, "label_ranking_average_precision_score": -1.0, "label_ranking_loss": -1.0, "training_time": 300.0225916610216, "test_time": 0.008985736989416182}, {"seed": "11", "accuracy_score": 0.9912280701754386, "average_precision_score": 0.987012987012987, "balanced_accuracy_score": 0.986842105263158, "cohen_kappa_score": 0.9801324503311258, "f1_score_macro": 0.9900653594771242, "f1_score_micro": 0.9912280701754386, "f1_score_weighted": 0.9911982570806099, "matthews_corrcoef": 0.9803259463254868, "precision_score": 0.987012987012987, "recall_score": 1.0, "roc_auc_score": 0.986842105263158, "coverage_error": -1.0, "label_ranking_average_precision_score": -1.0, "label_ranking_loss": -1.0, "training_time": 300.08074049296556, "test_time": 0.008376201963983476}, {"seed": "13", "accuracy_score": 0.956140350877193, "average_precision_score": 0.9711560953666216, "balanced_accuracy_score": 0.9604700854700854, "cohen_kappa_score": 0.9007314524555904, "f1_score_macro": 0.9503267973856209, "f1_score_micro": 0.956140350877193, "f1_score_weighted": 0.9565875472996217, "matthews_corrcoef": 0.9023334009739741, "precision_score": 0.9866666666666667, "recall_score": 0.9487179487179487, "roc_auc_score": 0.9604700854700854, "coverage_error": -1.0, "label_ranking_average_precision_score": -1.0, "label_ranking_loss": -1.0, "training_time": 300.00389838201227, "test_time": 0.008223987999372184}, {"seed": "17", "accuracy_score": 0.9649122807017544, "average_precision_score": 0.9656048014773777, "balanced_accuracy_score": 0.9605263157894737, "cohen_kappa_score": 0.9210526315789473, "f1_score_macro": 0.9605263157894737, "f1_score_micro": 0.9649122807017544, "f1_score_weighted": 0.9649122807017544, "matthews_corrcoef": 0.9210526315789473, "precision_score": 0.9736842105263158, "recall_score": 0.9736842105263158, "roc_auc_score": 0.9605263157894739, "coverage_error": -1.0, "label_ranking_average_precision_score": -1.0, "label_ranking_loss": -1.0, "training_time": 300.0665675600176, "test_time": 0.005192298965994269}, {"seed": "19", "accuracy_score": 0.9210526315789473, "average_precision_score": 0.8967056301152411, "balanced_accuracy_score": 0.9077294685990338, "cohen_kappa_score": 0.8315270935960591, "f1_score_macro": 0.9155902920608803, "f1_score_micro": 0.9210526315789473, "f1_score_weighted": 0.9201108489034185, "matthews_corrcoef": 0.8351933804607015, "precision_score": 0.9054054054054054, "recall_score": 0.9710144927536232, "roc_auc_score": 0.9077294685990338, "coverage_error": -1.0, "label_ranking_average_precision_score": -1.0, "label_ranking_loss": -1.0, "training_time": 300.00712210900383, "test_time": 0.005106921016704291}, {"seed": "23", "accuracy_score": 0.9649122807017544, "average_precision_score": 0.9569970380496696, "balanced_accuracy_score": 0.9548717948717949, "cohen_kappa_score": 0.9210799584631361, "f1_score_macro": 0.9605263157894737, "f1_score_micro": 0.9649122807017544, "f1_score_weighted": 0.9646814404432132, "matthews_corrcoef": 0.9217979006872221, "precision_score": 0.961038961038961, "recall_score": 0.9866666666666667, "roc_auc_score": 0.954871794871795, "coverage_error": -1.0, "label_ranking_average_precision_score": -1.0, "label_ranking_loss": -1.0, "training_time": 299.9466567580239, "test_time": 0.008205152989830822}, {"seed": "29", "accuracy_score": 0.9385964912280702, "average_precision_score": 0.9357894736842105, "balanced_accuracy_score": 0.9287179487179487, "cohen_kappa_score": 0.8627450980392157, "f1_score_macro": 0.9313666465984347, "f1_score_micro": 0.9385964912280702, "f1_score_weighted": 0.9384010900218638, "matthews_corrcoef": 0.8629109946080098, "precision_score": 0.9473684210526315, "recall_score": 0.96, "roc_auc_score": 0.9287179487179487, "coverage_error": -1.0, "label_ranking_average_precision_score": -1.0, "label_ranking_loss": -1.0, "training_time": 300.02554928994505, "test_time": 0.005446996947284788}, {"seed": "31", "accuracy_score": 0.9824561403508771, "average_precision_score": 0.9791439503191035, "balanced_accuracy_score": 0.9818990155604954, "cohen_kappa_score": 0.9637980311209908, "f1_score_macro": 0.9818990155604954, "f1_score_micro": 0.9824561403508771, "f1_score_weighted": 0.9824561403508771, "matthews_corrcoef": 0.9637980311209908, "precision_score": 0.9850746268656716, "recall_score": 0.9850746268656716, "roc_auc_score": 0.9818990155604954, "coverage_error": -1.0, "label_ranking_average_precision_score": -1.0, "label_ranking_loss": -1.0, "training_time": 299.9579895909992, "test_time": 0.007842371996957809}, {"seed": "37", "accuracy_score": 0.9473684210526315, "average_precision_score": 0.9547573889679153, "balanced_accuracy_score": 0.9479729729729729, "cohen_kappa_score": 0.8857715430861723, "f1_score_macro": 0.942866688940862, "f1_score_micro": 0.9473684210526315, "f1_score_weighted": 0.9476497793096171, "matthews_corrcoef": 0.8864143349643965, "precision_score": 0.9722222222222222, "recall_score": 0.9459459459459459, "roc_auc_score": 0.947972972972973, "coverage_error": -1.0, "label_ranking_average_precision_score": -1.0, "label_ranking_loss": -1.0, "training_time": 299.9777570120059, "test_time": 0.004708744992967695}, {"seed": "41", "accuracy_score": 0.9912280701754386, "average_precision_score": 0.9952584163110479, "balanced_accuracy_score": 0.9932432432432432, "cohen_kappa_score": 0.9808532079274437, "f1_score_macro": 0.9904257999496096, "f1_score_micro": 0.9912280701754386, "f1_score_weighted": 0.9912523813944032, "matthews_corrcoef": 0.9810330475955543, "precision_score": 1.0, "recall_score": 0.9864864864864865, "roc_auc_score": 0.9932432432432432, "coverage_error": -1.0,