{"id": 1510, "framework": "fedot", "results": [{"seed": "2", "accuracy_score": 0.9736842105263158, "average_precision_score": 0.9661218263048927, "balanced_accuracy_score": 0.9705314009661836, "cohen_kappa_score": 0.944713870029098, "f1_score_macro": 0.9723547005092557, "f1_score_micro": 0.9736842105263158, "f1_score_weighted": 0.9736310301256335, "matthews_corrcoef": 0.9448743315133075, "precision_score": 0.9714285714285714, "recall_score": 0.9855072463768116, "roc_auc_score": 0.9705314009661835, "coverage_error": -1.0, "label_ranking_average_precision_score": -1.0, "label_ranking_loss": -1.0, "training_time": 300.1827110830054, "test_time": 0.009862523002084345}, {"seed": "3", "accuracy_score": 0.9649122807017544, "average_precision_score": 0.9642202657849884, "balanced_accuracy_score": 0.9614864864864865, "cohen_kappa_score": 0.922972972972973, "f1_score_macro": 0.9614864864864865, "f1_score_micro": 0.9649122807017544, "f1_score_weighted": 0.9649122807017544, "matthews_corrcoef": 0.922972972972973, "precision_score": 0.972972972972973, "recall_score": 0.972972972972973, "roc_auc_score": 0.9614864864864865, "coverage_error": -1.0, "label_ranking_average_precision_score": -1.0, "label_ranking_loss": -1.0, "training_time": 106.04045127899735, "test_time": 0.008411788003286347}, {"seed": "5", "accuracy_score": 0.9736842105263158, "average_precision_score": 0.9642219524387632, "balanced_accuracy_score": 0.9715909090909092, "cohen_kappa_score": 0.9458689458689459, "f1_score_macro": 0.9729323308270676, "f1_score_micro": 0.9736842105263158, "f1_score_weighted": 0.973644637910566, "matthews_corrcoef": 0.9460229589089657, "precision_score": 0.9701492537313433, "recall_score": 0.9848484848484849, "roc_auc_score": 0.9715909090909092, "coverage_error": -1.0, "label_ranking_average_precision_score": -1.0, "label_ranking_loss": -1.0, "training_time": 300.43676905600296, "test_time": 0.00871235199883813}, {"seed": "7", "accuracy_score": 0.9912280701754386, "average_precision_score": 0.9866666666666667, "balanced_accuracy_score": 0.9875, "cohen_kappa_score": 0.9806320081549439, "f1_score_macro": 0.9903151813779627, "f1_score_micro": 0.9912280701754386, "f1_score_weighted": 0.9912019876383678, "matthews_corrcoef": 0.9808159868191383, "precision_score": 0.9866666666666667, "recall_score": 1.0, "roc_auc_score": 0.9874999999999999, "coverage_error": -1.0, "label_ranking_average_precision_score": -1.0, "label_ranking_loss": -1.0, "training_time": 165.02640587100177, "test_time": 0.01000129299791297}, {"seed": "11", "accuracy_score": 0.9736842105263158, "average_precision_score": 0.9699817726133515, "balanced_accuracy_score": 0.9671052631578947, "cohen_kappa_score": 0.9403973509933775, "f1_score_macro": 0.9701960784313725, "f1_score_micro": 0.9736842105263158, "f1_score_weighted": 0.9735947712418299, "matthews_corrcoef": 0.9405830025555346, "precision_score": 0.974025974025974, "recall_score": 0.9868421052631579, "roc_auc_score": 0.9671052631578948, "coverage_error": -1.0, "label_ranking_average_precision_score": -1.0, "label_ranking_loss": -1.0, "training_time": 299.7561659100029, "test_time": 0.00886106400139397}, {"seed": "13", "accuracy_score": 0.956140350877193, "average_precision_score": 0.9549018602982627, "balanced_accuracy_score": 0.9455128205128205, "cohen_kappa_score": 0.8977395048439182, "f1_score_macro": 0.9488651655153852, "f1_score_micro": 0.956140350877193, "f1_score_weighted": 0.9559711605199416, "matthews_corrcoef": 0.8979273207571317, "precision_score": 0.9620253164556962, "recall_score": 0.9743589743589743, "roc_auc_score": 0.9455128205128205, "coverage_error": -1.0, "label_ranking_average_precision_score": -1.0, "label_ranking_loss": -1.0, "training_time": 168.0200890510023, "test_time": 0.009860698999546003}, {"seed": "17", "accuracy_score": 0.956140350877193, "average_precision_score": 0.9456473462136353, "balanced_accuracy_score": 0.9407894736842105, "cohen_kappa_score": 0.8993288590604027, "f1_score_macro": 0.9496243923994697, "f1_score_micro": 0.956140350877193, "f1_score_weighted": 0.9556635734276034, "matthews_corrcoef": 0.9009739556258517, "precision_score": 0.9493670886075949, "recall_score": 0.9868421052631579, "roc_auc_score": 0.9407894736842106, "coverage_error": -1.0, "label_ranking_average_precision_score": -1.0, "label_ranking_loss": -1.0, "training_time": 184.349977717, "test_time": 0.022520717000588775}, {"seed": "19", "accuracy_score": 0.9298245614035088, "average_precision_score": 0.9022984998728705, "balanced_accuracy_score": 0.914975845410628, "cohen_kappa_score": 0.8496538081107814, "f1_score_macro": 0.9246031746031746, "f1_score_micro": 0.9298245614035088, "f1_score_weighted": 0.9287802840434419, "matthews_corrcoef": 0.8551074320961733, "precision_score": 0.9066666666666666, "recall_score": 0.9855072463768116, "roc_auc_score": 0.9149758454106279, "coverage_error": -1.0, "label_ranking_average_precision_score": -1.0, "label_ranking_loss": -1.0, "training_time": 300.0130022430021, "test_time": 0.010098380997078493}, {"seed": "23", "accuracy_score": 0.9824561403508771, "average_precision_score": 0.9822830409356726, "balanced_accuracy_score": 0.9805128205128205, "cohen_kappa_score": 0.961025641025641, "f1_score_macro": 0.9805128205128206, "f1_score_micro": 0.9824561403508771, "f1_score_weighted": 0.9824561403508774, "matthews_corrcoef": 0.961025641025641, "precision_score": 0.9866666666666667, "recall_score": 0.9866666666666667, "roc_auc_score": 0.9805128205128206, "coverage_error": -1.0, "label_ranking_average_precision_score": -1.0, "label_ranking_loss": -1.0, "training_time": 300.7494352020003, "test_time": 0.008979392005130649}, {"seed": "29", "accuracy_score": 0.9824561403508771, "average_precision_score": 0.974025974025974, "balanced_accuracy_score": 0.9743589743589743, "cohen_kappa_score": 0.960539979231568, "f1_score_macro": 0.9802631578947368, "f1_score_micro": 0.9824561403508771, "f1_score_weighted": 0.9823407202216066, "matthews_corrcoef": 0.9612886788451865, "precision_score": 0.974025974025974, "recall_score": 1.0, "roc_auc_score": 0.9743589743589743, "coverage_error": -1.0, "label_ranking_average_precision_score": -1.0, "label_ranking_loss": -1.0, "training_time": 300.3753410080026, "test_time": 0.00873355600197101}, {"seed": "31", "accuracy_score": 0.9824561403508771, "average_precision_score": 0.9791439503191035, "balanced_accuracy_score": 0.9818990155604954, "cohen_kappa_score": 0.9637980311209908, "f1_score_macro": 0.9818990155604954, "f1_score_micro": 0.9824561403508771, "f1_score_weighted": 0.9824561403508771, "matthews_corrcoef": 0.9637980311209908, "precision_score": 0.9850746268656716, "recall_score": 0.9850746268656716, "roc_auc_score": 0.9818990155604954, "coverage_error": -1.0, "label_ranking_average_precision_score": -1.0, "label_ranking_loss": -1.0, "training_time": 301.0468894240039, "test_time": 0.008142760998453014}, {"seed": "37", "accuracy_score": 0.956140350877193, "average_precision_score": 0.9515979137031768, "balanced_accuracy_score": 0.9489864864864865, "cohen_kappa_score": 0.9031600407747197, "f1_score_macro": 0.951575906889814, "f1_score_micro": 0.956140350877193, "f1_score_weighted": 0.9560099381918393, "matthews_corrcoef": 0.9033294847419506, "precision_score": 0.96, "recall_score": 0.972972972972973, "roc_auc_score": 0.9489864864864865, "coverage_error": -1.0, "label_ranking_average_precision_score": -1.0, "label_ranking_loss": -1.0, "training_time": 398.3429450889962, "test_time": 0.006347281007037964}, {"seed": "41", "accuracy_score": 1.0, "average_precision_score": 1.0, "balanced_accuracy_score": 1.0, "cohen_kappa_score": 1.0, "f1_score_macro": 1.0, "f1_score_micro": 1.0, "f1_score_weighted": 1.0, "matthews_corrcoef": 1.0, "precision_score": 1.0, "recall_score": 1.0, "roc_auc_score": 1.0, "coverage_error": -1.0, "label_ranking_average_precision_score": -1.0, "label_ranking_loss": -1.0, "training_time": 379.49767399900156, "test_time": 0.008290107005450409}, {"seed": "43",