{"id": 1510, "framework": "pycaret", "results": [{"seed": "2", "accuracy_score": 0.9385964912280702, "average_precision_score": 0.9432887224649239, "balanced_accuracy_score": 0.9415458937198068, "cohen_kappa_score": 0.8729703915950334, "f1_score_macro": 0.9364396654719236, "f1_score_micro": 0.9385964912280702, "f1_score_weighted": 0.938904609193234, "matthews_corrcoef": 0.8742669514434254, "precision_score": 0.9696969696969697, "recall_score": 0.927536231884058, "roc_auc_score": 0.9415458937198069, "coverage_error": -1.0, "label_ranking_average_precision_score": -1.0, "label_ranking_loss": -1.0, "training_time": 625.2444988969946, "test_time": 0.0031275729998014867}, {"seed": "3", "accuracy_score": 0.9473684210526315, "average_precision_score": 0.9468782438199222, "balanced_accuracy_score": 0.9422297297297297, "cohen_kappa_score": 0.8844594594594595, "f1_score_macro": 0.9422297297297297, "f1_score_micro": 0.9473684210526315, "f1_score_weighted": 0.9473684210526315, "matthews_corrcoef": 0.8844594594594595, "precision_score": 0.9594594594594594, "recall_score": 0.9594594594594594, "roc_auc_score": 0.9422297297297297, "coverage_error": -1.0, "label_ranking_average_precision_score": -1.0, "label_ranking_loss": -1.0, "training_time": 625.025713378971, "test_time": 0.00167643598979339}, {"seed": "5", "accuracy_score": 0.9824561403508771, "average_precision_score": 0.9705882352941176, "balanced_accuracy_score": 0.9791666666666667, "cohen_kappa_score": 0.9638095238095238, "f1_score_macro": 0.9818990155604954, "f1_score_micro": 0.9824561403508771, "f1_score_weighted": 0.982400427871839, "matthews_corrcoef": 0.9644413195335055, "precision_score": 0.9705882352941176, "recall_score": 1.0, "roc_auc_score": 0.9791666666666667, "coverage_error": -1.0, "label_ranking_average_precision_score": -1.0, "label_ranking_loss": -1.0, "training_time": 641.6666835519718, "test_time": 0.0029025549883954227}, {"seed": "7", "accuracy_score": 0.9824561403508771, "average_precision_score": 0.9736842105263158, "balanced_accuracy_score": 0.975, "cohen_kappa_score": 0.961038961038961, "f1_score_macro": 0.9805128205128204, "f1_score_micro": 0.9824561403508771, "f1_score_weighted": 0.9823481781376517, "matthews_corrcoef": 0.9617692030835673, "precision_score": 0.9736842105263158, "recall_score": 1.0, "roc_auc_score": 0.975, "coverage_error": -1.0, "label_ranking_average_precision_score": -1.0, "label_ranking_loss": -1.0, "training_time": 622.2542460350087, "test_time": 0.0030118459835648537}, {"seed": "11", "accuracy_score": 0.9649122807017544, "average_precision_score": 0.95, "balanced_accuracy_score": 0.9473684210526316, "cohen_kappa_score": 0.918918918918919, "f1_score_macro": 0.9594017094017093, "f1_score_micro": 0.9649122807017544, "f1_score_weighted": 0.9643874643874643, "matthews_corrcoef": 0.9219544457292888, "precision_score": 0.95, "recall_score": 1.0, "roc_auc_score": 0.9473684210526316, "coverage_error": -1.0, "label_ranking_average_precision_score": -1.0, "label_ranking_loss": -1.0, "training_time": 616.927606348996, "test_time": 0.03096584603190422}, {"seed": "13", "accuracy_score": 0.9649122807017544, "average_precision_score": 0.9669192705629953, "balanced_accuracy_score": 0.9594017094017093, "cohen_kappa_score": 0.9188034188034188, "f1_score_macro": 0.9594017094017093, "f1_score_micro": 0.9649122807017544, "f1_score_weighted": 0.9649122807017544, "matthews_corrcoef": 0.9188034188034188, "precision_score": 0.9743589743589743, "recall_score": 0.9743589743589743, "roc_auc_score": 0.9594017094017093, "coverage_error": -1.0, "label_ranking_average_precision_score": -1.0, "label_ranking_loss": -1.0, "training_time": 609.8111234360258, "test_time": 0.028807176975533366}, {"seed": "17", "accuracy_score": 0.9649122807017544, "average_precision_score": 0.9656048014773777, "balanced_accuracy_score": 0.9605263157894737, "cohen_kappa_score": 0.9210526315789473, "f1_score_macro": 0.9605263157894737, "f1_score_micro": 0.9649122807017544, "f1_score_weighted": 0.9649122807017544, "matthews_corrcoef": 0.9210526315789473, "precision_score": 0.9736842105263158, "recall_score": 0.9736842105263158, "roc_auc_score": 0.9605263157894739, "coverage_error": -1.0, "label_ranking_average_precision_score": -1.0, "label_ranking_loss": -1.0, "training_time": 648.6184901899542, "test_time": 0.029561311996076256}, {"seed": "19", "accuracy_score": 0.9385964912280702, "average_precision_score": 0.9143731832519018, "balanced_accuracy_score": 0.9260869565217391, "cohen_kappa_score": 0.8689655172413793, "f1_score_macro": 0.9343480049362403, "f1_score_micro": 0.9385964912280702, "f1_score_weighted": 0.9378639935915477, "matthews_corrcoef": 0.8727968738937663, "precision_score": 0.918918918918919, "recall_score": 0.9855072463768116, "roc_auc_score": 0.9260869565217391, "coverage_error": -1.0, "label_ranking_average_precision_score": -1.0, "label_ranking_loss": -1.0, "training_time": 580.4643852449954, "test_time": 0.030479951004963368}, {"seed": "23", "accuracy_score": 0.9736842105263158, "average_precision_score": 0.977724039829303, "balanced_accuracy_score": 0.9738461538461538, "cohen_kappa_score": 0.9418960244648318, "f1_score_macro": 0.9709455441338883, "f1_score_micro": 0.9736842105263158, "f1_score_weighted": 0.9737624581375282, "matthews_corrcoef": 0.9420727357805444, "precision_score": 0.9864864864864865, "recall_score": 0.9733333333333334, "roc_auc_score": 0.9738461538461538, "coverage_error": -1.0, "label_ranking_average_precision_score": -1.0, "label_ranking_loss": -1.0, "training_time": 607.0830517719733, "test_time": 0.02709171996684745}, {"seed": "29", "accuracy_score": 0.9649122807017544, "average_precision_score": 0.9569970380496696, "balanced_accuracy_score": 0.9548717948717949, "cohen_kappa_score": 0.9210799584631361, "f1_score_macro": 0.9605263157894737, "f1_score_micro": 0.9649122807017544, "f1_score_weighted": 0.9646814404432132, "matthews_corrcoef": 0.9217979006872221, "precision_score": 0.961038961038961, "recall_score": 0.9866666666666667, "roc_auc_score": 0.954871794871795, "coverage_error": -1.0, "label_ranking_average_precision_score": -1.0, "label_ranking_loss": -1.0, "training_time": 582.3527726639877, "test_time": 0.002604626992251724}, {"seed": "31", "accuracy_score": 0.9736842105263158, "average_precision_score": 0.9729938822633245, "balanced_accuracy_score": 0.9744363289933312, "cohen_kappa_score": 0.9458689458689459, "f1_score_macro": 0.9729323308270676, "f1_score_micro": 0.9736842105263158, "f1_score_weighted": 0.9737237831420658, "matthews_corrcoef": 0.9460229589089657, "precision_score": 0.9848484848484849, "recall_score": 0.9701492537313433, "roc_auc_score": 0.9744363289933311, "coverage_error": -1.0, "label_ranking_average_precision_score": -1.0, "label_ranking_loss": -1.0, "training_time": 613.9831988819642, "test_time": 0.0033457920071668923}, {"seed": "37", "accuracy_score": 0.9649122807017544, "average_precision_score": 0.9563181602655287, "balanced_accuracy_score": 0.9557432432432433, "cohen_kappa_score": 0.922077922077922, "f1_score_macro": 0.961025641025641, "f1_score_micro": 0.9649122807017544, "f1_score_weighted": 0.9646963562753036, "matthews_corrcoef": 0.9227785597153145, "precision_score": 0.9605263157894737, "recall_score": 0.9864864864864865, "roc_auc_score": 0.9557432432432432, "coverage_error": -1.0, "label_ranking_average_precision_score": -1.0, "label_ranking_loss": -1.0, "training_time": 658.2271431289846, "test_time": 0.02813215903006494}, {"seed": "41", "accuracy_score": 0.9912280701754386, "average_precision_score": 0.9952584163110479, "balanced_accuracy_score": 0.9932432432432432, "cohen_kappa_score": 0.9808532079274437, "f1_score_macro": 0.9904257999496096, "f1_score_micro": 0.9912280701754386, "f1_score_weighted": 0.9912523813944032, "matthews_corrcoef": 0.9810330475955543, "precision_score": 1.0, "recall_score": 0.9864864864864865, "roc_auc_score": 0.9932432432432432, "coverage_error": -1.0, "label_ranking_average_precision_score": -1.0,