{
    "id": 1510,
    "framework": "h2o",
    "results": [
        {
            "seed": "2",
            "accuracy_score": 0.9210526315789473,
            "average_precision_score": 0.9168349261901557,
            "balanced_accuracy_score": 0.9193236714975845,
            "cohen_kappa_score": 0.8354186717998076,
            "f1_score_macro": 0.9177027352209834,
            "f1_score_micro": 0.9210526315789473,
            "f1_score_weighted": 0.9211982792466851,
            "matthews_corrcoef": 0.8355583920095682,
            "precision_score": 0.9411764705882353,
            "recall_score": 0.927536231884058,
            "roc_auc_score": 0.9193236714975846,
            "coverage_error": -1.0,
            "label_ranking_average_precision_score": -1.0,
            "label_ranking_loss": -1.0,
            "training_time": 305.58905090996996,
            "test_time": 0.06473389198072255
        },
        {
            "seed": "3",
            "accuracy_score": 0.9122807017543859,
            "average_precision_score": 0.9132898901746698,
            "balanced_accuracy_score": 0.9037162162162162,
            "cohen_kappa_score": 0.8074324324324325,
            "f1_score_macro": 0.9037162162162162,
            "f1_score_micro": 0.9122807017543859,
            "f1_score_weighted": 0.9122807017543859,
            "matthews_corrcoef": 0.8074324324324325,
            "precision_score": 0.9324324324324325,
            "recall_score": 0.9324324324324325,
            "roc_auc_score": 0.9037162162162162,
            "coverage_error": -1.0,
            "label_ranking_average_precision_score": -1.0,
            "label_ranking_loss": -1.0,
            "training_time": 301.8503238160047,
            "test_time": 0.05114968097768724
        },
        {
            "seed": "5",
            "accuracy_score": 0.9385964912280702,
            "average_precision_score": 0.9103937821506392,
            "balanced_accuracy_score": 0.9299242424242424,
            "cohen_kappa_score": 0.8722382324687801,
            "f1_score_macro": 0.935991016282987,
            "f1_score_micro": 0.9385964912280702,
            "f1_score_weighted": 0.938030083631313,
            "matthews_corrcoef": 0.8758931191737623,
            "precision_score": 0.9154929577464789,
            "recall_score": 0.9848484848484849,
            "roc_auc_score": 0.9299242424242424,
            "coverage_error": -1.0,
            "label_ranking_average_precision_score": -1.0,
            "label_ranking_loss": -1.0,
            "training_time": 301.64659934601514,
            "test_time": 0.049465830030385405
        },
        {
            "seed": "7",
            "accuracy_score": 0.9210526315789473,
            "average_precision_score": 0.8978276522136172,
            "balanced_accuracy_score": 0.8932432432432433,
            "cohen_kappa_score": 0.8194297782470961,
            "f1_score_macro": 0.9093239063190456,
            "f1_score_micro": 0.9210526315789473,
            "f1_score_weighted": 0.9190501662906716,
            "matthews_corrcoef": 0.827632699315273,
            "precision_score": 0.9012345679012346,
            "recall_score": 0.9864864864864865,
            "roc_auc_score": 0.8932432432432432,
            "coverage_error": -1.0,
            "label_ranking_average_precision_score": -1.0,
            "label_ranking_loss": -1.0,
            "training_time": 301.10464797500754,
            "test_time": 0.053165959019679576
        },
        {
            "seed": "11",
            "accuracy_score": 0.956140350877193,
            "average_precision_score": 0.9612280701754387,
            "balanced_accuracy_score": 0.9539473684210527,
            "cohen_kappa_score": 0.9019607843137255,
            "f1_score_macro": 0.950976176141739,
            "f1_score_micro": 0.956140350877193,
            "f1_score_weighted": 0.9562799231673403,
            "matthews_corrcoef": 0.9021342216356466,
            "precision_score": 0.9733333333333334,
            "recall_score": 0.9605263157894737,
            "roc_auc_score": 0.9539473684210527,
            "coverage_error": -1.0,
            "label_ranking_average_precision_score": -1.0,
            "label_ranking_loss": -1.0,
            "training_time": 301.1153353069676,
            "test_time": 0.05561004899209365
        },
        {
            "seed": "13",
            "accuracy_score": 0.8596491228070176,
            "average_precision_score": 0.882085020242915,
            "balanced_accuracy_score": 0.8450854700854701,
            "cohen_kappa_score": 0.6799999999999999,
            "f1_score_macro": 0.8399438399438399,
            "f1_score_micro": 0.8596491228070176,
            "f1_score_weighted": 0.8606343869501764,
            "matthews_corrcoef": 0.6805446536716203,
            "precision_score": 0.9078947368421053,
            "recall_score": 0.8846153846153846,
            "roc_auc_score": 0.8450854700854701,
            "coverage_error": -1.0,
            "label_ranking_average_precision_score": -1.0,
            "label_ranking_loss": -1.0,
            "training_time": 301.7981686280109,
            "test_time": 0.05293396004708484
        },
        {
            "seed": "17",
            "accuracy_score": 0.956140350877193,
            "average_precision_score": 0.9612280701754387,
            "balanced_accuracy_score": 0.9539473684210527,
            "cohen_kappa_score": 0.9019607843137255,
            "f1_score_macro": 0.950976176141739,
            "f1_score_micro": 0.956140350877193,
            "f1_score_weighted": 0.9562799231673403,
            "matthews_corrcoef": 0.9021342216356466,
            "precision_score": 0.9733333333333334,
            "recall_score": 0.9605263157894737,
            "roc_auc_score": 0.9539473684210527,
            "coverage_error": -1.0,
            "label_ranking_average_precision_score": -1.0,
            "label_ranking_loss": -1.0,
            "training_time": 305.12193628802197,
            "test_time": 0.06562917795963585
        },
        {
            "seed": "19",
            "accuracy_score": 0.9210526315789473,
            "average_precision_score": 0.8967056301152411,
            "balanced_accuracy_score": 0.9077294685990338,
            "cohen_kappa_score": 0.8315270935960591,
            "f1_score_macro": 0.9155902920608803,
            "f1_score_micro": 0.9210526315789473,
            "f1_score_weighted": 0.9201108489034185,
            "matthews_corrcoef": 0.8351933804607015,
            "precision_score": 0.9054054054054054,
            "recall_score": 0.9710144927536232,
            "roc_auc_score": 0.9077294685990338,
            "coverage_error": -1.0,
            "label_ranking_average_precision_score": -1.0,
            "label_ranking_loss": -1.0,
            "training_time": 305.1552177859703,
            "test_time": 0.05958717601606622
        },
        {
            "seed": "23",
            "accuracy_score": 0.9210526315789473,
            "average_precision_score": 0.9194736842105263,
            "balanced_accuracy_score": 0.9092307692307693,
            "cohen_kappa_score": 0.8235294117647058,
            "f1_score_macro": 0.9117571170551303,
            "f1_score_micro": 0.9210526315789473,
            "f1_score_weighted": 0.920801401456682,
            "matthews_corrcoef": 0.823687767580373,
            "precision_score": 0.9342105263157895,
            "recall_score": 0.9466666666666667,
            "roc_auc_score": 0.9092307692307693,
            "coverage_error": -1.0,
            "label_ranking_average_precision_score": -1.0,
            "label_ranking_loss": -1.0,
            "training_time": 305.24219577299664,
            "test_time": 0.0632137680076994
        },
        {
            "seed": "29",
            "accuracy_score": 0.9122807017543859,
            "average_precision_score": 0.9222206200432588,
            "balanced_accuracy_score": 0.9087179487179488,
            "cohen_kappa_score": 0.8074974670719351,