{"framework": "h2o", "accuracy_score": 0.9122807017543859, "average_precision_score": 0.9301971070688639, "balanced_accuracy_score": 0.9204061578774976, "cohen_kappa_score": 0.8182977366911062, "f1_score_macro": 0.9088874680306905, "f1_score_micro": 0.9122807017543859, "f1_score_weighted": 0.9132061291335756, "matthews_corrcoef": 0.82320452346586, "precision_score": 0.9692307692307692, "recall_score": 0.8873239436619719, "roc_auc_score": 0.9204061578774977, "coverage_error": -1.0, "label_ranking_average_precision_score": -1.0, "label_ranking_loss": -1.0, "training_time": "00:10:00", "test_time": "00:00:00"}