{"framework": "h2o", "accuracy_score": 0.9385964912280702, "average_precision_score": 0.9460966002412826, "balanced_accuracy_score": 0.9415329184408778, "cohen_kappa_score": 0.8710823909531502, "f1_score_macro": 0.9354943011882629, "f1_score_micro": 0.9385964912280702, "f1_score_weighted": 0.9389687540328472, "matthews_corrcoef": 0.8724149787888912, "precision_score": 0.9705882352941176, "recall_score": 0.9295774647887324, "roc_auc_score": 0.9415329184408779, "training_time": "00:09:59", "test_time": "00:00:00"}