{"id": 1510, "framework": "tpot", "results": [{"seed": "2", "accuracy_score": 0.956140350877193, "average_precision_score": 0.9547045362767532, "balanced_accuracy_score": 0.9560386473429952, "cohen_kappa_score": 0.9085659287776708, "f1_score_macro": 0.9542792973449907, "f1_score_micro": 0.956140350877193, "f1_score_weighted": 0.9562212662481583, "matthews_corrcoef": 0.9087178825541847, "precision_score": 0.9705882352941176, "recall_score": 0.9565217391304348, "roc_auc_score": 0.9560386473429953, "coverage_error": -1.0, "label_ranking_average_precision_score": -1.0, "label_ranking_loss": -1.0, "training_time": 318.96670844900655, "test_time": 0.012629094999283552}, {"seed": "3", "accuracy_score": 0.9473684210526315, "average_precision_score": 0.9468782438199222, "balanced_accuracy_score": 0.9422297297297297, "cohen_kappa_score": 0.8844594594594595, "f1_score_macro": 0.9422297297297297, "f1_score_micro": 0.9473684210526315, "f1_score_weighted": 0.9473684210526315, "matthews_corrcoef": 0.8844594594594595, "precision_score": 0.9594594594594594, "recall_score": 0.9594594594594594, "roc_auc_score": 0.9422297297297297, "coverage_error": -1.0, "label_ranking_average_precision_score": -1.0, "label_ranking_loss": -1.0, "training_time": 301.917226828984, "test_time": 0.0017222800524905324}, {"seed": "5", "accuracy_score": 0.9736842105263158, "average_precision_score": 0.9642219524387632, "balanced_accuracy_score": 0.9715909090909092, "cohen_kappa_score": 0.9458689458689459, "f1_score_macro": 0.9729323308270676, "f1_score_micro": 0.9736842105263158, "f1_score_weighted": 0.973644637910566, "matthews_corrcoef": 0.9460229589089657, "precision_score": 0.9701492537313433, "recall_score": 0.9848484848484849, "roc_auc_score": 0.9715909090909092, "coverage_error": -1.0, "label_ranking_average_precision_score": -1.0, "label_ranking_loss": -1.0, "training_time": 301.66386274201795, "test_time": 0.001988467003684491}, {"seed": "7", "accuracy_score": 0.9736842105263158, "average_precision_score": 0.961038961038961, "balanced_accuracy_score": 0.9625, "cohen_kappa_score": 0.9412169130285322, "f1_score_macro": 0.9705857056850433, "f1_score_micro": 0.9736842105263158, "f1_score_weighted": 0.9734329804040505, "matthews_corrcoef": 0.9428473041596073, "precision_score": 0.961038961038961, "recall_score": 1.0, "roc_auc_score": 0.9625, "coverage_error": -1.0, "label_ranking_average_precision_score": -1.0, "label_ranking_loss": -1.0, "training_time": 307.09356050001225, "test_time": 0.002192325016949326}, {"seed": "11", "accuracy_score": 0.9824561403508771, "average_precision_score": 0.982629270544783, "balanced_accuracy_score": 0.9802631578947368, "cohen_kappa_score": 0.9605263157894737, "f1_score_macro": 0.9802631578947368, "f1_score_micro": 0.9824561403508771, "f1_score_weighted": 0.9824561403508771, "matthews_corrcoef": 0.9605263157894737, "precision_score": 0.9868421052631579, "recall_score": 0.9868421052631579, "roc_auc_score": 0.980263157894737, "coverage_error": -1.0, "label_ranking_average_precision_score": -1.0, "label_ranking_loss": -1.0, "training_time": 305.9198818979785, "test_time": 0.005807793000712991}, {"seed": "13", "accuracy_score": 0.9473684210526315, "average_precision_score": 0.9588394062078273, "balanced_accuracy_score": 0.9465811965811965, "cohen_kappa_score": 0.88, "f1_score_macro": 0.93997893997894, "f1_score_micro": 0.9473684210526315, "f1_score_weighted": 0.9477378951063162, "matthews_corrcoef": 0.8807048459279792, "precision_score": 0.9736842105263158, "recall_score": 0.9487179487179487, "roc_auc_score": 0.9465811965811965, "coverage_error": -1.0, "label_ranking_average_precision_score": -1.0, "label_ranking_loss": -1.0, "training_time": 307.5772755019716, "test_time": 0.001955226995050907}, {"seed": "17", "accuracy_score": 0.9736842105263158, "average_precision_score": 0.9620253164556962, "balanced_accuracy_score": 0.9605263157894737, "cohen_kappa_score": 0.9395973154362416, "f1_score_macro": 0.9697746354396819, "f1_score_micro": 0.9736842105263158, "f1_score_weighted": 0.973398144056562, "matthews_corrcoef": 0.9413160730419345, "precision_score": 0.9620253164556962, "recall_score": 1.0, "roc_auc_score": 0.9605263157894737, "coverage_error": -1.0, "label_ranking_average_precision_score": -1.0, "label_ranking_loss": -1.0, "training_time": 319.47161245002644, "test_time": 0.0023881920496933162}, {"seed": "19", "accuracy_score": 0.9210526315789473, "average_precision_score": 0.8967056301152411, "balanced_accuracy_score": 0.9077294685990338, "cohen_kappa_score": 0.8315270935960591, "f1_score_macro": 0.9155902920608803, "f1_score_micro": 0.9210526315789473, "f1_score_weighted": 0.9201108489034185, "matthews_corrcoef": 0.8351933804607015, "precision_score": 0.9054054054054054, "recall_score": 0.9710144927536232, "roc_auc_score": 0.9077294685990338, "coverage_error": -1.0, "label_ranking_average_precision_score": -1.0, "label_ranking_loss": -1.0, "training_time": 304.80836273002205, "test_time": 0.0017224999610334635}, {"seed": "23", "accuracy_score": 0.9649122807017544, "average_precision_score": 0.9569970380496696, "balanced_accuracy_score": 0.9548717948717949, "cohen_kappa_score": 0.9210799584631361, "f1_score_macro": 0.9605263157894737, "f1_score_micro": 0.9649122807017544, "f1_score_weighted": 0.9646814404432132, "matthews_corrcoef": 0.9217979006872221, "precision_score": 0.961038961038961, "recall_score": 0.9866666666666667, "roc_auc_score": 0.954871794871795, "coverage_error": -1.0, "label_ranking_average_precision_score": -1.0, "label_ranking_loss": -1.0, "training_time": 304.0873939600424, "test_time": 0.001861808996181935}, {"seed": "29", "accuracy_score": 0.9298245614035088, "average_precision_score": 0.9239781271360219, "balanced_accuracy_score": 0.9158974358974359, "cohen_kappa_score": 0.8421599169262721, "f1_score_macro": 0.9210526315789473, "f1_score_micro": 0.9298245614035088, "f1_score_weighted": 0.9293628808864266, "matthews_corrcoef": 0.8428163443712933, "precision_score": 0.935064935064935, "recall_score": 0.96, "roc_auc_score": 0.9158974358974359, "coverage_error": -1.0, "label_ranking_average_precision_score": -1.0, "label_ranking_loss": -1.0, "training_time": 303.33184533100575, "test_time": 0.001623340998776257}, {"seed": "31", "accuracy_score": 0.956140350877193, "average_precision_score": 0.9375565780121946, "balanced_accuracy_score": 0.9499841219434741, "cohen_kappa_score": 0.9086245591535749, "f1_score_macro": 0.9542792973449907, "f1_score_micro": 0.956140350877193, "f1_score_weighted": 0.9558976047642969, "matthews_corrcoef": 0.9099932216059111, "precision_score": 0.9428571428571428, "recall_score": 0.9850746268656716, "roc_auc_score": 0.949984121943474, "coverage_error": -1.0, "label_ranking_average_precision_score": -1.0, "label_ranking_loss": -1.0, "training_time": 301.72414528700756, "test_time": 0.0019260079716332257}, {"seed": "37", "accuracy_score": 0.9385964912280702, "average_precision_score": 0.9346040777619724, "balanced_accuracy_score": 0.9297297297297298, "cohen_kappa_score": 0.8644240570846076, "f1_score_macro": 0.9322062696457395, "f1_score_micro": 0.9385964912280702, "f1_score_weighted": 0.938413913468575, "matthews_corrcoef": 0.8645862337033567, "precision_score": 0.9466666666666667, "recall_score": 0.9594594594594594, "roc_auc_score": 0.9297297297297298, "coverage_error": -1.0, "label_ranking_average_precision_score": -1.0, "label_ranking_loss": -1.0, "training_time": 304.9332597019966, "test_time": 0.001771528972312808}, {"seed": "41", "accuracy_score": 0.9473684210526315, "average_precision_score": 0.9547573889679153, "balanced_accuracy_score": 0.9479729729729729, "cohen_kappa_score": 0.8857715430861723, "f1_score_macro": 0.942866688940862, "f1_score_micro": 0.9473684210526315, "f1_score_weighted": 0.9476497793096171, "matthews_corrcoef": 0.8864143349643965, "precision_score": 0.9722222222222222, "recall_score": 0.9459459459459459, "roc_auc_score": 0.947972972972973, "coverage_error": -1.0,