{
    "id": 1510,
    "framework": "pycaret",
    "results": [
        {
            "seed": "2",
            "accuracy_score": 0.9385964912280702,
            "average_precision_score": 0.9432887224649239,
            "balanced_accuracy_score": 0.9415458937198068,
            "cohen_kappa_score": 0.8729703915950334,
            "f1_score_macro": 0.9364396654719236,
            "f1_score_micro": 0.9385964912280702,
            "f1_score_weighted": 0.938904609193234,
            "matthews_corrcoef": 0.8742669514434254,
            "precision_score": 0.9696969696969697,
            "recall_score": 0.927536231884058,
            "roc_auc_score": 0.9415458937198069,
            "coverage_error": -1.0,
            "label_ranking_average_precision_score": -1.0,
            "label_ranking_loss": -1.0,
            "training_time": 24.00937588326633,
            "test_time": 0.09757526218891144
        },
        {
            "seed": "3",
            "accuracy_score": 0.9473684210526315,
            "average_precision_score": 0.9468782438199222,
            "balanced_accuracy_score": 0.9422297297297297,
            "cohen_kappa_score": 0.8844594594594595,
            "f1_score_macro": 0.9422297297297297,
            "f1_score_micro": 0.9473684210526315,
            "f1_score_weighted": 0.9473684210526315,
            "matthews_corrcoef": 0.8844594594594595,
            "precision_score": 0.9594594594594594,
            "recall_score": 0.9594594594594594,
            "roc_auc_score": 0.9422297297297297,
            "coverage_error": -1.0,
            "label_ranking_average_precision_score": -1.0,
            "label_ranking_loss": -1.0,
            "training_time": 24.34218169003725,
            "test_time": 0.09398669097572565
        },
        {
            "seed": "5",
            "accuracy_score": 0.9736842105263158,
            "average_precision_score": 0.9565217391304348,
            "balanced_accuracy_score": 0.96875,
            "cohen_kappa_score": 0.9455587392550143,
            "f1_score_macro": 0.9727598566308244,
            "f1_score_micro": 0.9736842105263158,
            "f1_score_weighted": 0.973552159969817,
            "matthews_corrcoef": 0.9469631093315001,
            "precision_score": 0.9565217391304348,
            "recall_score": 1.0,
            "roc_auc_score": 0.96875,
            "coverage_error": -1.0,
            "label_ranking_average_precision_score": -1.0,
            "label_ranking_loss": -1.0,
            "training_time": 26.34628279041499,
            "test_time": 0.10300914291292429
        },
        {
            "seed": "7",
            "accuracy_score": 0.9824561403508771,
            "average_precision_score": 0.9736842105263158,
            "balanced_accuracy_score": 0.975,
            "cohen_kappa_score": 0.961038961038961,
            "f1_score_macro": 0.9805128205128204,
            "f1_score_micro": 0.9824561403508771,
            "f1_score_weighted": 0.9823481781376517,
            "matthews_corrcoef": 0.9617692030835673,
            "precision_score": 0.9736842105263158,
            "recall_score": 1.0,
            "roc_auc_score": 0.975,
            "coverage_error": -1.0,
            "label_ranking_average_precision_score": -1.0,
            "label_ranking_loss": -1.0,
            "training_time": 23.276974886655807,
            "test_time": 0.10009186994284391
        },
        {
            "seed": "11",
            "accuracy_score": 0.9736842105263158,
            "average_precision_score": 0.9699817726133515,
            "balanced_accuracy_score": 0.9671052631578947,
            "cohen_kappa_score": 0.9403973509933775,
            "f1_score_macro": 0.9701960784313725,
            "f1_score_micro": 0.9736842105263158,
            "f1_score_weighted": 0.9735947712418299,
            "matthews_corrcoef": 0.9405830025555346,
            "precision_score": 0.974025974025974,
            "recall_score": 0.9868421052631579,
            "roc_auc_score": 0.9671052631578948,
            "coverage_error": -1.0,
            "label_ranking_average_precision_score": -1.0,
            "label_ranking_loss": -1.0,
            "training_time": 27.09566214121878,
            "test_time": 0.09123629238456488
        },
        {
            "seed": "13",
            "accuracy_score": 0.9649122807017544,
            "average_precision_score": 0.9669192705629953,
            "balanced_accuracy_score": 0.9594017094017093,
            "cohen_kappa_score": 0.9188034188034188,
            "f1_score_macro": 0.9594017094017093,
            "f1_score_micro": 0.9649122807017544,
            "f1_score_weighted": 0.9649122807017544,
            "matthews_corrcoef": 0.9188034188034188,
            "precision_score": 0.9743589743589743,
            "recall_score": 0.9743589743589743,
            "roc_auc_score": 0.9594017094017093,
            "coverage_error": -1.0,
            "label_ranking_average_precision_score": -1.0,
            "label_ranking_loss": -1.0,
            "training_time": 23.6245677145198,
            "test_time": 0.09742694534361362
        },
        {
            "seed": "17",
            "accuracy_score": 0.9736842105263158,
            "average_precision_score": 0.9699817726133515,
            "balanced_accuracy_score": 0.9671052631578947,
            "cohen_kappa_score": 0.9403973509933775,
            "f1_score_macro": 0.9701960784313725,
            "f1_score_micro": 0.9736842105263158,
            "f1_score_weighted": 0.9735947712418299,
            "matthews_corrcoef": 0.9405830025555346,
            "precision_score": 0.974025974025974,
            "recall_score": 0.9868421052631579,
            "roc_auc_score": 0.9671052631578948,
            "coverage_error": -1.0,
            "label_ranking_average_precision_score": -1.0,
            "label_ranking_loss": -1.0,
            "training_time": 26.27251437678933,
            "test_time": 0.09451178461313248
        },
        {
            "seed": "19",
            "accuracy_score": 0.9385964912280702,
            "average_precision_score": 0.9143731832519018,
            "balanced_accuracy_score": 0.9260869565217391,
            "cohen_kappa_score": 0.8689655172413793,
            "f1_score_macro": 0.9343480049362403,
            "f1_score_micro": 0.9385964912280702,
            "f1_score_weighted": 0.9378639935915477,
            "matthews_corrcoef": 0.8727968738937663,
            "precision_score": 0.918918918918919,
            "recall_score": 0.9855072463768116,
            "roc_auc_score": 0.9260869565217391,
            "coverage_error": -1.0,
            "label_ranking_average_precision_score": -1.0,
            "label_ranking_loss": -1.0,
            "training_time": 23.452492983080447,
            "test_time": 0.09727714769542217
        },
        {
            "seed": "23",
            "accuracy_score": 0.9736842105263158,
            "average_precision_score": 0.977724039829303,
            "balanced_accuracy_score": 0.9738461538461538,
            "cohen_kappa_score": 0.9418960244648318,
            "f1_score_macro": 0.9709455441338883,
            "f1_score_micro": 0.9736842105263158,
            "f1_score_weighted": 0.9737624581375282,
            "matthews_corrcoef": 0.9420727357805444,
            "precision_score": 0.9864864864864865,
            "recall_score": 0.9733333333333334,
            "roc_auc_score": 0.9738461538461538,
            "coverage_error": -1.0,
            "label_ranking_average_precision_score": -1.0,
            "label_ranking_loss": -1.0,
            "training_time": 23.19132429175079,
            "test_time": 0.1124084610491991
        },
        {
            "seed": "29",
            "accuracy_score": 0.9473684210526315,
            "average_precision_score": 0.9329913391072618,
            "balanced_accuracy_score": 0.9292307692307693,
            "cohen_kappa_score": 0.8801261829652997,
            "f1_score_macro": 0.93997893997894,
            "f1_score_micro": 0.9473684210526315,