{"framework": "autopytorch", "accuracy_score": 0.9824561403508771, "average_precision_score": 0.9726027397260274, "balanced_accuracy_score": 0.9767441860465116, "cohen_kappa_score": 0.9623140495867769, "f1_score_macro": 0.9811507936507937, "f1_score_micro": 0.9824561403508771, "f1_score_weighted": 0.9823691172375383, "matthews_corrcoef": 0.962998132394131, "precision_score": 0.9726027397260274, "recall_score": 1.0, "roc_auc_score": 0.9767441860465117, "training_time": "00:10:15", "test_time": "00:00:28"}