{
    "id": 1510,
    "framework": "gama",
    "results": [
        {
            "seed": "2",
            "accuracy_score": 0.956140350877193,
            "average_precision_score": 0.9547045362767532,
            "balanced_accuracy_score": 0.9560386473429952,
            "cohen_kappa_score": 0.9085659287776708,
            "f1_score_macro": 0.9542792973449907,
            "f1_score_micro": 0.956140350877193,
            "f1_score_weighted": 0.9562212662481583,
            "matthews_corrcoef": 0.9087178825541847,
            "precision_score": 0.9705882352941176,
            "recall_score": 0.9565217391304348,
            "roc_auc_score": 0.9560386473429953,
            "coverage_error": -1.0,
            "label_ranking_average_precision_score": -1.0,
            "label_ranking_loss": -1.0,
            "training_time": 270.09208906895947,
            "test_time": 0.0014864529948681593
        },
        {
            "seed": "3",
            "accuracy_score": 0.9473684210526315,
            "average_precision_score": 0.9468782438199222,
            "balanced_accuracy_score": 0.9422297297297297,
            "cohen_kappa_score": 0.8844594594594595,
            "f1_score_macro": 0.9422297297297297,
            "f1_score_micro": 0.9473684210526315,
            "f1_score_weighted": 0.9473684210526315,
            "matthews_corrcoef": 0.8844594594594595,
            "precision_score": 0.9594594594594594,
            "recall_score": 0.9594594594594594,
            "roc_auc_score": 0.9422297297297297,
            "coverage_error": -1.0,
            "label_ranking_average_precision_score": -1.0,
            "label_ranking_loss": -1.0,
            "training_time": 269.26748790207785,
            "test_time": 0.001302074990235269
        },
        {
            "seed": "5",
            "accuracy_score": 0.9824561403508771,
            "average_precision_score": 0.9705882352941176,
            "balanced_accuracy_score": 0.9791666666666667,
            "cohen_kappa_score": 0.9638095238095238,
            "f1_score_macro": 0.9818990155604954,
            "f1_score_micro": 0.9824561403508771,
            "f1_score_weighted": 0.982400427871839,
            "matthews_corrcoef": 0.9644413195335055,
            "precision_score": 0.9705882352941176,
            "recall_score": 1.0,
            "roc_auc_score": 0.9791666666666667,
            "coverage_error": -1.0,
            "label_ranking_average_precision_score": -1.0,
            "label_ranking_loss": -1.0,
            "training_time": 269.24460881005507,
            "test_time": 0.0015381830744445324
        },
        {
            "seed": "7",
            "accuracy_score": 0.9824561403508771,
            "average_precision_score": 0.9736842105263158,
            "balanced_accuracy_score": 0.975,
            "cohen_kappa_score": 0.961038961038961,
            "f1_score_macro": 0.9805128205128204,
            "f1_score_micro": 0.9824561403508771,
            "f1_score_weighted": 0.9823481781376517,
            "matthews_corrcoef": 0.9617692030835673,
            "precision_score": 0.9736842105263158,
            "recall_score": 1.0,
            "roc_auc_score": 0.975,
            "coverage_error": -1.0,
            "label_ranking_average_precision_score": -1.0,
            "label_ranking_loss": -1.0,
            "training_time": 269.18877105391584,
            "test_time": 0.0014516429509967566
        },
        {
            "seed": "11",
            "accuracy_score": 0.9736842105263158,
            "average_precision_score": 0.9699817726133515,
            "balanced_accuracy_score": 0.9671052631578947,
            "cohen_kappa_score": 0.9403973509933775,
            "f1_score_macro": 0.9701960784313725,
            "f1_score_micro": 0.9736842105263158,
            "f1_score_weighted": 0.9735947712418299,
            "matthews_corrcoef": 0.9405830025555346,
            "precision_score": 0.974025974025974,
            "recall_score": 0.9868421052631579,
            "roc_auc_score": 0.9671052631578948,
            "coverage_error": -1.0,
            "label_ranking_average_precision_score": -1.0,
            "label_ranking_loss": -1.0,
            "training_time": 269.3330904850736,
            "test_time": 0.0012859550770372152
        },
        {
            "seed": "13",
            "accuracy_score": 0.9649122807017544,
            "average_precision_score": 0.9752024291497975,
            "balanced_accuracy_score": 0.9668803418803419,
            "cohen_kappa_score": 0.92,
            "f1_score_macro": 0.9599859599859599,
            "f1_score_micro": 0.9649122807017544,
            "f1_score_weighted": 0.9651585967375441,
            "matthews_corrcoef": 0.9207368843792509,
            "precision_score": 0.9868421052631579,
            "recall_score": 0.9615384615384616,
            "roc_auc_score": 0.9668803418803419,
            "coverage_error": -1.0,
            "label_ranking_average_precision_score": -1.0,
            "label_ranking_loss": -1.0,
            "training_time": 269.7062002259772,
            "test_time": 0.005441377987153828
        },
        {
            "seed": "17",
            "accuracy_score": 0.9736842105263158,
            "average_precision_score": 0.9699817726133515,
            "balanced_accuracy_score": 0.9671052631578947,
            "cohen_kappa_score": 0.9403973509933775,
            "f1_score_macro": 0.9701960784313725,
            "f1_score_micro": 0.9736842105263158,
            "f1_score_weighted": 0.9735947712418299,
            "matthews_corrcoef": 0.9405830025555346,
            "precision_score": 0.974025974025974,
            "recall_score": 0.9868421052631579,
            "roc_auc_score": 0.9671052631578948,
            "coverage_error": -1.0,
            "label_ranking_average_precision_score": -1.0,
            "label_ranking_loss": -1.0,
            "training_time": 269.5561923159985,
            "test_time": 0.005333499982953072
        },
        {
            "seed": "19",
            "accuracy_score": 0.9473684210526315,
            "average_precision_score": 0.9267786798741942,
            "balanced_accuracy_score": 0.9371980676328502,
            "cohen_kappa_score": 0.888125613346418,
            "f1_score_macro": 0.9439895185063871,
            "f1_score_micro": 0.9473684210526315,
            "f1_score_weighted": 0.9468857206888823,
            "matthews_corrcoef": 0.8906061160850764,
            "precision_score": 0.9315068493150684,
            "recall_score": 0.9855072463768116,
            "roc_auc_score": 0.9371980676328502,
            "coverage_error": -1.0,
            "label_ranking_average_precision_score": -1.0,
            "label_ranking_loss": -1.0,
            "training_time": 269.24890686699655,
            "test_time": 0.0017779599875211716
        },
        {
            "seed": "23",
            "accuracy_score": 0.9824561403508771,
            "average_precision_score": 0.974025974025974,
            "balanced_accuracy_score": 0.9743589743589743,
            "cohen_kappa_score": 0.960539979231568,
            "f1_score_macro": 0.9802631578947368,
            "f1_score_micro": 0.9824561403508771,
            "f1_score_weighted": 0.9823407202216066,
            "matthews_corrcoef": 0.9612886788451865,
            "precision_score": 0.974025974025974,
            "recall_score": 1.0,
            "roc_auc_score": 0.9743589743589743,
            "coverage_error": -1.0,
            "label_ranking_average_precision_score": -1.0,
            "label_ranking_loss": -1.0,
            "training_time": 269.30514125106856,
            "test_time": 0.0013153449399396777
        },
        {
            "seed": "29",
            "accuracy_score": 0.9473684210526315,
            "average_precision_score": 0.9329913391072618,
            "balanced_accuracy_score": 0.9292307692307693,
            "cohen_kappa_score": 0.8801261829652997,
            "f1_score_macro": 0.93997893997894,
            "f1_score_micro": 0.9473684210526315,