{"id": 1510, "framework": "autogluon", "results": [{"seed": "2", "accuracy_score": 0.9385964912280702, "average_precision_score": 0.9432887224649239, "balanced_accuracy_score": 0.9415458937198068, "cohen_kappa_score": 0.8729703915950334, "f1_score_macro": 0.9364396654719236, "f1_score_micro": 0.9385964912280702, "f1_score_weighted": 0.938904609193234, "matthews_corrcoef": 0.8742669514434254, "precision_score": 0.9696969696969697, "recall_score": 0.927536231884058, "roc_auc_score": 0.9415458937198069, "coverage_error": -1.0, "label_ranking_average_precision_score": -1.0, "label_ranking_loss": -1.0, "training_time": 16.047901367011946, "test_time": 0.013752742030192167}, {"seed": "3", "accuracy_score": 0.9473684210526315, "average_precision_score": 0.9468782438199222, "balanced_accuracy_score": 0.9422297297297297, "cohen_kappa_score": 0.8844594594594595, "f1_score_macro": 0.9422297297297297, "f1_score_micro": 0.9473684210526315, "f1_score_weighted": 0.9473684210526315, "matthews_corrcoef": 0.8844594594594595, "precision_score": 0.9594594594594594, "recall_score": 0.9594594594594594, "roc_auc_score": 0.9422297297297297, "coverage_error": -1.0, "label_ranking_average_precision_score": -1.0, "label_ranking_loss": -1.0, "training_time": 6.2761187180294655, "test_time": 0.003585347963962704}, {"seed": "5", "accuracy_score": 0.9649122807017544, "average_precision_score": 0.9501712168120837, "balanced_accuracy_score": 0.9611742424242424, "cohen_kappa_score": 0.9276190476190476, "f1_score_macro": 0.9637980311209908, "f1_score_micro": 0.9649122807017544, "f1_score_weighted": 0.964800855743678, "matthews_corrcoef": 0.9282271197881763, "precision_score": 0.9558823529411765, "recall_score": 0.9848484848484849, "roc_auc_score": 0.9611742424242424, "coverage_error": -1.0, "label_ranking_average_precision_score": -1.0, "label_ranking_loss": -1.0, "training_time": 6.585061919991858, "test_time": 0.011903533013537526}, {"seed": "7", "accuracy_score": 0.9649122807017544, "average_precision_score": 0.9487179487179487, "balanced_accuracy_score": 0.95, "cohen_kappa_score": 0.9211618257261411, "f1_score_macro": 0.9605263157894737, "f1_score_micro": 0.9649122807017544, "f1_score_weighted": 0.9644506001846722, "matthews_corrcoef": 0.9240379612581693, "precision_score": 0.9487179487179487, "recall_score": 1.0, "roc_auc_score": 0.9500000000000001, "coverage_error": -1.0, "label_ranking_average_precision_score": -1.0, "label_ranking_loss": -1.0, "training_time": 6.951471449981909, "test_time": 0.008844611002132297}, {"seed": "11", "accuracy_score": 0.9649122807017544, "average_precision_score": 0.95, "balanced_accuracy_score": 0.9473684210526316, "cohen_kappa_score": 0.918918918918919, "f1_score_macro": 0.9594017094017093, "f1_score_micro": 0.9649122807017544, "f1_score_weighted": 0.9643874643874643, "matthews_corrcoef": 0.9219544457292888, "precision_score": 0.95, "recall_score": 1.0, "roc_auc_score": 0.9473684210526316, "coverage_error": -1.0, "label_ranking_average_precision_score": -1.0, "label_ranking_loss": -1.0, "training_time": 6.25075065495912, "test_time": 0.05699544702656567}, {"seed": "13", "accuracy_score": 0.956140350877193, "average_precision_score": 0.9549018602982627, "balanced_accuracy_score": 0.9455128205128205, "cohen_kappa_score": 0.8977395048439182, "f1_score_macro": 0.9488651655153852, "f1_score_micro": 0.956140350877193, "f1_score_weighted": 0.9559711605199416, "matthews_corrcoef": 0.8979273207571317, "precision_score": 0.9620253164556962, "recall_score": 0.9743589743589743, "roc_auc_score": 0.9455128205128205, "coverage_error": -1.0, "label_ranking_average_precision_score": -1.0, "label_ranking_loss": -1.0, "training_time": 6.623115643975325, "test_time": 0.011713184998370707}, {"seed": "17", "accuracy_score": 0.956140350877193, "average_precision_score": 0.9612280701754387, "balanced_accuracy_score": 0.9539473684210527, "cohen_kappa_score": 0.9019607843137255, "f1_score_macro": 0.950976176141739, "f1_score_micro": 0.956140350877193, "f1_score_weighted": 0.9562799231673403, "matthews_corrcoef": 0.9021342216356466, "precision_score": 0.9733333333333334, "recall_score": 0.9605263157894737, "roc_auc_score": 0.9539473684210527, "coverage_error": -1.0, "label_ranking_average_precision_score": -1.0, "label_ranking_loss": -1.0, "training_time": 6.266690852993634, "test_time": 0.006273657956626266}, {"seed": "19", "accuracy_score": 0.9385964912280702, "average_precision_score": 0.9078947368421053, "balanced_accuracy_score": 0.9222222222222223, "cohen_kappa_score": 0.8679245283018868, "f1_score_macro": 0.933693394266722, "f1_score_micro": 0.9385964912280702, "f1_score_weighted": 0.937489340301314, "matthews_corrcoef": 0.8755950357709131, "precision_score": 0.9078947368421053, "recall_score": 1.0, "roc_auc_score": 0.9222222222222223, "coverage_error": -1.0, "label_ranking_average_precision_score": -1.0, "label_ranking_loss": -1.0, "training_time": 6.334299048001412, "test_time": 0.009854985983110964}, {"seed": "23", "accuracy_score": 0.956140350877193, "average_precision_score": 0.9448403058929374, "balanced_accuracy_score": 0.9420512820512821, "cohen_kappa_score": 0.9007314524555904, "f1_score_macro": 0.9503267973856209, "f1_score_micro": 0.956140350877193, "f1_score_weighted": 0.9556931544547642, "matthews_corrcoef": 0.9023334009739741, "precision_score": 0.9487179487179487, "recall_score": 0.9866666666666667, "roc_auc_score": 0.9420512820512821, "coverage_error": -1.0, "label_ranking_average_precision_score": -1.0, "label_ranking_loss": -1.0, "training_time": 5.986070879967883, "test_time": 0.00502280198270455}, {"seed": "29", "accuracy_score": 0.9649122807017544, "average_precision_score": 0.9493670886075949, "balanced_accuracy_score": 0.9487179487179487, "cohen_kappa_score": 0.9200841219768665, "f1_score_macro": 0.95998595998596, "f1_score_micro": 0.9649122807017544, "f1_score_weighted": 0.9644196486301749, "matthews_corrcoef": 0.9230363509421837, "precision_score": 0.9493670886075949, "recall_score": 1.0, "roc_auc_score": 0.9487179487179488, "coverage_error": -1.0, "label_ranking_average_precision_score": -1.0, "label_ranking_loss": -1.0, "training_time": 6.468633470009081, "test_time": 0.012946736998856068}, {"seed": "31", "accuracy_score": 0.9912280701754386, "average_precision_score": 0.9852941176470589, "balanced_accuracy_score": 0.9893617021276595, "cohen_kappa_score": 0.9818413507486461, "f1_score_macro": 0.9909199522102747, "f1_score_micro": 0.9912280701754386, "f1_score_weighted": 0.9912133978913833, "matthews_corrcoef": 0.9820032652778046, "precision_score": 0.9852941176470589, "recall_score": 1.0, "roc_auc_score": 0.9893617021276595, "coverage_error": -1.0, "label_ranking_average_precision_score": -1.0, "label_ranking_loss": -1.0, "training_time": 6.807642645959277, "test_time": 0.07691107498249039}, {"seed": "37", "accuracy_score": 0.9649122807017544, "average_precision_score": 0.9563181602655287, "balanced_accuracy_score": 0.9557432432432433, "cohen_kappa_score": 0.922077922077922, "f1_score_macro": 0.961025641025641, "f1_score_micro": 0.9649122807017544, "f1_score_weighted": 0.9646963562753036, "matthews_corrcoef": 0.9227785597153145, "precision_score": 0.9605263157894737, "recall_score": 0.9864864864864865, "roc_auc_score": 0.9557432432432432, "coverage_error": -1.0, "label_ranking_average_precision_score": -1.0, "label_ranking_loss": -1.0, "training_time": 6.349680227984209, "test_time": 0.013883200008422136}, {"seed": "41", "accuracy_score": 0.9824561403508771, "average_precision_score": 0.9905168326220958, "balanced_accuracy_score": 0.9864864864864865, "cohen_kappa_score": 0.9619238476953907, "f1_score_macro": 0.9809555629802873, "f1_score_micro": 0.9824561403508771, "f1_score_weighted": 0.9825499264365392, "matthews_corrcoef": 0.962621902223779, "precision_score": 1.0, "recall_score": 0.972972972972973, "roc_auc_score": 0.9864864864864865, "coverage_error": -1.0, "label_ranking_average_precision_score": -1.0, "label_ranking_loss": -1.0,