{"framework": "autokeras", "accuracy_score": 0.6748971193415638, "average_precision_score": 0.7234060033011435, "balanced_accuracy_score": 0.7014354066985646, "cohen_kappa_score": 0.38044214942714216, "f1_score_macro": 0.6592954121927412, "f1_score_micro": 0.6748971193415638, "f1_score_weighted": 0.6523946571076851, "matthews_corrcoef": 0.4704225237032477, "precision_score": 0.9655172413793104, "recall_score": 0.42105263157894735, "roc_auc_score": 0.7014354066985646, "coverage_error": -1.0, "label_ranking_average_precision_score": -1.0, "label_ranking_loss": -1.0, "training_time": "00:00:55", "test_time": "00:00:00"}