{"framework": "evalml", "accuracy_score": 0.897119341563786, "average_precision_score": 0.8766415088052514, "balanced_accuracy_score": 0.8973684210526316, "cohen_kappa_score": 0.792867128098469, "f1_score_macro": 0.896417671230541, "f1_score_micro": 0.8971193415637861, "f1_score_weighted": 0.8972245921137728, "matthews_corrcoef": 0.7931121654307463, "precision_score": 0.9153846153846154, "recall_score": 0.8947368421052632, "roc_auc_score": 0.8973684210526317, "training_time": "00:10:00", "test_time": "00:00:00"}