{"framework": "autopytorch", "accuracy_score": 0.823045267489712, "average_precision_score": 0.816501958158182, "balanced_accuracy_score": 0.8296992481203007, "cohen_kappa_score": 0.6486904481726792, "f1_score_macro": 0.8230332797019223, "f1_score_micro": 0.823045267489712, "f1_score_weighted": 0.8231711392615035, "matthews_corrcoef": 0.658454024288326, "precision_score": 0.9017857142857143, "recall_score": 0.7593984962406015, "roc_auc_score": 0.8296992481203008, "coverage_error": -1.0, "label_ranking_average_precision_score": -1.0, "label_ranking_loss": -1.0, "training_time": "00:17:57", "test_time": "00:03:10"}