{"id": 1479, "framework": "pycaret", "results": [{"seed": "2", "accuracy_score": 0.9629629629629629, "average_precision_score": 0.9353353169438788, "balanced_accuracy_score": 0.9635254237288136, "cohen_kappa_score": 0.9259522600304724, "f1_score_macro": 0.9629604538911, "f1_score_micro": 0.9629629629629629, "f1_score_weighted": 0.9629692356426204, "matthews_corrcoef": 0.9267367526332778, "precision_score": 0.943089430894309, "recall_score": 0.9830508474576272, "roc_auc_score": 0.9635254237288136, "coverage_error": -1.0, "label_ranking_average_precision_score": -1.0, "label_ranking_loss": -1.0, "training_time": 1097.4310723009985, "test_time": 0.007936141977552325}, {"seed": "3", "accuracy_score": 0.9629629629629629, "average_precision_score": 0.9626568717477808, "balanced_accuracy_score": 0.9628099173553719, "cohen_kappa_score": 0.9259020836862613, "f1_score_macro": 0.9629001340141479, "f1_score_micro": 0.9629629629629629, "f1_score_weighted": 0.9629064169090293, "matthews_corrcoef": 0.9284544320137829, "precision_score": 1.0, "recall_score": 0.9256198347107438, "roc_auc_score": 0.9628099173553719, "coverage_error": -1.0, "label_ranking_average_precision_score": -1.0, "label_ranking_loss": -1.0, "training_time": 1097.7867893989896, "test_time": 0.007825437001883984}, {"seed": "5", "accuracy_score": 0.9670781893004116, "average_precision_score": 0.9556171152938001, "balanced_accuracy_score": 0.9671115025064354, "cohen_kappa_score": 0.9341597236334078, "f1_score_macro": 0.9670776317572145, "f1_score_micro": 0.9670781893004116, "f1_score_weighted": 0.9670770742140175, "matthews_corrcoef": 0.9342862971104343, "precision_score": 0.975, "recall_score": 0.9590163934426229, "roc_auc_score": 0.9671115025064354, "coverage_error": -1.0, "label_ranking_average_precision_score": -1.0, "label_ranking_loss": -1.0, "training_time": 1045.489880431036, "test_time": 0.00318298302590847}, {"seed": "7", "accuracy_score": 0.9588477366255144, "average_precision_score": 0.9359720526387193, "balanced_accuracy_score": 0.9581807081807081, "cohen_kappa_score": 0.9174816625916871, "f1_score_macro": 0.9587296195652173, "f1_score_micro": 0.9588477366255144, "f1_score_weighted": 0.9588113929146538, "matthews_corrcoef": 0.9179818622183689, "precision_score": 0.9461538461538461, "recall_score": 0.9761904761904762, "roc_auc_score": 0.9581807081807082, "coverage_error": -1.0, "label_ranking_average_precision_score": -1.0, "label_ranking_loss": -1.0, "training_time": 1042.1321684279828, "test_time": 0.0013989490107633173}, {"seed": "11", "accuracy_score": 0.9629629629629629, "average_precision_score": 0.9560764338542117, "balanced_accuracy_score": 0.9618437118437119, "cohen_kappa_score": 0.9256653410829, "f1_score_macro": 0.9628016940792272, "f1_score_micro": 0.9629629629629629, "f1_score_weighted": 0.9628924078263286, "matthews_corrcoef": 0.9272163283207191, "precision_score": 0.990909090909091, "recall_score": 0.9316239316239316, "roc_auc_score": 0.9618437118437119, "coverage_error": -1.0, "label_ranking_average_precision_score": -1.0, "label_ranking_loss": -1.0, "training_time": 1050.2220296930172, "test_time": 0.0016018659807741642}, {"seed": "13", "accuracy_score": 0.9465020576131687, "average_precision_score": 0.92428957204428, "balanced_accuracy_score": 0.9450224398204814, "cohen_kappa_score": 0.8923202781470498, "f1_score_macro": 0.9461371890398813, "f1_score_micro": 0.9465020576131687, "f1_score_weighted": 0.9464108404698469, "matthews_corrcoef": 0.8930865291312579, "precision_score": 0.963302752293578, "recall_score": 0.9210526315789473, "roc_auc_score": 0.9450224398204813, "coverage_error": -1.0, "label_ranking_average_precision_score": -1.0, "label_ranking_loss": -1.0, "training_time": 1084.0680721880053, "test_time": 0.007190168951638043}, {"seed": "17", "accuracy_score": 0.9300411522633745, "average_precision_score": 0.921158701125079, "balanced_accuracy_score": 0.9309433450799675, "cohen_kappa_score": 0.8602834240876653, "f1_score_macro": 0.9299984749123075, "f1_score_micro": 0.9300411522633745, "f1_score_weighted": 0.9299629104530849, "matthews_corrcoef": 0.8638206850967142, "precision_score": 0.9734513274336283, "recall_score": 0.8870967741935484, "roc_auc_score": 0.9309433450799676, "coverage_error": -1.0, "label_ranking_average_precision_score": -1.0, "label_ranking_loss": -1.0, "training_time": 326.07170123496326, "test_time": 0.009658026974648237}, {"seed": "19", "accuracy_score": 0.9506172839506173, "average_precision_score": 0.9221982832324475, "balanced_accuracy_score": 0.9504283965728274, "cohen_kappa_score": 0.9008567931456548, "f1_score_macro": 0.9504283965728274, "f1_score_micro": 0.9506172839506173, "f1_score_weighted": 0.9506172839506173, "matthews_corrcoef": 0.9008567931456548, "precision_score": 0.9473684210526315, "recall_score": 0.9473684210526315, "roc_auc_score": 0.9504283965728273, "coverage_error": -1.0, "label_ranking_average_precision_score": -1.0, "label_ranking_loss": -1.0, "training_time": 329.8283243839978, "test_time": 0.0071256200317293406}, {"seed": "23", "accuracy_score": 0.9670781893004116, "average_precision_score": 0.9411881748635109, "balanced_accuracy_score": 0.9671792440048774, "cohen_kappa_score": 0.9341686420589231, "f1_score_macro": 0.9670642450528599, "f1_score_micro": 0.9670781893004116, "f1_score_weighted": 0.9670614562033496, "matthews_corrcoef": 0.9353093602202838, "precision_score": 0.9448818897637795, "recall_score": 0.9917355371900827, "roc_auc_score": 0.9671792440048775, "coverage_error": -1.0, "label_ranking_average_precision_score": -1.0, "label_ranking_loss": -1.0, "training_time": 324.5486807519919, "test_time": 0.006621643027756363}, {"seed": "29", "accuracy_score": 0.9711934156378601, "average_precision_score": 0.9453654106216884, "balanced_accuracy_score": 0.972358221134231, "cohen_kappa_score": 0.9423135619086377, "f1_score_macro": 0.9711445486776704, "f1_score_micro": 0.9711934156378601, "f1_score_weighted": 0.9712178491179548, "matthews_corrcoef": 0.9431145208761116, "precision_score": 0.9495798319327731, "recall_score": 0.9912280701754386, "roc_auc_score": 0.972358221134231, "coverage_error": -1.0, "label_ranking_average_precision_score": -1.0, "label_ranking_loss": -1.0, "training_time": 327.865950664971, "test_time": 0.007997300999704748}, {"seed": "31", "accuracy_score": 0.9547325102880658, "average_precision_score": 0.9415667307140176, "balanced_accuracy_score": 0.9547991831177672, "cohen_kappa_score": 0.9090723543218696, "f1_score_macro": 0.954535403874611, "f1_score_micro": 0.9547325102880658, "f1_score_weighted": 0.9547448294389068, "matthews_corrcoef": 0.9091034140202793, "precision_score": 0.9612403100775194, "recall_score": 0.9538461538461539, "roc_auc_score": 0.9547991831177673, "coverage_error": -1.0, "label_ranking_average_precision_score": -1.0, "label_ranking_loss": -1.0, "training_time": 325.7615332370042, "test_time": 0.004992546979337931}, {"seed": "37", "accuracy_score": 0.9588477366255144, "average_precision_score": 0.9314639301531821, "balanced_accuracy_score": 0.9592003263973888, "cohen_kappa_score": 0.9174648461381699, "f1_score_macro": 0.9587296195652173, "f1_score_micro": 0.9588477366255144, "f1_score_weighted": 0.9588659084809447, "matthews_corrcoef": 0.9175898680463045, "precision_score": 0.9482758620689655, "recall_score": 0.9649122807017544, "roc_auc_score": 0.9592003263973887, "coverage_error": -1.0, "label_ranking_average_precision_score": -1.0, "label_ranking_loss": -1.0, "training_time": 327.0675504769897, "test_time": 0.009234212979208678}, {"seed": "41", "accuracy_score": 0.9711934156378601, "average_precision_score": 0.9610415505110846, "balanced_accuracy_score": 0.9712881355932204, "cohen_kappa_score": 0.9423526620801843, "f1_score_macro": 0.9711758426109501, "f1_score_micro": 0.9711934156378601, "f1_score_weighted": 0.9711963444756784, "matthews_corrcoef": 0.9423846192265105, "precision_score": 0.9758064516129032, "recall_score": 0.968,