{
    "id": 1479,
    "framework": "flaml",
    "results": [
        {
            "seed": "2",
            "accuracy_score": 0.7613168724279835,
            "average_precision_score": 0.6742929906950504,
            "balanced_accuracy_score": 0.7658644067796609,
            "cohen_kappa_score": 0.5267293485560779,
            "f1_score_macro": 0.756832298136646,
            "f1_score_micro": 0.7613168724279835,
            "f1_score_weighted": 0.7558810248021198,
            "matthews_corrcoef": 0.5572475895011989,
            "precision_score": 0.689873417721519,
            "recall_score": 0.923728813559322,
            "roc_auc_score": 0.7658644067796609,
            "coverage_error": -1.0,
            "label_ranking_average_precision_score": -1.0,
            "label_ranking_loss": -1.0,
            "training_time": 300.111715239007,
            "test_time": 0.026973649975843728
        },
        {
            "seed": "3",
            "accuracy_score": 0.8641975308641975,
            "average_precision_score": 0.7993121950341201,
            "balanced_accuracy_score": 0.864449261617667,
            "cohen_kappa_score": 0.7285283862012932,
            "f1_score_macro": 0.8637452636229248,
            "f1_score_micro": 0.8641975308641975,
            "f1_score_weighted": 0.8637129588199768,
            "matthews_corrcoef": 0.7341390539234479,
            "precision_score": 0.8235294117647058,
            "recall_score": 0.9256198347107438,
            "roc_auc_score": 0.864449261617667,
            "coverage_error": -1.0,
            "label_ranking_average_precision_score": -1.0,
            "label_ranking_loss": -1.0,
            "training_time": 299.97102745698066,
            "test_time": 0.02341520896879956
        },
        {
            "seed": "5",
            "accuracy_score": 0.8641975308641975,
            "average_precision_score": 0.8010073613160845,
            "balanced_accuracy_score": 0.8639412003793524,
            "cohen_kappa_score": 0.7282523975736216,
            "f1_score_macro": 0.8636062116238328,
            "f1_score_micro": 0.8641975308641975,
            "f1_score_weighted": 0.8636431690763556,
            "matthews_corrcoef": 0.7338724817411018,
            "precision_score": 0.8248175182481752,
            "recall_score": 0.9262295081967213,
            "roc_auc_score": 0.8639412003793524,
            "coverage_error": -1.0,
            "label_ranking_average_precision_score": -1.0,
            "label_ranking_loss": -1.0,
            "training_time": 299.91767729399726,
            "test_time": 0.034887408022768795
        },
        {
            "seed": "7",
            "accuracy_score": 0.7901234567901234,
            "average_precision_score": 0.7193065095066475,
            "balanced_accuracy_score": 0.7844932844932845,
            "cohen_kappa_score": 0.5751311323665536,
            "f1_score_macro": 0.7830091222663842,
            "f1_score_micro": 0.7901234567901234,
            "f1_score_weighted": 0.784464327055331,
            "matthews_corrcoef": 0.6012572887484113,
            "precision_score": 0.7329192546583851,
            "recall_score": 0.9365079365079365,
            "roc_auc_score": 0.7844932844932845,
            "coverage_error": -1.0,
            "label_ranking_average_precision_score": -1.0,
            "label_ranking_loss": -1.0,
            "training_time": 300.0810480710352,
            "test_time": 0.03687346703372896
        },
        {
            "seed": "11",
            "accuracy_score": 0.8271604938271605,
            "average_precision_score": 0.7537195314973093,
            "balanced_accuracy_score": 0.8281440781440781,
            "cohen_kappa_score": 0.6546894031668696,
            "f1_score_macro": 0.827157566725376,
            "f1_score_micro": 0.8271604938271605,
            "f1_score_weighted": 0.8271839106414367,
            "matthews_corrcoef": 0.6561101557000469,
            "precision_score": 0.8,
            "recall_score": 0.8547008547008547,
            "roc_auc_score": 0.8281440781440782,
            "coverage_error": -1.0,
            "label_ranking_average_precision_score": -1.0,
            "label_ranking_loss": -1.0,
            "training_time": 300.1906320640119,
            "test_time": 0.027604150003753603
        },
        {
            "seed": "13",
            "accuracy_score": 0.7777777777777778,
            "average_precision_score": 0.6826743630596872,
            "balanced_accuracy_score": 0.7850877192982456,
            "cohen_kappa_score": 0.5610196708149338,
            "f1_score_macro": 0.7766848196051737,
            "f1_score_micro": 0.7777777777777778,
            "f1_score_weighted": 0.7757204447469934,
            "matthews_corrcoef": 0.5810232229780937,
            "precision_score": 0.7054794520547946,
            "recall_score": 0.9035087719298246,
            "roc_auc_score": 0.7850877192982457,
            "coverage_error": -1.0,
            "label_ranking_average_precision_score": -1.0,
            "label_ranking_loss": -1.0,
            "training_time": 299.9804187580012,
            "test_time": 0.024523674976080656
        },
        {
            "seed": "17",
            "accuracy_score": 0.8724279835390947,
            "average_precision_score": 0.8216063062980898,
            "balanced_accuracy_score": 0.8717809704526972,
            "cohen_kappa_score": 0.7444448213861655,
            "f1_score_macro": 0.8721161191749427,
            "f1_score_micro": 0.8724279835390947,
            "f1_score_weighted": 0.8722460626600059,
            "matthews_corrcoef": 0.7456874200602206,
            "precision_score": 0.8549618320610687,
            "recall_score": 0.9032258064516129,
            "roc_auc_score": 0.8717809704526973,
            "coverage_error": -1.0,
            "label_ranking_average_precision_score": -1.0,
            "label_ranking_loss": -1.0,
            "training_time": 299.90941241401015,
            "test_time": 0.025639672006946057
        },
        {
            "seed": "19",
            "accuracy_score": 0.8641975308641975,
            "average_precision_score": 0.7882167750473685,
            "balanced_accuracy_score": 0.8669930640554875,
            "cohen_kappa_score": 0.7291518897558009,
            "f1_score_macro": 0.8641883309340332,
            "f1_score_micro": 0.8641975308641975,
            "f1_score_weighted": 0.8642573304102645,
            "matthews_corrcoef": 0.7333381486518444,
            "precision_score": 0.8188976377952756,
            "recall_score": 0.9122807017543859,
            "roc_auc_score": 0.8669930640554875,
            "coverage_error": -1.0,
            "label_ranking_average_precision_score": -1.0,
            "label_ranking_loss": -1.0,
            "training_time": 300.12961167498725,
            "test_time": 0.023582890979014337
        },
        {
            "seed": "23",
            "accuracy_score": 0.8683127572016461,
            "average_precision_score": 0.799851079025805,
            "balanced_accuracy_score": 0.8686492345210677,
            "cohen_kappa_score": 0.7367993501218522,
            "f1_score_macro": 0.8675027262813522,
            "f1_score_micro": 0.8683127572016461,
            "f1_score_weighted": 0.8674600930750209,
            "matthews_corrcoef": 0.7469753843324951,
            "precision_score": 0.8156028368794326,
            "recall_score": 0.9504132231404959,
            "roc_auc_score": 0.8686492345210677,
            "coverage_error": -1.0,
            "label_ranking_average_precision_score": -1.0,
            "label_ranking_loss": -1.0,
            "training_time": 300.0767582539702,
            "test_time": 0.023559621011372656
        },
        {
            "seed": "29",
            "accuracy_score": 0.8518518518518519,
            "average_precision_score": 0.7709768247779945,
            "balanced_accuracy_score": 0.8553651570787433,
            "cohen_kappa_score": 0.7049777418049372,
            "f1_score_macro": 0.8518493429074652,