{
    "id": 1479,
    "framework": "mljar",
    "results": [
        {
            "seed": "2",
            "accuracy_score": 0.8930041152263375,
            "average_precision_score": 0.8320008477258948,
            "balanced_accuracy_score": 0.8943389830508475,
            "cohen_kappa_score": 0.7864386154678205,
            "f1_score_macro": 0.8929587964217945,
            "f1_score_micro": 0.8930041152263375,
            "f1_score_weighted": 0.8928953500954344,
            "matthews_corrcoef": 0.7902869673650194,
            "precision_score": 0.8538461538461538,
            "recall_score": 0.940677966101695,
            "roc_auc_score": 0.8943389830508475,
            "coverage_error": -1.0,
            "label_ranking_average_precision_score": -1.0,
            "label_ranking_loss": -1.0,
            "training_time": 31.581571280999924,
            "test_time": 0.04627815900312271
        },
        {
            "seed": "3",
            "accuracy_score": 0.9300411522633745,
            "average_precision_score": 0.9073364552291755,
            "balanced_accuracy_score": 0.9299552906110282,
            "cohen_kappa_score": 0.8600562349673092,
            "f1_score_macro": 0.9299984749123075,
            "f1_score_micro": 0.9300411522633745,
            "f1_score_weighted": 0.9300055878041521,
            "matthews_corrcoef": 0.8607856897438035,
            "precision_score": 0.9482758620689655,
            "recall_score": 0.9090909090909091,
            "roc_auc_score": 0.9299552906110283,
            "coverage_error": -1.0,
            "label_ranking_average_precision_score": -1.0,
            "label_ranking_loss": -1.0,
            "training_time": 28.924253103999945,
            "test_time": 0.04525101900071604
        },
        {
            "seed": "5",
            "accuracy_score": 0.9465020576131687,
            "average_precision_score": 0.9213993414979686,
            "balanced_accuracy_score": 0.946484216230863,
            "cohen_kappa_score": 0.892998678996037,
            "f1_score_macro": 0.9464984333982556,
            "f1_score_micro": 0.9465020576131687,
            "f1_score_weighted": 0.9465002455057121,
            "matthews_corrcoef": 0.8930289296287249,
            "precision_score": 0.943089430894309,
            "recall_score": 0.9508196721311475,
            "roc_auc_score": 0.946484216230863,
            "coverage_error": -1.0,
            "label_ranking_average_precision_score": -1.0,
            "label_ranking_loss": -1.0,
            "training_time": 29.276796787999047,
            "test_time": 0.04117340199445607
        },
        {
            "seed": "7",
            "accuracy_score": 0.9218106995884774,
            "average_precision_score": 0.8867370338956428,
            "balanced_accuracy_score": 0.920940170940171,
            "cohen_kappa_score": 0.8431672271476612,
            "f1_score_macro": 0.9215503032980477,
            "f1_score_micro": 0.9218106995884774,
            "f1_score_weighted": 0.9217177009133238,
            "matthews_corrcoef": 0.8438862545210599,
            "precision_score": 0.9083969465648855,
            "recall_score": 0.9444444444444444,
            "roc_auc_score": 0.9209401709401709,
            "coverage_error": -1.0,
            "label_ranking_average_precision_score": -1.0,
            "label_ranking_loss": -1.0,
            "training_time": 29.307832790000248,
            "test_time": 0.039909646002342924
        },
        {
            "seed": "11",
            "accuracy_score": 0.9176954732510288,
            "average_precision_score": 0.8747875218463453,
            "balanced_accuracy_score": 0.917887667887668,
            "cohen_kappa_score": 0.8352654057352044,
            "f1_score_macro": 0.9176271186440678,
            "f1_score_micro": 0.9176954732510288,
            "f1_score_weighted": 0.9177150031387319,
            "matthews_corrcoef": 0.8353787638261877,
            "precision_score": 0.907563025210084,
            "recall_score": 0.9230769230769231,
            "roc_auc_score": 0.9178876678876678,
            "coverage_error": -1.0,
            "label_ranking_average_precision_score": -1.0,
            "label_ranking_loss": -1.0,
            "training_time": 31.099404355001752,
            "test_time": 0.05822630399779882
        },
        {
            "seed": "13",
            "accuracy_score": 0.9382716049382716,
            "average_precision_score": 0.911585226516285,
            "balanced_accuracy_score": 0.9367605059159527,
            "cohen_kappa_score": 0.8757541670927498,
            "f1_score_macro": 0.9378506027383247,
            "f1_score_micro": 0.9382716049382716,
            "f1_score_weighted": 0.9381663543882849,
            "matthews_corrcoef": 0.8765061924684956,
            "precision_score": 0.9541284403669725,
            "recall_score": 0.9122807017543859,
            "roc_auc_score": 0.9367605059159527,
            "coverage_error": -1.0,
            "label_ranking_average_precision_score": -1.0,
            "label_ranking_loss": -1.0,
            "training_time": 29.93752005999704,
            "test_time": 0.04675607399985893
        },
        {
            "seed": "17",
            "accuracy_score": 0.9259259259259259,
            "average_precision_score": 0.9002215388900858,
            "balanced_accuracy_score": 0.9260639739766874,
            "cohen_kappa_score": 0.8518393062800623,
            "f1_score_macro": 0.9259146341463415,
            "f1_score_micro": 0.9259259259259259,
            "f1_score_weighted": 0.9259334537789822,
            "matthews_corrcoef": 0.8519547570810967,
            "precision_score": 0.9344262295081968,
            "recall_score": 0.9193548387096774,
            "roc_auc_score": 0.9260639739766875,
            "coverage_error": -1.0,
            "label_ranking_average_precision_score": -1.0,
            "label_ranking_loss": -1.0,
            "training_time": 28.810980474001553,
            "test_time": 0.05137525600002846
        },
        {
            "seed": "19",
            "accuracy_score": 0.9135802469135802,
            "average_precision_score": 0.8588051344563838,
            "balanced_accuracy_score": 0.9150346797225622,
            "cohen_kappa_score": 0.8271165768878951,
            "f1_score_macro": 0.9134864796134612,
            "f1_score_micro": 0.9135802469135802,
            "f1_score_weighted": 0.9136622933011846,
            "matthews_corrcoef": 0.8284934194513268,
            "precision_score": 0.8842975206611571,
            "recall_score": 0.9385964912280702,
            "roc_auc_score": 0.9150346797225622,
            "coverage_error": -1.0,
            "label_ranking_average_precision_score": -1.0,
            "label_ranking_loss": -1.0,
            "training_time": 27.03299746000266,
            "test_time": 0.03886992899788311
        },
        {
            "seed": "23",
            "accuracy_score": 0.9382716049382716,
            "average_precision_score": 0.9003064632010339,
            "balanced_accuracy_score": 0.9383891071670505,
            "cohen_kappa_score": 0.8765703836646236,
            "f1_score_macro": 0.9382339484520359,
            "f1_score_micro": 0.9382716049382716,
            "f1_score_weighted": 0.9382276723709967,
            "matthews_corrcoef": 0.8780281618477329,
            "precision_score": 0.9140625,
            "recall_score": 0.9669421487603306,
            "roc_auc_score": 0.9383891071670506,
            "coverage_error": -1.0,
            "label_ranking_average_precision_score": -1.0,
            "label_ranking_loss": -1.0,
            "training_time": 27.898862998001277,
            "test_time": 0.04271017599967308
        },
        {
            "seed": "29",
            "accuracy_score": 0.9423868312757202,
            "average_precision_score": 0.9097699577077848,
            "balanced_accuracy_score": 0.9421664626682986,
            "cohen_kappa_score": 0.8843329253365974,