{
    "id": 1479,
    "framework": "tpot",
    "results": [
        {
            "seed": "2",
            "accuracy_score": 0.9506172839506173,
            "average_precision_score": 0.9161865756771899,
            "balanced_accuracy_score": 0.9512881355932203,
            "cohen_kappa_score": 0.9012930742671451,
            "f1_score_macro": 0.9506164476358216,
            "f1_score_micro": 0.9506172839506173,
            "f1_score_weighted": 0.9506223018393908,
            "matthews_corrcoef": 0.9023927523385266,
            "precision_score": 0.9274193548387096,
            "recall_score": 0.9745762711864406,
            "roc_auc_score": 0.9512881355932203,
            "coverage_error": -1.0,
            "label_ranking_average_precision_score": -1.0,
            "label_ranking_loss": -1.0,
            "training_time": 315.19392133899964,
            "test_time": 0.015438483969774097
        },
        {
            "seed": "3",
            "accuracy_score": 0.9876543209876543,
            "average_precision_score": 0.9835059347685611,
            "balanced_accuracy_score": 0.987637176534345,
            "cohen_kappa_score": 0.975307387460624,
            "f1_score_macro": 0.9876534846303667,
            "f1_score_micro": 0.9876543209876543,
            "f1_score_weighted": 0.9876539028090104,
            "matthews_corrcoef": 0.975340426328687,
            "precision_score": 0.9916666666666667,
            "recall_score": 0.9834710743801653,
            "roc_auc_score": 0.9876371765343449,
            "coverage_error": -1.0,
            "label_ranking_average_precision_score": -1.0,
            "label_ranking_loss": -1.0,
            "training_time": 349.46178245695774,
            "test_time": 0.006241119001060724
        },
        {
            "seed": "5",
            "accuracy_score": 0.9629629629629629,
            "average_precision_score": 0.9443564138130756,
            "balanced_accuracy_score": 0.9629454003522557,
            "cohen_kappa_score": 0.9259221623818717,
            "f1_score_macro": 0.9629604538911,
            "f1_score_micro": 0.9629629629629629,
            "f1_score_weighted": 0.9629617084270314,
            "matthews_corrcoef": 0.9259535283087098,
            "precision_score": 0.959349593495935,
            "recall_score": 0.9672131147540983,
            "roc_auc_score": 0.9629454003522557,
            "coverage_error": -1.0,
            "label_ranking_average_precision_score": -1.0,
            "label_ranking_loss": -1.0,
            "training_time": 314.8096920030075,
            "test_time": 0.017092171998228878
        },
        {
            "seed": "7",
            "accuracy_score": 0.9547325102880658,
            "average_precision_score": 0.9289214696339378,
            "balanced_accuracy_score": 0.9539072039072038,
            "cohen_kappa_score": 0.9092020788749617,
            "f1_score_macro": 0.9545817545409749,
            "f1_score_micro": 0.9547325102880658,
            "f1_score_weighted": 0.9546786689498191,
            "matthews_corrcoef": 0.9099774187620131,
            "precision_score": 0.9389312977099237,
            "recall_score": 0.9761904761904762,
            "roc_auc_score": 0.953907203907204,
            "coverage_error": -1.0,
            "label_ranking_average_precision_score": -1.0,
            "label_ranking_loss": -1.0,
            "training_time": 320.57402490702225,
            "test_time": 0.010320940986275673
        },
        {
            "seed": "11",
            "accuracy_score": 0.9794238683127572,
            "average_precision_score": 0.9699053607099584,
            "balanced_accuracy_score": 0.9792429792429792,
            "cohen_kappa_score": 0.9587786259541985,
            "f1_score_macro": 0.9793889633411932,
            "f1_score_micro": 0.9794238683127572,
            "f1_score_weighted": 0.9794203778156009,
            "matthews_corrcoef": 0.9588112107802589,
            "precision_score": 0.9827586206896551,
            "recall_score": 0.9743589743589743,
            "roc_auc_score": 0.9792429792429794,
            "coverage_error": -1.0,
            "label_ranking_average_precision_score": -1.0,
            "label_ranking_loss": -1.0,
            "training_time": 325.3501975850086,
            "test_time": 0.0024198819883167744
        },
        {
            "seed": "13",
            "accuracy_score": 0.9506172839506173,
            "average_precision_score": 0.9255014465175284,
            "balanced_accuracy_score": 0.9499184006527948,
            "cohen_kappa_score": 0.9007555646314069,
            "f1_score_macro": 0.9503744043567053,
            "f1_score_micro": 0.9506172839506173,
            "f1_score_weighted": 0.9505887098807453,
            "matthews_corrcoef": 0.9008788115060239,
            "precision_score": 0.9553571428571429,
            "recall_score": 0.9385964912280702,
            "roc_auc_score": 0.9499184006527949,
            "coverage_error": -1.0,
            "label_ranking_average_precision_score": -1.0,
            "label_ranking_loss": -1.0,
            "training_time": 336.3015540179913,
            "test_time": 0.003622749005444348
        },
        {
            "seed": "17",
            "accuracy_score": 0.9711934156378601,
            "average_precision_score": 0.9643911143585305,
            "balanced_accuracy_score": 0.9714353483328815,
            "cohen_kappa_score": 0.9423917092830291,
            "f1_score_macro": 0.9711914641375221,
            "f1_score_micro": 0.9711934156378601,
            "f1_score_weighted": 0.9711963428883668,
            "matthews_corrcoef": 0.9426790627699457,
            "precision_score": 0.9834710743801653,
            "recall_score": 0.9596774193548387,
            "roc_auc_score": 0.9714353483328815,
            "coverage_error": -1.0,
            "label_ranking_average_precision_score": -1.0,
            "label_ranking_loss": -1.0,
            "training_time": 337.0092445249902,
            "test_time": 0.003832976974081248
        },
        {
            "seed": "19",
            "accuracy_score": 0.9917695473251029,
            "average_precision_score": 0.9866483134411728,
            "balanced_accuracy_score": 0.9917380660954712,
            "cohen_kappa_score": 0.9834761321909424,
            "f1_score_macro": 0.9917380660954712,
            "f1_score_micro": 0.9917695473251029,
            "f1_score_weighted": 0.9917695473251029,
            "matthews_corrcoef": 0.9834761321909424,
            "precision_score": 0.9912280701754386,
            "recall_score": 0.9912280701754386,
            "roc_auc_score": 0.9917380660954712,
            "coverage_error": -1.0,
            "label_ranking_average_precision_score": -1.0,
            "label_ranking_loss": -1.0,
            "training_time": 306.97778369201114,
            "test_time": 0.006808822974562645
        },
        {
            "seed": "23",
            "accuracy_score": 0.9753086419753086,
            "average_precision_score": 0.9561813420399279,
            "balanced_accuracy_score": 0.9753759653163527,
            "cohen_kappa_score": 0.9506231373611488,
            "f1_score_macro": 0.9753048780487804,
            "f1_score_micro": 0.9753086419753086,
            "f1_score_weighted": 0.9753036234066045,
            "matthews_corrcoef": 0.9511385985524259,
            "precision_score": 0.96,
            "recall_score": 0.9917355371900827,
            "roc_auc_score": 0.9753759653163527,
            "coverage_error": -1.0,
            "label_ranking_average_precision_score": -1.0,
            "label_ranking_loss": -1.0,
            "training_time": 318.25730813399423,
            "test_time": 0.003435090009588748
        },
        {
            "seed": "29",
            "accuracy_score": 0.9382716049382716,
            "average_precision_score": 0.9083030398819872,
            "balanced_accuracy_score": 0.9372705018359853,
            "cohen_kappa_score": 0.8758810910205332,