{
    "id": 1479,
    "framework": "lightwood",
    "results": [
        {
            "seed": "2",
            "accuracy_score": 0.5267489711934157,
            "average_precision_score": 0.4960597387581971,
            "balanced_accuracy_score": 0.5193559322033898,
            "cohen_kappa_score": 0.03926152576752506,
            "f1_score_macro": 0.4890571005430311,
            "f1_score_micro": 0.5267489711934157,
            "f1_score_weighted": 0.4930547231877689,
            "matthews_corrcoef": 0.04512374961908637,
            "precision_score": 0.5254237288135594,
            "recall_score": 0.2627118644067797,
            "roc_auc_score": 0.5193559322033898,
            "coverage_error": -1.0,
            "label_ranking_average_precision_score": -1.0,
            "label_ranking_loss": -1.0,
            "training_time": 5.468146472000171,
            "test_time": 0.34917886500034
        },
        {
            "seed": "3",
            "accuracy_score": 0.5349794238683128,
            "average_precision_score": 0.5167029774872912,
            "balanced_accuracy_score": 0.5346497764530551,
            "cohen_kappa_score": 0.06934417895271983,
            "f1_score_macro": 0.5318078739620454,
            "f1_score_micro": 0.5349794238683128,
            "f1_score_weighted": 0.5319664514573588,
            "matthews_corrcoef": 0.07020909759023727,
            "precision_score": 0.5392156862745098,
            "recall_score": 0.45454545454545453,
            "roc_auc_score": 0.5346497764530551,
            "coverage_error": -1.0,
            "label_ranking_average_precision_score": -1.0,
            "label_ranking_loss": -1.0,
            "training_time": 5.252922100000433,
            "test_time": 0.43834172599963495
        },
        {
            "seed": "5",
            "accuracy_score": 0.5473251028806584,
            "average_precision_score": 0.5281736774642537,
            "balanced_accuracy_score": 0.5474529196585829,
            "cohen_kappa_score": 0.09488013002844364,
            "f1_score_macro": 0.5469491525423729,
            "f1_score_micro": 0.5473251028806584,
            "f1_score_weighted": 0.5468954453511892,
            "matthews_corrcoef": 0.09508636689205446,
            "precision_score": 0.5526315789473685,
            "recall_score": 0.5163934426229508,
            "roc_auc_score": 0.5474529196585829,
            "coverage_error": -1.0,
            "label_ranking_average_precision_score": -1.0,
            "label_ranking_loss": -1.0,
            "training_time": 4.795202020000033,
            "test_time": 0.3412299649999113
        },
        {
            "seed": "7",
            "accuracy_score": 0.5473251028806584,
            "average_precision_score": 0.5447219482059407,
            "balanced_accuracy_score": 0.547924297924298,
            "cohen_kappa_score": 0.09561510353227765,
            "f1_score_macro": 0.5473174366616991,
            "f1_score_micro": 0.5473251028806584,
            "f1_score_weighted": 0.5473864326323342,
            "matthews_corrcoef": 0.09582259948363477,
            "precision_score": 0.5677966101694916,
            "recall_score": 0.5317460317460317,
            "roc_auc_score": 0.5479242979242979,
            "coverage_error": -1.0,
            "label_ranking_average_precision_score": -1.0,
            "label_ranking_loss": -1.0,
            "training_time": 5.263549879000038,
            "test_time": 0.4015044099996885
        },
        {
            "seed": "11",
            "accuracy_score": 0.46502057613168724,
            "average_precision_score": 0.46545615701171256,
            "balanced_accuracy_score": 0.4655067155067155,
            "cohen_kappa_score": -0.06881851400730832,
            "f1_score_macro": 0.4650115160547351,
            "f1_score_micro": 0.46502057613168724,
            "f1_score_weighted": 0.46509305674730417,
            "matthews_corrcoef": -0.0689678582270747,
            "precision_score": 0.448,
            "recall_score": 0.47863247863247865,
            "roc_auc_score": 0.4655067155067155,
            "coverage_error": -1.0,
            "label_ranking_average_precision_score": -1.0,
            "label_ranking_loss": -1.0,
            "training_time": 5.219049559999803,
            "test_time": 0.332331238000279
        },
        {
            "seed": "13",
            "accuracy_score": 0.5596707818930041,
            "average_precision_score": 0.504246320805262,
            "balanced_accuracy_score": 0.5628314973480213,
            "cohen_kappa_score": 0.12445701586018787,
            "f1_score_macro": 0.5595514373316619,
            "f1_score_micro": 0.5596707818930041,
            "f1_score_weighted": 0.5591038952266287,
            "matthews_corrcoef": 0.12598896928960882,
            "precision_score": 0.5263157894736842,
            "recall_score": 0.6140350877192983,
            "roc_auc_score": 0.5628314973480213,
            "coverage_error": -1.0,
            "label_ranking_average_precision_score": -1.0,
            "label_ranking_loss": -1.0,
            "training_time": 5.692045134000182,
            "test_time": 0.3274137480002537
        },
        {
            "seed": "17",
            "accuracy_score": 0.522633744855967,
            "average_precision_score": 0.5229051919979761,
            "balanced_accuracy_score": 0.5239563567362429,
            "cohen_kappa_score": 0.04776704276738064,
            "f1_score_macro": 0.5212635869565218,
            "f1_score_micro": 0.522633744855967,
            "f1_score_weighted": 0.5207366031490428,
            "matthews_corrcoef": 0.048297191189948234,
            "precision_score": 0.5377358490566038,
            "recall_score": 0.4596774193548387,
            "roc_auc_score": 0.5239563567362429,
            "coverage_error": -1.0,
            "label_ranking_average_precision_score": -1.0,
            "label_ranking_loss": -1.0,
            "training_time": 4.877500071000213,
            "test_time": 0.34609100699981354
        },
        {
            "seed": "19",
            "accuracy_score": 0.5390946502057613,
            "average_precision_score": 0.48741715399610136,
            "balanced_accuracy_score": 0.5337617299061608,
            "cohen_kappa_score": 0.06800904047667966,
            "f1_score_macro": 0.5324354040681694,
            "f1_score_micro": 0.5390946502057613,
            "f1_score_weighted": 0.5358798417255445,
            "matthews_corrcoef": 0.06847530083708825,
            "precision_score": 0.51,
            "recall_score": 0.4473684210526316,
            "roc_auc_score": 0.5337617299061608,
            "coverage_error": -1.0,
            "label_ranking_average_precision_score": -1.0,
            "label_ranking_loss": -1.0,
            "training_time": 4.904940416000045,
            "test_time": 0.341128117000153
        },
        {
            "seed": "23",
            "accuracy_score": 0.48559670781893005,
            "average_precision_score": 0.49116796545630337,
            "balanced_accuracy_score": 0.48614686356862213,
            "cohen_kappa_score": -0.02767533917515297,
            "f1_score_macro": 0.4765187419215855,
            "f1_score_micro": 0.48559670781893005,
            "f1_score_weighted": 0.47623505548729356,
            "matthews_corrcoef": -0.028753806365081458,
            "precision_score": 0.487012987012987,
            "recall_score": 0.6198347107438017,
            "roc_auc_score": 0.4861468635686221,
            "coverage_error": -1.0,
            "label_ranking_average_precision_score": -1.0,
            "label_ranking_loss": -1.0,
            "training_time": 5.257946662999984,
            "test_time": 0.3993961040000613
        },
        {
            "seed": "29",
            "accuracy_score": 0.5390946502057613,
            "average_precision_score": 0.4839283728172617,
            "balanced_accuracy_score": 0.5271317829457364,
            "cohen_kappa_score": 0.055393586005830886,