{
    "id": 1479,
    "framework": "autokeras",
    "results": [
        {
            "seed": "2",
            "accuracy_score": 0.6790123456790124,
            "average_precision_score": 0.6411463614853445,
            "balanced_accuracy_score": 0.6709152542372882,
            "cohen_kappa_score": 0.3472690956677458,
            "f1_score_macro": 0.6471705137751304,
            "f1_score_micro": 0.6790123456790124,
            "f1_score_weighted": 0.6502238401220779,
            "matthews_corrcoef": 0.41657046565050293,
            "precision_score": 0.8846153846153846,
            "recall_score": 0.3898305084745763,
            "roc_auc_score": 0.6709152542372882,
            "coverage_error": -1.0,
            "label_ranking_average_precision_score": -1.0,
            "label_ranking_loss": -1.0,
            "training_time": 41.74541606096318,
            "test_time": 0.5277624049922451
        },
        {
            "seed": "3",
            "accuracy_score": 0.6255144032921811,
            "average_precision_score": 0.5938625067412946,
            "balanced_accuracy_score": 0.6244072618886329,
            "cohen_kappa_score": 0.24936352218337354,
            "f1_score_macro": 0.5956886621688333,
            "f1_score_micro": 0.6255144032921811,
            "f1_score_weighted": 0.5961405673373688,
            "matthews_corrcoef": 0.2954156583119586,
            "precision_score": 0.7678571428571429,
            "recall_score": 0.35537190082644626,
            "roc_auc_score": 0.6244072618886329,
            "coverage_error": -1.0,
            "label_ranking_average_precision_score": -1.0,
            "label_ranking_loss": -1.0,
            "training_time": 31.449605586996768,
            "test_time": 0.5022900370531715
        },
        {
            "seed": "5",
            "accuracy_score": 0.5802469135802469,
            "average_precision_score": 0.5620343867156254,
            "balanced_accuracy_score": 0.5815946348733234,
            "cohen_kappa_score": 0.16274827725982977,
            "f1_score_macro": 0.5306392970762006,
            "f1_score_micro": 0.5802469135802469,
            "f1_score_weighted": 0.5300113525634912,
            "matthews_corrcoef": 0.2157950734364872,
            "precision_score": 0.7380952380952381,
            "recall_score": 0.2540983606557377,
            "roc_auc_score": 0.5815946348733234,
            "coverage_error": -1.0,
            "label_ranking_average_precision_score": -1.0,
            "label_ranking_loss": -1.0,
            "training_time": 40.32180429698201,
            "test_time": 0.5941525129601359
        },
        {
            "seed": "7",
            "accuracy_score": 0.7037037037037037,
            "average_precision_score": 0.6967592592592593,
            "balanced_accuracy_score": 0.7115384615384616,
            "cohen_kappa_score": 0.4162162162162163,
            "f1_score_macro": 0.6931818181818181,
            "f1_score_micro": 0.7037037037037037,
            "f1_score_weighted": 0.6910774410774411,
            "matthews_corrcoef": 0.46294909260973627,
            "precision_score": 0.875,
            "recall_score": 0.5,
            "roc_auc_score": 0.7115384615384616,
            "coverage_error": -1.0,
            "label_ranking_average_precision_score": -1.0,
            "label_ranking_loss": -1.0,
            "training_time": 39.68178366601933,
            "test_time": 0.520328503975179
        },
        {
            "seed": "11",
            "accuracy_score": 0.6872427983539094,
            "average_precision_score": 0.639859382549441,
            "balanced_accuracy_score": 0.6776556776556777,
            "cohen_kappa_score": 0.3619402985074627,
            "f1_score_macro": 0.659814323607427,
            "f1_score_micro": 0.6872427983539094,
            "f1_score_weighted": 0.6633919507482725,
            "matthews_corrcoef": 0.4189800948215962,
            "precision_score": 0.8596491228070176,
            "recall_score": 0.4188034188034188,
            "roc_auc_score": 0.6776556776556777,
            "coverage_error": -1.0,
            "label_ranking_average_precision_score": -1.0,
            "label_ranking_loss": -1.0,
            "training_time": 48.28667924803449,
            "test_time": 0.5266728610149585
        },
        {
            "seed": "13",
            "accuracy_score": 0.5843621399176955,
            "average_precision_score": 0.5289629523975552,
            "balanced_accuracy_score": 0.6059771521827826,
            "cohen_kappa_score": 0.2025538551515743,
            "f1_score_macro": 0.5392975803878137,
            "f1_score_micro": 0.5843621399176955,
            "f1_score_weighted": 0.5304032594279686,
            "matthews_corrcoef": 0.29121972848297534,
            "precision_score": 0.5317073170731708,
            "recall_score": 0.956140350877193,
            "roc_auc_score": 0.6059771521827826,
            "coverage_error": -1.0,
            "label_ranking_average_precision_score": -1.0,
            "label_ranking_loss": -1.0,
            "training_time": 33.114698396995664,
            "test_time": 0.5180366769782268
        },
        {
            "seed": "17",
            "accuracy_score": 0.6625514403292181,
            "average_precision_score": 0.6722262952101662,
            "balanced_accuracy_score": 0.6691854161019246,
            "cohen_kappa_score": 0.3338459481144691,
            "f1_score_macro": 0.6270215633423181,
            "f1_score_micro": 0.6625514403292181,
            "f1_score_weighted": 0.6246529048765247,
            "matthews_corrcoef": 0.43926274007573923,
            "precision_score": 0.9772727272727273,
            "recall_score": 0.3467741935483871,
            "roc_auc_score": 0.6691854161019246,
            "coverage_error": -1.0,
            "label_ranking_average_precision_score": -1.0,
            "label_ranking_loss": -1.0,
            "training_time": 38.69632959703449,
            "test_time": 0.5255102639785036
        },
        {
            "seed": "19",
            "accuracy_score": 0.4897119341563786,
            "average_precision_score": 0.4789915966386555,
            "balanced_accuracy_score": 0.5193798449612403,
            "cohen_kappa_score": 0.036454336147352384,
            "f1_score_macro": 0.36117706919945725,
            "f1_score_micro": 0.4897119341563786,
            "f1_score_weighted": 0.3434887850310736,
            "matthews_corrcoef": 0.13625551644314512,
            "precision_score": 0.4789915966386555,
            "recall_score": 1.0,
            "roc_auc_score": 0.5193798449612403,
            "coverage_error": -1.0,
            "label_ranking_average_precision_score": -1.0,
            "label_ranking_loss": -1.0,
            "training_time": 39.39531013299711,
            "test_time": 0.504270161036402
        },
        {
            "seed": "23",
            "accuracy_score": 0.6337448559670782,
            "average_precision_score": 0.6175628337244499,
            "balanced_accuracy_score": 0.6323668879555615,
            "cohen_kappa_score": 0.2654620792718133,
            "f1_score_macro": 0.5866794075489727,
            "f1_score_micro": 0.6337448559670782,
            "f1_score_weighted": 0.5872533764321204,
            "matthews_corrcoef": 0.35694716741790883,
            "precision_score": 0.9,
            "recall_score": 0.2975206611570248,
            "roc_auc_score": 0.6323668879555615,
            "coverage_error": -1.0,
            "label_ranking_average_precision_score": -1.0,
            "label_ranking_loss": -1.0,
            "training_time": 49.71825761400396,
            "test_time": 0.5226367129944265
        },
        {
            "seed": "29",
            "accuracy_score": 0.7037037037037037,
            "average_precision_score": 0.6572496727594617,
            "balanced_accuracy_score": 0.6852305181558547,
            "cohen_kappa_score": 0.38377007607776836,
            "f1_score_macro": 0.6645705521472391,