{
    "id": 1479,
    "framework": "fedot",
    "results": [
        {
            "seed": "2",
            "accuracy_score": 0.9218106995884774,
            "average_precision_score": 0.8751320359907931,
            "balanced_accuracy_score": 0.9225762711864407,
            "cohen_kappa_score": 0.8437510575653999,
            "f1_score_macro": 0.9218106995884775,
            "f1_score_micro": 0.9218106995884774,
            "f1_score_weighted": 0.9218106995884775,
            "matthews_corrcoef": 0.8451525423728814,
            "precision_score": 0.896,
            "recall_score": 0.9491525423728814,
            "roc_auc_score": 0.9225762711864408,
            "coverage_error": -1.0,
            "label_ranking_average_precision_score": -1.0,
            "label_ranking_loss": -1.0,
            "training_time": 303.87312642899633,
            "test_time": 0.023339987004874274
        },
        {
            "seed": "3",
            "accuracy_score": 0.9465020576131687,
            "average_precision_score": 0.9238479066761894,
            "balanced_accuracy_score": 0.946484216230863,
            "cohen_kappa_score": 0.892998678996037,
            "f1_score_macro": 0.9464984333982556,
            "f1_score_micro": 0.9465020576131687,
            "f1_score_weighted": 0.9465002455057121,
            "matthews_corrcoef": 0.8930289296287249,
            "precision_score": 0.95,
            "recall_score": 0.9421487603305785,
            "roc_auc_score": 0.946484216230863,
            "coverage_error": -1.0,
            "label_ranking_average_precision_score": -1.0,
            "label_ranking_loss": -1.0,
            "training_time": 303.7696525249994,
            "test_time": 0.016841846001625527
        },
        {
            "seed": "5",
            "accuracy_score": 0.9753086419753086,
            "average_precision_score": 0.953125,
            "balanced_accuracy_score": 0.975206611570248,
            "cohen_kappa_score": 0.9506064096483502,
            "f1_score_macro": 0.9752881355932204,
            "f1_score_micro": 0.9753086419753086,
            "f1_score_weighted": 0.9752910650763758,
            "matthews_corrcoef": 0.9517681457717447,
            "precision_score": 0.953125,
            "recall_score": 1.0,
            "roc_auc_score": 0.9752066115702479,
            "coverage_error": -1.0,
            "label_ranking_average_precision_score": -1.0,
            "label_ranking_loss": -1.0,
            "training_time": 304.2206412980013,
            "test_time": 0.018060347996652126
        },
        {
            "seed": "7",
            "accuracy_score": 0.9670781893004116,
            "average_precision_score": 0.9469361913806359,
            "balanced_accuracy_score": 0.9664224664224663,
            "cohen_kappa_score": 0.9339853300733496,
            "f1_score_macro": 0.9669836956521739,
            "f1_score_micro": 0.9670781893004116,
            "f1_score_weighted": 0.967049114331723,
            "matthews_corrcoef": 0.9344945272949151,
            "precision_score": 0.9538461538461539,
            "recall_score": 0.9841269841269841,
            "roc_auc_score": 0.9664224664224663,
            "coverage_error": -1.0,
            "label_ranking_average_precision_score": -1.0,
            "label_ranking_loss": -1.0,
            "training_time": 301.61542183399433,
            "test_time": 0.015935108996927738
        },
        {
            "seed": "11",
            "accuracy_score": 0.9670781893004116,
            "average_precision_score": 0.9528689596322447,
            "balanced_accuracy_score": 0.9667277167277167,
            "cohen_kappa_score": 0.9340256566890653,
            "f1_score_macro": 0.9670105891935922,
            "f1_score_micro": 0.9670781893004116,
            "f1_score_weighted": 0.9670658983718988,
            "matthews_corrcoef": 0.9341527280260694,
            "precision_score": 0.9739130434782609,
            "recall_score": 0.9572649572649573,
            "roc_auc_score": 0.9667277167277168,
            "coverage_error": -1.0,
            "label_ranking_average_precision_score": -1.0,
            "label_ranking_loss": -1.0,
            "training_time": 301.3936619129963,
            "test_time": 0.0181894910056144
        },
        {
            "seed": "13",
            "accuracy_score": 0.7407407407407407,
            "average_precision_score": 0.644510318824309,
            "balanced_accuracy_score": 0.7537739698082415,
            "cohen_kappa_score": 0.49369977180275826,
            "f1_score_macro": 0.7335201657121969,
            "f1_score_micro": 0.7407407407407407,
            "f1_score_weighted": 0.730812450076493,
            "matthews_corrcoef": 0.5503831604660507,
            "precision_score": 0.650887573964497,
            "recall_score": 0.9649122807017544,
            "roc_auc_score": 0.7537739698082415,
            "coverage_error": -1.0,
            "label_ranking_average_precision_score": -1.0,
            "label_ranking_loss": -1.0,
            "training_time": 300.6980628079982,
            "test_time": 0.018509023000660818
        },
        {
            "seed": "17",
            "accuracy_score": 0.9506172839506173,
            "average_precision_score": 0.9336849555942922,
            "balanced_accuracy_score": 0.9507657901870425,
            "cohen_kappa_score": 0.9012262041867082,
            "f1_score_macro": 0.950609756097561,
            "f1_score_micro": 0.9506172839506173,
            "f1_score_weighted": 0.9506223025193214,
            "matthews_corrcoef": 0.9013483484531437,
            "precision_score": 0.9590163934426229,
            "recall_score": 0.9435483870967742,
            "roc_auc_score": 0.9507657901870427,
            "coverage_error": -1.0,
            "label_ranking_average_precision_score": -1.0,
            "label_ranking_loss": -1.0,
            "training_time": 293.9067528259984,
            "test_time": 0.018205345993919764
        },
        {
            "seed": "19",
            "accuracy_score": 0.9259259259259259,
            "average_precision_score": 0.8748326746840791,
            "balanced_accuracy_score": 0.9276825785393716,
            "cohen_kappa_score": 0.8518894758228363,
            "f1_score_macro": 0.9258644067796609,
            "f1_score_micro": 0.9259259259259259,
            "f1_score_weighted": 0.9259962335216572,
            "matthews_corrcoef": 0.8537411913884033,
            "precision_score": 0.8934426229508197,
            "recall_score": 0.956140350877193,
            "roc_auc_score": 0.9276825785393717,
            "coverage_error": -1.0,
            "label_ranking_average_precision_score": -1.0,
            "label_ranking_loss": -1.0,
            "training_time": 300.7081848159942,
            "test_time": 0.015990538995538373
        },
        {
            "seed": "23",
            "accuracy_score": 0.9711934156378601,
            "average_precision_score": 0.9453125,
            "balanced_accuracy_score": 0.9713114754098361,
            "cohen_kappa_score": 0.9423995123768244,
            "f1_score_macro": 0.9711758426109501,
            "f1_score_micro": 0.9711934156378601,
            "f1_score_weighted": 0.9711729137731319,
            "matthews_corrcoef": 0.943966767527714,
            "precision_score": 0.9453125,
            "recall_score": 1.0,
            "roc_auc_score": 0.9713114754098361,
            "coverage_error": -1.0,
            "label_ranking_average_precision_score": -1.0,
            "label_ranking_loss": -1.0,
            "training_time": 301.869698307004,
            "test_time": 0.01615082200441975
        },
        {
            "seed": "29",
            "accuracy_score": 0.8024691358024691,
            "average_precision_score": 0.7687490330765184,
            "balanced_accuracy_score": 0.7904936760505916,
            "cohen_kappa_score": 0.5943238731218699,
            "f1_score_macro": 0.7900950187158077,
            "f1_score_micro": 0.8024691358024691,