{"framework": "h2o", "accuracy_score": 0.5267489711934157, "average_precision_score": 0.5396849611952587, "balanced_accuracy_score": 0.48434723171565275, "cohen_kappa_score": -0.033889526064597275, "f1_score_macro": 0.3741181213465027, "f1_score_micro": 0.5267489711934157, "f1_score_weighted": 0.403372367567161, "matthews_corrcoef": -0.06924807749637411, "precision_score": 0.5391304347826087, "recall_score": 0.9323308270676691, "roc_auc_score": 0.48434723171565275, "training_time": "00:09:54", "test_time": "00:00:00"}