{"framework": "autokeras", "accuracy_score": 0.6748971193415638, "average_precision_score": 0.7199000587889476, "balanced_accuracy_score": 0.7006493506493506, "cohen_kappa_score": 0.3795209929215553, "f1_score_macro": 0.660524500875347, "f1_score_micro": 0.6748971193415638, "f1_score_weighted": 0.6539130963808872, "matthews_corrcoef": 0.46322154126887033, "precision_score": 0.95, "recall_score": 0.42857142857142855, "roc_auc_score": 0.7006493506493507, "training_time": "00:00:57", "test_time": "00:00:00"}