{
    "id": 1479,
    "framework": "lightautoml",
    "results": [
        {
            "seed": "2",
            "accuracy_score": 0.51440329218107,
            "average_precision_score": 0.48559670781893005,
            "balanced_accuracy_score": 0.5,
            "cohen_kappa_score": 0.0,
            "f1_score_macro": 0.33967391304347827,
            "f1_score_micro": 0.51440329218107,
            "f1_score_weighted": 0.3494587582751834,
            "matthews_corrcoef": 0.0,
            "precision_score": 0.0,
            "recall_score": 0.0,
            "roc_auc_score": 0.5,
            "coverage_error": -1.0,
            "label_ranking_average_precision_score": -1.0,
            "label_ranking_loss": -1.0,
            "training_time": 204.03944300900912,
            "test_time": 0.08894810499623418
        },
        {
            "seed": "3",
            "accuracy_score": 0.5020576131687243,
            "average_precision_score": 0.49794238683127573,
            "balanced_accuracy_score": 0.5,
            "cohen_kappa_score": 0.0,
            "f1_score_macro": 0.33424657534246577,
            "f1_score_micro": 0.5020576131687243,
            "f1_score_weighted": 0.33562207565251706,
            "matthews_corrcoef": 0.0,
            "precision_score": 0.0,
            "recall_score": 0.0,
            "roc_auc_score": 0.5,
            "coverage_error": -1.0,
            "label_ranking_average_precision_score": -1.0,
            "label_ranking_loss": -1.0,
            "training_time": 197.36067090102006,
            "test_time": 0.24282961402786896
        },
        {
            "seed": "5",
            "accuracy_score": 0.49794238683127573,
            "average_precision_score": 0.5020576131687243,
            "balanced_accuracy_score": 0.5,
            "cohen_kappa_score": 0.0,
            "f1_score_macro": 0.3324175824175824,
            "f1_score_micro": 0.49794238683127573,
            "f1_score_weighted": 0.33104960882738654,
            "matthews_corrcoef": 0.0,
            "precision_score": 0.0,
            "recall_score": 0.0,
            "roc_auc_score": 0.5,
            "coverage_error": -1.0,
            "label_ranking_average_precision_score": -1.0,
            "label_ranking_loss": -1.0,
            "training_time": 199.59415500500472,
            "test_time": 0.17102619400247931
        },
        {
            "seed": "7",
            "accuracy_score": 0.48148148148148145,
            "average_precision_score": 0.5185185185185185,
            "balanced_accuracy_score": 0.5,
            "cohen_kappa_score": 0.0,
            "f1_score_macro": 0.325,
            "f1_score_micro": 0.48148148148148145,
            "f1_score_weighted": 0.31296296296296294,
            "matthews_corrcoef": 0.0,
            "precision_score": 0.0,
            "recall_score": 0.0,
            "roc_auc_score": 0.5,
            "coverage_error": -1.0,
            "label_ranking_average_precision_score": -1.0,
            "label_ranking_loss": -1.0,
            "training_time": 155.42146337602753,
            "test_time": 0.14002517802873626
        },
        {
            "seed": "11",
            "accuracy_score": 0.5185185185185185,
            "average_precision_score": 0.48148148148148145,
            "balanced_accuracy_score": 0.5,
            "cohen_kappa_score": 0.0,
            "f1_score_macro": 0.3414634146341463,
            "f1_score_micro": 0.5185185185185185,
            "f1_score_weighted": 0.35411020776874436,
            "matthews_corrcoef": 0.0,
            "precision_score": 0.0,
            "recall_score": 0.0,
            "roc_auc_score": 0.5,
            "coverage_error": -1.0,
            "label_ranking_average_precision_score": -1.0,
            "label_ranking_loss": -1.0,
            "training_time": 197.85376259696204,
            "test_time": 0.20024726097472012
        },
        {
            "seed": "13",
            "accuracy_score": 0.5308641975308642,
            "average_precision_score": 0.4691358024691358,
            "balanced_accuracy_score": 0.5,
            "cohen_kappa_score": 0.0,
            "f1_score_macro": 0.34677419354838707,
            "f1_score_micro": 0.5308641975308642,
            "f1_score_weighted": 0.36818000796495415,
            "matthews_corrcoef": 0.0,
            "precision_score": 0.0,
            "recall_score": 0.0,
            "roc_auc_score": 0.5,
            "coverage_error": -1.0,
            "label_ranking_average_precision_score": -1.0,
            "label_ranking_loss": -1.0,
            "training_time": 207.46809440798825,
            "test_time": 0.15666776697617024
        },
        {
            "seed": "17",
            "accuracy_score": 0.4897119341563786,
            "average_precision_score": 0.5102880658436214,
            "balanced_accuracy_score": 0.5,
            "cohen_kappa_score": 0.0,
            "f1_score_macro": 0.3287292817679558,
            "f1_score_micro": 0.4897119341563786,
            "f1_score_weighted": 0.3219653047768456,
            "matthews_corrcoef": 0.0,
            "precision_score": 0.0,
            "recall_score": 0.0,
            "roc_auc_score": 0.5,
            "coverage_error": -1.0,
            "label_ranking_average_precision_score": -1.0,
            "label_ranking_loss": -1.0,
            "training_time": 211.69765178399393,
            "test_time": 0.2715915080043487
        },
        {
            "seed": "19",
            "accuracy_score": 0.5308641975308642,
            "average_precision_score": 0.4691358024691358,
            "balanced_accuracy_score": 0.5,
            "cohen_kappa_score": 0.0,
            "f1_score_macro": 0.34677419354838707,
            "f1_score_micro": 0.5308641975308642,
            "f1_score_weighted": 0.36818000796495415,
            "matthews_corrcoef": 0.0,
            "precision_score": 0.0,
            "recall_score": 0.0,
            "roc_auc_score": 0.5,
            "coverage_error": -1.0,
            "label_ranking_average_precision_score": -1.0,
            "label_ranking_loss": -1.0,
            "training_time": 191.8755629080115,
            "test_time": 0.4739972329698503
        },
        {
            "seed": "23",
            "accuracy_score": 0.5020576131687243,
            "average_precision_score": 0.49794238683127573,
            "balanced_accuracy_score": 0.5,
            "cohen_kappa_score": 0.0,
            "f1_score_macro": 0.33424657534246577,
            "f1_score_micro": 0.5020576131687243,
            "f1_score_weighted": 0.33562207565251706,
            "matthews_corrcoef": 0.0,
            "precision_score": 0.0,
            "recall_score": 0.0,
            "roc_auc_score": 0.5,
            "coverage_error": -1.0,
            "label_ranking_average_precision_score": -1.0,
            "label_ranking_loss": -1.0,
            "training_time": 191.7712590979645,
            "test_time": 0.1552669230150059
        },
        {
            "seed": "29",
            "accuracy_score": 0.5308641975308642,
            "average_precision_score": 0.4691358024691358,
            "balanced_accuracy_score": 0.5,
            "cohen_kappa_score": 0.0,
            "f1_score_macro": 0.34677419354838707,
            "f1_score_micro": 0.5308641975308642,
            "f1_score_weighted": 0.36818000796495415,
            "matthews_corrcoef": 0.0,
            "precision_score": 0.0,
            "recall_score": 0.0,
            "roc_auc_score": 0.5,
            "coverage_error": -1.0,
            "label_ranking_average_precision_score": -1.0,
            "label_ranking_loss": -1.0,
            "training_time": 190.92072535399348,
            "test_time": 0.4597680720034987
        },
        {
            "seed": "31",
            "accuracy_score": 0.46502057613168724,
            "average_precision_score": 0.5349794238683128,
            "balanced_accuracy_score": 0.5,
            "cohen_kappa_score": 0.0,
            "f1_score_macro": 0.31741573033707865,