{
    "id": 1479,
    "framework": "pycaret",
    "results": [
        {
            "seed": "2",
            "accuracy_score": 0.9588477366255144,
            "average_precision_score": 0.9310036395569414,
            "balanced_accuracy_score": 0.9592881355932203,
            "cohen_kappa_score": 0.9177052289352479,
            "f1_score_macro": 0.9588414634146342,
            "f1_score_micro": 0.9588477366255144,
            "f1_score_weighted": 0.958856100906688,
            "matthews_corrcoef": 0.9182028408825663,
            "precision_score": 0.9426229508196722,
            "recall_score": 0.9745762711864406,
            "roc_auc_score": 0.9592881355932202,
            "coverage_error": -1.0,
            "label_ranking_average_precision_score": -1.0,
            "label_ranking_loss": -1.0,
            "training_time": 70.20108627155423,
            "test_time": 0.11226095352321863
        },
        {
            "seed": "3",
            "accuracy_score": 0.9547325102880658,
            "average_precision_score": 0.9503169623119118,
            "balanced_accuracy_score": 0.9545793252946755,
            "cohen_kappa_score": 0.909435880060986,
            "f1_score_macro": 0.9546557193506251,
            "f1_score_micro": 0.9547325102880658,
            "f1_score_weighted": 0.9546633984443692,
            "matthews_corrcoef": 0.9119428375334441,
            "precision_score": 0.9910714285714286,
            "recall_score": 0.9173553719008265,
            "roc_auc_score": 0.9545793252946756,
            "coverage_error": -1.0,
            "label_ranking_average_precision_score": -1.0,
            "label_ranking_loss": -1.0,
            "training_time": 68.82943270169199,
            "test_time": 0.10943962913006544
        },
        {
            "seed": "5",
            "accuracy_score": 0.9711934156378601,
            "average_precision_score": 0.9560348700026163,
            "balanced_accuracy_score": 0.9711759924129522,
            "cohen_kappa_score": 0.9423839040747891,
            "f1_score_macro": 0.9711914641375222,
            "f1_score_micro": 0.9711934156378601,
            "f1_score_weighted": 0.9711924398876912,
            "matthews_corrcoef": 0.9424158276487022,
            "precision_score": 0.967479674796748,
            "recall_score": 0.9754098360655737,
            "roc_auc_score": 0.9711759924129522,
            "coverage_error": -1.0,
            "label_ranking_average_precision_score": -1.0,
            "label_ranking_loss": -1.0,
            "training_time": 70.22389154415578,
            "test_time": 0.11027098819613457
        },
        {
            "seed": "7",
            "accuracy_score": 0.9670781893004116,
            "average_precision_score": 0.9504037147266314,
            "balanced_accuracy_score": 0.9667277167277167,
            "cohen_kappa_score": 0.9340256566890653,
            "f1_score_macro": 0.9670105891935922,
            "f1_score_micro": 0.9670781893004116,
            "f1_score_weighted": 0.9670658983718988,
            "matthews_corrcoef": 0.9341527280260694,
            "precision_score": 0.9609375,
            "recall_score": 0.9761904761904762,
            "roc_auc_score": 0.9667277167277168,
            "coverage_error": -1.0,
            "label_ranking_average_precision_score": -1.0,
            "label_ranking_loss": -1.0,
            "training_time": 70.73539082705975,
            "test_time": 0.11231134179979563
        },
        {
            "seed": "11",
            "accuracy_score": 0.9753086419753086,
            "average_precision_score": 0.9693697176489704,
            "balanced_accuracy_score": 0.9746642246642248,
            "cohen_kappa_score": 0.9504889975550123,
            "f1_score_macro": 0.9752377717391305,
            "f1_score_micro": 0.9753086419753086,
            "f1_score_weighted": 0.9752868357487923,
            "matthews_corrcoef": 0.9510071923714614,
            "precision_score": 0.9911504424778761,
            "recall_score": 0.9572649572649573,
            "roc_auc_score": 0.9746642246642248,
            "coverage_error": -1.0,
            "label_ranking_average_precision_score": -1.0,
            "label_ranking_loss": -1.0,
            "training_time": 70.74009243119508,
            "test_time": 0.11822108831256628
        },
        {
            "seed": "13",
            "accuracy_score": 0.9506172839506173,
            "average_precision_score": 0.9289345698702424,
            "balanced_accuracy_score": 0.9494084047327621,
            "cohen_kappa_score": 0.9006541291905151,
            "f1_score_macro": 0.950313522355507,
            "f1_score_micro": 0.9506172839506173,
            "f1_score_weighted": 0.9505533341411204,
            "matthews_corrcoef": 0.9011483744967799,
            "precision_score": 0.9636363636363636,
            "recall_score": 0.9298245614035088,
            "roc_auc_score": 0.9494084047327621,
            "coverage_error": -1.0,
            "label_ranking_average_precision_score": -1.0,
            "label_ranking_loss": -1.0,
            "training_time": 71.7876281188801,
            "test_time": 0.11278046481311321
        },
        {
            "seed": "17",
            "accuracy_score": 0.934156378600823,
            "average_precision_score": 0.9251023566482913,
            "balanced_accuracy_score": 0.9349756031444836,
            "cohen_kappa_score": 0.8684798051552669,
            "f1_score_macro": 0.9341284901057196,
            "f1_score_micro": 0.934156378600823,
            "f1_score_weighted": 0.9341006016106164,
            "matthews_corrcoef": 0.8714288565814903,
            "precision_score": 0.9736842105263158,
            "recall_score": 0.8951612903225806,
            "roc_auc_score": 0.9349756031444835,
            "coverage_error": -1.0,
            "label_ranking_average_precision_score": -1.0,
            "label_ranking_loss": -1.0,
            "training_time": 71.50777399167418,
            "test_time": 0.11115976609289646
        },
        {
            "seed": "19",
            "accuracy_score": 0.9588477366255144,
            "average_precision_score": 0.9347805022628045,
            "balanced_accuracy_score": 0.9586903304773562,
            "cohen_kappa_score": 0.9173806609547124,
            "f1_score_macro": 0.9586903304773562,
            "f1_score_micro": 0.9588477366255144,
            "f1_score_weighted": 0.9588477366255144,
            "matthews_corrcoef": 0.9173806609547124,
            "precision_score": 0.956140350877193,
            "recall_score": 0.956140350877193,
            "roc_auc_score": 0.9586903304773563,
            "coverage_error": -1.0,
            "label_ranking_average_precision_score": -1.0,
            "label_ranking_loss": -1.0,
            "training_time": 71.4074687929824,
            "test_time": 0.11542134266346693
        },
        {
            "seed": "23",
            "accuracy_score": 0.9629629629629629,
            "average_precision_score": 0.933867292453151,
            "balanced_accuracy_score": 0.9630808833491398,
            "cohen_kappa_score": 0.9259422301987742,
            "f1_score_macro": 0.9629403690712216,
            "f1_score_micro": 0.9629629629629629,
            "f1_score_weighted": 0.9629366034225981,
            "matthews_corrcoef": 0.9274821161077188,
            "precision_score": 0.9375,
            "recall_score": 0.9917355371900827,
            "roc_auc_score": 0.9630808833491397,
            "coverage_error": -1.0,
            "label_ranking_average_precision_score": -1.0,
            "label_ranking_loss": -1.0,
            "training_time": 72.19711872376502,
            "test_time": 0.11392199154943228
        },
        {
            "seed": "29",
            "accuracy_score": 0.9753086419753086,
            "average_precision_score": 0.9604066208406006,
            "balanced_accuracy_score": 0.9752141982864138,
            "cohen_kappa_score": 0.9504283965728274,
            "f1_score_macro": 0.9752141982864138,