{"framework": "h2o", "accuracy_score": 0.49382716049382713, "average_precision_score": 0.562528804141608, "balanced_accuracy_score": 0.5265892002734107, "cohen_kappa_score": 0.04948322467800925, "f1_score_macro": 0.4451127819548872, "f1_score_micro": 0.49382716049382713, "f1_score_weighted": 0.4295512443660591, "matthews_corrcoef": 0.07287670107177537, "precision_score": 0.631578947368421, "recall_score": 0.18045112781954886, "roc_auc_score": 0.5265892002734108, "coverage_error": -1.0, "label_ranking_average_precision_score": -1.0, "label_ranking_loss": -1.0, "training_time": "00:09:54", "test_time": "00:00:00"}