{"id": 1479, "framework": "evalml", "results": [{"seed": "2", "accuracy_score": 0.9135802469135802, "average_precision_score": 0.8641286182604451, "balanced_accuracy_score": 0.9143389830508475, "cohen_kappa_score": 0.8273038004670209, "f1_score_macro": 0.9135802469135803, "f1_score_micro": 0.9135802469135802, "f1_score_weighted": 0.9135802469135802, "matthews_corrcoef": 0.8286779661016949, "precision_score": 0.888, "recall_score": 0.940677966101695, "roc_auc_score": 0.9143389830508476, "coverage_error": -1.0, "label_ranking_average_precision_score": -1.0, "label_ranking_loss": -1.0, "training_time": 304.19106526498217, "test_time": 0.17418175796046853}, {"seed": "3", "accuracy_score": 0.9218106995884774, "average_precision_score": 0.8958489457444526, "balanced_accuracy_score": 0.921724698550332, "cohen_kappa_score": 0.843592262610522, "f1_score_macro": 0.921763001372579, "f1_score_micro": 0.9218106995884774, "f1_score_weighted": 0.9217709510752287, "matthews_corrcoef": 0.8443077535056009, "precision_score": 0.9396551724137931, "recall_score": 0.9008264462809917, "roc_auc_score": 0.9217246985503319, "coverage_error": -1.0, "label_ranking_average_precision_score": -1.0, "label_ranking_loss": -1.0, "training_time": 303.5784614799777, "test_time": 0.16606433497508988}, {"seed": "5", "accuracy_score": 0.9218106995884774, "average_precision_score": 0.8745898342293702, "balanced_accuracy_score": 0.921623086302669, "cohen_kappa_score": 0.8435604648798835, "f1_score_macro": 0.9216195569136745, "f1_score_micro": 0.9218106995884774, "f1_score_weighted": 0.9216354854699081, "matthews_corrcoef": 0.8470417484528698, "precision_score": 0.8872180451127819, "recall_score": 0.9672131147540983, "roc_auc_score": 0.921623086302669, "coverage_error": -1.0, "label_ranking_average_precision_score": -1.0, "label_ranking_loss": -1.0, "training_time": 305.7049294390017, "test_time": 0.15468315099133179}, {"seed": "7", "accuracy_score": 0.9053497942386831, "average_precision_score": 0.8520060186726853, "balanced_accuracy_score": 0.9026251526251526, "cohen_kappa_score": 0.8094507517643449, "f1_score_macro": 0.9042536789269011, "f1_score_micro": 0.9053497942386831, "f1_score_weighted": 0.9046331034579025, "matthews_corrcoef": 0.8176003765765205, "precision_score": 0.8601398601398601, "recall_score": 0.9761904761904762, "roc_auc_score": 0.9026251526251526, "coverage_error": -1.0, "label_ranking_average_precision_score": -1.0, "label_ranking_loss": -1.0, "training_time": 302.31289826898137, "test_time": 0.25023703603073955}, {"seed": "11", "accuracy_score": 0.9218106995884774, "average_precision_score": 0.8791468819246597, "balanced_accuracy_score": 0.9221611721611722, "cohen_kappa_score": 0.8435498627630376, "f1_score_macro": 0.9217630013725788, "f1_score_micro": 0.9218106995884774, "f1_score_weighted": 0.9218345486964266, "matthews_corrcoef": 0.8438073565682276, "precision_score": 0.9083333333333333, "recall_score": 0.9316239316239316, "roc_auc_score": 0.9221611721611722, "coverage_error": -1.0, "label_ranking_average_precision_score": -1.0, "label_ranking_loss": -1.0, "training_time": 302.0676264669746, "test_time": 0.25972297199768946}, {"seed": "13", "accuracy_score": 0.9135802469135802, "average_precision_score": 0.8611688990085963, "balanced_accuracy_score": 0.9145246838025296, "cohen_kappa_score": 0.8269406857259132, "f1_score_macro": 0.9134336460330116, "f1_score_micro": 0.9135802469135802, "f1_score_weighted": 0.9136535473538646, "matthews_corrcoef": 0.8276435786742642, "precision_score": 0.8907563025210085, "recall_score": 0.9298245614035088, "roc_auc_score": 0.9145246838025296, "coverage_error": -1.0, "label_ranking_average_precision_score": -1.0, "label_ranking_loss": -1.0, "training_time": 301.510540082003, "test_time": 0.15825964097166434}, {"seed": "17", "accuracy_score": 0.897119341563786, "average_precision_score": 0.8613264238974528, "balanced_accuracy_score": 0.8971604770940634, "cohen_kappa_score": 0.794186401057018, "f1_score_macro": 0.8970914573204818, "f1_score_micro": 0.8971193415637861, "f1_score_weighted": 0.8971263126246121, "matthews_corrcoef": 0.794213315329419, "precision_score": 0.9024390243902439, "recall_score": 0.8951612903225806, "roc_auc_score": 0.8971604770940634, "coverage_error": -1.0, "label_ranking_average_precision_score": -1.0, "label_ranking_loss": -1.0, "training_time": 302.9085927300039, "test_time": 0.26466707000508904}, {"seed": "19", "accuracy_score": 0.9135802469135802, "average_precision_score": 0.8611688990085963, "balanced_accuracy_score": 0.9145246838025296, "cohen_kappa_score": 0.8269406857259132, "f1_score_macro": 0.9134336460330116, "f1_score_micro": 0.9135802469135802, "f1_score_weighted": 0.9136535473538646, "matthews_corrcoef": 0.8276435786742642, "precision_score": 0.8907563025210085, "recall_score": 0.9298245614035088, "roc_auc_score": 0.9145246838025296, "coverage_error": -1.0, "label_ranking_average_precision_score": -1.0, "label_ranking_loss": -1.0, "training_time": 307.97184260201175, "test_time": 0.3032510329503566}, {"seed": "23", "accuracy_score": 0.9465020576131687, "average_precision_score": 0.9174036443505326, "balanced_accuracy_score": 0.946551957729305, "cohen_kappa_score": 0.8930131743827683, "f1_score_macro": 0.9464984333982556, "f1_score_micro": 0.9465020576131687, "f1_score_weighted": 0.9464966212907989, "matthews_corrcoef": 0.8932854713978987, "precision_score": 0.9354838709677419, "recall_score": 0.9586776859504132, "roc_auc_score": 0.946551957729305, "coverage_error": -1.0, "label_ranking_average_precision_score": -1.0, "label_ranking_loss": -1.0, "training_time": 309.46210787503514, "test_time": 0.1760088719893247}, {"seed": "29", "accuracy_score": 0.9176954732510288, "average_precision_score": 0.8633453701040701, "balanced_accuracy_score": 0.919420644634843, "cohen_kappa_score": 0.8354327509142625, "f1_score_macro": 0.9176271186440679, "f1_score_micro": 0.9176954732510288, "f1_score_weighted": 0.9177735928018415, "matthews_corrcoef": 0.8372486952037002, "precision_score": 0.8852459016393442, "recall_score": 0.9473684210526315, "roc_auc_score": 0.9194206446348429, "coverage_error": -1.0, "label_ranking_average_precision_score": -1.0, "label_ranking_loss": -1.0, "training_time": 302.42445559002226, "test_time": 0.15933782601496205}, {"seed": "31", "accuracy_score": 0.897119341563786, "average_precision_score": 0.861665083887306, "balanced_accuracy_score": 0.8951667801225324, "cohen_kappa_score": 0.7926267281105991, "f1_score_macro": 0.8962691027063947, "f1_score_micro": 0.8971193415637861, "f1_score_weighted": 0.8969261054598335, "matthews_corrcoef": 0.7933093260902778, "precision_score": 0.8888888888888888, "recall_score": 0.9230769230769231, "roc_auc_score": 0.8951667801225325, "coverage_error": -1.0, "label_ranking_average_precision_score": -1.0, "label_ranking_loss": -1.0, "training_time": 303.990189492004, "test_time": 0.15397650800878182}, {"seed": "37", "accuracy_score": 0.9218106995884774, "average_precision_score": 0.8753269688942203, "balanced_accuracy_score": 0.9222766217870257, "cohen_kappa_score": 0.843263061411549, "f1_score_macro": 0.9216195569136745, "f1_score_micro": 0.9218106995884774, "f1_score_weighted": 0.921858485257178, "matthews_corrcoef": 0.843521412714032, "precision_score": 0.905982905982906, "recall_score": 0.9298245614035088, "roc_auc_score": 0.9222766217870256, "coverage_error": -1.0, "label_ranking_average_precision_score": -1.0, "label_ranking_loss": -1.0, "training_time": 301.89551911799936, "test_time": 0.27508759300690144}, {"seed": "41", "accuracy_score": 0.9094650205761317, "average_precision_score": 0.8770114897119342, "balanced_accuracy_score": 0.9093898305084747, "cohen_kappa_score": 0.8187796610169491, "f1_score_macro": 0.9093898305084747, "f1_score_micro": 0.9094650205761317, "f1_score_weighted": 0.9094650205761317, "matthews_corrcoef": 0.8187796610169491, "precision_score": 0.912, "recall_score": 0.912, "roc_auc_score": 0.9093898305084746,