{
    "id": 1479,
    "framework": "autopytorch",
    "results": [
        {
            "seed": "2",
            "accuracy_score": 0.5637860082304527,
            "average_precision_score": 0.5220336300373964,
            "balanced_accuracy_score": 0.5648474576271186,
            "cohen_kappa_score": 0.12932666306111418,
            "f1_score_macro": 0.563601246950393,
            "f1_score_micro": 0.5637860082304527,
            "f1_score_weighted": 0.5633425811583096,
            "matthews_corrcoef": 0.12995950903200224,
            "precision_score": 0.5461538461538461,
            "recall_score": 0.6016949152542372,
            "roc_auc_score": 0.5648474576271186,
            "coverage_error": -1.0,
            "label_ranking_average_precision_score": -1.0,
            "label_ranking_loss": -1.0,
            "training_time": 312.61245000804774,
            "test_time": 1.5943073899834417
        },
        {
            "seed": "3",
            "accuracy_score": 0.5020576131687243,
            "average_precision_score": 0.49794238683127573,
            "balanced_accuracy_score": 0.5,
            "cohen_kappa_score": 0.0,
            "f1_score_macro": 0.33424657534246577,
            "f1_score_micro": 0.5020576131687243,
            "f1_score_weighted": 0.33562207565251706,
            "matthews_corrcoef": 0.0,
            "precision_score": 0.0,
            "recall_score": 0.0,
            "roc_auc_score": 0.5,
            "coverage_error": -1.0,
            "label_ranking_average_precision_score": -1.0,
            "label_ranking_loss": -1.0,
            "training_time": 310.7009197809966,
            "test_time": 6.864216557994951
        },
        {
            "seed": "5",
            "accuracy_score": 0.5925925925925926,
            "average_precision_score": 0.5588759240222747,
            "balanced_accuracy_score": 0.5929413358623492,
            "cohen_kappa_score": 0.18575055000846163,
            "f1_score_macro": 0.5898139780729423,
            "f1_score_micro": 0.5925925925925926,
            "f1_score_weighted": 0.5896750473469599,
            "matthews_corrcoef": 0.18858478346857652,
            "precision_score": 0.6138613861386139,
            "recall_score": 0.5081967213114754,
            "roc_auc_score": 0.5929413358623492,
            "coverage_error": -1.0,
            "label_ranking_average_precision_score": -1.0,
            "label_ranking_loss": -1.0,
            "training_time": 309.1879770119558,
            "test_time": 4.5051873120246455
        },
        {
            "seed": "7",
            "accuracy_score": 0.5061728395061729,
            "average_precision_score": 0.5225482336593448,
            "balanced_accuracy_score": 0.5079365079365079,
            "cohen_kappa_score": 0.015795868772782495,
            "f1_score_macro": 0.5057627118644067,
            "f1_score_micro": 0.5061728395061729,
            "f1_score_weighted": 0.5052354048964218,
            "matthews_corrcoef": 0.015933657988326966,
            "precision_score": 0.5272727272727272,
            "recall_score": 0.4603174603174603,
            "roc_auc_score": 0.5079365079365079,
            "coverage_error": -1.0,
            "label_ranking_average_precision_score": -1.0,
            "label_ranking_loss": -1.0,
            "training_time": 317.67409530398436,
            "test_time": 1.0390048190020025
        },
        {
            "seed": "11",
            "accuracy_score": 0.5020576131687243,
            "average_precision_score": 0.48270685905094507,
            "balanced_accuracy_score": 0.5024420024420024,
            "cohen_kappa_score": 0.004873591227535723,
            "f1_score_macro": 0.5020238800914556,
            "f1_score_micro": 0.5020576131687243,
            "f1_score_weighted": 0.5021756789391644,
            "matthews_corrcoef": 0.0048816874438345524,
            "precision_score": 0.4838709677419355,
            "recall_score": 0.5128205128205128,
            "roc_auc_score": 0.5024420024420024,
            "coverage_error": -1.0,
            "label_ranking_average_precision_score": -1.0,
            "label_ranking_loss": -1.0,
            "training_time": 315.5309783949633,
            "test_time": 3.3138570209848695
        },
        {
            "seed": "13",
            "accuracy_score": 0.5349794238683128,
            "average_precision_score": 0.4897552523283517,
            "balanced_accuracy_score": 0.5385556915544676,
            "cohen_kappa_score": 0.07629427792915533,
            "f1_score_macro": 0.5346957450053378,
            "f1_score_micro": 0.5349794238683128,
            "f1_score_weighted": 0.5339865478479006,
            "matthews_corrcoef": 0.07744386366642514,
            "precision_score": 0.5037037037037037,
            "recall_score": 0.5964912280701754,
            "roc_auc_score": 0.5385556915544676,
            "coverage_error": -1.0,
            "label_ranking_average_precision_score": -1.0,
            "label_ranking_loss": -1.0,
            "training_time": 312.0663166579907,
            "test_time": 3.531110188981984
        },
        {
            "seed": "17",
            "accuracy_score": 0.5843621399176955,
            "average_precision_score": 0.5604555295930943,
            "balanced_accuracy_score": 0.5851179181349959,
            "cohen_kappa_score": 0.16991916663848206,
            "f1_score_macro": 0.584108586243709,
            "f1_score_micro": 0.5843621399176955,
            "f1_score_weighted": 0.583897291515387,
            "matthews_corrcoef": 0.1706178299231755,
            "precision_score": 0.6017699115044248,
            "recall_score": 0.5483870967741935,
            "roc_auc_score": 0.5851179181349959,
            "coverage_error": -1.0,
            "label_ranking_average_precision_score": -1.0,
            "label_ranking_loss": -1.0,
            "training_time": 317.4026783060399,
            "test_time": 2.4852411660249345
        },
        {
            "seed": "19",
            "accuracy_score": 0.5761316872427984,
            "average_precision_score": 0.5149880875027074,
            "balanced_accuracy_score": 0.5798653610771114,
            "cohen_kappa_score": 0.1580381471389647,
            "f1_score_macro": 0.5758731127039806,
            "f1_score_micro": 0.5761316872427984,
            "f1_score_weighted": 0.5752266763569359,
            "matthews_corrcoef": 0.16041943188045207,
            "precision_score": 0.5407407407407407,
            "recall_score": 0.6403508771929824,
            "roc_auc_score": 0.5798653610771114,
            "coverage_error": -1.0,
            "label_ranking_average_precision_score": -1.0,
            "label_ranking_loss": -1.0,
            "training_time": 315.0299143929733,
            "test_time": 3.8795101559953764
        },
        {
            "seed": "23",
            "accuracy_score": 0.5390946502057613,
            "average_precision_score": 0.5190081062761354,
            "balanced_accuracy_score": 0.5392223275978865,
            "cohen_kappa_score": 0.0784234051198699,
            "f1_score_macro": 0.5387118644067797,
            "f1_score_micro": 0.5390946502057613,
            "f1_score_weighted": 0.5386571807212108,
            "matthews_corrcoef": 0.07859387070735123,
            "precision_score": 0.5348837209302325,
            "recall_score": 0.5702479338842975,
            "roc_auc_score": 0.5392223275978865,
            "coverage_error": -1.0,
            "label_ranking_average_precision_score": -1.0,
            "label_ranking_loss": -1.0,
            "training_time": 313.183852037997,
            "test_time": 1.2928859230014496
        },
        {
            "seed": "29",
            "accuracy_score": 0.5349794238683128,
            "average_precision_score": 0.49083729785484176,
            "balanced_accuracy_score": 0.5405956752345982,
            "cohen_kappa_score": 0.08000804100914671,
            "f1_score_macro": 0.533430751193652,
            "f1_score_micro": 0.5349794238683128,