{"id": 1479, "framework": "autogluon", "results": [{"seed": "2", "accuracy_score": 0.8683127572016461, "average_precision_score": 0.8069834535951418, "balanced_accuracy_score": 0.8689152542372881, "cohen_kappa_score": 0.7367815313790536, "f1_score_macro": 0.8683105270288578, "f1_score_micro": 0.8683127572016461, "f1_score_weighted": 0.8683261382383753, "matthews_corrcoef": 0.7376804870202197, "precision_score": 0.8467741935483871, "recall_score": 0.8898305084745762, "roc_auc_score": 0.868915254237288, "coverage_error": -1.0, "label_ranking_average_precision_score": -1.0, "label_ranking_loss": -1.0, "training_time": 20.829487115028314, "test_time": 0.037395143997855484}, {"seed": "3", "accuracy_score": 0.5637860082304527, "average_precision_score": 0.5340297562519785, "balanced_accuracy_score": 0.5637108792846497, "cohen_kappa_score": 0.1274390243902439, "f1_score_macro": 0.563601246950393, "f1_score_micro": 0.5637860082304527, "f1_score_weighted": 0.563638199206405, "matthews_corrcoef": 0.12750816378609772, "precision_score": 0.5641025641025641, "recall_score": 0.5454545454545454, "roc_auc_score": 0.5637108792846498, "coverage_error": -1.0, "label_ranking_average_precision_score": -1.0, "label_ranking_loss": -1.0, "training_time": 14.394782453018706, "test_time": 0.006343595974612981}, {"seed": "5", "accuracy_score": 0.8641975308641975, "average_precision_score": 0.7976125371583264, "balanced_accuracy_score": 0.8638734588809105, "cohen_kappa_score": 0.7282155566853076, "f1_score_macro": 0.8632713260243141, "f1_score_micro": 0.8641975308641975, "f1_score_weighted": 0.8633176362663083, "matthews_corrcoef": 0.7372984705883862, "precision_score": 0.8156028368794326, "recall_score": 0.9426229508196722, "roc_auc_score": 0.8638734588809105, "coverage_error": -1.0, "label_ranking_average_precision_score": -1.0, "label_ranking_loss": -1.0, "training_time": 28.205858002009336, "test_time": 0.04021307796938345}, {"seed": "7", "accuracy_score": 0.6131687242798354, "average_precision_score": 0.5991769547325103, "balanced_accuracy_score": 0.6196581196581197, "cohen_kappa_score": 0.23600240818783869, "f1_score_macro": 0.6039875173370319, "f1_score_micro": 0.6131687242798354, "f1_score_weighted": 0.601754250783377, "matthews_corrcoef": 0.2544553446407327, "precision_score": 0.7, "recall_score": 0.4444444444444444, "roc_auc_score": 0.6196581196581197, "coverage_error": -1.0, "label_ranking_average_precision_score": -1.0, "label_ranking_loss": -1.0, "training_time": 14.39695570000913, "test_time": 0.05122342304093763}, {"seed": "11", "accuracy_score": 0.5102880658436214, "average_precision_score": 0.48834762293291245, "balanced_accuracy_score": 0.5134310134310134, "cohen_kappa_score": 0.02665858830657386, "f1_score_macro": 0.5081557328253363, "f1_score_micro": 0.5102880658436214, "f1_score_weighted": 0.5069562955025511, "matthews_corrcoef": 0.027234043286798612, "precision_score": 0.49295774647887325, "recall_score": 0.5982905982905983, "roc_auc_score": 0.5134310134310135, "coverage_error": -1.0, "label_ranking_average_precision_score": -1.0, "label_ranking_loss": -1.0, "training_time": 13.821087410033215, "test_time": 0.03737375000491738}, {"seed": "13", "accuracy_score": 0.5761316872427984, "average_precision_score": 0.5164520649065345, "balanced_accuracy_score": 0.5829253365973073, "cohen_kappa_score": 0.16310562744507973, "f1_score_macro": 0.5737931034482759, "f1_score_micro": 0.5761316872427984, "f1_score_weighted": 0.5718442836195071, "matthews_corrcoef": 0.16930517601312287, "precision_score": 0.5374149659863946, "recall_score": 0.6929824561403509, "roc_auc_score": 0.5829253365973073, "coverage_error": -1.0, "label_ranking_average_precision_score": -1.0, "label_ranking_loss": -1.0, "training_time": 13.672755491978023, "test_time": 0.08366275299340487}, {"seed": "17", "accuracy_score": 0.5349794238683128, "average_precision_score": 0.5293598023767885, "balanced_accuracy_score": 0.5355448631065329, "cohen_kappa_score": 0.07098149338566162, "f1_score_macro": 0.5348533870885775, "f1_score_micro": 0.5349794238683128, "f1_score_weighted": 0.5346958411139086, "matthews_corrcoef": 0.07117660349932513, "precision_score": 0.5478260869565217, "recall_score": 0.5080645161290323, "roc_auc_score": 0.5355448631065329, "coverage_error": -1.0, "label_ranking_average_precision_score": -1.0, "label_ranking_loss": -1.0, "training_time": 17.326557155989576, "test_time": 0.03955771401524544}, {"seed": "19", "accuracy_score": 0.5185185185185185, "average_precision_score": 0.48460629688699863, "balanced_accuracy_score": 0.5296817625458996, "cohen_kappa_score": 0.05785863405905167, "f1_score_macro": 0.5077138849929873, "f1_score_micro": 0.5185185185185185, "f1_score_weighted": 0.5032119543573493, "matthews_corrcoef": 0.06345673011695477, "precision_score": 0.4909090909090909, "recall_score": 0.7105263157894737, "roc_auc_score": 0.5296817625458996, "coverage_error": -1.0, "label_ranking_average_precision_score": -1.0, "label_ranking_loss": -1.0, "training_time": 13.718711510999128, "test_time": 0.10751361801521853}, {"seed": "23", "accuracy_score": 0.9094650205761317, "average_precision_score": 0.8663924089378635, "balanced_accuracy_score": 0.9095312288307817, "cohen_kappa_score": 0.8189515036575454, "f1_score_macro": 0.9094512195121952, "f1_score_micro": 0.9094650205761317, "f1_score_weighted": 0.9094466191575497, "matthews_corrcoef": 0.8193955678729876, "precision_score": 0.896, "recall_score": 0.9256198347107438, "roc_auc_score": 0.9095312288307817, "coverage_error": -1.0, "label_ranking_average_precision_score": -1.0, "label_ranking_loss": -1.0, "training_time": 21.637301464972552, "test_time": 0.038647965993732214}, {"seed": "29", "accuracy_score": 0.8724279835390947, "average_precision_score": 0.809325649066305, "balanced_accuracy_score": 0.8721950224398205, "cohen_kappa_score": 0.744010602507901, "f1_score_macro": 0.8720031264336567, "f1_score_micro": 0.8724279835390947, "f1_score_weighted": 0.8724583304751973, "matthews_corrcoef": 0.7440359708396886, "precision_score": 0.8608695652173913, "recall_score": 0.868421052631579, "roc_auc_score": 0.8721950224398205, "coverage_error": -1.0, "label_ranking_average_precision_score": -1.0, "label_ranking_loss": -1.0, "training_time": 19.221233927994035, "test_time": 0.11143816699041054}, {"seed": "31", "accuracy_score": 0.8847736625514403, "average_precision_score": 0.8538261864757591, "balanced_accuracy_score": 0.884206943498979, "cohen_kappa_score": 0.7684138869979578, "f1_score_macro": 0.884206943498979, "f1_score_micro": 0.8847736625514403, "f1_score_weighted": 0.8847736625514403, "matthews_corrcoef": 0.7684138869979578, "precision_score": 0.8923076923076924, "recall_score": 0.8923076923076924, "roc_auc_score": 0.8842069434989789, "coverage_error": -1.0, "label_ranking_average_precision_score": -1.0, "label_ranking_loss": -1.0, "training_time": 19.416081250994466, "test_time": 0.04636754596140236}, {"seed": "37", "accuracy_score": 0.5637860082304527, "average_precision_score": 0.5074606134229831, "balanced_accuracy_score": 0.5682374541003672, "cohen_kappa_score": 0.1348246674727931, "f1_score_macro": 0.5631868131868132, "f1_score_micro": 0.5637860082304527, "f1_score_weighted": 0.5621881547807472, "matthews_corrcoef": 0.13748834965609857, "precision_score": 0.5289855072463768, "recall_score": 0.6403508771929824, "roc_auc_score": 0.5682374541003672, "coverage_error": -1.0, "label_ranking_average_precision_score": -1.0, "label_ranking_loss": -1.0, "training_time": 14.421547106001526, "test_time": 0.209274152002763}, {"seed": "41", "accuracy_score": 0.6296296296296297, "average_precision_score": 0.5905843621399177, "balanced_accuracy_score": 0.6267118644067797, "cohen_kappa_score": 0.25475362911470056, "f1_score_macro": 0.6242784496976361, "f1_score_micro": 0.6296296296296297, "f1_score_weighted": 0.6255701138191517, "matthews_corrcoef": 0.25908901683411395, "precision_score": 0.6190476190476191, "recall_score": 0.728,