{
    "id": 1479,
    "framework": "naive",
    "results": [
        {
            "seed": "2",
            "accuracy_score": 0.9588477366255144,
            "average_precision_score": 0.9310036395569414,
            "balanced_accuracy_score": 0.9592881355932203,
            "cohen_kappa_score": 0.9177052289352479,
            "f1_score_macro": 0.9588414634146342,
            "f1_score_micro": 0.9588477366255144,
            "f1_score_weighted": 0.958856100906688,
            "matthews_corrcoef": 0.9182028408825663,
            "precision_score": 0.9426229508196722,
            "recall_score": 0.9745762711864406,
            "roc_auc_score": 0.9592881355932202,
            "coverage_error": -1.0,
            "label_ranking_average_precision_score": -1.0,
            "label_ranking_loss": -1.0,
            "training_time": 294.925266420003,
            "test_time": 0.0015807230010977946
        },
        {
            "seed": "3",
            "accuracy_score": 0.9506172839506173,
            "average_precision_score": 0.946168390612835,
            "balanced_accuracy_score": 0.9504470938897168,
            "cohen_kappa_score": 0.9011994307786135,
            "f1_score_macro": 0.9505158837903882,
            "f1_score_micro": 0.9506172839506173,
            "f1_score_weighted": 0.9505251019867728,
            "matthews_corrcoef": 0.9042695993326763,
            "precision_score": 0.990990990990991,
            "recall_score": 0.9090909090909091,
            "roc_auc_score": 0.9504470938897168,
            "coverage_error": -1.0,
            "label_ranking_average_precision_score": -1.0,
            "label_ranking_loss": -1.0,
            "training_time": 298.93505915100104,
            "test_time": 0.0016480729973409325
        },
        {
            "seed": "5",
            "accuracy_score": 0.9753086419753086,
            "average_precision_score": 0.9675538015246575,
            "balanced_accuracy_score": 0.9753420945671318,
            "cohen_kappa_score": 0.9506197927250559,
            "f1_score_macro": 0.9753082238179108,
            "f1_score_micro": 0.9753086419753086,
            "f1_score_weighted": 0.975307805660513,
            "matthews_corrcoef": 0.9507485964504268,
            "precision_score": 0.9833333333333333,
            "recall_score": 0.9672131147540983,
            "roc_auc_score": 0.9753420945671318,
            "coverage_error": -1.0,
            "label_ranking_average_precision_score": -1.0,
            "label_ranking_loss": -1.0,
            "training_time": 303.8378435449995,
            "test_time": 0.0017542610003147274
        },
        {
            "seed": "7",
            "accuracy_score": 0.9506172839506173,
            "average_precision_score": 0.9251300140189029,
            "balanced_accuracy_score": 0.9499389499389499,
            "cohen_kappa_score": 0.9009779951100244,
            "f1_score_macro": 0.9504755434782608,
            "f1_score_micro": 0.9506172839506173,
            "f1_score_weighted": 0.9505736714975845,
            "matthews_corrcoef": 0.9014691971418226,
            "precision_score": 0.9384615384615385,
            "recall_score": 0.9682539682539683,
            "roc_auc_score": 0.94993894993895,
            "coverage_error": -1.0,
            "label_ranking_average_precision_score": -1.0,
            "label_ranking_loss": -1.0,
            "training_time": 298.68349599899375,
            "test_time": 0.001605372002813965
        },
        {
            "seed": "11",
            "accuracy_score": 0.9629629629629629,
            "average_precision_score": 0.9521887577443132,
            "balanced_accuracy_score": 0.9621489621489621,
            "cohen_kappa_score": 0.925710791806787,
            "f1_score_macro": 0.9628396173517069,
            "f1_score_micro": 0.9629629629629629,
            "f1_score_weighted": 0.9629189109589429,
            "matthews_corrcoef": 0.9265002098222513,
            "precision_score": 0.9821428571428571,
            "recall_score": 0.9401709401709402,
            "roc_auc_score": 0.9621489621489622,
            "coverage_error": -1.0,
            "label_ranking_average_precision_score": -1.0,
            "label_ranking_loss": -1.0,
            "training_time": 300.47209279399976,
            "test_time": 0.0015081439996720292
        },
        {
            "seed": "13",
            "accuracy_score": 0.9670781893004116,
            "average_precision_score": 0.9511055803087967,
            "balanced_accuracy_score": 0.9664422684618523,
            "cohen_kappa_score": 0.9338370430876046,
            "f1_score_macro": 0.9669162695711369,
            "f1_score_micro": 0.9670781893004116,
            "f1_score_weighted": 0.9670591399204969,
            "matthews_corrcoef": 0.9339648163720352,
            "precision_score": 0.9732142857142857,
            "recall_score": 0.956140350877193,
            "roc_auc_score": 0.9664422684618523,
            "coverage_error": -1.0,
            "label_ranking_average_precision_score": -1.0,
            "label_ranking_loss": -1.0,
            "training_time": 301.33754002299975,
            "test_time": 0.0018774909985950217
        },
        {
            "seed": "17",
            "accuracy_score": 0.9506172839506173,
            "average_precision_score": 0.9408779337018812,
            "balanced_accuracy_score": 0.9511046354025481,
            "cohen_kappa_score": 0.9012930742671451,
            "f1_score_macro": 0.9506164476358216,
            "f1_score_micro": 0.9506172839506173,
            "f1_score_weighted": 0.9506122660618438,
            "matthews_corrcoef": 0.9023927523385266,
            "precision_score": 0.9745762711864406,
            "recall_score": 0.9274193548387096,
            "roc_auc_score": 0.951104635402548,
            "coverage_error": -1.0,
            "label_ranking_average_precision_score": -1.0,
            "label_ranking_loss": -1.0,
            "training_time": 302.2592690419988,
            "test_time": 0.0015912130038486794
        },
        {
            "seed": "19",
            "accuracy_score": 0.9218106995884774,
            "average_precision_score": 0.8836585123134831,
            "balanced_accuracy_score": 0.9207466340269278,
            "cohen_kappa_score": 0.8427827152926755,
            "f1_score_macro": 0.9213793103448276,
            "f1_score_micro": 0.9218106995884774,
            "f1_score_weighted": 0.9217388013812023,
            "matthews_corrcoef": 0.8430425052071969,
            "precision_score": 0.9279279279279279,
            "recall_score": 0.9035087719298246,
            "roc_auc_score": 0.9207466340269277,
            "coverage_error": -1.0,
            "label_ranking_average_precision_score": -1.0,
            "label_ranking_loss": -1.0,
            "training_time": 293.96740284800035,
            "test_time": 0.0018468909984221682
        },
        {
            "seed": "23",
            "accuracy_score": 0.9711934156378601,
            "average_precision_score": 0.9486252617565748,
            "balanced_accuracy_score": 0.9712776046606151,
            "cohen_kappa_score": 0.9423956110941786,
            "f1_score_macro": 0.9711856080497349,
            "f1_score_micro": 0.9711934156378601,
            "f1_score_weighted": 0.9711836561527035,
            "matthews_corrcoef": 0.9431943598722827,
            "precision_score": 0.9523809523809523,
            "recall_score": 0.9917355371900827,
            "roc_auc_score": 0.9712776046606151,
            "coverage_error": -1.0,
            "label_ranking_average_precision_score": -1.0,
            "label_ranking_loss": -1.0,
            "training_time": 299.4445963179969,
            "test_time": 0.001656282001931686
        },
        {
            "seed": "29",
            "accuracy_score": 0.9670781893004116,
            "average_precision_score": 0.9475166147988555,
            "balanced_accuracy_score": 0.9669522643818849,
            "cohen_kappa_score": 0.93390452876377,