{
    "id": 44,
    "framework": "naive",
    "results": [
        {
            "seed": "2",
            "accuracy_score": 0.9522258414766558,
            "average_precision_score": 0.9401343691957207,
            "balanced_accuracy_score": 0.9484994144056218,
            "cohen_kappa_score": 0.9007129731716281,
            "f1_score_macro": 0.9503504043126685,
            "f1_score_micro": 0.9522258414766558,
            "f1_score_weighted": 0.9521210684507349,
            "matthews_corrcoef": 0.9009423776931598,
            "precision_score": 0.9513513513513514,
            "recall_score": 0.9688073394495413,
            "roc_auc_score": 0.9484994144056218,
            "coverage_error": -1.0,
            "label_ranking_average_precision_score": -1.0,
            "label_ranking_loss": -1.0,
            "training_time": 282.74072492599953,
            "test_time": 0.016894184998818673
        },
        {
            "seed": "3",
            "accuracy_score": 0.9641693811074918,
            "average_precision_score": 0.9596680009393292,
            "balanced_accuracy_score": 0.9620473917659784,
            "cohen_kappa_score": 0.9245649697321687,
            "f1_score_macro": 0.9622824380588355,
            "f1_score_micro": 0.9641693811074918,
            "f1_score_weighted": 0.9641602211897798,
            "matthews_corrcoef": 0.9245673853453968,
            "precision_score": 0.9698581560283688,
            "recall_score": 0.9715808170515098,
            "roc_auc_score": 0.9620473917659784,
            "coverage_error": -1.0,
            "label_ranking_average_precision_score": -1.0,
            "label_ranking_loss": -1.0,
            "training_time": 284.5049995080044,
            "test_time": 0.01636208400304895
        },
        {
            "seed": "5",
            "accuracy_score": 0.9598262757871878,
            "average_precision_score": 0.9602281692800432,
            "balanced_accuracy_score": 0.9591932646393566,
            "cohen_kappa_score": 0.9147015166344182,
            "f1_score_macro": 0.9573481426409682,
            "f1_score_micro": 0.9598262757871878,
            "f1_score_weighted": 0.9599044151206273,
            "matthews_corrcoef": 0.9148206434379167,
            "precision_score": 0.9735915492957746,
            "recall_score": 0.9617391304347827,
            "roc_auc_score": 0.9591932646393566,
            "coverage_error": -1.0,
            "label_ranking_average_precision_score": -1.0,
            "label_ranking_loss": -1.0,
            "training_time": 287.943782286995,
            "test_time": 0.017826177994720638
        },
        {
            "seed": "7",
            "accuracy_score": 0.9598262757871878,
            "average_precision_score": 0.9514271186962734,
            "balanced_accuracy_score": 0.9572022445502086,
            "cohen_kappa_score": 0.9163900277497663,
            "f1_score_macro": 0.9581937316974127,
            "f1_score_micro": 0.9598262757871878,
            "f1_score_weighted": 0.9597814256748315,
            "matthews_corrcoef": 0.9164485262405445,
            "precision_score": 0.9620938628158845,
            "recall_score": 0.970856102003643,
            "roc_auc_score": 0.9572022445502086,
            "coverage_error": -1.0,
            "label_ranking_average_precision_score": -1.0,
            "label_ranking_loss": -1.0,
            "training_time": 291.8099021110029,
            "test_time": 0.0163399599987315
        },
        {
            "seed": "11",
            "accuracy_score": 0.9576547231270358,
            "average_precision_score": 0.9515335782871854,
            "balanced_accuracy_score": 0.955604029156297,
            "cohen_kappa_score": 0.9116272890325724,
            "f1_score_macro": 0.955813590159639,
            "f1_score_micro": 0.9576547231270358,
            "f1_score_weighted": 0.957644929866571,
            "matthews_corrcoef": 0.9116296294651545,
            "precision_score": 0.963963963963964,
            "recall_score": 0.9657039711191335,
            "roc_auc_score": 0.9556040291562969,
            "coverage_error": -1.0,
            "label_ranking_average_precision_score": -1.0,
            "label_ranking_loss": -1.0,
            "training_time": 290.08802930099773,
            "test_time": 0.05470495400368236
        },
        {
            "seed": "13",
            "accuracy_score": 0.9554831704668838,
            "average_precision_score": 0.9468605598740739,
            "balanced_accuracy_score": 0.952584980624908,
            "cohen_kappa_score": 0.9071835019110942,
            "f1_score_macro": 0.9535903250188964,
            "f1_score_micro": 0.9554831704668838,
            "f1_score_weighted": 0.9554322875247335,
            "matthews_corrcoef": 0.9072416224369344,
            "precision_score": 0.9586330935251799,
            "recall_score": 0.9673321234119783,
            "roc_auc_score": 0.952584980624908,
            "coverage_error": -1.0,
            "label_ranking_average_precision_score": -1.0,
            "label_ranking_loss": -1.0,
            "training_time": 294.0413132629983,
            "test_time": 0.017671460002020467
        },
        {
            "seed": "17",
            "accuracy_score": 0.9598262757871878,
            "average_precision_score": 0.9502421224820108,
            "balanced_accuracy_score": 0.9568770835573718,
            "cohen_kappa_score": 0.9164666805574281,
            "f1_score_macro": 0.95823083174295,
            "f1_score_micro": 0.9598262757871878,
            "f1_score_weighted": 0.959764230741023,
            "matthews_corrcoef": 0.9165811475190548,
            "precision_score": 0.9602888086642599,
            "recall_score": 0.9725776965265083,
            "roc_auc_score": 0.9568770835573717,
            "coverage_error": -1.0,
            "label_ranking_average_precision_score": -1.0,
            "label_ranking_loss": -1.0,
            "training_time": 290.2453985569955,
            "test_time": 0.015423602999362629
        },
        {
            "seed": "19",
            "accuracy_score": 0.9576547231270358,
            "average_precision_score": 0.9444661623004132,
            "balanced_accuracy_score": 0.952702768929184,
            "cohen_kappa_score": 0.9114018968217752,
            "f1_score_macro": 0.9556886523029096,
            "f1_score_micro": 0.9576547231270358,
            "f1_score_weighted": 0.9575027073416652,
            "matthews_corrcoef": 0.911931512104666,
            "precision_score": 0.952212389380531,
            "recall_score": 0.9781818181818182,
            "roc_auc_score": 0.9527027689291839,
            "coverage_error": -1.0,
            "label_ranking_average_precision_score": -1.0,
            "label_ranking_loss": -1.0,
            "training_time": 166.27140803899965,
            "test_time": 0.016018798000004608
        }
    ]
}