{
    "id": 44,
    "framework": "autokeras",
    "results": [
        {
            "seed": "2",
            "accuracy_score": 0.9283387622149837,
            "average_precision_score": 0.9041940530094409,
            "balanced_accuracy_score": 0.9188317392153036,
            "cohen_kappa_score": 0.8495746039287888,
            "f1_score_macro": 0.9246795666095025,
            "f1_score_micro": 0.9283387622149837,
            "f1_score_weighted": 0.9277258920150508,
            "matthews_corrcoef": 0.8521369935754529,
            "precision_score": 0.9136442141623489,
            "recall_score": 0.9706422018348624,
            "roc_auc_score": 0.9188317392153035,
            "coverage_error": -1.0,
            "label_ranking_average_precision_score": -1.0,
            "label_ranking_loss": -1.0,
            "training_time": 129.91638294400764,
            "test_time": 1.880285435996484
        },
        {
            "seed": "3",
            "accuracy_score": 0.9207383279044516,
            "average_precision_score": 0.9004243849466749,
            "balanced_accuracy_score": 0.9082156642884786,
            "cohen_kappa_score": 0.8303666268863081,
            "f1_score_macro": 0.9150666311266971,
            "f1_score_micro": 0.9207383279044516,
            "f1_score_weighted": 0.9199519161663596,
            "matthews_corrcoef": 0.8328188793939336,
            "precision_score": 0.9110738255033557,
            "recall_score": 0.9644760213143873,
            "roc_auc_score": 0.9082156642884787,
            "coverage_error": -1.0,
            "label_ranking_average_precision_score": -1.0,
            "label_ranking_loss": -1.0,
            "training_time": 114.57470633098274,
            "test_time": 1.8303894519922324
        },
        {
            "seed": "5",
            "accuracy_score": 0.9098805646036916,
            "average_precision_score": 0.9098043684273125,
            "balanced_accuracy_score": 0.9065317919075144,
            "cohen_kappa_score": 0.8088738652018572,
            "f1_score_macro": 0.9044272549169148,
            "f1_score_micro": 0.9098805646036915,
            "f1_score_weighted": 0.9101036545454234,
            "matthews_corrcoef": 0.8090476291687348,
            "precision_score": 0.9346289752650176,
            "recall_score": 0.92,
            "roc_auc_score": 0.9065317919075144,
            "coverage_error": -1.0,
            "label_ranking_average_precision_score": -1.0,
            "label_ranking_loss": -1.0,
            "training_time": 121.7401362080127,
            "test_time": 1.920943970006192
        },
        {
            "seed": "7",
            "accuracy_score": 0.9196525515743756,
            "average_precision_score": 0.909925317605004,
            "balanced_accuracy_score": 0.9165711851460132,
            "cohen_kappa_score": 0.8331423702920265,
            "f1_score_macro": 0.9165711851460132,
            "f1_score_micro": 0.9196525515743756,
            "f1_score_weighted": 0.9196525515743756,
            "matthews_corrcoef": 0.8331423702920265,
            "precision_score": 0.9326047358834244,
            "recall_score": 0.9326047358834244,
            "roc_auc_score": 0.9165711851460132,
            "coverage_error": -1.0,
            "label_ranking_average_precision_score": -1.0,
            "label_ranking_loss": -1.0,
            "training_time": 114.58003774899407,
            "test_time": 1.8189283170213457
        },
        {
            "seed": "11",
            "accuracy_score": 0.9218241042345277,
            "average_precision_score": 0.9090751248134044,
            "balanced_accuracy_score": 0.9161633500231166,
            "cohen_kappa_score": 0.8361720104949526,
            "f1_score_macro": 0.9180758853121695,
            "f1_score_micro": 0.9218241042345277,
            "f1_score_weighted": 0.9216338393146111,
            "matthews_corrcoef": 0.8363885541781544,
            "precision_score": 0.9273049645390071,
            "recall_score": 0.944043321299639,
            "roc_auc_score": 0.9161633500231166,
            "coverage_error": -1.0,
            "label_ranking_average_precision_score": -1.0,
            "label_ranking_loss": -1.0,
            "training_time": 118.716464963014,
            "test_time": 1.9342749909847043
        },
        {
            "seed": "13",
            "accuracy_score": 0.9001085776330076,
            "average_precision_score": 0.8875424519929144,
            "balanced_accuracy_score": 0.8947638200814245,
            "cohen_kappa_score": 0.7916361329287306,
            "f1_score_macro": 0.895813454785115,
            "f1_score_micro": 0.9001085776330076,
            "f1_score_weighted": 0.899970766204733,
            "matthews_corrcoef": 0.7917092346208016,
            "precision_score": 0.9120287253141831,
            "recall_score": 0.9219600725952813,
            "roc_auc_score": 0.8947638200814245,
            "coverage_error": -1.0,
            "label_ranking_average_precision_score": -1.0,
            "label_ranking_loss": -1.0,
            "training_time": 106.6201455850096,
            "test_time": 1.7196563920006156
        },
        {
            "seed": "17",
            "accuracy_score": 0.9207383279044516,
            "average_precision_score": 0.9051542509887257,
            "balanced_accuracy_score": 0.9150910655104654,
            "cohen_kappa_score": 0.8347705986871693,
            "f1_score_macro": 0.9173681396677912,
            "f1_score_micro": 0.9207383279044516,
            "f1_score_weighted": 0.9205027771137174,
            "matthews_corrcoef": 0.8351322040906272,
            "precision_score": 0.9232142857142858,
            "recall_score": 0.9451553930530164,
            "roc_auc_score": 0.9150910655104655,
            "coverage_error": -1.0,
            "label_ranking_average_precision_score": -1.0,
            "label_ranking_loss": -1.0,
            "training_time": 103.99752772899228,
            "test_time": 1.749226523010293
        },
        {
            "seed": "19",
            "accuracy_score": 0.9131378935939196,
            "average_precision_score": 0.8919483349437252,
            "balanced_accuracy_score": 0.9035873560401863,
            "cohen_kappa_score": 0.8172111300758147,
            "f1_score_macro": 0.9085165981286132,
            "f1_score_micro": 0.9131378935939196,
            "f1_score_weighted": 0.9125127908256656,
            "matthews_corrcoef": 0.8188886802780525,
            "precision_score": 0.9065743944636678,
            "recall_score": 0.9527272727272728,
            "roc_auc_score": 0.9035873560401863,
            "coverage_error": -1.0,
            "label_ranking_average_precision_score": -1.0,
            "label_ranking_loss": -1.0,
            "training_time": 119.0881963899883,
            "test_time": 1.7579872450151015
        },
        {
            "seed": "23",
            "accuracy_score": 0.9174809989142236,
            "average_precision_score": 0.8979751485581182,
            "balanced_accuracy_score": 0.9107252477418224,
            "cohen_kappa_score": 0.828107502799552,
            "f1_score_macro": 0.9140115182011164,
            "f1_score_micro": 0.9174809989142236,
            "f1_score_weighted": 0.9171059199182121,
            "matthews_corrcoef": 0.8289560392170271,
            "precision_score": 0.9147424511545293,
            "recall_score": 0.9484346224677717,
            "roc_auc_score": 0.9107252477418224,
            "coverage_error": -1.0,
            "label_ranking_average_precision_score": -1.0,
            "label_ranking_loss": -1.0,
            "training_time": 163.34772487101145,
            "test_time": 1.7002717689902056
        },
        {
            "seed": "29",
            "accuracy_score": 0.9207383279044516,
            "average_precision_score": 0.9059148054631181,
            "balanced_accuracy_score": 0.9163012657487796,
            "cohen_kappa_score": 0.8356253804798264,
            "f1_score_macro": 0.9178045515394913,