{
    "id": 44,
    "framework": "flaml",
    "results": [
        {
            "seed": "2",
            "accuracy_score": 0.9630836047774158,
            "average_precision_score": 0.9522441271023286,
            "balanced_accuracy_score": 0.9597355065391373,
            "cohen_kappa_score": 0.9232782065417127,
            "f1_score_macro": 0.9616344033325165,
            "f1_score_micro": 0.9630836047774158,
            "f1_score_weighted": 0.9630026438028404,
            "matthews_corrcoef": 0.923513358250993,
            "precision_score": 0.9603603603603603,
            "recall_score": 0.9779816513761468,
            "roc_auc_score": 0.9597355065391372,
            "coverage_error": -1.0,
            "label_ranking_average_precision_score": -1.0,
            "label_ranking_loss": -1.0,
            "training_time": 302.6044264929951,
            "test_time": 0.010112907999427989
        },
        {
            "seed": "3",
            "accuracy_score": 0.9565689467969598,
            "average_precision_score": 0.9538686182316038,
            "balanced_accuracy_score": 0.9553221469184436,
            "cohen_kappa_score": 0.9087956269434156,
            "f1_score_macro": 0.9543969102792633,
            "f1_score_micro": 0.9565689467969598,
            "f1_score_weighted": 0.9566121714042772,
            "matthews_corrcoef": 0.9088334271917354,
            "precision_score": 0.9677996422182469,
            "recall_score": 0.9609236234458259,
            "roc_auc_score": 0.9553221469184436,
            "coverage_error": -1.0,
            "label_ranking_average_precision_score": -1.0,
            "label_ranking_loss": -1.0,
            "training_time": 300.25332430098206,
            "test_time": 0.011150384991196916
        },
        {
            "seed": "5",
            "accuracy_score": 0.9522258414766558,
            "average_precision_score": 0.9497896095184497,
            "balanced_accuracy_score": 0.9496531791907514,
            "cohen_kappa_score": 0.898272408235808,
            "f1_score_macro": 0.9491359487493599,
            "f1_score_micro": 0.9522258414766558,
            "f1_score_weighted": 0.9522530652011253,
            "matthews_corrcoef": 0.8982820114627851,
            "precision_score": 0.9633507853403142,
            "recall_score": 0.96,
            "roc_auc_score": 0.9496531791907514,
            "coverage_error": -1.0,
            "label_ranking_average_precision_score": -1.0,
            "label_ranking_loss": -1.0,
            "training_time": 301.710613570991,
            "test_time": 0.013991977000841871
        },
        {
            "seed": "7",
            "accuracy_score": 0.9554831704668838,
            "average_precision_score": 0.944731386098316,
            "balanced_accuracy_score": 0.9518259004641871,
            "cohen_kappa_score": 0.9071898894713946,
            "f1_score_macro": 0.9535903250188964,
            "f1_score_micro": 0.9554831704668838,
            "f1_score_weighted": 0.9553915811710135,
            "matthews_corrcoef": 0.9073782159168479,
            "precision_score": 0.9551971326164874,
            "recall_score": 0.970856102003643,
            "roc_auc_score": 0.9518259004641872,
            "coverage_error": -1.0,
            "label_ranking_average_precision_score": -1.0,
            "label_ranking_loss": -1.0,
            "training_time": 303.46310485800495,
            "test_time": 0.010377728991443291
        },
        {
            "seed": "11",
            "accuracy_score": 0.9576547231270358,
            "average_precision_score": 0.9564067258508806,
            "balanced_accuracy_score": 0.9579033828780531,
            "cohen_kappa_score": 0.9120320141849877,
            "f1_score_macro": 0.9560116440126041,
            "f1_score_micro": 0.9576547231270358,
            "f1_score_weighted": 0.9577378001609116,
            "matthews_corrcoef": 0.9122199975607695,
            "precision_score": 0.9724770642201835,
            "recall_score": 0.9566787003610109,
            "roc_auc_score": 0.9579033828780531,
            "coverage_error": -1.0,
            "label_ranking_average_precision_score": -1.0,
            "label_ranking_loss": -1.0,
            "training_time": 302.1763099230011,
            "test_time": 0.011372537002898753
        },
        {
            "seed": "13",
            "accuracy_score": 0.9543973941368078,
            "average_precision_score": 0.9480288219450381,
            "balanced_accuracy_score": 0.9525653602786089,
            "cohen_kappa_score": 0.9051307205572179,
            "f1_score_macro": 0.9525653602786089,
            "f1_score_micro": 0.9543973941368078,
            "f1_score_weighted": 0.9543973941368078,
            "matthews_corrcoef": 0.9051307205572179,
            "precision_score": 0.9618874773139746,
            "recall_score": 0.9618874773139746,
            "roc_auc_score": 0.9525653602786088,
            "coverage_error": -1.0,
            "label_ranking_average_precision_score": -1.0,
            "label_ranking_loss": -1.0,
            "training_time": 302.09438646098715,
            "test_time": 0.01467527900240384
        },
        {
            "seed": "17",
            "accuracy_score": 0.9598262757871878,
            "average_precision_score": 0.9502421224820108,
            "balanced_accuracy_score": 0.9568770835573718,
            "cohen_kappa_score": 0.9164666805574281,
            "f1_score_macro": 0.95823083174295,
            "f1_score_micro": 0.9598262757871878,
            "f1_score_weighted": 0.959764230741023,
            "matthews_corrcoef": 0.9165811475190548,
            "precision_score": 0.9602888086642599,
            "recall_score": 0.9725776965265083,
            "roc_auc_score": 0.9568770835573717,
            "coverage_error": -1.0,
            "label_ranking_average_precision_score": -1.0,
            "label_ranking_loss": -1.0,
            "training_time": 301.1535537019954,
            "test_time": 0.00974755801144056
        },
        {
            "seed": "19",
            "accuracy_score": 0.9511400651465798,
            "average_precision_score": 0.9346787348432556,
            "balanced_accuracy_score": 0.9446165155599118,
            "cohen_kappa_score": 0.8974998825248985,
            "f1_score_macro": 0.9487219777269402,
            "f1_score_micro": 0.9511400651465798,
            "f1_score_weighted": 0.9508861659675176,
            "matthews_corrcoef": 0.8985284025119847,
            "precision_score": 0.9422066549912435,
            "recall_score": 0.9781818181818182,
            "roc_auc_score": 0.9446165155599118,
            "coverage_error": -1.0,
            "label_ranking_average_precision_score": -1.0,
            "label_ranking_loss": -1.0,
            "training_time": 300.6277315640182,
            "test_time": 0.010346488008508459
        },
        {
            "seed": "23",
            "accuracy_score": 0.9609120521172638,
            "average_precision_score": 0.9495784447065749,
            "balanced_accuracy_score": 0.9576061855067379,
            "cohen_kappa_score": 0.9189058303860999,
            "f1_score_macro": 0.9594479560086886,
            "f1_score_micro": 0.9609120521172638,
            "f1_score_weighted": 0.9608283894824882,
            "matthews_corrcoef": 0.9191390583336069,
            "precision_score": 0.9584086799276673,
            "recall_score": 0.9760589318600368,
            "roc_auc_score": 0.957606185506738,
            "coverage_error": -1.0,
            "label_ranking_average_precision_score": -1.0,
            "label_ranking_loss": -1.0,
            "training_time": 310.14111314798356,
            "test_time": 0.011536676000105217
        },
        {
            "seed": "29",
            "accuracy_score": 0.9522258414766558,
            "average_precision_score": 0.9426234758711004,
            "balanced_accuracy_score": 0.9498377619924581,
            "cohen_kappa_score": 0.9011243192598232,
            "f1_score_macro": 0.9505611946125317,