{"framework": "autokeras", "accuracy_score": 0.9229098805646037, "average_precision_score": 0.9022591750652131, "balanced_accuracy_score": 0.9181660147761843, "cohen_kappa_score": 0.8412003409562804, "f1_score_macro": 0.9205722982665616, "f1_score_micro": 0.9229098805646037, "f1_score_weighted": 0.922658368545194, "matthews_corrcoef": 0.8418090656644955, "precision_score": 0.9197080291970803, "recall_score": 0.9491525423728814, "roc_auc_score": 0.9181660147761843, "coverage_error": -1.0, "label_ranking_average_precision_score": -1.0, "label_ranking_loss": -1.0, "training_time": "00:02:24", "test_time": "00:00:02"}