{
    "id": 44,
    "framework": "autosklearn",
    "results": [
        {
            "seed": "2",
            "accuracy_score": 0.9630836047774158,
            "average_precision_score": 0.9531930158770989,
            "balanced_accuracy_score": 0.9601478625805193,
            "cohen_kappa_score": 0.9233416893519516,
            "f1_score_macro": 0.9616678418238439,
            "f1_score_micro": 0.9630836047774158,
            "f1_score_weighted": 0.9630196154913786,
            "matthews_corrcoef": 0.9234919270995922,
            "precision_score": 0.9620253164556962,
            "recall_score": 0.9761467889908257,
            "roc_auc_score": 0.9601478625805193,
            "coverage_error": -1.0,
            "label_ranking_average_precision_score": -1.0,
            "label_ranking_loss": -1.0,
            "training_time": 297.8734582840116,
            "test_time": 2.1595428089785855
        },
        {
            "seed": "3",
            "accuracy_score": 0.9630836047774158,
            "average_precision_score": 0.9560587508550167,
            "balanced_accuracy_score": 0.9596336465661808,
            "cohen_kappa_score": 0.9220808305007988,
            "f1_score_macro": 0.961038670183646,
            "f1_score_micro": 0.9630836047774158,
            "f1_score_weighted": 0.9630254549785408,
            "matthews_corrcoef": 0.9221680139175646,
            "precision_score": 0.9648506151142355,
            "recall_score": 0.9751332149200711,
            "roc_auc_score": 0.9596336465661808,
            "coverage_error": -1.0,
            "label_ranking_average_precision_score": -1.0,
            "label_ranking_loss": -1.0,
            "training_time": 298.5441841479915,
            "test_time": 7.085639869008446
        },
        {
            "seed": "5",
            "accuracy_score": 0.9609120521172638,
            "average_precision_score": 0.9588982076657835,
            "balanced_accuracy_score": 0.9589117868811259,
            "cohen_kappa_score": 0.9167683340111157,
            "f1_score_macro": 0.9583839580676581,
            "f1_score_micro": 0.9609120521172638,
            "f1_score_weighted": 0.960934326073648,
            "matthews_corrcoef": 0.9167781349738483,
            "precision_score": 0.9703315881326352,
            "recall_score": 0.9669565217391304,
            "roc_auc_score": 0.9589117868811258,
            "coverage_error": -1.0,
            "label_ranking_average_precision_score": -1.0,
            "label_ranking_loss": -1.0,
            "training_time": 301.9911261080124,
            "test_time": 4.016644420014927
        },
        {
            "seed": "7",
            "accuracy_score": 0.9522258414766558,
            "average_precision_score": 0.9453471938598321,
            "balanced_accuracy_score": 0.9503936776543863,
            "cohen_kappa_score": 0.9007873553087725,
            "f1_score_macro": 0.9503936776543863,
            "f1_score_micro": 0.9522258414766558,
            "f1_score_weighted": 0.9522258414766558,
            "matthews_corrcoef": 0.9007873553087725,
            "precision_score": 0.9599271402550091,
            "recall_score": 0.9599271402550091,
            "roc_auc_score": 0.9503936776543863,
            "coverage_error": -1.0,
            "label_ranking_average_precision_score": -1.0,
            "label_ranking_loss": -1.0,
            "training_time": 304.2151557310135,
            "test_time": 7.671496069000568
        },
        {
            "seed": "11",
            "accuracy_score": 0.9598262757871878,
            "average_precision_score": 0.9608378626784535,
            "balanced_accuracy_score": 0.9610880492627313,
            "cohen_kappa_score": 0.9166957979988608,
            "f1_score_macro": 0.9583392932460436,
            "f1_score_micro": 0.9598262757871878,
            "f1_score_weighted": 0.95993737218394,
            "matthews_corrcoef": 0.9170887065362575,
            "precision_score": 0.977818853974122,
            "recall_score": 0.9548736462093863,
            "roc_auc_score": 0.9610880492627313,
            "coverage_error": -1.0,
            "label_ranking_average_precision_score": -1.0,
            "label_ranking_loss": -1.0,
            "training_time": 302.48202416600543,
            "test_time": 3.0382665869838092
        },
        {
            "seed": "13",
            "accuracy_score": 0.9543973941368078,
            "average_precision_score": 0.9480288219450381,
            "balanced_accuracy_score": 0.9525653602786089,
            "cohen_kappa_score": 0.9051307205572179,
            "f1_score_macro": 0.9525653602786089,
            "f1_score_micro": 0.9543973941368078,
            "f1_score_weighted": 0.9543973941368078,
            "matthews_corrcoef": 0.9051307205572179,
            "precision_score": 0.9618874773139746,
            "recall_score": 0.9618874773139746,
            "roc_auc_score": 0.9525653602786088,
            "coverage_error": -1.0,
            "label_ranking_average_precision_score": -1.0,
            "label_ranking_loss": -1.0,
            "training_time": 304.3676753810141,
            "test_time": 7.920605891005835
        },
        {
            "seed": "17",
            "accuracy_score": 0.9554831704668838,
            "average_precision_score": 0.9444731538578603,
            "balanced_accuracy_score": 0.9519523115877562,
            "cohen_kappa_score": 0.9073574763431707,
            "f1_score_macro": 0.95367413512416,
            "f1_score_micro": 0.9554831704668838,
            "f1_score_weighted": 0.9553937126752106,
            "matthews_corrcoef": 0.9075451577354299,
            "precision_score": 0.9550359712230215,
            "recall_score": 0.9707495429616088,
            "roc_auc_score": 0.9519523115877562,
            "coverage_error": -1.0,
            "label_ranking_average_precision_score": -1.0,
            "label_ranking_loss": -1.0,
            "training_time": 302.9010300610098,
            "test_time": 4.4576222540054005
        },
        {
            "seed": "19",
            "accuracy_score": 0.9543973941368078,
            "average_precision_score": 0.939546601492282,
            "balanced_accuracy_score": 0.9486596422445479,
            "cohen_kappa_score": 0.9044601089710975,
            "f1_score_macro": 0.9522109330987655,
            "f1_score_micro": 0.9543973941368078,
            "f1_score_weighted": 0.9541976159708951,
            "matthews_corrcoef": 0.9052192489102605,
            "precision_score": 0.9471830985915493,
            "recall_score": 0.9781818181818182,
            "roc_auc_score": 0.9486596422445478,
            "coverage_error": -1.0,
            "label_ranking_average_precision_score": -1.0,
            "label_ranking_loss": -1.0,
            "training_time": 302.6707648419833,
            "test_time": 15.928743536991533
        },
        {
            "seed": "23",
            "accuracy_score": 0.9587404994571118,
            "average_precision_score": 0.9462074055987709,
            "balanced_accuracy_score": 0.9549606828612354,
            "cohen_kappa_score": 0.91433145341323,
            "f1_score_macro": 0.9571581761560608,
            "f1_score_micro": 0.9587404994571118,
            "f1_score_weighted": 0.9586332233011082,
            "matthews_corrcoef": 0.9146662262624848,
            "precision_score": 0.954954954954955,
            "recall_score": 0.9760589318600368,
            "roc_auc_score": 0.9549606828612354,
            "coverage_error": -1.0,
            "label_ranking_average_precision_score": -1.0,
            "label_ranking_loss": -1.0,
            "training_time": 308.7300860309915,
            "test_time": 10.428346970991697
        },
        {
            "seed": "29",
            "accuracy_score": 0.9478827361563518,
            "average_precision_score": 0.9377652225579374,
            "balanced_accuracy_score": 0.9453506387208044,
            "cohen_kappa_score": 0.8921356210107162,
            "f1_score_macro": 0.9460667577591255,