{"framework": "autosklearn", "accuracy_score": 0.9609120521172638, "average_precision_score": 0.9453885200048505, "balanced_accuracy_score": 0.9572504708097929, "cohen_kappa_score": 0.9195094240685175, "f1_score_macro": 0.9597422024497566, "f1_score_micro": 0.9609120521172638, "f1_score_weighted": 0.9607928317689828, "matthews_corrcoef": 0.9200983603480488, "precision_score": 0.9524680073126143, "recall_score": 0.9811676082862524, "roc_auc_score": 0.9572504708097929, "coverage_error": -1.0, "label_ranking_average_precision_score": -1.0, "label_ranking_loss": -1.0, "training_time": "00:23:31", "test_time": "00:00:01"}