{"framework": "gama", "accuracy_score": 0.9565689467969598, "average_precision_score": 0.9394988619254377, "balanced_accuracy_score": 0.9524626973779516, "cohen_kappa_score": 0.9105047589896075, "f1_score_macro": 0.9552347623213766, "f1_score_micro": 0.9565689467969598, "f1_score_weighted": 0.9564179070450071, "matthews_corrcoef": 0.9112440336435385, "precision_score": 0.9471766848816029, "recall_score": 0.9792843691148776, "roc_auc_score": 0.9524626973779518, "coverage_error": -1.0, "label_ranking_average_precision_score": -1.0, "label_ranking_loss": -1.0, "training_time": "00:09:00", "test_time": "00:00:00"}