{
    "id": 44,
    "framework": "gama",
    "results": [
        {
            "seed": "2",
            "accuracy_score": 0.9554831704668838,
            "average_precision_score": 0.9414545418322725,
            "balanced_accuracy_score": 0.9508393519422214,
            "cohen_kappa_score": 0.9072906053203373,
            "f1_score_macro": 0.9536324956869294,
            "f1_score_micro": 0.9554831704668838,
            "f1_score_weighted": 0.9553323002402572,
            "matthews_corrcoef": 0.9078129457386113,
            "precision_score": 0.95,
            "recall_score": 0.9761467889908257,
            "roc_auc_score": 0.9508393519422214,
            "coverage_error": -1.0,
            "label_ranking_average_precision_score": -1.0,
            "label_ranking_loss": -1.0,
            "training_time": 269.7302053750027,
            "test_time": 0.003995904000476003
        },
        {
            "seed": "3",
            "accuracy_score": 0.9609120521172638,
            "average_precision_score": 0.9537201155314795,
            "balanced_accuracy_score": 0.9573488990543477,
            "cohen_kappa_score": 0.9174973499420223,
            "f1_score_macro": 0.9587468272532723,
            "f1_score_micro": 0.9609120521172638,
            "f1_score_weighted": 0.9608504817419845,
            "matthews_corrcoef": 0.9175840999873498,
            "precision_score": 0.9630931458699473,
            "recall_score": 0.9733570159857904,
            "roc_auc_score": 0.9573488990543477,
            "coverage_error": -1.0,
            "label_ranking_average_precision_score": -1.0,
            "label_ranking_loss": -1.0,
            "training_time": 269.52218200601055,
            "test_time": 0.0037103270005900413
        },
        {
            "seed": "5",
            "accuracy_score": 0.9478827361563518,
            "average_precision_score": 0.9443225260617107,
            "balanced_accuracy_score": 0.9444483538577533,
            "cohen_kappa_score": 0.8888967077155064,
            "f1_score_macro": 0.9444483538577533,
            "f1_score_micro": 0.9478827361563518,
            "f1_score_weighted": 0.9478827361563519,
            "matthews_corrcoef": 0.8888967077155064,
            "precision_score": 0.9582608695652174,
            "recall_score": 0.9582608695652174,
            "roc_auc_score": 0.9444483538577532,
            "coverage_error": -1.0,
            "label_ranking_average_precision_score": -1.0,
            "label_ranking_loss": -1.0,
            "training_time": 270.21789301998797,
            "test_time": 0.004714715003501624
        },
        {
            "seed": "7",
            "accuracy_score": 0.9424538545059717,
            "average_precision_score": 0.9295928720182471,
            "balanced_accuracy_score": 0.9378635642517186,
            "cohen_kappa_score": 0.87992147775326,
            "f1_score_macro": 0.939951802011817,
            "f1_score_micro": 0.9424538545059719,
            "f1_score_weighted": 0.9423074578174842,
            "matthews_corrcoef": 0.8801948664704513,
            "precision_score": 0.9428571428571428,
            "recall_score": 0.9617486338797814,
            "roc_auc_score": 0.9378635642517186,
            "coverage_error": -1.0,
            "label_ranking_average_precision_score": -1.0,
            "label_ranking_loss": -1.0,
            "training_time": 269.3196952249855,
            "test_time": 0.002179585979320109
        },
        {
            "seed": "11",
            "accuracy_score": 0.9543973941368078,
            "average_precision_score": 0.9513135793512689,
            "balanced_accuracy_score": 0.9538161894175627,
            "cohen_kappa_score": 0.9051349084506006,
            "f1_score_macro": 0.9525653602786088,
            "f1_score_micro": 0.9543973941368078,
            "f1_score_weighted": 0.954458124540947,
            "matthews_corrcoef": 0.9052180388613911,
            "precision_score": 0.9671532846715328,
            "recall_score": 0.9566787003610109,
            "roc_auc_score": 0.9538161894175626,
            "coverage_error": -1.0,
            "label_ranking_average_precision_score": -1.0,
            "label_ranking_loss": -1.0,
            "training_time": 269.7398886840092,
            "test_time": 0.011847582005430013
        },
        {
            "seed": "13",
            "accuracy_score": 0.9576547231270358,
            "average_precision_score": 0.9473729814821227,
            "balanced_accuracy_score": 0.9539559523225585,
            "cohen_kappa_score": 0.9115537377712005,
            "f1_score_macro": 0.9557724582307752,
            "f1_score_micro": 0.9576547231270358,
            "f1_score_weighted": 0.9575655632108973,
            "matthews_corrcoef": 0.9117436717970103,
            "precision_score": 0.9571428571428572,
            "recall_score": 0.9727767695099818,
            "roc_auc_score": 0.9539559523225585,
            "coverage_error": -1.0,
            "label_ranking_average_precision_score": -1.0,
            "label_ranking_loss": -1.0,
            "training_time": 269.6732905009994,
            "test_time": 0.013248956005554646
        },
        {
            "seed": "17",
            "accuracy_score": 0.9478827361563518,
            "average_precision_score": 0.936546628269916,
            "balanced_accuracy_score": 0.9442853092707916,
            "cohen_kappa_score": 0.8915864747947382,
            "f1_score_macro": 0.945788983175553,
            "f1_score_micro": 0.9478827361563518,
            "f1_score_weighted": 0.9477901945881396,
            "matthews_corrcoef": 0.8917320556501939,
            "precision_score": 0.9495495495495495,
            "recall_score": 0.9634369287020109,
            "roc_auc_score": 0.9442853092707917,
            "coverage_error": -1.0,
            "label_ranking_average_precision_score": -1.0,
            "label_ranking_loss": -1.0,
            "training_time": 270.02199628500966,
            "test_time": 0.002679819008335471
        },
        {
            "seed": "19",
            "accuracy_score": 0.9478827361563518,
            "average_precision_score": 0.9324998331713706,
            "balanced_accuracy_score": 0.9418892428326391,
            "cohen_kappa_score": 0.8908115531098256,
            "f1_score_macro": 0.9453839235414464,
            "f1_score_micro": 0.9478827361563518,
            "f1_score_weighted": 0.9476544182524518,
            "matthews_corrcoef": 0.8915592374151101,
            "precision_score": 0.9419014084507042,
            "recall_score": 0.9727272727272728,
            "roc_auc_score": 0.941889242832639,
            "coverage_error": -1.0,
            "label_ranking_average_precision_score": -1.0,
            "label_ranking_loss": -1.0,
            "training_time": 270.3045577269804,
            "test_time": 0.003034504014067352
        },
        {
            "seed": "23",
            "accuracy_score": 0.9587404994571118,
            "average_precision_score": 0.9471375008863906,
            "balanced_accuracy_score": 0.9553626238709112,
            "cohen_kappa_score": 0.9144005987408832,
            "f1_score_macro": 0.957195064675838,
            "f1_score_micro": 0.9587404994571118,
            "f1_score_weighted": 0.9586521888981818,
            "matthews_corrcoef": 0.9146326832132974,
            "precision_score": 0.9566003616636528,
            "recall_score": 0.9742173112338858,
            "roc_auc_score": 0.9553626238709111,
            "coverage_error": -1.0,
            "label_ranking_average_precision_score": -1.0,
            "label_ranking_loss": -1.0,
            "training_time": 270.7692438290105,
            "test_time": 0.0044772999826818705
        },
        {
            "seed": "29",
            "accuracy_score": 0.9478827361563518,
            "average_precision_score": 0.9377652225579374,
            "balanced_accuracy_score": 0.9453506387208044,
            "cohen_kappa_score": 0.8921356210107162,