{"framework": "autopytorch", "accuracy_score": 0.9543973941368078, "average_precision_score": 0.9334986474574266, "balanced_accuracy_score": 0.9488772997247573, "cohen_kappa_score": 0.9057717885382716, "f1_score_macro": 0.952847070525823, "f1_score_micro": 0.9543973941368078, "f1_score_weighted": 0.9541560263889897, "matthews_corrcoef": 0.9073167186318197, "precision_score": 0.9389587073608617, "recall_score": 0.9849340866290018, "roc_auc_score": 0.9488772997247573, "training_time": "00:18:08", "test_time": "00:04:51"}