{"id": 44, "framework": "pycaret", "results": [{"seed": "2", "accuracy_score": 0.9587404994571118, "average_precision_score": 0.9502073328195941, "balanced_accuracy_score": 0.956478137809877, "cohen_kappa_score": 0.9144646156553362, "f1_score_macro": 0.9572314716147386, "f1_score_micro": 0.9587404994571118, "f1_score_weighted": 0.9587056086399471, "matthews_corrcoef": 0.9145016843871112, "precision_score": 0.9617486338797814, "recall_score": 0.9688073394495413, "roc_auc_score": 0.9564781378098771, "coverage_error": -1.0, "label_ranking_average_precision_score": -1.0, "label_ranking_loss": -1.0, "training_time": 1178.7793933720095, "test_time": 0.057923349988413975}, {"seed": "3", "accuracy_score": 0.9576547231270358, "average_precision_score": 0.9506999608014456, "balanced_accuracy_score": 0.9541760520753744, "cohen_kappa_score": 0.9106676979628584, "f1_score_macro": 0.9553324603521025, "f1_score_micro": 0.9576547231270358, "f1_score_weighted": 0.9575994311562042, "matthews_corrcoef": 0.910727429062351, "precision_score": 0.9612676056338029, "recall_score": 0.9698046181172292, "roc_auc_score": 0.9541760520753745, "coverage_error": -1.0, "label_ranking_average_precision_score": -1.0, "label_ranking_loss": -1.0, "training_time": 1201.190570656996, "test_time": 0.05897556699346751}, {"seed": "5", "accuracy_score": 0.9598262757871878, "average_precision_score": 0.9592345599872788, "balanced_accuracy_score": 0.9586177431515457, "cohen_kappa_score": 0.9146036161335188, "f1_score_macro": 0.9573004705130534, "f1_score_micro": 0.9598262757871878, "f1_score_weighted": 0.9598826553691998, "matthews_corrcoef": 0.9146645223778457, "precision_score": 0.9719298245614035, "recall_score": 0.9634782608695652, "roc_auc_score": 0.9586177431515457, "coverage_error": -1.0, "label_ranking_average_precision_score": -1.0, "label_ranking_loss": -1.0, "training_time": 1205.3780135300185, "test_time": 0.0016873359854798764}, {"seed": "7", "accuracy_score": 0.9609120521172638, "average_precision_score": 0.9531161868651975, "balanced_accuracy_score": 0.958546330571714, "cohen_kappa_score": 0.9186850701904117, "f1_score_macro": 0.9593417373816648, "f1_score_micro": 0.9609120521172638, "f1_score_weighted": 0.9608773490291843, "matthews_corrcoef": 0.9187225691153366, "precision_score": 0.9638336347197106, "recall_score": 0.970856102003643, "roc_auc_score": 0.958546330571714, "coverage_error": -1.0, "label_ranking_average_precision_score": -1.0, "label_ranking_loss": -1.0, "training_time": 1196.836801783007, "test_time": 0.05942725599743426}, {"seed": "11", "accuracy_score": 0.9511400651465798, "average_precision_score": 0.9501350014315822, "balanced_accuracy_score": 0.9515684789344769, "cohen_kappa_score": 0.8985913631992718, "f1_score_macro": 0.9492881745822958, "f1_score_micro": 0.9511400651465798, "f1_score_weighted": 0.9512558083068475, "matthews_corrcoef": 0.8988675752886365, "precision_score": 0.9686924493554327, "recall_score": 0.9494584837545126, "roc_auc_score": 0.9515684789344769, "coverage_error": -1.0, "label_ranking_average_precision_score": -1.0, "label_ranking_loss": -1.0, "training_time": 1197.5527152669965, "test_time": 0.05848799500381574}, {"seed": "13", "accuracy_score": 0.9543973941368078, "average_precision_score": 0.9509125255930474, "balanced_accuracy_score": 0.9538970912836612, "cohen_kappa_score": 0.9053827300611996, "f1_score_macro": 0.9526892820101368, "f1_score_micro": 0.9543973941368078, "f1_score_weighted": 0.9544559579811509, "matthews_corrcoef": 0.9054654492889493, "precision_score": 0.9669724770642202, "recall_score": 0.956442831215971, "roc_auc_score": 0.9538970912836613, "coverage_error": -1.0, "label_ranking_average_precision_score": -1.0, "label_ranking_loss": -1.0, "training_time": 1204.7444112839876, "test_time": 0.0017597749829292297}, {"seed": "17", "accuracy_score": 0.9609120521172638, "average_precision_score": 0.9548133007330086, "balanced_accuracy_score": 0.9594824467929103, "cohen_kappa_score": 0.9189648935858206, "f1_score_macro": 0.9594824467929103, "f1_score_micro": 0.9609120521172638, "f1_score_weighted": 0.9609120521172638, "matthews_corrcoef": 0.9189648935858206, "precision_score": 0.9670932358318098, "recall_score": 0.9670932358318098, "roc_auc_score": 0.9594824467929103, "coverage_error": -1.0, "label_ranking_average_precision_score": -1.0, "label_ranking_loss": -1.0, "training_time": 1226.5306271669979, "test_time": 0.0018575939757283777}, {"seed": "19", "accuracy_score": 0.9543973941368078, "average_precision_score": 0.9450639216195892, "balanced_accuracy_score": 0.9512913501592747, "cohen_kappa_score": 0.9049643020347594, "f1_score_macro": 0.9524800495321959, "f1_score_micro": 0.9543973941368078, "f1_score_weighted": 0.9543352099874691, "matthews_corrcoef": 0.9050477160356298, "precision_score": 0.9568345323741008, "recall_score": 0.9672727272727273, "roc_auc_score": 0.9512913501592747, "coverage_error": -1.0, "label_ranking_average_precision_score": -1.0, "label_ranking_loss": -1.0, "training_time": 1230.0343672360177, "test_time": 0.0023691489768680185}, {"seed": "23", "accuracy_score": 0.9543973941368078, "average_precision_score": 0.9469489174732767, "balanced_accuracy_score": 0.9528852056476366, "cohen_kappa_score": 0.9057704112952731, "f1_score_macro": 0.9528852056476366, "f1_score_micro": 0.9543973941368078, "f1_score_weighted": 0.9543973941368078, "matthews_corrcoef": 0.9057704112952731, "precision_score": 0.9613259668508287, "recall_score": 0.9613259668508287, "roc_auc_score": 0.9528852056476366, "coverage_error": -1.0, "label_ranking_average_precision_score": -1.0, "label_ranking_loss": -1.0, "training_time": 1286.5718180020049, "test_time": 0.0022124310198705643}, {"seed": "29", "accuracy_score": 0.9522258414766558, "average_precision_score": 0.9435575500804633, "balanced_accuracy_score": 0.9502397030021339, "cohen_kappa_score": 0.901203867589193, "f1_score_macro": 0.9506016929318146, "f1_score_micro": 0.9522258414766558, "f1_score_weighted": 0.9522063905958794, "matthews_corrcoef": 0.9012129548741206, "precision_score": 0.9577981651376147, "recall_score": 0.9613259668508287, "roc_auc_score": 0.950239703002134, "coverage_error": -1.0, "label_ranking_average_precision_score": -1.0, "label_ranking_loss": -1.0, "training_time": 1276.57399321298, "test_time": 0.002181641000788659}, {"seed": "31", "accuracy_score": 0.9609120521172638, "average_precision_score": 0.9614494873021608, "balanced_accuracy_score": 0.9607355516637478, "cohen_kappa_score": 0.9174130939452211, "f1_score_macro": 0.9587032553134249, "f1_score_micro": 0.9609120521172638, "f1_score_weighted": 0.9609950116216335, "matthews_corrcoef": 0.9175676343445995, "precision_score": 0.9751332149200711, "recall_score": 0.9614711033274956, "roc_auc_score": 0.9607355516637477, "coverage_error": -1.0, "label_ranking_average_precision_score": -1.0, "label_ranking_loss": -1.0, "training_time": 1191.3878317129856, "test_time": 0.0019914610020350665}, {"seed": "37", "accuracy_score": 0.9543973941368078, "average_precision_score": 0.9510916620998381, "balanced_accuracy_score": 0.9513923096255341, "cohen_kappa_score": 0.9027846192510681, "f1_score_macro": 0.9513923096255341, "f1_score_micro": 0.9543973941368078, "f1_score_weighted": 0.9543973941368078, "matthews_corrcoef": 0.9027846192510681, "precision_score": 0.9634782608695652, "recall_score": 0.9634782608695652, "roc_auc_score": 0.9513923096255341, "coverage_error": -1.0, "label_ranking_average_precision_score": -1.0, "label_ranking_loss": -1.0, "training_time": 1194.4799599520047, "test_time": 0.0019034440047107637}, {"seed": "41", "accuracy_score": 0.9685124864277959, "average_precision_score": 0.9650570244803157, "balanced_accuracy_score": 0.9685349471497762, "cohen_kappa_score": 0.9353109718733879, "f1_score_macro": 0.9676545066794552, "f1_score_micro": 0.9685124864277959, "f1_score_weighted": 0.9685410857527407, "matthews_corrcoef": 0.935369151619222, "precision_score": 0.9774859287054409,