{"id": 44, "framework": "h2o", "results": [{"seed": "2", "accuracy_score": 0.8870792616720955, "average_precision_score": 0.8747382918977289, "balanced_accuracy_score": 0.8831446418114386, "cohen_kappa_score": 0.7662892836228772, "f1_score_macro": 0.8831446418114386, "f1_score_micro": 0.8870792616720955, "f1_score_weighted": 0.8870792616720955, "matthews_corrcoef": 0.7662892836228772, "precision_score": 0.9045871559633027, "recall_score": 0.9045871559633027, "roc_auc_score": 0.8831446418114386, "coverage_error": -1.0, "label_ranking_average_precision_score": -1.0, "label_ranking_loss": -1.0, "training_time": 306.4514089410077, "test_time": 0.29222038501757197}, {"seed": "3", "accuracy_score": 0.8827361563517915, "average_precision_score": 0.8626304417372065, "balanced_accuracy_score": 0.8674697599650714, "cohen_kappa_score": 0.7486455343063922, "f1_score_macro": 0.8741166346056495, "f1_score_micro": 0.8827361563517915, "f1_score_weighted": 0.8814485929374302, "matthews_corrcoef": 0.7512871574499198, "precision_score": 0.8797996661101837, "recall_score": 0.9360568383658969, "roc_auc_score": 0.8674697599650714, "coverage_error": -1.0, "label_ranking_average_precision_score": -1.0, "label_ranking_loss": -1.0, "training_time": 306.1727301069768, "test_time": 0.4101241170137655}, {"seed": "5", "accuracy_score": 0.9087947882736156, "average_precision_score": 0.894154083781276, "balanced_accuracy_score": 0.8953028399095251, "cohen_kappa_score": 0.8026156664438469, "f1_score_macro": 0.9012226512226512, "f1_score_micro": 0.9087947882736155, "f1_score_weighted": 0.9080227272409683, "matthews_corrcoef": 0.804117801550801, "precision_score": 0.908485856905158, "recall_score": 0.9495652173913044, "roc_auc_score": 0.895302839909525, "coverage_error": -1.0, "label_ranking_average_precision_score": -1.0, "label_ranking_loss": -1.0, "training_time": 307.9854543120018, "test_time": 0.13487949498812668}, {"seed": "7", "accuracy_score": 0.8805646036916395, "average_precision_score": 0.8543540375749307, "balanced_accuracy_score": 0.866884070744462, "cohen_kappa_score": 0.7473704684531024, "f1_score_macro": 0.8734068076173339, "f1_score_micro": 0.8805646036916395, "f1_score_weighted": 0.8791918756773891, "matthews_corrcoef": 0.7508717817344428, "precision_score": 0.871404399323181, "recall_score": 0.9380692167577414, "roc_auc_score": 0.866884070744462, "coverage_error": -1.0, "label_ranking_average_precision_score": -1.0, "label_ranking_loss": -1.0, "training_time": 306.45158063201234, "test_time": 0.3174106469959952}, {"seed": "11", "accuracy_score": 0.8186753528773073, "average_precision_score": 0.7980886679008139, "balanced_accuracy_score": 0.8000718086937704, "cohen_kappa_score": 0.6134016342966014, "f1_score_macro": 0.8061626873853949, "f1_score_micro": 0.8186753528773073, "f1_score_weighted": 0.8161621251930343, "matthews_corrcoef": 0.6170649532916637, "precision_score": 0.8219633943427621, "recall_score": 0.8916967509025271, "roc_auc_score": 0.8000718086937704, "coverage_error": -1.0, "label_ranking_average_precision_score": -1.0, "label_ranking_loss": -1.0, "training_time": 306.3252882010129, "test_time": 0.32525827997596934}, {"seed": "13", "accuracy_score": 0.8838219326818675, "average_precision_score": 0.8676847401254136, "balanced_accuracy_score": 0.8758252808162064, "cohen_kappa_score": 0.7566890932658478, "f1_score_macro": 0.8783107461488594, "f1_score_micro": 0.8838219326818675, "f1_score_weighted": 0.8834001582023007, "matthews_corrcoef": 0.7571296529472785, "precision_score": 0.892226148409894, "recall_score": 0.9165154264972777, "roc_auc_score": 0.8758252808162065, "coverage_error": -1.0, "label_ranking_average_precision_score": -1.0, "label_ranking_loss": -1.0, "training_time": 307.27720204900834, "test_time": 0.36313931000768207}, {"seed": "17", "accuracy_score": 0.9391965255157437, "average_precision_score": 0.9343218912645788, "balanced_accuracy_score": 0.9386639814642825, "cohen_kappa_score": 0.8743703415014371, "f1_score_macro": 0.9371802741968487, "f1_score_micro": 0.9391965255157437, "f1_score_weighted": 0.9392942831554476, "matthews_corrcoef": 0.8745111920784077, "precision_score": 0.9554730983302412, "recall_score": 0.9414990859232175, "roc_auc_score": 0.9386639814642825, "coverage_error": -1.0, "label_ranking_average_precision_score": -1.0, "label_ranking_loss": -1.0, "training_time": 306.9362416440272, "test_time": 0.3144576920021791}, {"seed": "19", "accuracy_score": 0.9011943539630836, "average_precision_score": 0.8810132275881603, "balanced_accuracy_score": 0.8918328840970351, "cohen_kappa_score": 0.7923542892536389, "f1_score_macro": 0.89609669920967, "f1_score_micro": 0.9011943539630836, "f1_score_weighted": 0.9005696413707536, "matthews_corrcoef": 0.7936466808388858, "precision_score": 0.8991304347826087, "recall_score": 0.94, "roc_auc_score": 0.8918328840970349, "coverage_error": -1.0, "label_ranking_average_precision_score": -1.0, "label_ranking_loss": -1.0, "training_time": 306.6056880620017, "test_time": 0.311719247023575}, {"seed": "23", "accuracy_score": 0.9044516829533116, "average_precision_score": 0.8783941492508502, "balanced_accuracy_score": 0.8940483498494548, "cohen_kappa_score": 0.7996677937948626, "f1_score_macro": 0.899673202614379, "f1_score_micro": 0.9044516829533116, "f1_score_weighted": 0.9035958357284282, "matthews_corrcoef": 0.8023668707868368, "precision_score": 0.8929188255613126, "recall_score": 0.9521178637200737, "roc_auc_score": 0.8940483498494548, "coverage_error": -1.0, "label_ranking_average_precision_score": -1.0, "label_ranking_loss": -1.0, "training_time": 307.19201064802473, "test_time": 0.2925540589785669}, {"seed": "29", "accuracy_score": 0.8870792616720955, "average_precision_score": 0.863780166364538, "balanced_accuracy_score": 0.8777076208015434, "cohen_kappa_score": 0.7640137180700095, "f1_score_macro": 0.8818927930238523, "f1_score_micro": 0.8870792616720955, "f1_score_weighted": 0.8863268206246819, "matthews_corrcoef": 0.7655604367337226, "precision_score": 0.8844133099824869, "recall_score": 0.9300184162062615, "roc_auc_score": 0.8777076208015433, "coverage_error": -1.0, "label_ranking_average_precision_score": -1.0, "label_ranking_loss": -1.0, "training_time": 307.4741953930061, "test_time": 0.33533796700066887}, {"seed": "31", "accuracy_score": 0.8935939196525515, "average_precision_score": 0.8818047400895973, "balanced_accuracy_score": 0.8821165874405805, "cohen_kappa_score": 0.7719156377456902, "f1_score_macro": 0.8859111133582769, "f1_score_micro": 0.8935939196525516, "f1_score_weighted": 0.8930152982580036, "matthews_corrcoef": 0.7725938971633675, "precision_score": 0.9015280135823429, "recall_score": 0.9299474605954466, "roc_auc_score": 0.8821165874405805, "coverage_error": -1.0, "label_ranking_average_precision_score": -1.0, "label_ranking_loss": -1.0, "training_time": 307.5200234289805, "test_time": 0.29288352801813744}, {"seed": "37", "accuracy_score": 0.8990228013029316, "average_precision_score": 0.8837197921737192, "balanced_accuracy_score": 0.8840236240261372, "cohen_kappa_score": 0.781083630025124, "f1_score_macro": 0.8904240498313241, "f1_score_micro": 0.8990228013029317, "f1_score_weighted": 0.8980562749747276, "matthews_corrcoef": 0.7829099431001068, "precision_score": 0.8990066225165563, "recall_score": 0.9443478260869566, "roc_auc_score": 0.8840236240261373, "coverage_error": -1.0, "label_ranking_average_precision_score": -1.0, "label_ranking_loss": -1.0, "training_time": 306.5609289999993, "test_time": 0.3060304879909381}, {"seed": "41", "accuracy_score": 0.8479913137893594, "average_precision_score": 0.8249906643402966, "balanced_accuracy_score": 0.8390470459200016, "cohen_kappa_score": 0.6842708404752343, "f1_score_macro": 0.8420240137221269, "f1_score_micro": 0.8479913137893594, "f1_score_weighted": 0.8471912288641438, "matthews_corrcoef": 0.6852753390495261, "precision_score": 0.8540925266903915, "recall_score": 0.8921933085501859,