{
    "id": 44,
    "framework": "fedot",
    "results": [
        {
            "seed": "2",
            "accuracy_score": 0.9576547231270358,
            "average_precision_score": 0.9475711980396259,
            "balanced_accuracy_score": 0.9547359945344525,
            "cohen_kappa_score": 0.9121047724619913,
            "f1_score_macro": 0.9560497513046564,
            "f1_score_micro": 0.9576547231270358,
            "f1_score_weighted": 0.9575908890204639,
            "matthews_corrcoef": 0.912218297920336,
            "precision_score": 0.9583333333333334,
            "recall_score": 0.9706422018348624,
            "roc_auc_score": 0.9547359945344525,
            "coverage_error": -1.0,
            "label_ranking_average_precision_score": -1.0,
            "label_ranking_loss": -1.0,
            "training_time": 357.42693125400183,
            "test_time": 0.012439466998330317
        },
        {
            "seed": "3",
            "accuracy_score": 0.9609120521172638,
            "average_precision_score": 0.9537201155314795,
            "balanced_accuracy_score": 0.9573488990543477,
            "cohen_kappa_score": 0.9174973499420223,
            "f1_score_macro": 0.9587468272532723,
            "f1_score_micro": 0.9609120521172638,
            "f1_score_weighted": 0.9608504817419845,
            "matthews_corrcoef": 0.9175840999873498,
            "precision_score": 0.9630931458699473,
            "recall_score": 0.9733570159857904,
            "roc_auc_score": 0.9573488990543477,
            "coverage_error": -1.0,
            "label_ranking_average_precision_score": -1.0,
            "label_ranking_loss": -1.0,
            "training_time": 298.0419376130012,
            "test_time": 0.011247528000239981
        },
        {
            "seed": "5",
            "accuracy_score": 0.9554831704668838,
            "average_precision_score": 0.9536803294897049,
            "balanced_accuracy_score": 0.9534129178185474,
            "cohen_kappa_score": 0.9052628409857822,
            "f1_score_macro": 0.9526308857012038,
            "f1_score_micro": 0.9554831704668838,
            "f1_score_weighted": 0.955521032654039,
            "matthews_corrcoef": 0.905284591817089,
            "precision_score": 0.9667832167832168,
            "recall_score": 0.9617391304347827,
            "roc_auc_score": 0.9534129178185474,
            "coverage_error": -1.0,
            "label_ranking_average_precision_score": -1.0,
            "label_ranking_loss": -1.0,
            "training_time": 312.4826286110001,
            "test_time": 0.010739874000137206
        },
        {
            "seed": "7",
            "accuracy_score": 0.9522258414766558,
            "average_precision_score": 0.9453471938598321,
            "balanced_accuracy_score": 0.9503936776543863,
            "cohen_kappa_score": 0.9007873553087725,
            "f1_score_macro": 0.9503936776543863,
            "f1_score_micro": 0.9522258414766558,
            "f1_score_weighted": 0.9522258414766558,
            "matthews_corrcoef": 0.9007873553087725,
            "precision_score": 0.9599271402550091,
            "recall_score": 0.9599271402550091,
            "roc_auc_score": 0.9503936776543863,
            "coverage_error": -1.0,
            "label_ranking_average_precision_score": -1.0,
            "label_ranking_loss": -1.0,
            "training_time": 724.1531072680009,
            "test_time": 0.010411888000817271
        },
        {
            "seed": "11",
            "accuracy_score": 0.9522258414766558,
            "average_precision_score": 0.9508525132586225,
            "balanced_accuracy_score": 0.9524710060102892,
            "cohen_kappa_score": 0.9007994986609744,
            "f1_score_macro": 0.9503936776543862,
            "f1_score_micro": 0.9522258414766558,
            "f1_score_weighted": 0.95232935355701,
            "matthews_corrcoef": 0.9010285253657467,
            "precision_score": 0.96875,
            "recall_score": 0.9512635379061372,
            "roc_auc_score": 0.9524710060102892,
            "coverage_error": -1.0,
            "label_ranking_average_precision_score": -1.0,
            "label_ranking_loss": -1.0,
            "training_time": 296.44494408699757,
            "test_time": 0.012277047000679886
        },
        {
            "seed": "13",
            "accuracy_score": 0.9478827361563518,
            "average_precision_score": 0.9408415213062464,
            "balanced_accuracy_score": 0.945788983175553,
            "cohen_kappa_score": 0.8915779663511061,
            "f1_score_macro": 0.945788983175553,
            "f1_score_micro": 0.9478827361563518,
            "f1_score_weighted": 0.9478827361563518,
            "matthews_corrcoef": 0.8915779663511061,
            "precision_score": 0.956442831215971,
            "recall_score": 0.956442831215971,
            "roc_auc_score": 0.945788983175553,
            "coverage_error": -1.0,
            "label_ranking_average_precision_score": -1.0,
            "label_ranking_loss": -1.0,
            "training_time": 470.58903935400303,
            "test_time": 0.012433214997145114
        },
        {
            "seed": "17",
            "accuracy_score": 0.9533116178067318,
            "average_precision_score": 0.9439267854832715,
            "balanced_accuracy_score": 0.950546979636129,
            "cohen_kappa_score": 0.9030030052095197,
            "f1_score_macro": 0.9515000177574866,
            "f1_score_micro": 0.9533116178067318,
            "f1_score_weighted": 0.953260730164899,
            "matthews_corrcoef": 0.9030604459847533,
            "precision_score": 0.9565217391304348,
            "recall_score": 0.9652650822669104,
            "roc_auc_score": 0.950546979636129,
            "coverage_error": -1.0,
            "label_ranking_average_precision_score": -1.0,
            "label_ranking_loss": -1.0,
            "training_time": 409.3226795510018,
            "test_time": 0.011137009998492431
        },
        {
            "seed": "19",
            "accuracy_score": 0.9565689467969598,
            "average_precision_score": 0.9428205141620042,
            "balanced_accuracy_score": 0.9513550600343053,
            "cohen_kappa_score": 0.9090900117462417,
            "f1_score_macro": 0.9545306436802039,
            "f1_score_micro": 0.9565689467969598,
            "f1_score_weighted": 0.9564017014130208,
            "matthews_corrcoef": 0.9096916716244977,
            "precision_score": 0.950530035335689,
            "recall_score": 0.9781818181818182,
            "roc_auc_score": 0.9513550600343053,
            "coverage_error": -1.0,
            "label_ranking_average_precision_score": -1.0,
            "label_ranking_loss": -1.0,
            "training_time": 422.6836419850006,
            "test_time": 0.011040910001611337
        },
        {
            "seed": "23",
            "accuracy_score": 0.9641693811074918,
            "average_precision_score": 0.9556405723486655,
            "balanced_accuracy_score": 0.9619763804846677,
            "cohen_kappa_score": 0.9258133727784653,
            "f1_score_macro": 0.9629055545859415,
            "f1_score_micro": 0.9641693811074918,
            "f1_score_weighted": 0.9641322097392109,
            "matthews_corrcoef": 0.9258718649834049,
            "precision_score": 0.9653284671532847,
            "recall_score": 0.9742173112338858,
            "roc_auc_score": 0.9619763804846677,
            "coverage_error": -1.0,
            "label_ranking_average_precision_score": -1.0,
            "label_ranking_loss": -1.0,
            "training_time": 366.24092288700194,
            "test_time": 0.010554734995821491
        },
        {
            "seed": "29",
            "accuracy_score": 0.9533116178067318,
            "average_precision_score": 0.9461958327359471,
            "balanced_accuracy_score": 0.9519643953345611,
            "cohen_kappa_score": 0.9035656105952912,
            "f1_score_macro": 0.9517827465924793,