{"framework": "autopytorch", "accuracy_score": 0.9554831704668838, "average_precision_score": 0.9360401139975457, "balanced_accuracy_score": 0.9504997827031725, "cohen_kappa_score": 0.9081100022631207, "f1_score_macro": 0.9540254095416664, "f1_score_micro": 0.9554831704668838, "f1_score_weighted": 0.9552787283859082, "matthews_corrcoef": 0.9093189275605053, "precision_score": 0.9422382671480144, "recall_score": 0.9830508474576272, "roc_auc_score": 0.9504997827031725, "coverage_error": -1.0, "label_ranking_average_precision_score": -1.0, "label_ranking_loss": -1.0, "training_time": "00:12:41", "test_time": "00:01:32"}