{"id": 44, "framework": "autogluon", "results": [{"seed": "2", "accuracy_score": 0.9576547231270358, "average_precision_score": 0.942943572279633, "balanced_accuracy_score": 0.9526742143275424, "cohen_kappa_score": 0.9117397725122676, "f1_score_macro": 0.9558542116033405, "f1_score_micro": 0.9576547231270358, "f1_score_weighted": 0.9574901602458378, "matthews_corrcoef": 0.9124152673798974, "precision_score": 0.9501779359430605, "recall_score": 0.9798165137614679, "roc_auc_score": 0.9526742143275425, "coverage_error": -1.0, "label_ranking_average_precision_score": -1.0, "label_ranking_loss": -1.0, "training_time": 103.51615538998158, "test_time": 0.016300243994919583}, {"seed": "3", "accuracy_score": 0.9587404994571118, "average_precision_score": 0.9504366357746307, "balanced_accuracy_score": 0.9545556029649622, "cohen_kappa_score": 0.9128249324977333, "f1_score_macro": 0.9564089917197263, "f1_score_micro": 0.9587404994571118, "f1_score_weighted": 0.9586529310913884, "matthews_corrcoef": 0.9129787000104949, "precision_score": 0.9597197898423818, "recall_score": 0.9733570159857904, "roc_auc_score": 0.9545556029649623, "coverage_error": -1.0, "label_ranking_average_precision_score": -1.0, "label_ranking_loss": -1.0, "training_time": 76.1165412759874, "test_time": 0.5452842710074037}, {"seed": "5", "accuracy_score": 0.9565689467969598, "average_precision_score": 0.9562909575249643, "balanced_accuracy_score": 0.9554335260115607, "cohen_kappa_score": 0.9077325345502086, "f1_score_macro": 0.9538641873885427, "f1_score_micro": 0.9565689467969598, "f1_score_weighted": 0.956641720592702, "matthews_corrcoef": 0.9078194846335642, "precision_score": 0.9701230228471002, "recall_score": 0.96, "roc_auc_score": 0.9554335260115606, "coverage_error": -1.0, "label_ranking_average_precision_score": -1.0, "label_ranking_loss": -1.0, "training_time": 58.14791567501379, "test_time": 0.04787546201259829}, {"seed": "7", "accuracy_score": 0.9565689467969598, "average_precision_score": 0.9492278613395799, "balanced_accuracy_score": 0.9544700041130502, "cohen_kappa_score": 0.9097284502403811, "f1_score_macro": 0.9548640039206078, "f1_score_micro": 0.9565689467969598, "f1_score_weighted": 0.9565498971558832, "matthews_corrcoef": 0.9097377170496056, "precision_score": 0.9618874773139746, "recall_score": 0.9653916211293261, "roc_auc_score": 0.9544700041130502, "coverage_error": -1.0, "label_ranking_average_precision_score": -1.0, "label_ranking_loss": -1.0, "training_time": 67.29578278501867, "test_time": 0.012798924988601357}, {"seed": "11", "accuracy_score": 0.9598262757871878, "average_precision_score": 0.9588350090710314, "balanced_accuracy_score": 0.9601683077740288, "cohen_kappa_score": 0.916543192944732, "f1_score_macro": 0.9582674571401628, "f1_score_micro": 0.9598262757871878, "f1_score_weighted": 0.959905092460352, "matthews_corrcoef": 0.9167321061416153, "precision_score": 0.9743119266055046, "recall_score": 0.9584837545126353, "roc_auc_score": 0.9601683077740287, "coverage_error": -1.0, "label_ranking_average_precision_score": -1.0, "label_ranking_loss": -1.0, "training_time": 92.24201350400108, "test_time": 0.21115455200197175}, {"seed": "13", "accuracy_score": 0.9587404994571118, "average_precision_score": 0.9509347758228975, "balanced_accuracy_score": 0.9561951243439446, "cohen_kappa_score": 0.9140132083259627, "f1_score_macro": 0.9570057591005583, "f1_score_micro": 0.9587404994571118, "f1_score_weighted": 0.9587029915575107, "matthews_corrcoef": 0.9140506508779108, "precision_score": 0.9621621621621622, "recall_score": 0.969147005444646, "roc_auc_score": 0.9561951243439446, "coverage_error": -1.0, "label_ranking_average_precision_score": -1.0, "label_ranking_loss": -1.0, "training_time": 113.60195529900375, "test_time": 0.04158663097769022}, {"seed": "17", "accuracy_score": 0.9598262757871878, "average_precision_score": 0.9521460819390302, "balanced_accuracy_score": 0.9577227267839161, "cohen_kappa_score": 0.9166081387637439, "f1_score_macro": 0.9583036102121099, "f1_score_micro": 0.9598262757871878, "f1_score_weighted": 0.9598003212603399, "matthews_corrcoef": 0.9166290921877069, "precision_score": 0.9636363636363636, "recall_score": 0.9689213893967094, "roc_auc_score": 0.9577227267839162, "coverage_error": -1.0, "label_ranking_average_precision_score": -1.0, "label_ranking_loss": -1.0, "training_time": 66.64945421100128, "test_time": 0.044096502009779215}, {"seed": "19", "accuracy_score": 0.9522258414766558, "average_precision_score": 0.9362956636483124, "balanced_accuracy_score": 0.9459642244547906, "cohen_kappa_score": 0.8998220112726194, "f1_score_macro": 0.949886228729719, "f1_score_micro": 0.9522258414766558, "f1_score_weighted": 0.9519907045171647, "matthews_corrcoef": 0.9007563447047406, "precision_score": 0.9438596491228071, "recall_score": 0.9781818181818182, "roc_auc_score": 0.9459642244547904, "coverage_error": -1.0, "label_ranking_average_precision_score": -1.0, "label_ranking_loss": -1.0, "training_time": 90.96583947300678, "test_time": 0.1974055870086886}, {"seed": "23", "accuracy_score": 0.9576547231270358, "average_precision_score": 0.9445309805748361, "balanced_accuracy_score": 0.953637931538484, "cohen_kappa_score": 0.9120414924956473, "f1_score_macro": 0.9560116440126042, "f1_score_micro": 0.9576547231270358, "f1_score_weighted": 0.957534722966993, "matthews_corrcoef": 0.9124337560014747, "precision_score": 0.9532374100719424, "recall_score": 0.9760589318600368, "roc_auc_score": 0.9536379315384839, "coverage_error": -1.0, "label_ranking_average_precision_score": -1.0, "label_ranking_loss": -1.0, "training_time": 117.19044047599891, "test_time": 0.4066394039837178}, {"seed": "29", "accuracy_score": 0.9478827361563518, "average_precision_score": 0.9368489435438594, "balanced_accuracy_score": 0.9449486977111287, "cohen_kappa_score": 0.8920487011559931, "f1_score_macro": 0.9460219780219781, "f1_score_micro": 0.9478827361563518, "f1_score_weighted": 0.947817446397251, "matthews_corrcoef": 0.8921299268916982, "precision_score": 0.9508196721311475, "recall_score": 0.9613259668508287, "roc_auc_score": 0.9449486977111287, "coverage_error": -1.0, "label_ranking_average_precision_score": -1.0, "label_ranking_loss": -1.0, "training_time": 90.92221941999742, "test_time": 0.07763100598822348}, {"seed": "31", "accuracy_score": 0.9598262757871878, "average_precision_score": 0.958794817502153, "balanced_accuracy_score": 0.9587540655491619, "cohen_kappa_score": 0.9149786055563179, "f1_score_macro": 0.9574879769456763, "f1_score_micro": 0.9598262757871878, "f1_score_weighted": 0.9598804030751857, "matthews_corrcoef": 0.9150390027765833, "precision_score": 0.9717314487632509, "recall_score": 0.9632224168126094, "roc_auc_score": 0.9587540655491619, "coverage_error": -1.0, "label_ranking_average_precision_score": -1.0, "label_ranking_loss": -1.0, "training_time": 47.59527462601545, "test_time": 0.00601050301338546}, {"seed": "37", "accuracy_score": 0.9489685124864278, "average_precision_score": 0.9403007627824425, "balanced_accuracy_score": 0.9424403116360895, "cohen_kappa_score": 0.8905182596027629, "f1_score_macro": 0.9452507522377414, "f1_score_micro": 0.9489685124864278, "f1_score_weighted": 0.9487981151416964, "matthews_corrcoef": 0.890810742039257, "precision_score": 0.9505119453924915, "recall_score": 0.9686956521739131, "roc_auc_score": 0.9424403116360895, "coverage_error": -1.0, "label_ranking_average_precision_score": -1.0, "label_ranking_loss": -1.0, "training_time": 79.29308041097829, "test_time": 0.00692976001300849}, {"seed": "41", "accuracy_score": 0.9663409337676439, "average_precision_score": 0.9576033545268113, "balanced_accuracy_score": 0.9644195210964116, "cohen_kappa_score": 0.9305890847561464, "f1_score_macro": 0.9652934876817469, "f1_score_micro": 0.9663409337676439, "f1_score_weighted": 0.9663082010774595, "matthews_corrcoef": 0.9306474079029442, "precision_score": 0.9668508287292817, "recall_score": 0.9758364312267658,