{"id": 44, "framework": "tpot", "results": [{"seed": "2", "accuracy_score": 0.9500542888165038, "average_precision_score": 0.9323665649617696, "balanced_accuracy_score": 0.9437780597306266, "cohen_kappa_score": 0.8956815932158317, "f1_score_macro": 0.9478096974475214, "f1_score_micro": 0.9500542888165038, "f1_score_weighted": 0.9497957494965164, "matthews_corrcoef": 0.8967984228746214, "precision_score": 0.9400352733686067, "recall_score": 0.9779816513761468, "roc_auc_score": 0.9437780597306266, "coverage_error": -1.0, "label_ranking_average_precision_score": -1.0, "label_ranking_loss": -1.0, "training_time": 345.2981602289947, "test_time": 0.013892212009523064}, {"seed": "3", "accuracy_score": 0.9576547231270358, "average_precision_score": 0.9497491001008228, "balanced_accuracy_score": 0.9536675034978219, "cohen_kappa_score": 0.9105765137313188, "f1_score_macro": 0.9552855295115007, "f1_score_micro": 0.9576547231270358, "f1_score_weighted": 0.9575764950359568, "matthews_corrcoef": 0.9106938251885641, "precision_score": 0.9596491228070175, "recall_score": 0.9715808170515098, "roc_auc_score": 0.9536675034978219, "coverage_error": -1.0, "label_ranking_average_precision_score": -1.0, "label_ranking_loss": -1.0, "training_time": 344.59897045901744, "test_time": 0.0047335950075648725}, {"seed": "5", "accuracy_score": 0.9576547231270358, "average_precision_score": 0.9579306020706213, "balanced_accuracy_score": 0.956878612716763, "cohen_kappa_score": 0.9100907878038462, "f1_score_macro": 0.9550426368377772, "f1_score_micro": 0.9576547231270358, "f1_score_weighted": 0.9577370862082286, "matthews_corrcoef": 0.9102093141257915, "precision_score": 0.971830985915493, "recall_score": 0.96, "roc_auc_score": 0.956878612716763, "coverage_error": -1.0, "label_ranking_average_precision_score": -1.0, "label_ranking_loss": -1.0, "training_time": 314.3962312829681, "test_time": 0.006828962999861687}, {"seed": "7", "accuracy_score": 0.9478827361563518, "average_precision_score": 0.9405380132112027, "balanced_accuracy_score": 0.9458840119866032, "cohen_kappa_score": 0.8917680239732064, "f1_score_macro": 0.9458840119866032, "f1_score_micro": 0.9478827361563518, "f1_score_weighted": 0.9478827361563518, "matthews_corrcoef": 0.8917680239732064, "precision_score": 0.9562841530054644, "recall_score": 0.9562841530054644, "roc_auc_score": 0.9458840119866032, "coverage_error": -1.0, "label_ranking_average_precision_score": -1.0, "label_ranking_loss": -1.0, "training_time": 340.1073606639984, "test_time": 0.009943477984052151}, {"seed": "11", "accuracy_score": 0.9543973941368078, "average_precision_score": 0.9503453531303105, "balanced_accuracy_score": 0.9533563186732115, "cohen_kappa_score": 0.9050478172927754, "f1_score_macro": 0.9525229763167197, "f1_score_micro": 0.9543973941368078, "f1_score_weighted": 0.9544383650181212, "matthews_corrcoef": 0.9050848256215824, "precision_score": 0.9654545454545455, "recall_score": 0.9584837545126353, "roc_auc_score": 0.9533563186732114, "coverage_error": -1.0, "label_ranking_average_precision_score": -1.0, "label_ranking_loss": -1.0, "training_time": 338.9010998570011, "test_time": 0.013087287952657789}, {"seed": "13", "accuracy_score": 0.9522258414766558, "average_precision_score": 0.9409617642912226, "balanced_accuracy_score": 0.9480870162358366, "cohen_kappa_score": 0.9001699800458207, "f1_score_macro": 0.9500788410367597, "f1_score_micro": 0.9522258414766558, "f1_score_weighted": 0.9521134330766613, "matthews_corrcoef": 0.9004017617784551, "precision_score": 0.9518716577540107, "recall_score": 0.969147005444646, "roc_auc_score": 0.9480870162358365, "coverage_error": -1.0, "label_ranking_average_precision_score": -1.0, "label_ranking_loss": -1.0, "training_time": 339.6118952499819, "test_time": 0.013428479025606066}, {"seed": "17", "accuracy_score": 0.9543973941368078, "average_precision_score": 0.9465447823865105, "balanced_accuracy_score": 0.952306699645123, "cohen_kappa_score": 0.9053790269318265, "f1_score_macro": 0.9526892820101368, "f1_score_micro": 0.9543973941368078, "f1_score_weighted": 0.9543778728553601, "matthews_corrcoef": 0.9053882175193962, "precision_score": 0.9599271402550091, "recall_score": 0.9634369287020109, "roc_auc_score": 0.9523066996451232, "coverage_error": -1.0, "label_ranking_average_precision_score": -1.0, "label_ranking_loss": -1.0, "training_time": 309.8023053529905, "test_time": 0.02834554499713704}, {"seed": "19", "accuracy_score": 0.9543973941368078, "average_precision_score": 0.9404530299716819, "balanced_accuracy_score": 0.9490982602303357, "cohen_kappa_score": 0.9045445123335538, "f1_score_macro": 0.952257175864214, "f1_score_micro": 0.9543973941368078, "f1_score_weighted": 0.9542217864836721, "matthews_corrcoef": 0.9051431638797548, "precision_score": 0.9487632508833922, "recall_score": 0.9763636363636363, "roc_auc_score": 0.9490982602303356, "coverage_error": -1.0, "label_ranking_average_precision_score": -1.0, "label_ranking_loss": -1.0, "training_time": 328.4234060299932, "test_time": 0.00426901102764532}, {"seed": "23", "accuracy_score": 0.9522258414766558, "average_precision_score": 0.9398546322604017, "balanced_accuracy_score": 0.9486319389634307, "cohen_kappa_score": 0.9008849038052331, "f1_score_macro": 0.9504363906772861, "f1_score_micro": 0.9522258414766558, "f1_score_weighted": 0.9521235871452631, "matthews_corrcoef": 0.901113557852369, "precision_score": 0.9511754068716094, "recall_score": 0.9686924493554327, "roc_auc_score": 0.9486319389634307, "coverage_error": -1.0, "label_ranking_average_precision_score": -1.0, "label_ranking_loss": -1.0, "training_time": 310.5192960569984, "test_time": 0.004281311004888266}, {"seed": "29", "accuracy_score": 0.9457111834961998, "average_precision_score": 0.9353461961972944, "balanced_accuracy_score": 0.9431070770849777, "cohen_kappa_score": 0.8876412718861627, "f1_score_macro": 0.9438195393324224, "f1_score_micro": 0.9457111834961998, "f1_score_weighted": 0.94566641085327, "matthews_corrcoef": 0.8876771333003857, "precision_score": 0.9506398537477148, "recall_score": 0.9576427255985267, "roc_auc_score": 0.9431070770849777, "coverage_error": -1.0, "label_ranking_average_precision_score": -1.0, "label_ranking_loss": -1.0, "training_time": 302.4006406510016, "test_time": 0.003880625998135656}, {"seed": "31", "accuracy_score": 0.9641693811074918, "average_precision_score": 0.9624443710702006, "balanced_accuracy_score": 0.9628096072054041, "cohen_kappa_score": 0.9240863915996234, "f1_score_macro": 0.962042769168133, "f1_score_micro": 0.9641693811074918, "f1_score_weighted": 0.9641986464094096, "matthews_corrcoef": 0.9241083981511328, "precision_score": 0.9735915492957746, "recall_score": 0.968476357267951, "roc_auc_score": 0.9628096072054042, "coverage_error": -1.0, "label_ranking_average_precision_score": -1.0, "label_ranking_loss": -1.0, "training_time": 311.67373106698506, "test_time": 0.003858175012283027}, {"seed": "37", "accuracy_score": 0.9489685124864278, "average_precision_score": 0.9393810015154624, "balanced_accuracy_score": 0.9418647901482784, "cohen_kappa_score": 0.8903912914669442, "f1_score_macro": 0.9451839169685834, "f1_score_micro": 0.9489685124864278, "f1_score_weighted": 0.9487652077685271, "matthews_corrcoef": 0.8908007703660971, "precision_score": 0.9489795918367347, "recall_score": 0.9704347826086956, "roc_auc_score": 0.9418647901482784, "coverage_error": -1.0, "label_ranking_average_precision_score": -1.0, "label_ranking_loss": -1.0, "training_time": 309.5513337919838, "test_time": 0.004986872023437172}, {"seed": "41", "accuracy_score": 0.9706840390879479, "average_precision_score": 0.9626339762113093, "balanced_accuracy_score": 0.9688892232133324, "cohen_kappa_score": 0.9395453318843856, "f1_score_macro": 0.969771747335715, "f1_score_micro": 0.9706840390879479, "f1_score_weighted": 0.9706555299706905, "matthews_corrcoef": 0.9396042163493039, "precision_score": 0.9705340699815838, "recall_score": 0.9795539033457249,