{"framework": "gama", "accuracy_score": 0.9511400651465798, "average_precision_score": 0.935538063244216, "balanced_accuracy_score": 0.9477545994495147, "cohen_kappa_score": 0.89948999265182, "f1_score_macro": 0.9497346957339075, "f1_score_micro": 0.9511400651465798, "f1_score_weighted": 0.9510214300662893, "matthews_corrcoef": 0.8998694136384264, "precision_score": 0.9466911764705882, "recall_score": 0.9698681732580038, "roc_auc_score": 0.9477545994495149, "training_time": "00:08:59", "test_time": "00:00:00"}