{"id": 44, "framework": "evalml", "results": [{"seed": "2", "accuracy_score": 0.9467969598262758, "average_precision_score": 0.9364108490698456, "balanced_accuracy_score": 0.943912258442319, "cohen_kappa_score": 0.889658797784814, "f1_score_macro": 0.9448277126771927, "f1_score_micro": 0.9467969598262758, "f1_score_weighted": 0.9467403722645205, "matthews_corrcoef": 0.8897151950504801, "precision_score": 0.9509090909090909, "recall_score": 0.9596330275229358, "roc_auc_score": 0.943912258442319, "coverage_error": -1.0, "label_ranking_average_precision_score": -1.0, "label_ranking_loss": -1.0, "training_time": 302.487079996994, "test_time": 0.08500341200851835}, {"seed": "3", "accuracy_score": 0.9478827361563518, "average_precision_score": 0.9361589281000393, "balanced_accuracy_score": 0.9416062196731397, "cohen_kappa_score": 0.8895457202964236, "f1_score_macro": 0.9447593342330184, "f1_score_micro": 0.9478827361563518, "f1_score_weighted": 0.9476830666270062, "matthews_corrcoef": 0.8900076917974172, "precision_score": 0.9462738301559792, "recall_score": 0.9698046181172292, "roc_auc_score": 0.9416062196731397, "coverage_error": -1.0, "label_ranking_average_precision_score": -1.0, "label_ranking_loss": -1.0, "training_time": 309.5547976390226, "test_time": 0.08625881900661625}, {"seed": "5", "accuracy_score": 0.9576547231270358, "average_precision_score": 0.9559603178297414, "balanced_accuracy_score": 0.9557275697411409, "cohen_kappa_score": 0.9098841658157442, "f1_score_macro": 0.9549415742035839, "f1_score_micro": 0.9576547231270358, "f1_score_weighted": 0.9576907383782323, "matthews_corrcoef": 0.9099060276840362, "precision_score": 0.9685314685314685, "recall_score": 0.9634782608695652, "roc_auc_score": 0.955727569741141, "coverage_error": -1.0, "label_ranking_average_precision_score": -1.0, "label_ranking_loss": -1.0, "training_time": 308.4677017860231, "test_time": 0.0822279529820662}, {"seed": "7", "accuracy_score": 0.9413680781758957, "average_precision_score": 0.9297548486393327, "balanced_accuracy_score": 0.9373861566484517, "cohen_kappa_score": 0.8778154481132076, "f1_score_macro": 0.938902920827109, "f1_score_micro": 0.9413680781758957, "f1_score_weighted": 0.9412614767770292, "matthews_corrcoef": 0.8779592965083557, "precision_score": 0.9443447037701975, "recall_score": 0.9581056466302368, "roc_auc_score": 0.9373861566484517, "coverage_error": -1.0, "label_ranking_average_precision_score": -1.0, "label_ranking_loss": -1.0, "training_time": 300.9860972999886, "test_time": 0.09345563800889067}, {"seed": "11", "accuracy_score": 0.9315960912052117, "average_precision_score": 0.9441809735016865, "balanced_accuracy_score": 0.9385420867803146, "cohen_kappa_score": 0.8600766379615942, "f1_score_macro": 0.9298819946707271, "f1_score_micro": 0.9315960912052116, "f1_score_weighted": 0.9321079394759259, "matthews_corrcoef": 0.8640259984853715, "precision_score": 0.9804305283757339, "recall_score": 0.9043321299638989, "roc_auc_score": 0.9385420867803147, "coverage_error": -1.0, "label_ranking_average_precision_score": -1.0, "label_ranking_loss": -1.0, "training_time": 306.71681846198044, "test_time": 0.08757249100017361}, {"seed": "13", "accuracy_score": 0.9565689467969598, "average_precision_score": 0.9504377640118054, "balanced_accuracy_score": 0.9548241526462942, "cohen_kappa_score": 0.9096483052925884, "f1_score_macro": 0.9548241526462942, "f1_score_micro": 0.9565689467969598, "f1_score_weighted": 0.9565689467969598, "matthews_corrcoef": 0.9096483052925884, "precision_score": 0.9637023593466425, "recall_score": 0.9637023593466425, "roc_auc_score": 0.9548241526462942, "coverage_error": -1.0, "label_ranking_average_precision_score": -1.0, "label_ranking_loss": -1.0, "training_time": 314.8252467350103, "test_time": 0.0859829229884781}, {"seed": "17", "accuracy_score": 0.9435396308360477, "average_precision_score": 0.9213634893050605, "balanced_accuracy_score": 0.9347094995551819, "cohen_kappa_score": 0.8813438382637134, "f1_score_macro": 0.9405965646923404, "f1_score_micro": 0.9435396308360477, "f1_score_weighted": 0.9430802253892252, "matthews_corrcoef": 0.8837028503978812, "precision_score": 0.927461139896373, "recall_score": 0.9817184643510055, "roc_auc_score": 0.9347094995551819, "coverage_error": -1.0, "label_ranking_average_precision_score": -1.0, "label_ranking_loss": -1.0, "training_time": 301.202314722992, "test_time": 0.08335162000730634}, {"seed": "19", "accuracy_score": 0.9511400651465798, "average_precision_score": 0.9346787348432556, "balanced_accuracy_score": 0.9446165155599118, "cohen_kappa_score": 0.8974998825248985, "f1_score_macro": 0.9487219777269402, "f1_score_micro": 0.9511400651465798, "f1_score_weighted": 0.9508861659675176, "matthews_corrcoef": 0.8985284025119847, "precision_score": 0.9422066549912435, "recall_score": 0.9781818181818182, "roc_auc_score": 0.9446165155599118, "coverage_error": -1.0, "label_ranking_average_precision_score": -1.0, "label_ranking_loss": -1.0, "training_time": 301.95401808898896, "test_time": 0.08629044800181873}, {"seed": "23", "accuracy_score": 0.9554831704668838, "average_precision_score": 0.93582892450471, "balanced_accuracy_score": 0.9485807828349264, "cohen_kappa_score": 0.9070047506113734, "f1_score_macro": 0.9534605984640926, "f1_score_micro": 0.9554831704668838, "f1_score_weighted": 0.9551987462789914, "matthews_corrcoef": 0.9087103797499019, "precision_score": 0.9403508771929825, "recall_score": 0.9871086556169429, "roc_auc_score": 0.9485807828349264, "coverage_error": -1.0, "label_ranking_average_precision_score": -1.0, "label_ranking_loss": -1.0, "training_time": 305.39727435199893, "test_time": 0.09112167998682708}, {"seed": "29", "accuracy_score": 0.9467969598262758, "average_precision_score": 0.9351870387427462, "balanced_accuracy_score": 0.9436259463883774, "cohen_kappa_score": 0.8897552967732006, "f1_score_macro": 0.9448743490863695, "f1_score_micro": 0.9467969598262758, "f1_score_weighted": 0.9467187140403494, "matthews_corrcoef": 0.8898656641631958, "precision_score": 0.9490909090909091, "recall_score": 0.9613259668508287, "roc_auc_score": 0.9436259463883774, "coverage_error": -1.0, "label_ranking_average_precision_score": -1.0, "label_ranking_loss": -1.0, "training_time": 301.0534559339867, "test_time": 0.08280811601434834}, {"seed": "31", "accuracy_score": 0.9576547231270358, "average_precision_score": 0.9516285614953163, "balanced_accuracy_score": 0.9536852639479609, "cohen_kappa_score": 0.9098859744853799, "f1_score_macro": 0.9549415742035839, "f1_score_micro": 0.9576547231270358, "f1_score_weighted": 0.9575946977083754, "matthews_corrcoef": 0.909946703471234, "precision_score": 0.9618055555555556, "recall_score": 0.9702276707530648, "roc_auc_score": 0.953685263947961, "coverage_error": -1.0, "label_ranking_average_precision_score": -1.0, "label_ranking_loss": -1.0, "training_time": 300.550203819992, "test_time": 0.08096915800706483}, {"seed": "37", "accuracy_score": 0.9348534201954397, "average_precision_score": 0.9282278818878809, "balanced_accuracy_score": 0.9288338778587585, "cohen_kappa_score": 0.8606396554072117, "f1_score_macro": 0.9303166644809184, "f1_score_micro": 0.9348534201954397, "f1_score_weighted": 0.9347375881346434, "matthews_corrcoef": 0.8607232413115037, "precision_score": 0.9432013769363167, "recall_score": 0.9530434782608695, "roc_auc_score": 0.9288338778587585, "coverage_error": -1.0, "label_ranking_average_precision_score": -1.0, "label_ranking_loss": -1.0, "training_time": 301.18455109899514, "test_time": 0.09050277699134313}, {"seed": "41", "accuracy_score": 0.9587404994571118, "average_precision_score": 0.9493385937758484, "balanced_accuracy_score": 0.9567855998912906, "cohen_kappa_score": 0.9149477019986002, "f1_score_macro": 0.9574730242053076, "f1_score_micro": 0.9587404994571118, "f1_score_weighted": 0.958708613287255, "matthews_corrcoef": 0.9149843725362586, "precision_score": 0.9612546125461254, "recall_score": 0.9684014869888475,