{"framework": "autokeras", "accuracy_score": 0.9196525515743756, "average_precision_score": 0.9031678374611488, "balanced_accuracy_score": 0.9167028828045778, "cohen_kappa_score": 0.8351115562716834, "f1_score_macro": 0.9175521876723862, "f1_score_micro": 0.9196525515743756, "f1_score_weighted": 0.9195668224355189, "matthews_corrcoef": 0.8351861998105065, "precision_score": 0.925512104283054, "recall_score": 0.935969868173258, "roc_auc_score": 0.9167028828045778, "training_time": "00:02:25", "test_time": "00:00:02"}