{
    "id": 44,
    "framework": "autopytorch",
    "results": [
        {
            "seed": "2",
            "accuracy_score": 0.9609120521172638,
            "average_precision_score": 0.9507517420885558,
            "balanced_accuracy_score": 0.9579006441538161,
            "cohen_kappa_score": 0.9188323769608899,
            "f1_score_macro": 0.9594130089899524,
            "f1_score_micro": 0.9609120521172638,
            "f1_score_weighted": 0.9608442987555774,
            "matthews_corrcoef": 0.9189818809943,
            "precision_score": 0.9602169981916817,
            "recall_score": 0.9743119266055046,
            "roc_auc_score": 0.957900644153816,
            "coverage_error": -1.0,
            "label_ranking_average_precision_score": -1.0,
            "label_ranking_loss": -1.0,
            "training_time": 315.55924468301237,
            "test_time": 2.503726800001459
        },
        {
            "seed": "3",
            "accuracy_score": 0.9565689467969598,
            "average_precision_score": 0.9490615745743978,
            "balanced_accuracy_score": 0.9527794040306816,
            "cohen_kappa_score": 0.9083303888244691,
            "f1_score_macro": 0.9541631413925248,
            "f1_score_micro": 0.9565689467969598,
            "f1_score_weighted": 0.9565005352688716,
            "matthews_corrcoef": 0.90841627212692,
            "precision_score": 0.9595782073813708,
            "recall_score": 0.9698046181172292,
            "roc_auc_score": 0.9527794040306816,
            "coverage_error": -1.0,
            "label_ranking_average_precision_score": -1.0,
            "label_ranking_loss": -1.0,
            "training_time": 315.35215047199745,
            "test_time": 2.749867450998863
        },
        {
            "seed": "5",
            "accuracy_score": 0.9500542888165038,
            "average_precision_score": 0.9446786026237189,
            "balanced_accuracy_score": 0.9456119628047248,
            "cohen_kappa_score": 0.8932803337162203,
            "f1_score_macro": 0.9466390915319818,
            "f1_score_micro": 0.9500542888165038,
            "f1_score_weighted": 0.9499956588202031,
            "matthews_corrcoef": 0.8933187998966975,
            "precision_score": 0.9568221070811744,
            "recall_score": 0.9634782608695652,
            "roc_auc_score": 0.9456119628047249,
            "coverage_error": -1.0,
            "label_ranking_average_precision_score": -1.0,
            "label_ranking_loss": -1.0,
            "training_time": 313.18497620901326,
            "test_time": 1.027985062013613
        },
        {
            "seed": "7",
            "accuracy_score": 0.9478827361563518,
            "average_precision_score": 0.9396072841353135,
            "balanced_accuracy_score": 0.945450672777484,
            "cohen_kappa_score": 0.8916741402884573,
            "f1_score_macro": 0.9458368047047292,
            "f1_score_micro": 0.9478827361563518,
            "f1_score_weighted": 0.9478598765870598,
            "matthews_corrcoef": 0.8916832231902246,
            "precision_score": 0.9546279491833031,
            "recall_score": 0.9581056466302368,
            "roc_auc_score": 0.9454506727774841,
            "coverage_error": -1.0,
            "label_ranking_average_precision_score": -1.0,
            "label_ranking_loss": -1.0,
            "training_time": 315.3643970929843,
            "test_time": 3.991385931993136
        },
        {
            "seed": "11",
            "accuracy_score": 0.9619978284473398,
            "average_precision_score": 0.9563350636470029,
            "balanced_accuracy_score": 0.9601338789482485,
            "cohen_kappa_score": 0.9206911568241034,
            "f1_score_macro": 0.9603455296304453,
            "f1_score_micro": 0.9619978284473398,
            "f1_score_weighted": 0.9619890396238457,
            "matthews_corrcoef": 0.920693520526471,
            "precision_score": 0.9675675675675676,
            "recall_score": 0.9693140794223827,
            "roc_auc_score": 0.9601338789482485,
            "coverage_error": -1.0,
            "label_ranking_average_precision_score": -1.0,
            "label_ranking_loss": -1.0,
            "training_time": 320.1470742440142,
            "test_time": 2.4548602259892505
        },
        {
            "seed": "13",
            "accuracy_score": 0.9522258414766558,
            "average_precision_score": 0.9409617642912226,
            "balanced_accuracy_score": 0.9480870162358366,
            "cohen_kappa_score": 0.9001699800458207,
            "f1_score_macro": 0.9500788410367597,
            "f1_score_micro": 0.9522258414766558,
            "f1_score_weighted": 0.9521134330766613,
            "matthews_corrcoef": 0.9004017617784551,
            "precision_score": 0.9518716577540107,
            "recall_score": 0.969147005444646,
            "roc_auc_score": 0.9480870162358365,
            "coverage_error": -1.0,
            "label_ranking_average_precision_score": -1.0,
            "label_ranking_loss": -1.0,
            "training_time": 312.06833396301954,
            "test_time": 1.3729203779948875
        },
        {
            "seed": "17",
            "accuracy_score": 0.9511400651465798,
            "average_precision_score": 0.9351556540444651,
            "balanced_accuracy_score": 0.945336253165052,
            "cohen_kappa_score": 0.897885771024641,
            "f1_score_macro": 0.9489201690459552,
            "f1_score_micro": 0.9511400651465798,
            "f1_score_weighted": 0.9509203879282889,
            "matthews_corrcoef": 0.8987214736954083,
            "precision_score": 0.9434628975265018,
            "recall_score": 0.9762340036563071,
            "roc_auc_score": 0.945336253165052,
            "coverage_error": -1.0,
            "label_ranking_average_precision_score": -1.0,
            "label_ranking_loss": -1.0,
            "training_time": 311.5815868860227,
            "test_time": 2.152565719006816
        },
        {
            "seed": "19",
            "accuracy_score": 0.9489685124864278,
            "average_precision_score": 0.9305870178917056,
            "balanced_accuracy_score": 0.9414824797843666,
            "cohen_kappa_score": 0.8927544131310003,
            "f1_score_macro": 0.9463356578335658,
            "f1_score_micro": 0.9489685124864278,
            "f1_score_weighted": 0.9486458587299497,
            "matthews_corrcoef": 0.8942105651413711,
            "precision_score": 0.9373913043478261,
            "recall_score": 0.98,
            "roc_auc_score": 0.9414824797843666,
            "coverage_error": -1.0,
            "label_ranking_average_precision_score": -1.0,
            "label_ranking_loss": -1.0,
            "training_time": 315.01742229398224,
            "test_time": 5.003021962998901
        },
        {
            "seed": "23",
            "accuracy_score": 0.9511400651465798,
            "average_precision_score": 0.935488292983074,
            "balanced_accuracy_score": 0.9461033646116519,
            "cohen_kappa_score": 0.8983451188732975,
            "f1_score_macro": 0.9491545385509075,
            "f1_score_micro": 0.9511400651465798,
            "f1_score_weighted": 0.9509546038711599,
            "matthews_corrcoef": 0.899008286319907,
            "precision_score": 0.9446428571428571,
            "recall_score": 0.9742173112338858,
            "roc_auc_score": 0.9461033646116519,
            "coverage_error": -1.0,
            "label_ranking_average_precision_score": -1.0,
            "label_ranking_loss": -1.0,
            "training_time": 322.1423434590106,
            "test_time": 1.3640924610081129
        },
        {
            "seed": "29",
            "accuracy_score": 0.9424538545059717,
            "average_precision_score": 0.9259666258750697,
            "balanced_accuracy_score": 0.9371291180683445,
            "cohen_kappa_score": 0.8802731400063282,
            "f1_score_macro": 0.940115345404402,