{
    "id": 44,
    "framework": "pycaret",
    "results": [
        {
            "seed": "2",
            "accuracy_score": 0.9587404994571118,
            "average_precision_score": 0.9502073328195941,
            "balanced_accuracy_score": 0.956478137809877,
            "cohen_kappa_score": 0.9144646156553362,
            "f1_score_macro": 0.9572314716147386,
            "f1_score_micro": 0.9587404994571118,
            "f1_score_weighted": 0.9587056086399471,
            "matthews_corrcoef": 0.9145016843871112,
            "precision_score": 0.9617486338797814,
            "recall_score": 0.9688073394495413,
            "roc_auc_score": 0.9564781378098771,
            "coverage_error": -1.0,
            "label_ranking_average_precision_score": -1.0,
            "label_ranking_loss": -1.0,
            "training_time": 35.278876137919724,
            "test_time": 0.12900961842387915
        },
        {
            "seed": "3",
            "accuracy_score": 0.9576547231270358,
            "average_precision_score": 0.9506999608014456,
            "balanced_accuracy_score": 0.9541760520753744,
            "cohen_kappa_score": 0.9106676979628584,
            "f1_score_macro": 0.9553324603521025,
            "f1_score_micro": 0.9576547231270358,
            "f1_score_weighted": 0.9575994311562042,
            "matthews_corrcoef": 0.910727429062351,
            "precision_score": 0.9612676056338029,
            "recall_score": 0.9698046181172292,
            "roc_auc_score": 0.9541760520753745,
            "coverage_error": -1.0,
            "label_ranking_average_precision_score": -1.0,
            "label_ranking_loss": -1.0,
            "training_time": 35.43710679281503,
            "test_time": 0.12536682095378637
        },
        {
            "seed": "5",
            "accuracy_score": 0.9598262757871878,
            "average_precision_score": 0.9592345599872788,
            "balanced_accuracy_score": 0.9586177431515457,
            "cohen_kappa_score": 0.9146036161335188,
            "f1_score_macro": 0.9573004705130534,
            "f1_score_micro": 0.9598262757871878,
            "f1_score_weighted": 0.9598826553691998,
            "matthews_corrcoef": 0.9146645223778457,
            "precision_score": 0.9719298245614035,
            "recall_score": 0.9634782608695652,
            "roc_auc_score": 0.9586177431515457,
            "coverage_error": -1.0,
            "label_ranking_average_precision_score": -1.0,
            "label_ranking_loss": -1.0,
            "training_time": 35.20440161600709,
            "test_time": 0.10627224389463663
        },
        {
            "seed": "7",
            "accuracy_score": 0.9511400651465798,
            "average_precision_score": 0.9418032476302366,
            "balanced_accuracy_score": 0.9481829132146424,
            "cohen_kappa_score": 0.8983121959118779,
            "f1_score_macro": 0.9491545385509075,
            "f1_score_micro": 0.9511400651465798,
            "f1_score_weighted": 0.9510855177126328,
            "matthews_corrcoef": 0.8983695403897937,
            "precision_score": 0.9548736462093863,
            "recall_score": 0.9635701275045537,
            "roc_auc_score": 0.9481829132146425,
            "coverage_error": -1.0,
            "label_ranking_average_precision_score": -1.0,
            "label_ranking_loss": -1.0,
            "training_time": 40.23139242455363,
            "test_time": 0.10504040122032166
        },
        {
            "seed": "11",
            "accuracy_score": 0.9511400651465798,
            "average_precision_score": 0.9501350014315822,
            "balanced_accuracy_score": 0.9515684789344769,
            "cohen_kappa_score": 0.8985913631992718,
            "f1_score_macro": 0.9492881745822958,
            "f1_score_micro": 0.9511400651465798,
            "f1_score_weighted": 0.9512558083068475,
            "matthews_corrcoef": 0.8988675752886365,
            "precision_score": 0.9686924493554327,
            "recall_score": 0.9494584837545126,
            "roc_auc_score": 0.9515684789344769,
            "coverage_error": -1.0,
            "label_ranking_average_precision_score": -1.0,
            "label_ranking_loss": -1.0,
            "training_time": 35.535656155087054,
            "test_time": 0.11760448385030031
        },
        {
            "seed": "13",
            "accuracy_score": 0.9511400651465798,
            "average_precision_score": 0.9449002603104414,
            "balanced_accuracy_score": 0.9493991268945897,
            "cohen_kappa_score": 0.8983994449905741,
            "f1_score_macro": 0.949199660227912,
            "f1_score_micro": 0.9511400651465798,
            "f1_score_weighted": 0.9511508451739058,
            "matthews_corrcoef": 0.8984017348471052,
            "precision_score": 0.96,
            "recall_score": 0.9582577132486388,
            "roc_auc_score": 0.9493991268945897,
            "coverage_error": -1.0,
            "label_ranking_average_precision_score": -1.0,
            "label_ranking_loss": -1.0,
            "training_time": 39.423084939830005,
            "test_time": 0.09961398225277662
        },
        {
            "seed": "17",
            "accuracy_score": 0.9554831704668838,
            "average_precision_score": 0.9463416582801859,
            "balanced_accuracy_score": 0.9527979548143006,
            "cohen_kappa_score": 0.9075144933393094,
            "f1_score_macro": 0.9537558308850453,
            "f1_score_micro": 0.9554831704668838,
            "f1_score_weighted": 0.955434649692113,
            "matthews_corrcoef": 0.9075722210940704,
            "precision_score": 0.9583333333333334,
            "recall_score": 0.9670932358318098,
            "roc_auc_score": 0.9527979548143006,
            "coverage_error": -1.0,
            "label_ranking_average_precision_score": -1.0,
            "label_ranking_loss": -1.0,
            "training_time": 39.91320946626365,
            "test_time": 0.10650021210312843
        },
        {
            "seed": "19",
            "accuracy_score": 0.9533116178067318,
            "average_precision_score": 0.9406367176138238,
            "balanced_accuracy_score": 0.9486277873070326,
            "cohen_kappa_score": 0.9024010961793909,
            "f1_score_macro": 0.951190383755024,
            "f1_score_micro": 0.9533116178067318,
            "f1_score_weighted": 0.9531679925844808,
            "matthews_corrcoef": 0.9027941870805556,
            "precision_score": 0.9502664298401421,
            "recall_score": 0.9727272727272728,
            "roc_auc_score": 0.9486277873070326,
            "coverage_error": -1.0,
            "label_ranking_average_precision_score": -1.0,
            "label_ranking_loss": -1.0,
            "training_time": 39.49917739909142,
            "test_time": 0.10659115202724934
        },
        {
            "seed": "23",
            "accuracy_score": 0.9543973941368078,
            "average_precision_score": 0.9469489174732767,
            "balanced_accuracy_score": 0.9528852056476366,
            "cohen_kappa_score": 0.9057704112952731,
            "f1_score_macro": 0.9528852056476366,
            "f1_score_micro": 0.9543973941368078,
            "f1_score_weighted": 0.9543973941368078,
            "matthews_corrcoef": 0.9057704112952731,
            "precision_score": 0.9613259668508287,
            "recall_score": 0.9613259668508287,
            "roc_auc_score": 0.9528852056476366,
            "coverage_error": -1.0,
            "label_ranking_average_precision_score": -1.0,
            "label_ranking_loss": -1.0,
            "training_time": 34.90313512086868,
            "test_time": 0.1107362536713481
        },
        {
            "seed": "29",
            "accuracy_score": 0.9554831704668838,
            "average_precision_score": 0.9439511438904455,
            "balanced_accuracy_score": 0.9521982519220088,
            "cohen_kappa_score": 0.907680008214697,
            "f1_score_macro": 0.9538354330564267,