{"framework": "h2o", "accuracy_score": 0.8664495114006515, "average_precision_score": 0.8414222469729083, "balanced_accuracy_score": 0.8596697088222511, "cohen_kappa_score": 0.7245190518920575, "f1_score_macro": 0.8621856284147023, "f1_score_micro": 0.8664495114006515, "f1_score_weighted": 0.8658967858283988, "matthews_corrcoef": 0.7253217506462757, "precision_score": 0.8695652173913043, "recall_score": 0.903954802259887, "roc_auc_score": 0.8596697088222512, "training_time": "00:10:05", "test_time": "00:00:00"}