{"framework": "tpot", "accuracy_score": 0.9565689467969598, "average_precision_score": 0.9403989438232118, "balanced_accuracy_score": 0.9528031290743155, "cohen_kappa_score": 0.9105660267427972, "f1_score_macro": 0.9552691138330629, "f1_score_micro": 0.9565689467969598, "f1_score_weighted": 0.9564364797433141, "matthews_corrcoef": 0.9111492348688051, "precision_score": 0.9488117001828154, "recall_score": 0.9774011299435028, "roc_auc_score": 0.9528031290743156, "training_time": "00:10:02", "test_time": "00:00:00"}