{"framework": "h2o", "accuracy_score": 0.8838219326818675, "average_precision_score": 0.8563888604080732, "balanced_accuracy_score": 0.876097348978705, "cohen_kappa_score": 0.7596947994469521, "f1_score_macro": 0.8797240709301744, "f1_score_micro": 0.8838219326818675, "f1_score_weighted": 0.8831228856771668, "matthews_corrcoef": 0.7613111973871292, "precision_score": 0.8785714285714286, "recall_score": 0.9265536723163842, "roc_auc_score": 0.8760973489787048, "coverage_error": -1.0, "label_ranking_average_precision_score": -1.0, "label_ranking_loss": -1.0, "training_time": "00:10:05", "test_time": "00:00:00"}