{"id": 44, "framework": "mljar", "results": [{"seed": "2", "accuracy_score": 0.9576547231270358, "average_precision_score": 0.9485132434828517, "balanced_accuracy_score": 0.9551483505758345, "cohen_kappa_score": 0.9121774104817908, "f1_score_macro": 0.9560873631512352, "f1_score_micro": 0.9576547231270358, "f1_score_weighted": 0.9576096840472715, "matthews_corrcoef": 0.9122352352477366, "precision_score": 0.96, "recall_score": 0.9688073394495413, "roc_auc_score": 0.9551483505758344, "coverage_error": -1.0, "label_ranking_average_precision_score": -1.0, "label_ranking_loss": -1.0, "training_time": 30.258641765998618, "test_time": 0.04579892499896232}, {"seed": "3", "accuracy_score": 0.9576547231270358, "average_precision_score": 0.947863124703153, "balanced_accuracy_score": 0.9526504063427171, "cohen_kappa_score": 0.9103935856785406, "f1_score_macro": 0.9551900297535507, "f1_score_micro": 0.9576547231270358, "f1_score_weighted": 0.9575292063348676, "matthews_corrcoef": 0.9106844843009271, "precision_score": 0.9564459930313589, "recall_score": 0.9751332149200711, "roc_auc_score": 0.9526504063427171, "coverage_error": -1.0, "label_ranking_average_precision_score": -1.0, "label_ranking_loss": -1.0, "training_time": 28.970731696004805, "test_time": 0.05394046800211072}, {"seed": "5", "accuracy_score": 0.9467969598262758, "average_precision_score": 0.9544030077441099, "balanced_accuracy_score": 0.949909525006283, "cohen_kappa_score": 0.888063755218061, "f1_score_macro": 0.9439951352994831, "f1_score_micro": 0.9467969598262758, "f1_score_weighted": 0.9471097848948011, "matthews_corrcoef": 0.8892920976543705, "precision_score": 0.9764492753623188, "recall_score": 0.9373913043478261, "roc_auc_score": 0.949909525006283, "coverage_error": -1.0, "label_ranking_average_precision_score": -1.0, "label_ranking_loss": -1.0, "training_time": 30.804893937995075, "test_time": 0.041950443999667186}, {"seed": "7", "accuracy_score": 0.9435396308360477, "average_precision_score": 0.9385443757055991, "balanced_accuracy_score": 0.9426743639461779, "cohen_kappa_score": 0.8830527595856592, "f1_score_macro": 0.9415238095238094, "f1_score_micro": 0.9435396308360477, "f1_score_weighted": 0.9436103614084069, "matthews_corrcoef": 0.883133166193472, "precision_score": 0.9576427255985267, "recall_score": 0.9471766848816029, "roc_auc_score": 0.9426743639461778, "coverage_error": -1.0, "label_ranking_average_precision_score": -1.0, "label_ranking_loss": -1.0, "training_time": 29.78586496999924, "test_time": 0.038242855996941216}, {"seed": "11", "accuracy_score": 0.9576547231270358, "average_precision_score": 0.9486774014288379, "balanced_accuracy_score": 0.9542244169232434, "cohen_kappa_score": 0.9113826614067161, "f1_score_macro": 0.9556886523029096, "f1_score_micro": 0.9576547231270358, "f1_score_weighted": 0.9575837824271962, "matthews_corrcoef": 0.9114979688790618, "precision_score": 0.9590017825311943, "recall_score": 0.9711191335740073, "roc_auc_score": 0.9542244169232433, "coverage_error": -1.0, "label_ranking_average_precision_score": -1.0, "label_ranking_loss": -1.0, "training_time": 28.404815386005794, "test_time": 0.04168481599481311}, {"seed": "13", "accuracy_score": 0.9511400651465798, "average_precision_score": 0.9430185646218606, "balanced_accuracy_score": 0.9485113062245549, "cohen_kappa_score": 0.8982187982720894, "f1_score_macro": 0.9491088367295566, "f1_score_micro": 0.9511400651465798, "f1_score_weighted": 0.9511069472919543, "matthews_corrcoef": 0.8982394768073022, "precision_score": 0.9566787003610109, "recall_score": 0.9618874773139746, "roc_auc_score": 0.9485113062245548, "coverage_error": -1.0, "label_ranking_average_precision_score": -1.0, "label_ranking_loss": -1.0, "training_time": 29.9114810079991, "test_time": 0.06778345299971988}, {"seed": "17", "accuracy_score": 0.9533116178067318, "average_precision_score": 0.9402354566513229, "balanced_accuracy_score": 0.9488556931830403, "cohen_kappa_score": 0.9026730923773737, "f1_score_macro": 0.9513264384344524, "f1_score_micro": 0.9533116178067318, "f1_score_weighted": 0.9531728687108199, "matthews_corrcoef": 0.9030641117403856, "precision_score": 0.95, "recall_score": 0.9725776965265083, "roc_auc_score": 0.9488556931830403, "coverage_error": -1.0, "label_ranking_average_precision_score": -1.0, "label_ranking_loss": -1.0, "training_time": 29.573457635000523, "test_time": 0.08119910899404204}, {"seed": "19", "accuracy_score": 0.9522258414766558, "average_precision_score": 0.9310257482647423, "balanced_accuracy_score": 0.9433325165400637, "cohen_kappa_score": 0.8992872267453997, "f1_score_macro": 0.9495794555317774, "f1_score_micro": 0.9522258414766558, "f1_score_weighted": 0.9518244938452053, "matthews_corrcoef": 0.9017092813092334, "precision_score": 0.9347079037800687, "recall_score": 0.9890909090909091, "roc_auc_score": 0.9433325165400638, "coverage_error": -1.0, "label_ranking_average_precision_score": -1.0, "label_ranking_loss": -1.0, "training_time": 29.38826236299792, "test_time": 0.05211985600180924}, {"seed": "23", "accuracy_score": 0.9489685124864278, "average_precision_score": 0.9489764386103003, "balanced_accuracy_score": 0.950692800140314, "cohen_kappa_score": 0.8952682349696235, "f1_score_macro": 0.947615803237662, "f1_score_micro": 0.9489685124864278, "f1_score_weighted": 0.9491238912514887, "matthews_corrcoef": 0.8959112925720149, "precision_score": 0.9714828897338403, "recall_score": 0.9410681399631676, "roc_auc_score": 0.9506928001403141, "coverage_error": -1.0, "label_ranking_average_precision_score": -1.0, "label_ranking_loss": -1.0, "training_time": 30.15656580399809, "test_time": 0.021317980994354002}, {"seed": "29", "accuracy_score": 0.9500542888165038, "average_precision_score": 0.9477752780667296, "balanced_accuracy_score": 0.9508097284340378, "cohen_kappa_score": 0.8972915575725839, "f1_score_macro": 0.9486368133147114, "f1_score_micro": 0.9500542888165038, "f1_score_weighted": 0.950165463365664, "matthews_corrcoef": 0.8976138103064484, "precision_score": 0.967984934086629, "recall_score": 0.9465930018416207, "roc_auc_score": 0.9508097284340378, "coverage_error": -1.0, "label_ranking_average_precision_score": -1.0, "label_ranking_loss": -1.0, "training_time": 28.85347804400226, "test_time": 0.06207330799952615}, {"seed": "31", "accuracy_score": 0.9576547231270358, "average_precision_score": 0.957466552105268, "balanced_accuracy_score": 0.9570027520640481, "cohen_kappa_score": 0.910481573694009, "f1_score_macro": 0.9552380536983842, "f1_score_micro": 0.9576547231270358, "f1_score_weighted": 0.9577337730616178, "matthews_corrcoef": 0.910599122171286, "precision_score": 0.9716312056737588, "recall_score": 0.9597197898423818, "roc_auc_score": 0.9570027520640482, "coverage_error": -1.0, "label_ranking_average_precision_score": -1.0, "label_ranking_loss": -1.0, "training_time": 31.26934118600184, "test_time": 0.03764729099930264}, {"seed": "37", "accuracy_score": 0.9457111834961998, "average_precision_score": 0.926767170160848, "balanced_accuracy_score": 0.9323498366423725, "cohen_kappa_score": 0.881957581629985, "f1_score_macro": 0.9408912141624908, "f1_score_micro": 0.9457111834961998, "f1_score_weighted": 0.9450880695899408, "matthews_corrcoef": 0.8848126505445829, "precision_score": 0.9310344827586207, "recall_score": 0.9860869565217392, "roc_auc_score": 0.9323498366423725, "coverage_error": -1.0, "label_ranking_average_precision_score": -1.0, "label_ranking_loss": -1.0, "training_time": 28.8090241280006, "test_time": 0.0561754530062899}, {"seed": "41", "accuracy_score": 0.9630836047774158, "average_precision_score": 0.9601969682188235, "balanced_accuracy_score": 0.9635119920020966, "cohen_kappa_score": 0.9242430107318773, "f1_score_macro": 0.9621185727143396, "f1_score_micro": 0.9630836047774158, "f1_score_weighted": 0.963136123529148, "matthews_corrcoef": 0.9243898787522651, "precision_score": 0.9754716981132076, "recall_score": 0.9609665427509294, "roc_auc_score": 0.9635119920020966,