{
    "id": 44,
    "framework": "lightwood",
    "results": [
        {
            "seed": "2",
            "accuracy_score": 0.9500542888165038,
            "average_precision_score": 0.9414155498183365,
            "balanced_accuracy_score": 0.9479016201444466,
            "cohen_kappa_score": 0.8965426298284257,
            "f1_score_macro": 0.9482710622710622,
            "f1_score_micro": 0.9500542888165038,
            "f1_score_weighted": 0.9500334323656798,
            "matthews_corrcoef": 0.8965516999840123,
            "precision_score": 0.9561243144424132,
            "recall_score": 0.9596330275229358,
            "roc_auc_score": 0.9479016201444466,
            "coverage_error": -1.0,
            "label_ranking_average_precision_score": -1.0,
            "label_ranking_loss": -1.0,
            "training_time": 16.713347511999928,
            "test_time": 0.7091923910002151
        },
        {
            "seed": "3",
            "accuracy_score": 0.9587404994571118,
            "average_precision_score": 0.9552457932213281,
            "balanced_accuracy_score": 0.9570983458527244,
            "cohen_kappa_score": 0.913267809614441,
            "f1_score_macro": 0.9566336898660772,
            "f1_score_micro": 0.9587404994571118,
            "f1_score_weighted": 0.9587612562018509,
            "matthews_corrcoef": 0.9132773250433486,
            "precision_score": 0.9679144385026738,
            "recall_score": 0.9644760213143873,
            "roc_auc_score": 0.9570983458527244,
            "coverage_error": -1.0,
            "label_ranking_average_precision_score": -1.0,
            "label_ranking_loss": -1.0,
            "training_time": 8.717095941000025,
            "test_time": 0.4252695860000131
        },
        {
            "seed": "5",
            "accuracy_score": 0.9543973941368078,
            "average_precision_score": 0.9569675170167706,
            "balanced_accuracy_score": 0.9548454385524001,
            "cohen_kappa_score": 0.903451408717877,
            "f1_score_macro": 0.9517170274804282,
            "f1_score_micro": 0.9543973941368078,
            "f1_score_weighted": 0.9545456171777136,
            "matthews_corrcoef": 0.9037953454349772,
            "precision_score": 0.9733570159857904,
            "recall_score": 0.9530434782608695,
            "roc_auc_score": 0.9548454385524002,
            "coverage_error": -1.0,
            "label_ranking_average_precision_score": -1.0,
            "label_ranking_loss": -1.0,
            "training_time": 11.301063467999938,
            "test_time": 0.8820207099997788
        },
        {
            "seed": "7",
            "accuracy_score": 0.9435396308360477,
            "average_precision_score": 0.9404317107099187,
            "balanced_accuracy_score": 0.9435410423644163,
            "cohen_kappa_score": 0.8832545962469468,
            "f1_score_macro": 0.941620182555781,
            "f1_score_micro": 0.9435396308360477,
            "f1_score_weighted": 0.9436545678588183,
            "matthews_corrcoef": 0.8834772823028563,
            "precision_score": 0.961038961038961,
            "recall_score": 0.9435336976320583,
            "roc_auc_score": 0.9435410423644163,
            "coverage_error": -1.0,
            "label_ranking_average_precision_score": -1.0,
            "label_ranking_loss": -1.0,
            "training_time": 8.354941417000191,
            "test_time": 0.426671406999958
        },
        {
            "seed": "11",
            "accuracy_score": 0.9457111834961998,
            "average_precision_score": 0.9455751674721794,
            "balanced_accuracy_score": 0.9465959728110644,
            "cohen_kappa_score": 0.887478192027445,
            "f1_score_macro": 0.9437256205457087,
            "f1_score_micro": 0.9457111834961998,
            "f1_score_weighted": 0.9458718648910373,
            "matthews_corrcoef": 0.8879189910566505,
            "precision_score": 0.9666666666666667,
            "recall_score": 0.9422382671480144,
            "roc_auc_score": 0.9465959728110644,
            "coverage_error": -1.0,
            "label_ranking_average_precision_score": -1.0,
            "label_ranking_loss": -1.0,
            "training_time": 7.791881675000241,
            "test_time": 0.4374506399999518
        },
        {
            "seed": "13",
            "accuracy_score": 0.9511400651465798,
            "average_precision_score": 0.946804300688562,
            "balanced_accuracy_score": 0.9502869475646245,
            "cohen_kappa_score": 0.8985794516022465,
            "f1_score_macro": 0.9492881745822959,
            "f1_score_micro": 0.9511400651465798,
            "f1_score_weighted": 0.9511926756739741,
            "matthews_corrcoef": 0.8986365119932123,
            "precision_score": 0.9633699633699634,
            "recall_score": 0.9546279491833031,
            "roc_auc_score": 0.9502869475646244,
            "coverage_error": -1.0,
            "label_ranking_average_precision_score": -1.0,
            "label_ranking_loss": -1.0,
            "training_time": 8.731229315999826,
            "test_time": 0.4495158260001517
        },
        {
            "seed": "17",
            "accuracy_score": 0.9489685124864278,
            "average_precision_score": 0.9419066474042089,
            "balanced_accuracy_score": 0.9473134941196023,
            "cohen_kappa_score": 0.8942488804848912,
            "f1_score_macro": 0.9471243756542729,
            "f1_score_micro": 0.9489685124864278,
            "f1_score_weighted": 0.9489792342121962,
            "matthews_corrcoef": 0.8942511441088912,
            "precision_score": 0.9578754578754579,
            "recall_score": 0.9561243144424132,
            "roc_auc_score": 0.9473134941196023,
            "coverage_error": -1.0,
            "label_ranking_average_precision_score": -1.0,
            "label_ranking_loss": -1.0,
            "training_time": 10.203655043000253,
            "test_time": 0.4289494609997746
        },
        {
            "seed": "19",
            "accuracy_score": 0.9424538545059717,
            "average_precision_score": 0.936115548111332,
            "balanced_accuracy_score": 0.940852732173487,
            "cohen_kappa_score": 0.8805467933642818,
            "f1_score_macro": 0.9402727389524816,
            "f1_score_micro": 0.9424538545059719,
            "f1_score_weighted": 0.9424910326119971,
            "matthews_corrcoef": 0.8805669224352559,
            "precision_score": 0.9542961608775137,
            "recall_score": 0.9490909090909091,
            "roc_auc_score": 0.940852732173487,
            "coverage_error": -1.0,
            "label_ranking_average_precision_score": -1.0,
            "label_ranking_loss": -1.0,
            "training_time": 12.500981481000053,
            "test_time": 0.6812330689999726
        },
        {
            "seed": "23",
            "accuracy_score": 0.9478827361563518,
            "average_precision_score": 0.9396143841882385,
            "balanced_accuracy_score": 0.946154520740156,
            "cohen_kappa_score": 0.8923090414803122,
            "f1_score_macro": 0.946154520740156,
            "f1_score_micro": 0.9478827361563518,
            "f1_score_weighted": 0.9478827361563518,
            "matthews_corrcoef": 0.8923090414803122,
            "precision_score": 0.9558011049723757,
            "recall_score": 0.9558011049723757,
            "roc_auc_score": 0.9461545207401562,
            "coverage_error": -1.0,
            "label_ranking_average_precision_score": -1.0,
            "label_ranking_loss": -1.0,
            "training_time": 10.983672322000075,
            "test_time": 0.439878631999818
        },
        {
            "seed": "29",
            "accuracy_score": 0.9391965255157437,
            "average_precision_score": 0.9272373279082652,
            "balanced_accuracy_score": 0.9359744511678214,
            "cohen_kappa_score": 0.8740568180153253,
            "f1_score_macro": 0.937025641025641,