{
    "id": 41473,
    "framework": "autosklearn",
    "results": [
        {
            "seed": "2",
            "accuracy_score": 0.18181818181818182,
            "average_precision_score": 0.3988834064319881,
            "balanced_accuracy_score": -1.0,
            "cohen_kappa_score": -1.0,
            "f1_score_macro": 0.46465774635682333,
            "f1_score_micro": 0.6312144447192678,
            "f1_score_weighted": 0.622759050271032,
            "matthews_corrcoef": -1.0,
            "precision_score": -1.0,
            "recall_score": -1.0,
            "roc_auc_score": 0.6202355358881949,
            "coverage_error": 11.026859504132231,
            "label_ranking_average_precision_score": 0.5979798311657083,
            "label_ranking_loss": 0.4447694330626739,
            "training_time": 300.0773521269439,
            "test_time": 4.339311429997906
        },
        {
            "seed": "3",
            "accuracy_score": 0.21487603305785125,
            "average_precision_score": 0.3854531607072325,
            "balanced_accuracy_score": -1.0,
            "cohen_kappa_score": -1.0,
            "f1_score_macro": 0.4584634518921943,
            "f1_score_micro": 0.6128550074738416,
            "f1_score_weighted": 0.6088926284378582,
            "matthews_corrcoef": -1.0,
            "precision_score": -1.0,
            "recall_score": -1.0,
            "roc_auc_score": 0.6150925596619315,
            "coverage_error": 10.816115702479339,
            "label_ranking_average_precision_score": 0.5896767789990195,
            "label_ranking_loss": 0.46437875509968185,
            "training_time": 301.30074067402165,
            "test_time": 21.438639714033343
        },
        {
            "seed": "5",
            "accuracy_score": 0.1115702479338843,
            "average_precision_score": 0.38098418178556326,
            "balanced_accuracy_score": -1.0,
            "cohen_kappa_score": -1.0,
            "f1_score_macro": 0.4590428738248958,
            "f1_score_micro": 0.5621380846325168,
            "f1_score_weighted": 0.5929429573923656,
            "matthews_corrcoef": -1.0,
            "precision_score": -1.0,
            "recall_score": -1.0,
            "roc_auc_score": 0.6245037943351411,
            "coverage_error": 11.62603305785124,
            "label_ranking_average_precision_score": 0.5220314442351781,
            "label_ranking_loss": 0.5082231281279392,
            "training_time": 294.6664548399858,
            "test_time": 1.2240924629149958
        },
        {
            "seed": "7",
            "accuracy_score": 0.07851239669421488,
            "average_precision_score": 0.3729911560816448,
            "balanced_accuracy_score": -1.0,
            "cohen_kappa_score": -1.0,
            "f1_score_macro": 0.4411918509429547,
            "f1_score_micro": 0.547199285873689,
            "f1_score_weighted": 0.5808228146403654,
            "matthews_corrcoef": -1.0,
            "precision_score": -1.0,
            "recall_score": -1.0,
            "roc_auc_score": 0.6103996869126,
            "coverage_error": 11.956611570247935,
            "label_ranking_average_precision_score": 0.5041985544217683,
            "label_ranking_loss": 0.5287537375716242,
            "training_time": 302.39776086295024,
            "test_time": 0.7199547820491716
        },
        {
            "seed": "11",
            "accuracy_score": 0.12396694214876033,
            "average_precision_score": 0.36804907449625246,
            "balanced_accuracy_score": -1.0,
            "cohen_kappa_score": -1.0,
            "f1_score_macro": 0.44165982452008906,
            "f1_score_micro": 0.5502403295948729,
            "f1_score_weighted": 0.5764691596512783,
            "matthews_corrcoef": -1.0,
            "precision_score": -1.0,
            "recall_score": -1.0,
            "roc_auc_score": 0.6093319602650918,
            "coverage_error": 11.475206611570249,
            "label_ranking_average_precision_score": 0.51172200106564,
            "label_ranking_loss": 0.5182265368437151,
            "training_time": 306.59712098701857,
            "test_time": 3.802380522014573
        },
        {
            "seed": "13",
            "accuracy_score": 0.22933884297520662,
            "average_precision_score": 0.3957232817394697,
            "balanced_accuracy_score": -1.0,
            "cohen_kappa_score": -1.0,
            "f1_score_macro": 0.4764644462414983,
            "f1_score_micro": 0.6358118361153262,
            "f1_score_weighted": 0.6297696467581064,
            "matthews_corrcoef": -1.0,
            "precision_score": -1.0,
            "recall_score": -1.0,
            "roc_auc_score": 0.6315674822350912,
            "coverage_error": 10.605371900826446,
            "label_ranking_average_precision_score": 0.6053836149202149,
            "label_ranking_loss": 0.42866551164957306,
            "training_time": 298.6399193480611,
            "test_time": 3.4004480859730393
        },
        {
            "seed": "17",
            "accuracy_score": 0.19834710743801653,
            "average_precision_score": 0.3940516661486119,
            "balanced_accuracy_score": -1.0,
            "cohen_kappa_score": -1.0,
            "f1_score_macro": 0.4680387365056115,
            "f1_score_micro": 0.6382460414129111,
            "f1_score_weighted": 0.6248314589584423,
            "matthews_corrcoef": -1.0,
            "precision_score": -1.0,
            "recall_score": -1.0,
            "roc_auc_score": 0.6178289468238182,
            "coverage_error": 10.71694214876033,
            "label_ranking_average_precision_score": 0.5990129970929856,
            "label_ranking_loss": 0.43039935189433415,
            "training_time": 298.5384338919539,
            "test_time": 9.891022781957872
        },
        {
            "seed": "19",
            "accuracy_score": 0.08677685950413223,
            "average_precision_score": 0.37355872506487514,
            "balanced_accuracy_score": -1.0,
            "cohen_kappa_score": -1.0,
            "f1_score_macro": 0.4431781810660593,
            "f1_score_micro": 0.5499334221038615,
            "f1_score_weighted": 0.5834522626234,
            "matthews_corrcoef": -1.0,
            "precision_score": -1.0,
            "recall_score": -1.0,
            "roc_auc_score": 0.611695430841851,
            "coverage_error": 11.811983471074381,
            "label_ranking_average_precision_score": 0.5042338011410845,
            "label_ranking_loss": 0.5237314801327493,
            "training_time": 300.67079863895196,
            "test_time": 2.040858675027266
        },
        {
            "seed": "23",
            "accuracy_score": 0.09297520661157024,
            "average_precision_score": 0.36815211068966086,
            "balanced_accuracy_score": -1.0,
            "cohen_kappa_score": -1.0,
            "f1_score_macro": 0.44430620584942865,
            "f1_score_micro": 0.5498171846435101,
            "f1_score_weighted": 0.5752452926930033,
            "matthews_corrcoef": -1.0,
            "precision_score": -1.0,
            "recall_score": -1.0,
            "roc_auc_score": 0.6104019596603394,
            "coverage_error": 11.75206611570248,
            "label_ranking_average_precision_score": 0.510994914552139,
            "label_ranking_loss": 0.5190353932273944,
            "training_time": 305.7942278040573,
            "test_time": 1.2009228790411726
        },
        {
            "seed": "29",
            "accuracy_score": 0.10743801652892562,
            "average_precision_score": 0.3653961271538579,
            "balanced_accuracy_score": -1.0,
            "cohen_kappa_score": -1.0,
            "f1_score_macro": 0.43617795267592374,
            "f1_score_micro": 0.5652577798420809,
            "f1_score_weighted": 0.5917675533651975,
            "matthews_corrcoef": -1.0,
            "precision_score": -1.0,
            "recall_score": -1.0,
            "roc_auc_score": 0.6123094283575737,