{
    "id": 41473,
    "framework": "autogluon",
    "results": [
        {
            "seed": "2",
            "accuracy_score": 0.0,
            "average_precision_score": 0.3069109194396125,
            "balanced_accuracy_score": -1.0,
            "cohen_kappa_score": -1.0,
            "f1_score_macro": 0.17875139247574184,
            "f1_score_micro": 0.2642286891578677,
            "f1_score_weighted": 0.22928413909625645,
            "matthews_corrcoef": -1.0,
            "precision_score": -1.0,
            "recall_score": -1.0,
            "roc_auc_score": 0.4870419242867636,
            "coverage_error": 13.896694214876034,
            "label_ranking_average_precision_score": 0.3320487848491096,
            "label_ranking_loss": 0.8059387500208043,
            "training_time": 298.06962223600203,
            "test_time": 1.3166749070005608
        },
        {
            "seed": "3",
            "accuracy_score": 0.0,
            "average_precision_score": 0.3056352375972581,
            "balanced_accuracy_score": -1.0,
            "cohen_kappa_score": -1.0,
            "f1_score_macro": 0.1932326049507666,
            "f1_score_micro": 0.2774327122153209,
            "f1_score_weighted": 0.25248090590940114,
            "matthews_corrcoef": -1.0,
            "precision_score": -1.0,
            "recall_score": -1.0,
            "roc_auc_score": 0.4920901243984029,
            "coverage_error": 13.921487603305785,
            "label_ranking_average_precision_score": 0.3360152165204921,
            "label_ranking_loss": 0.8002003555279824,
            "training_time": 302.2991881600028,
            "test_time": 1.5389427329973842
        },
        {
            "seed": "5",
            "accuracy_score": 0.0,
            "average_precision_score": 0.3082382925180352,
            "balanced_accuracy_score": -1.0,
            "cohen_kappa_score": -1.0,
            "f1_score_macro": 0.19074503960206815,
            "f1_score_micro": 0.28128966742828126,
            "f1_score_weighted": 0.2556717047764771,
            "matthews_corrcoef": -1.0,
            "precision_score": -1.0,
            "recall_score": -1.0,
            "roc_auc_score": 0.48843603181180306,
            "coverage_error": 13.917355371900827,
            "label_ranking_average_precision_score": 0.33821989022881854,
            "label_ranking_loss": 0.802170448189486,
            "training_time": 300.9293320020006,
            "test_time": 1.3669796840003983
        },
        {
            "seed": "7",
            "accuracy_score": 0.0,
            "average_precision_score": 0.30980746167932577,
            "balanced_accuracy_score": -1.0,
            "cohen_kappa_score": -1.0,
            "f1_score_macro": 0.19047268956067173,
            "f1_score_micro": 0.27258485639686686,
            "f1_score_weighted": 0.2524417037309069,
            "matthews_corrcoef": -1.0,
            "precision_score": -1.0,
            "recall_score": -1.0,
            "roc_auc_score": 0.4879691926819353,
            "coverage_error": 13.857438016528926,
            "label_ranking_average_precision_score": 0.33559112011425285,
            "label_ranking_loss": 0.8103370016445577,
            "training_time": 302.17021515599845,
            "test_time": 1.1176649759981956
        },
        {
            "seed": "11",
            "accuracy_score": 0.0,
            "average_precision_score": 0.30627402546328775,
            "balanced_accuracy_score": -1.0,
            "cohen_kappa_score": -1.0,
            "f1_score_macro": 0.20570559189101978,
            "f1_score_micro": 0.2737585076884296,
            "f1_score_weighted": 0.2514037402292654,
            "matthews_corrcoef": -1.0,
            "precision_score": -1.0,
            "recall_score": -1.0,
            "roc_auc_score": 0.5024627240708789,
            "coverage_error": 13.87809917355372,
            "label_ranking_average_precision_score": 0.32543737919973853,
            "label_ranking_loss": 0.803672885719816,
            "training_time": 309.86215139200067,
            "test_time": 1.4275726539999596
        },
        {
            "seed": "13",
            "accuracy_score": 0.0,
            "average_precision_score": 0.2984219080613228,
            "balanced_accuracy_score": -1.0,
            "cohen_kappa_score": -1.0,
            "f1_score_macro": 0.18033982945649146,
            "f1_score_micro": 0.2670184696569921,
            "f1_score_weighted": 0.24810073816110062,
            "matthews_corrcoef": -1.0,
            "precision_score": -1.0,
            "recall_score": -1.0,
            "roc_auc_score": 0.48817031603963346,
            "coverage_error": 13.770661157024794,
            "label_ranking_average_precision_score": 0.32687078184015866,
            "label_ranking_loss": 0.8012027650789456,
            "training_time": 304.0594467280025,
            "test_time": 2.0791752929981158
        },
        {
            "seed": "17",
            "accuracy_score": 0.0,
            "average_precision_score": 0.3045975353174759,
            "balanced_accuracy_score": -1.0,
            "cohen_kappa_score": -1.0,
            "f1_score_macro": 0.1761442141651488,
            "f1_score_micro": 0.2626943005181347,
            "f1_score_weighted": 0.22353296331733252,
            "matthews_corrcoef": -1.0,
            "precision_score": -1.0,
            "recall_score": -1.0,
            "roc_auc_score": 0.4875319444868191,
            "coverage_error": 13.898760330578513,
            "label_ranking_average_precision_score": 0.3290100841864414,
            "label_ranking_loss": 0.8112551012381295,
            "training_time": 306.1359566869978,
            "test_time": 2.0427069589968596
        },
        {
            "seed": "19",
            "accuracy_score": 0.0,
            "average_precision_score": 0.3067589133917387,
            "balanced_accuracy_score": -1.0,
            "cohen_kappa_score": -1.0,
            "f1_score_macro": 0.17787518885527046,
            "f1_score_micro": 0.2628907293614748,
            "f1_score_weighted": 0.23017333524514497,
            "matthews_corrcoef": -1.0,
            "precision_score": -1.0,
            "recall_score": -1.0,
            "roc_auc_score": 0.493769115723679,
            "coverage_error": 13.861570247933884,
            "label_ranking_average_precision_score": 0.33771924794836516,
            "label_ranking_loss": 0.8100587105567921,
            "training_time": 297.15469646499696,
            "test_time": 0.9607300440002291
        },
        {
            "seed": "23",
            "accuracy_score": 0.0,
            "average_precision_score": 0.303503183666539,
            "balanced_accuracy_score": -1.0,
            "cohen_kappa_score": -1.0,
            "f1_score_macro": 0.18836066219759087,
            "f1_score_micro": 0.2805939580133129,
            "f1_score_weighted": 0.2425770831723351,
            "matthews_corrcoef": -1.0,
            "precision_score": -1.0,
            "recall_score": -1.0,
            "roc_auc_score": 0.4889561120192897,
            "coverage_error": 13.894628099173554,
            "label_ranking_average_precision_score": 0.3323330826821081,
            "label_ranking_loss": 0.790773337740575,
            "training_time": 292.74227639200035,
            "test_time": 1.4533044290001271
        },
        {
            "seed": "29",
            "accuracy_score": 0.0,
            "average_precision_score": 0.2987801419877723,
            "balanced_accuracy_score": -1.0,
            "cohen_kappa_score": -1.0,
            "f1_score_macro": 0.16775382824826077,
            "f1_score_micro": 0.2588051134881294,
            "f1_score_weighted": 0.2317596488665208,
            "matthews_corrcoef": -1.0,
            "precision_score": -1.0,
            "recall_score": -1.0,
            "roc_auc_score": 0.4831204604302885,
            "coverage_error": 13.921487603305785,
            "label_ranking_average_precision_score": 0.3259778911564626,