{
    "id": 285,
    "framework": "mljar",
    "results": [
        {
            "seed": "2",
            "accuracy_score": 0.0,
            "average_precision_score": -1.0,
            "balanced_accuracy_score": 0.0,
            "cohen_kappa_score": -0.02012072434607659,
            "f1_score_macro": 0.0,
            "f1_score_micro": 0.0,
            "f1_score_weighted": 0.0,
            "matthews_corrcoef": -0.02061860052847793,
            "precision_score": -1.0,
            "recall_score": -1.0,
            "roc_auc_score": -1.0,
            "coverage_error": -1.0,
            "label_ranking_average_precision_score": -1.0,
            "label_ranking_loss": -1.0,
            "training_time": 276.4014553753659,
            "test_time": 0.02102868352085352
        },
        {
            "seed": "3",
            "accuracy_score": 0.10256410256410256,
            "average_precision_score": -1.0,
            "balanced_accuracy_score": 0.058333333333333334,
            "cohen_kappa_score": 0.08695652173913038,
            "f1_score_macro": 0.02169811320754717,
            "f1_score_micro": 0.10256410256410256,
            "f1_score_weighted": 0.08717948717948718,
            "matthews_corrcoef": 0.08990318118948824,
            "precision_score": -1.0,
            "recall_score": -1.0,
            "roc_auc_score": -1.0,
            "coverage_error": -1.0,
            "label_ranking_average_precision_score": -1.0,
            "label_ranking_loss": -1.0,
            "training_time": 259.5952549353242,
            "test_time": 0.02123348694294691
        },
        {
            "seed": "5",
            "accuracy_score": 0.02564102564102564,
            "average_precision_score": -1.0,
            "balanced_accuracy_score": 0.030303030303030304,
            "cohen_kappa_score": 0.01200000000000001,
            "f1_score_macro": 0.01282051282051282,
            "f1_score_micro": 0.02564102564102564,
            "f1_score_weighted": 0.017094017094017092,
            "matthews_corrcoef": 0.012354388068812137,
            "precision_score": -1.0,
            "recall_score": -1.0,
            "roc_auc_score": -1.0,
            "coverage_error": -1.0,
            "label_ranking_average_precision_score": -1.0,
            "label_ranking_loss": -1.0,
            "training_time": 255.67916095629334,
            "test_time": 0.009995512664318085
        },
        {
            "seed": "7",
            "accuracy_score": 0.10256410256410256,
            "average_precision_score": -1.0,
            "balanced_accuracy_score": 0.04838709677419355,
            "cohen_kappa_score": 0.07770270270270274,
            "f1_score_macro": 0.034108527131782945,
            "f1_score_micro": 0.10256410256410256,
            "f1_score_weighted": 0.1094017094017094,
            "matthews_corrcoef": 0.07975310831735923,
            "precision_score": -1.0,
            "recall_score": -1.0,
            "roc_auc_score": -1.0,
            "coverage_error": -1.0,
            "label_ranking_average_precision_score": -1.0,
            "label_ranking_loss": -1.0,
            "training_time": 279.7957166293636,
            "test_time": 0.012577757239341736
        },
        {
            "seed": "11",
            "accuracy_score": 0.10256410256410256,
            "average_precision_score": -1.0,
            "balanced_accuracy_score": 0.059770114942528735,
            "cohen_kappa_score": 0.07016348773841963,
            "f1_score_macro": 0.03043478260869565,
            "f1_score_micro": 0.10256410256410256,
            "f1_score_weighted": 0.0905982905982906,
            "matthews_corrcoef": 0.07203142415214682,
            "precision_score": -1.0,
            "recall_score": -1.0,
            "roc_auc_score": -1.0,
            "coverage_error": -1.0,
            "label_ranking_average_precision_score": -1.0,
            "label_ranking_loss": -1.0,
            "training_time": 271.1209846101701,
            "test_time": 0.010918674990534782
        },
        {
            "seed": "13",
            "accuracy_score": 0.02564102564102564,
            "average_precision_score": -1.0,
            "balanced_accuracy_score": 0.017857142857142856,
            "cohen_kappa_score": 0.009358288770053291,
            "f1_score_macro": 0.007547169811320755,
            "f1_score_micro": 0.02564102564102564,
            "f1_score_weighted": 0.020512820512820513,
            "matthews_corrcoef": 0.009648905528628257,
            "precision_score": -1.0,
            "recall_score": -1.0,
            "roc_auc_score": -1.0,
            "coverage_error": -1.0,
            "label_ranking_average_precision_score": -1.0,
            "label_ranking_loss": -1.0,
            "training_time": 289.8403452700004,
            "test_time": 0.011682560667395592
        },
        {
            "seed": "17",
            "accuracy_score": 0.20512820512820512,
            "average_precision_score": -1.0,
            "balanced_accuracy_score": 0.11419753086419752,
            "cohen_kappa_score": 0.17699115044247793,
            "f1_score_macro": 0.06659765355417528,
            "f1_score_micro": 0.20512820512820512,
            "f1_score_weighted": 0.2030932030932031,
            "matthews_corrcoef": 0.1808073754411849,
            "precision_score": -1.0,
            "recall_score": -1.0,
            "roc_auc_score": -1.0,
            "coverage_error": -1.0,
            "label_ranking_average_precision_score": -1.0,
            "label_ranking_loss": -1.0,
            "training_time": 297.6636859914288,
            "test_time": 0.020753209479153156
        },
        {
            "seed": "19",
            "accuracy_score": 0.05128205128205128,
            "average_precision_score": -1.0,
            "balanced_accuracy_score": 0.026041666666666664,
            "cohen_kappa_score": 0.02893674293405113,
            "f1_score_macro": 0.014184397163120567,
            "f1_score_micro": 0.05128205128205128,
            "f1_score_weighted": 0.04273504273504273,
            "matthews_corrcoef": 0.029760358222176594,
            "precision_score": -1.0,
            "recall_score": -1.0,
            "roc_auc_score": -1.0,
            "coverage_error": -1.0,
            "label_ranking_average_precision_score": -1.0,
            "label_ranking_loss": -1.0,
            "training_time": 266.0399856409058,
            "test_time": 0.020220182836055756
        },
        {
            "seed": "23",
            "accuracy_score": 0.1282051282051282,
            "average_precision_score": -1.0,
            "balanced_accuracy_score": 0.048534798534798536,
            "cohen_kappa_score": 0.10162601626016265,
            "f1_score_macro": 0.028909090909090905,
            "f1_score_micro": 0.1282051282051282,
            "f1_score_weighted": 0.1543123543123543,
            "matthews_corrcoef": 0.104246329718136,
            "precision_score": -1.0,
            "recall_score": -1.0,
            "roc_auc_score": -1.0,
            "coverage_error": -1.0,
            "label_ranking_average_precision_score": -1.0,
            "label_ranking_loss": -1.0,
            "training_time": 285.4538586381823,
            "test_time": 0.011430921964347363
        },
        {
            "seed": "29",
            "accuracy_score": 0.07692307692307693,
            "average_precision_score": -1.0,
            "balanced_accuracy_score": 0.04,
            "cohen_kappa_score": 0.06586826347305375,
            "f1_score_macro": 0.025641025641025644,
            "f1_score_micro": 0.07692307692307693,
            "f1_score_weighted": 0.09401709401709403,
            "matthews_corrcoef": 0.06799508283112651,
            "precision_score": -1.0,
            "recall_score": -1.0,
            "roc_auc_score": -1.0,
            "coverage_error": -1.0,
            "label_ranking_average_precision_score": -1.0,
            "label_ranking_loss": -1.0,
            "training_time": 260.73401516117156,