{
    "id": 285,
    "framework": "pycaret",
    "results": [
        {
            "seed": "2",
            "accuracy_score": 0.1282051282051282,
            "average_precision_score": -1.0,
            "balanced_accuracy_score": 0.0393939393939394,
            "cohen_kappa_score": 0.08803301237964223,
            "f1_score_macro": 0.02702702702702703,
            "f1_score_micro": 0.1282051282051282,
            "f1_score_weighted": 0.08974358974358976,
            "matthews_corrcoef": 0.09597349098416783,
            "precision_score": -1.0,
            "recall_score": -1.0,
            "roc_auc_score": -1.0,
            "coverage_error": -1.0,
            "label_ranking_average_precision_score": -1.0,
            "label_ranking_loss": -1.0,
            "training_time": 53.054939007386565,
            "test_time": 0.11507023312151432
        },
        {
            "seed": "3",
            "accuracy_score": 0.20512820512820512,
            "average_precision_score": -1.0,
            "balanced_accuracy_score": 0.115,
            "cohen_kappa_score": 0.18695359784801602,
            "f1_score_macro": 0.08333333333333333,
            "f1_score_micro": 0.20512820512820512,
            "f1_score_weighted": 0.21153846153846154,
            "matthews_corrcoef": 0.21086690105825584,
            "precision_score": -1.0,
            "recall_score": -1.0,
            "roc_auc_score": -1.0,
            "coverage_error": -1.0,
            "label_ranking_average_precision_score": -1.0,
            "label_ranking_loss": -1.0,
            "training_time": 51.09767223615199,
            "test_time": 0.10993842221796513
        },
        {
            "seed": "5",
            "accuracy_score": 0.1282051282051282,
            "average_precision_score": -1.0,
            "balanced_accuracy_score": 0.09090909090909091,
            "cohen_kappa_score": 0.08171745152354559,
            "f1_score_macro": 0.058704453441295545,
            "f1_score_micro": 0.1282051282051282,
            "f1_score_weighted": 0.06903353057199212,
            "matthews_corrcoef": 0.09977938775853037,
            "precision_score": -1.0,
            "recall_score": -1.0,
            "roc_auc_score": -1.0,
            "coverage_error": -1.0,
            "label_ranking_average_precision_score": -1.0,
            "label_ranking_loss": -1.0,
            "training_time": 50.500337451696396,
            "test_time": 0.10914159845560789
        },
        {
            "seed": "11",
            "accuracy_score": 0.23076923076923078,
            "average_precision_score": -1.0,
            "balanced_accuracy_score": 0.08045977011494251,
            "cohen_kappa_score": 0.18067226890756294,
            "f1_score_macro": 0.05873015873015872,
            "f1_score_micro": 0.23076923076923078,
            "f1_score_weighted": 0.1866096866096866,
            "matthews_corrcoef": 0.19188187116790675,
            "precision_score": -1.0,
            "recall_score": -1.0,
            "roc_auc_score": -1.0,
            "coverage_error": -1.0,
            "label_ranking_average_precision_score": -1.0,
            "label_ranking_loss": -1.0,
            "training_time": 52.76995926909149,
            "test_time": 0.11178739368915558
        },
        {
            "seed": "13",
            "accuracy_score": 0.2564102564102564,
            "average_precision_score": -1.0,
            "balanced_accuracy_score": 0.1369047619047619,
            "cohen_kappa_score": 0.20239774330042315,
            "f1_score_macro": 0.08885448916408668,
            "f1_score_micro": 0.2564102564102564,
            "f1_score_weighted": 0.21007647323436798,
            "matthews_corrcoef": 0.21287708602875943,
            "precision_score": -1.0,
            "recall_score": -1.0,
            "roc_auc_score": -1.0,
            "coverage_error": -1.0,
            "label_ranking_average_precision_score": -1.0,
            "label_ranking_loss": -1.0,
            "training_time": 55.09260898921639,
            "test_time": 0.11335075460374355
        },
        {
            "seed": "19",
            "accuracy_score": 0.15384615384615385,
            "average_precision_score": -1.0,
            "balanced_accuracy_score": 0.09895833333333333,
            "cohen_kappa_score": 0.13157894736842102,
            "f1_score_macro": 0.05075757575757576,
            "f1_score_micro": 0.15384615384615385,
            "f1_score_weighted": 0.10411810411810411,
            "matthews_corrcoef": 0.1438034327604057,
            "precision_score": -1.0,
            "recall_score": -1.0,
            "roc_auc_score": -1.0,
            "coverage_error": -1.0,
            "label_ranking_average_precision_score": -1.0,
            "label_ranking_loss": -1.0,
            "training_time": 51.97601952403784,
            "test_time": 0.10690390318632126
        },
        {
            "seed": "31",
            "accuracy_score": 0.1794871794871795,
            "average_precision_score": -1.0,
            "balanced_accuracy_score": 0.10648148148148148,
            "cohen_kappa_score": 0.14108740536820352,
            "f1_score_macro": 0.06388888888888888,
            "f1_score_micro": 0.1794871794871795,
            "f1_score_weighted": 0.1692307692307692,
            "matthews_corrcoef": 0.15083726770094427,
            "precision_score": -1.0,
            "recall_score": -1.0,
            "roc_auc_score": -1.0,
            "coverage_error": -1.0,
            "label_ranking_average_precision_score": -1.0,
            "label_ranking_loss": -1.0,
            "training_time": 53.37601808458567,
            "test_time": 0.10636388882994652
        },
        {
            "seed": "37",
            "accuracy_score": 0.10256410256410256,
            "average_precision_score": -1.0,
            "balanced_accuracy_score": 0.06060606060606061,
            "cohen_kappa_score": 0.0682593856655288,
            "f1_score_macro": 0.045284780578898225,
            "f1_score_micro": 0.10256410256410256,
            "f1_score_weighted": 0.08396178984414278,
            "matthews_corrcoef": 0.07339556784476606,
            "precision_score": -1.0,
            "recall_score": -1.0,
            "roc_auc_score": -1.0,
            "coverage_error": -1.0,
            "label_ranking_average_precision_score": -1.0,
            "label_ranking_loss": -1.0,
            "training_time": 50.86698932945728,
            "test_time": 0.11177387833595276
        },
        {
            "seed": "41",
            "accuracy_score": 0.2564102564102564,
            "average_precision_score": -1.0,
            "balanced_accuracy_score": 0.17816091954022986,
            "cohen_kappa_score": 0.2183828610919143,
            "f1_score_macro": 0.11029478458049886,
            "f1_score_micro": 0.2564102564102564,
            "f1_score_weighted": 0.22352462352462352,
            "matthews_corrcoef": 0.22780196370811212,
            "precision_score": -1.0,
            "recall_score": -1.0,
            "roc_auc_score": -1.0,
            "coverage_error": -1.0,
            "label_ranking_average_precision_score": -1.0,
            "label_ranking_loss": -1.0,
            "training_time": 53.593995325267315,
            "test_time": 0.11738825496286154
        },
        {
            "seed": "43",
            "accuracy_score": 0.2564102564102564,
            "average_precision_score": -1.0,
            "balanced_accuracy_score": 0.18364197530864196,
            "cohen_kappa_score": 0.20239774330042315,
            "f1_score_macro": 0.10832130832130832,
            "f1_score_micro": 0.2564102564102564,
            "f1_score_weighted": 0.20846560846560847,
            "matthews_corrcoef": 0.21116097169199874,
            "precision_score": -1.0,
            "recall_score": -1.0,
            "roc_auc_score": -1.0,
            "coverage_error": -1.0,
            "label_ranking_average_precision_score": -1.0,
            "label_ranking_loss": -1.0,
            "training_time": 56.25468291062862,