{
    "id": 285,
    "framework": "lightwood",
    "results": [
        {
            "seed": "2",
            "accuracy_score": 0.0,
            "average_precision_score": -1.0,
            "balanced_accuracy_score": 0.0,
            "cohen_kappa_score": -0.008620689655172598,
            "f1_score_macro": 0.0,
            "f1_score_micro": 0.0,
            "f1_score_weighted": 0.0,
            "matthews_corrcoef": -0.008947059167789964,
            "precision_score": -1.0,
            "recall_score": -1.0,
            "roc_auc_score": -1.0,
            "coverage_error": -1.0,
            "label_ranking_average_precision_score": -1.0,
            "label_ranking_loss": -1.0,
            "training_time": 2.7195688520005206,
            "test_time": 0.08379669499845477
        },
        {
            "seed": "3",
            "accuracy_score": 0.0,
            "average_precision_score": -1.0,
            "balanced_accuracy_score": 0.0,
            "cohen_kappa_score": -0.006618133686300709,
            "f1_score_macro": 0.0,
            "f1_score_micro": 0.0,
            "f1_score_weighted": 0.0,
            "matthews_corrcoef": -0.0069013260405193485,
            "precision_score": -1.0,
            "recall_score": -1.0,
            "roc_auc_score": -1.0,
            "coverage_error": -1.0,
            "label_ranking_average_precision_score": -1.0,
            "label_ranking_loss": -1.0,
            "training_time": 1.3498830399985309,
            "test_time": 0.08802711599855684
        },
        {
            "seed": "5",
            "accuracy_score": 0.02564102564102564,
            "average_precision_score": -1.0,
            "balanced_accuracy_score": 0.030303030303030304,
            "cohen_kappa_score": 0.010680907877169576,
            "f1_score_macro": 0.013605442176870748,
            "f1_score_micro": 0.02564102564102564,
            "f1_score_weighted": 0.017094017094017092,
            "matthews_corrcoef": 0.010928971946923846,
            "precision_score": -1.0,
            "recall_score": -1.0,
            "roc_auc_score": -1.0,
            "coverage_error": -1.0,
            "label_ranking_average_precision_score": -1.0,
            "label_ranking_loss": -1.0,
            "training_time": 1.8367190069984645,
            "test_time": 0.08525590700446628
        },
        {
            "seed": "7",
            "accuracy_score": 0.02564102564102564,
            "average_precision_score": -1.0,
            "balanced_accuracy_score": 0.03225806451612903,
            "cohen_kappa_score": 0.010680907877169576,
            "f1_score_macro": 0.0130718954248366,
            "f1_score_micro": 0.02564102564102564,
            "f1_score_weighted": 0.017094017094017092,
            "matthews_corrcoef": 0.010973978198892627,
            "precision_score": -1.0,
            "recall_score": -1.0,
            "roc_auc_score": -1.0,
            "coverage_error": -1.0,
            "label_ranking_average_precision_score": -1.0,
            "label_ranking_loss": -1.0,
            "training_time": 1.9471798509985092,
            "test_time": 0.06852496100327699
        },
        {
            "seed": "11",
            "accuracy_score": 0.0,
            "average_precision_score": -1.0,
            "balanced_accuracy_score": 0.0,
            "cohen_kappa_score": -0.011976047904191711,
            "f1_score_macro": 0.0,
            "f1_score_micro": 0.0,
            "f1_score_weighted": 0.0,
            "matthews_corrcoef": -0.012465373961218837,
            "precision_score": -1.0,
            "recall_score": -1.0,
            "roc_auc_score": -1.0,
            "coverage_error": -1.0,
            "label_ranking_average_precision_score": -1.0,
            "label_ranking_loss": -1.0,
            "training_time": 2.2890775900013978,
            "test_time": 0.08109515099931741
        },
        {
            "seed": "13",
            "accuracy_score": 0.02564102564102564,
            "average_precision_score": -1.0,
            "balanced_accuracy_score": 0.03571428571428571,
            "cohen_kappa_score": 0.012658227848101333,
            "f1_score_macro": 0.021739130434782608,
            "f1_score_micro": 0.02564102564102564,
            "f1_score_weighted": 0.02564102564102564,
            "matthews_corrcoef": 0.01319445717058597,
            "precision_score": -1.0,
            "recall_score": -1.0,
            "roc_auc_score": -1.0,
            "coverage_error": -1.0,
            "label_ranking_average_precision_score": -1.0,
            "label_ranking_loss": -1.0,
            "training_time": 2.1985634090015083,
            "test_time": 0.08903980199829675
        },
        {
            "seed": "17",
            "accuracy_score": 0.02564102564102564,
            "average_precision_score": -1.0,
            "balanced_accuracy_score": 0.037037037037037035,
            "cohen_kappa_score": 0.006036217303822866,
            "f1_score_macro": 0.014492753623188404,
            "f1_score_micro": 0.02564102564102564,
            "f1_score_weighted": 0.017094017094017092,
            "matthews_corrcoef": 0.0062198021633105595,
            "precision_score": -1.0,
            "recall_score": -1.0,
            "roc_auc_score": -1.0,
            "coverage_error": -1.0,
            "label_ranking_average_precision_score": -1.0,
            "label_ranking_loss": -1.0,
            "training_time": 1.9377908149981522,
            "test_time": 0.08730703800392803
        },
        {
            "seed": "19",
            "accuracy_score": 0.0,
            "average_precision_score": -1.0,
            "balanced_accuracy_score": 0.0,
            "cohen_kappa_score": -0.008620689655172376,
            "f1_score_macro": 0.0,
            "f1_score_micro": 0.0,
            "f1_score_weighted": 0.0,
            "matthews_corrcoef": -0.008991014751821328,
            "precision_score": -1.0,
            "recall_score": -1.0,
            "roc_auc_score": -1.0,
            "coverage_error": -1.0,
            "label_ranking_average_precision_score": -1.0,
            "label_ranking_loss": -1.0,
            "training_time": 1.7853040210029576,
            "test_time": 0.09658041799411876
        },
        {
            "seed": "23",
            "accuracy_score": 0.0,
            "average_precision_score": -1.0,
            "balanced_accuracy_score": 0.0,
            "cohen_kappa_score": -0.006618133686300487,
            "f1_score_macro": 0.0,
            "f1_score_micro": 0.0,
            "f1_score_weighted": 0.0,
            "matthews_corrcoef": -0.0069689270897652115,
            "precision_score": -1.0,
            "recall_score": -1.0,
            "roc_auc_score": -1.0,
            "coverage_error": -1.0,
            "label_ranking_average_precision_score": -1.0,
            "label_ranking_loss": -1.0,
            "training_time": 2.01310931500484,
            "test_time": 0.09025207200465957
        },
        {
            "seed": "29",
            "accuracy_score": 0.0,
            "average_precision_score": -1.0,
            "balanced_accuracy_score": 0.0,
            "cohen_kappa_score": -0.009960159362549792,
            "f1_score_macro": 0.0,
            "f1_score_micro": 0.0,
            "f1_score_weighted": 0.0,
            "matthews_corrcoef": -0.010337700594257773,
            "precision_score": -1.0,
            "recall_score": -1.0,
            "roc_auc_score": -1.0,
            "coverage_error": -1.0,
            "label_ranking_average_precision_score": -1.0,
            "label_ranking_loss": -1.0,
            "training_time": 2.0548525549966143,
            "test_time": 0.11266005400102586
        },
        {
            "seed": "31",
            "accuracy_score": 0.0,
            "average_precision_score": -1.0,
            "balanced_accuracy_score": 0.0,
            "cohen_kappa_score": -0.008620689655172376,
            "f1_score_macro": 0.0,
            "f1_score_micro": 0.0,
            "f1_score_weighted": 0.0,