{
    "id": 285,
    "framework": "h2o",
    "results": [
        {
            "seed": "2",
            "accuracy_score": 0.15384615384615385,
            "average_precision_score": -1.0,
            "balanced_accuracy_score": 0.06969696969696969,
            "cohen_kappa_score": 0.11241379310344812,
            "f1_score_macro": 0.04139433551198257,
            "f1_score_micro": 0.15384615384615385,
            "f1_score_weighted": 0.1168091168091168,
            "matthews_corrcoef": 0.11749567397993356,
            "precision_score": -1.0,
            "recall_score": -1.0,
            "roc_auc_score": -1.0,
            "coverage_error": -1.0,
            "label_ranking_average_precision_score": -1.0,
            "label_ranking_loss": -1.0,
            "training_time": 314.67238292843103,
            "test_time": 0.2720672683790326
        },
        {
            "seed": "3",
            "accuracy_score": 0.15384615384615385,
            "average_precision_score": -1.0,
            "balanced_accuracy_score": 0.08,
            "cohen_kappa_score": 0.12686567164179108,
            "f1_score_macro": 0.04607046070460705,
            "f1_score_micro": 0.15384615384615385,
            "f1_score_weighted": 0.14102564102564102,
            "matthews_corrcoef": 0.13628622681638256,
            "precision_score": -1.0,
            "recall_score": -1.0,
            "roc_auc_score": -1.0,
            "coverage_error": -1.0,
            "label_ranking_average_precision_score": -1.0,
            "label_ranking_loss": -1.0,
            "training_time": 327.71596929244697,
            "test_time": 0.2710694829002023
        },
        {
            "seed": "5",
            "accuracy_score": 0.1282051282051282,
            "average_precision_score": -1.0,
            "balanced_accuracy_score": 0.09090909090909091,
            "cohen_kappa_score": 0.09240246406570851,
            "f1_score_macro": 0.042606516290726815,
            "f1_score_micro": 0.1282051282051282,
            "f1_score_weighted": 0.05616605616605616,
            "matthews_corrcoef": 0.10660022524332613,
            "precision_score": -1.0,
            "recall_score": -1.0,
            "roc_auc_score": -1.0,
            "coverage_error": -1.0,
            "label_ranking_average_precision_score": -1.0,
            "label_ranking_loss": -1.0,
            "training_time": 313.87436527758837,
            "test_time": 0.27482473757117987
        },
        {
            "seed": "7",
            "accuracy_score": 0.23076923076923078,
            "average_precision_score": -1.0,
            "balanced_accuracy_score": 0.11290322580645161,
            "cohen_kappa_score": 0.18466898954703836,
            "f1_score_macro": 0.0675,
            "f1_score_micro": 0.23076923076923078,
            "f1_score_weighted": 0.158974358974359,
            "matthews_corrcoef": 0.19289737800102186,
            "precision_score": -1.0,
            "recall_score": -1.0,
            "roc_auc_score": -1.0,
            "coverage_error": -1.0,
            "label_ranking_average_precision_score": -1.0,
            "label_ranking_loss": -1.0,
            "training_time": 351.4955318812281,
            "test_time": 0.2738808421418071
        },
        {
            "seed": "11",
            "accuracy_score": 0.1794871794871795,
            "average_precision_score": -1.0,
            "balanced_accuracy_score": 0.07586206896551725,
            "cohen_kappa_score": 0.14812286689419796,
            "f1_score_macro": 0.04710144927536233,
            "f1_score_micro": 0.1794871794871795,
            "f1_score_weighted": 0.1752136752136752,
            "matthews_corrcoef": 0.15186281031418922,
            "precision_score": -1.0,
            "recall_score": -1.0,
            "roc_auc_score": -1.0,
            "coverage_error": -1.0,
            "label_ranking_average_precision_score": -1.0,
            "label_ranking_loss": -1.0,
            "training_time": 319.8650440312922,
            "test_time": 0.26540339831262827
        },
        {
            "seed": "13",
            "accuracy_score": 0.3076923076923077,
            "average_precision_score": -1.0,
            "balanced_accuracy_score": 0.17261904761904762,
            "cohen_kappa_score": 0.26415094339622647,
            "f1_score_macro": 0.1155428024868484,
            "f1_score_micro": 0.3076923076923077,
            "f1_score_weighted": 0.2860734037204626,
            "matthews_corrcoef": 0.2702980437956429,
            "precision_score": -1.0,
            "recall_score": -1.0,
            "roc_auc_score": -1.0,
            "coverage_error": -1.0,
            "label_ranking_average_precision_score": -1.0,
            "label_ranking_loss": -1.0,
            "training_time": 315.7228547055274,
            "test_time": 0.27577785961329937
        },
        {
            "seed": "17",
            "accuracy_score": 0.1794871794871795,
            "average_precision_score": -1.0,
            "balanced_accuracy_score": 0.07407407407407407,
            "cohen_kappa_score": 0.13273106323835993,
            "f1_score_macro": 0.03732638888888889,
            "f1_score_micro": 0.1794871794871795,
            "f1_score_weighted": 0.10327635327635327,
            "matthews_corrcoef": 0.14459659024007626,
            "precision_score": -1.0,
            "recall_score": -1.0,
            "roc_auc_score": -1.0,
            "coverage_error": -1.0,
            "label_ranking_average_precision_score": -1.0,
            "label_ranking_loss": -1.0,
            "training_time": 323.7219479698688,
            "test_time": 0.49121498595923185
        },
        {
            "seed": "19",
            "accuracy_score": 0.20512820512820512,
            "average_precision_score": -1.0,
            "balanced_accuracy_score": 0.11979166666666666,
            "cohen_kappa_score": 0.17699115044247782,
            "f1_score_macro": 0.0693446088794926,
            "f1_score_micro": 0.20512820512820512,
            "f1_score_weighted": 0.17342657342657342,
            "matthews_corrcoef": 0.1843966066204063,
            "precision_score": -1.0,
            "recall_score": -1.0,
            "roc_auc_score": -1.0,
            "coverage_error": -1.0,
            "label_ranking_average_precision_score": -1.0,
            "label_ranking_loss": -1.0,
            "training_time": 313.7723082881421,
            "test_time": 0.2713590869680047
        },
        {
            "seed": "23",
            "accuracy_score": 0.3333333333333333,
            "average_precision_score": -1.0,
            "balanced_accuracy_score": 0.1282051282051282,
            "cohen_kappa_score": 0.28339222614841,
            "f1_score_macro": 0.08117591275486012,
            "f1_score_micro": 0.3333333333333333,
            "f1_score_weighted": 0.2895186684660369,
            "matthews_corrcoef": 0.29358080494638317,
            "precision_score": -1.0,
            "recall_score": -1.0,
            "roc_auc_score": -1.0,
            "coverage_error": -1.0,
            "label_ranking_average_precision_score": -1.0,
            "label_ranking_loss": -1.0,
            "training_time": 346.70105811115354,
            "test_time": 0.2723632073029876
        },
        {
            "seed": "29",
            "accuracy_score": 0.23076923076923078,
            "average_precision_score": -1.0,
            "balanced_accuracy_score": 0.11,
            "cohen_kappa_score": 0.20136518771331058,
            "f1_score_macro": 0.05851851851851852,
            "f1_score_micro": 0.23076923076923078,
            "f1_score_weighted": 0.18632478632478633,
            "matthews_corrcoef": 0.20675425731949684,
            "precision_score": -1.0,
            "recall_score": -1.0,
            "roc_auc_score": -1.0,
            "coverage_error": -1.0,
            "label_ranking_average_precision_score": -1.0,
            "label_ranking_loss": -1.0,
            "training_time": 318.562057278119,