{
    "id": 285,
    "framework": "autosklearn",
    "results": [
        {
            "seed": "2",
            "accuracy_score": 0.1794871794871795,
            "average_precision_score": -1.0,
            "balanced_accuracy_score": 0.06060606060606061,
            "cohen_kappa_score": 0.10857142857142854,
            "f1_score_macro": 0.026161081716637273,
            "f1_score_micro": 0.1794871794871795,
            "f1_score_weighted": 0.07678741012074344,
            "matthews_corrcoef": 0.12794612794612795,
            "precision_score": -1.0,
            "recall_score": -1.0,
            "roc_auc_score": -1.0,
            "coverage_error": -1.0,
            "label_ranking_average_precision_score": -1.0,
            "label_ranking_loss": -1.0,
            "training_time": 302.42261356581,
            "test_time": 1.7609485555440187
        },
        {
            "seed": "3",
            "accuracy_score": 0.20512820512820512,
            "average_precision_score": -1.0,
            "balanced_accuracy_score": 0.08666666666666667,
            "cohen_kappa_score": 0.18310810810810807,
            "f1_score_macro": 0.06538461538461537,
            "f1_score_micro": 0.20512820512820512,
            "f1_score_weighted": 0.20384615384615384,
            "matthews_corrcoef": 0.1998212119614462,
            "precision_score": -1.0,
            "recall_score": -1.0,
            "roc_auc_score": -1.0,
            "coverage_error": -1.0,
            "label_ranking_average_precision_score": -1.0,
            "label_ranking_loss": -1.0,
            "training_time": 300.62583526875824,
            "test_time": 1.403256980702281
        },
        {
            "seed": "5",
            "accuracy_score": 0.1282051282051282,
            "average_precision_score": -1.0,
            "balanced_accuracy_score": 0.09090909090909091,
            "cohen_kappa_score": 0.08803301237964223,
            "f1_score_macro": 0.03985507246376812,
            "f1_score_micro": 0.1282051282051282,
            "f1_score_weighted": 0.054254923820141215,
            "matthews_corrcoef": 0.10268099108471719,
            "precision_score": -1.0,
            "recall_score": -1.0,
            "roc_auc_score": -1.0,
            "coverage_error": -1.0,
            "label_ranking_average_precision_score": -1.0,
            "label_ranking_loss": -1.0,
            "training_time": 307.2313082125038,
            "test_time": 1.5301831001415849
        },
        {
            "seed": "7",
            "accuracy_score": 0.28205128205128205,
            "average_precision_score": -1.0,
            "balanced_accuracy_score": 0.12903225806451613,
            "cohen_kappa_score": 0.2277227722772277,
            "f1_score_macro": 0.08309214594928882,
            "f1_score_micro": 0.28205128205128205,
            "f1_score_weighted": 0.18033078033078032,
            "matthews_corrcoef": 0.24879831164566196,
            "precision_score": -1.0,
            "recall_score": -1.0,
            "roc_auc_score": -1.0,
            "coverage_error": -1.0,
            "label_ranking_average_precision_score": -1.0,
            "label_ranking_loss": -1.0,
            "training_time": 304.8113320870325,
            "test_time": 1.5155481360852718
        },
        {
            "seed": "11",
            "accuracy_score": 0.2564102564102564,
            "average_precision_score": -1.0,
            "balanced_accuracy_score": 0.09195402298850575,
            "cohen_kappa_score": 0.20070671378091876,
            "f1_score_macro": 0.05772005772005772,
            "f1_score_micro": 0.2564102564102564,
            "f1_score_weighted": 0.17094017094017094,
            "matthews_corrcoef": 0.22115750993802596,
            "precision_score": -1.0,
            "recall_score": -1.0,
            "roc_auc_score": -1.0,
            "coverage_error": -1.0,
            "label_ranking_average_precision_score": -1.0,
            "label_ranking_loss": -1.0,
            "training_time": 303.75393995270133,
            "test_time": 2.0546463802456856
        },
        {
            "seed": "13",
            "accuracy_score": 0.3076923076923077,
            "average_precision_score": -1.0,
            "balanced_accuracy_score": 0.16071428571428573,
            "cohen_kappa_score": 0.25,
            "f1_score_macro": 0.08621553884711779,
            "f1_score_micro": 0.3076923076923077,
            "f1_score_weighted": 0.2168498168498168,
            "matthews_corrcoef": 0.2624324187903547,
            "precision_score": -1.0,
            "recall_score": -1.0,
            "roc_auc_score": -1.0,
            "coverage_error": -1.0,
            "label_ranking_average_precision_score": -1.0,
            "label_ranking_loss": -1.0,
            "training_time": 299.52822152432054,
            "test_time": 1.5608577514067292
        },
        {
            "seed": "17",
            "accuracy_score": 0.3076923076923077,
            "average_precision_score": -1.0,
            "balanced_accuracy_score": 0.1234567901234568,
            "cohen_kappa_score": 0.2636363636363638,
            "f1_score_macro": 0.0760122230710466,
            "f1_score_micro": 0.3076923076923077,
            "f1_score_weighted": 0.23026973026973024,
            "matthews_corrcoef": 0.27902419713848775,
            "precision_score": -1.0,
            "recall_score": -1.0,
            "roc_auc_score": -1.0,
            "coverage_error": -1.0,
            "label_ranking_average_precision_score": -1.0,
            "label_ranking_loss": -1.0,
            "training_time": 301.00875932816416,
            "test_time": 1.4173563262447715
        },
        {
            "seed": "19",
            "accuracy_score": 0.28205128205128205,
            "average_precision_score": -1.0,
            "balanced_accuracy_score": 0.17708333333333331,
            "cohen_kappa_score": 0.25,
            "f1_score_macro": 0.1184959349593496,
            "f1_score_micro": 0.28205128205128205,
            "f1_score_weighted": 0.24230769230769228,
            "matthews_corrcoef": 0.26886153936290696,
            "precision_score": -1.0,
            "recall_score": -1.0,
            "roc_auc_score": -1.0,
            "coverage_error": -1.0,
            "label_ranking_average_precision_score": -1.0,
            "label_ranking_loss": -1.0,
            "training_time": 301.22929206863046,
            "test_time": 2.224871614947915
        },
        {
            "seed": "23",
            "accuracy_score": 0.28205128205128205,
            "average_precision_score": -1.0,
            "balanced_accuracy_score": 0.10256410256410256,
            "cohen_kappa_score": 0.21944245889921377,
            "f1_score_macro": 0.055555555555555546,
            "f1_score_micro": 0.28205128205128205,
            "f1_score_weighted": 0.1923076923076923,
            "matthews_corrcoef": 0.2310084038449068,
            "precision_score": -1.0,
            "recall_score": -1.0,
            "roc_auc_score": -1.0,
            "coverage_error": -1.0,
            "label_ranking_average_precision_score": -1.0,
            "label_ranking_loss": -1.0,
            "training_time": 304.59565798472613,
            "test_time": 1.3098723702132702
        },
        {
            "seed": "29",
            "accuracy_score": 0.3076923076923077,
            "average_precision_score": -1.0,
            "balanced_accuracy_score": 0.13888888888888887,
            "cohen_kappa_score": 0.2737931034482758,
            "f1_score_macro": 0.091869918699187,
            "f1_score_micro": 0.3076923076923077,
            "f1_score_weighted": 0.26495726495726496,
            "matthews_corrcoef": 0.2841737613654062,
            "precision_score": -1.0,
            "recall_score": -1.0,
            "roc_auc_score": -1.0,
            "coverage_error": -1.0,
            "label_ranking_average_precision_score": -1.0,
            "label_ranking_loss": -1.0,
            "training_time": 304.82601505797356,