{
    "id": 285,
    "framework": "flaml",
    "results": [
        {
            "seed": "2",
            "accuracy_score": 0.05128205128205128,
            "average_precision_score": -1.0,
            "balanced_accuracy_score": 0.03636363636363636,
            "cohen_kappa_score": 0.02697235333782866,
            "f1_score_macro": 0.021885521885521887,
            "f1_score_micro": 0.05128205128205128,
            "f1_score_weighted": 0.048951048951048945,
            "matthews_corrcoef": 0.027605777499997406,
            "precision_score": -1.0,
            "recall_score": -1.0,
            "roc_auc_score": -1.0,
            "coverage_error": -1.0,
            "label_ranking_average_precision_score": -1.0,
            "label_ranking_loss": -1.0,
            "training_time": 309.4857980230008,
            "test_time": 0.012104237997846212
        },
        {
            "seed": "3",
            "accuracy_score": 0.1282051282051282,
            "average_precision_score": -1.0,
            "balanced_accuracy_score": 0.09666666666666666,
            "cohen_kappa_score": 0.1124497991967871,
            "f1_score_macro": 0.054920634920634925,
            "f1_score_micro": 0.1282051282051282,
            "f1_score_weighted": 0.13223443223443224,
            "matthews_corrcoef": 0.11867070436479814,
            "precision_score": -1.0,
            "recall_score": -1.0,
            "roc_auc_score": -1.0,
            "coverage_error": -1.0,
            "label_ranking_average_precision_score": -1.0,
            "label_ranking_loss": -1.0,
            "training_time": 302.0777046930016,
            "test_time": 0.025990984999225475
        },
        {
            "seed": "5",
            "accuracy_score": 0.05128205128205128,
            "average_precision_score": -1.0,
            "balanced_accuracy_score": 0.0404040404040404,
            "cohen_kappa_score": 0.032841823056300234,
            "f1_score_macro": 0.021885521885521887,
            "f1_score_micro": 0.05128205128205128,
            "f1_score_weighted": 0.039627039627039624,
            "matthews_corrcoef": 0.03403332571458781,
            "precision_score": -1.0,
            "recall_score": -1.0,
            "roc_auc_score": -1.0,
            "coverage_error": -1.0,
            "label_ranking_average_precision_score": -1.0,
            "label_ranking_loss": -1.0,
            "training_time": 302.5585941879981,
            "test_time": 0.007293799993931316
        },
        {
            "seed": "7",
            "accuracy_score": 0.15384615384615385,
            "average_precision_score": -1.0,
            "balanced_accuracy_score": 0.06451612903225806,
            "cohen_kappa_score": 0.12090163934426246,
            "f1_score_macro": 0.03709004174120453,
            "f1_score_micro": 0.15384615384615385,
            "f1_score_weighted": 0.1225509533201841,
            "matthews_corrcoef": 0.12486394198130413,
            "precision_score": -1.0,
            "recall_score": -1.0,
            "roc_auc_score": -1.0,
            "coverage_error": -1.0,
            "label_ranking_average_precision_score": -1.0,
            "label_ranking_loss": -1.0,
            "training_time": 301.66161328199814,
            "test_time": 0.011573236995900515
        },
        {
            "seed": "11",
            "accuracy_score": 0.15384615384615385,
            "average_precision_score": -1.0,
            "balanced_accuracy_score": 0.06436781609195402,
            "cohen_kappa_score": 0.12804878048780488,
            "f1_score_macro": 0.037149611617696726,
            "f1_score_micro": 0.15384615384615385,
            "f1_score_weighted": 0.14570614570614568,
            "matthews_corrcoef": 0.1312505063686711,
            "precision_score": -1.0,
            "recall_score": -1.0,
            "roc_auc_score": -1.0,
            "coverage_error": -1.0,
            "label_ranking_average_precision_score": -1.0,
            "label_ranking_loss": -1.0,
            "training_time": 306.8845797629983,
            "test_time": 0.011894254996150266
        },
        {
            "seed": "13",
            "accuracy_score": 0.20512820512820512,
            "average_precision_score": -1.0,
            "balanced_accuracy_score": 0.08928571428571429,
            "cohen_kappa_score": 0.1679284239504475,
            "f1_score_macro": 0.05416666666666666,
            "f1_score_micro": 0.20512820512820512,
            "f1_score_weighted": 0.19829059829059828,
            "matthews_corrcoef": 0.17209046085095062,
            "precision_score": -1.0,
            "recall_score": -1.0,
            "roc_auc_score": -1.0,
            "coverage_error": -1.0,
            "label_ranking_average_precision_score": -1.0,
            "label_ranking_loss": -1.0,
            "training_time": 301.93235484400066,
            "test_time": 0.025502590004180092
        },
        {
            "seed": "17",
            "accuracy_score": 0.02564102564102564,
            "average_precision_score": -1.0,
            "balanced_accuracy_score": 0.009259259259259259,
            "cohen_kappa_score": -0.006793478260869623,
            "f1_score_macro": 0.004830917874396136,
            "f1_score_micro": 0.02564102564102564,
            "f1_score_weighted": 0.022792022792022793,
            "matthews_corrcoef": -0.006973609218068916,
            "precision_score": -1.0,
            "recall_score": -1.0,
            "roc_auc_score": -1.0,
            "coverage_error": -1.0,
            "label_ranking_average_precision_score": -1.0,
            "label_ranking_loss": -1.0,
            "training_time": 304.67391587999737,
            "test_time": 0.009915193993947469
        },
        {
            "seed": "19",
            "accuracy_score": 0.10256410256410256,
            "average_precision_score": -1.0,
            "balanced_accuracy_score": 0.07291666666666666,
            "cohen_kappa_score": 0.08817635270541091,
            "f1_score_macro": 0.04481792717086835,
            "f1_score_micro": 0.10256410256410256,
            "f1_score_weighted": 0.10012210012210011,
            "matthews_corrcoef": 0.09110219002132833,
            "precision_score": -1.0,
            "recall_score": -1.0,
            "roc_auc_score": -1.0,
            "coverage_error": -1.0,
            "label_ranking_average_precision_score": -1.0,
            "label_ranking_loss": -1.0,
            "training_time": 301.94128200200066,
            "test_time": 0.026797446997079533
        },
        {
            "seed": "23",
            "accuracy_score": 0.20512820512820512,
            "average_precision_score": -1.0,
            "balanced_accuracy_score": 0.07234432234432234,
            "cohen_kappa_score": 0.1615811373092927,
            "f1_score_macro": 0.04583333333333334,
            "f1_score_micro": 0.20512820512820512,
            "f1_score_weighted": 0.1993589743589744,
            "matthews_corrcoef": 0.16596805623027464,
            "precision_score": -1.0,
            "recall_score": -1.0,
            "roc_auc_score": -1.0,
            "coverage_error": -1.0,
            "label_ranking_average_precision_score": -1.0,
            "label_ranking_loss": -1.0,
            "training_time": 302.0979789060002,
            "test_time": 0.026025672996183857
        },
        {
            "seed": "29",
            "accuracy_score": 0.07692307692307693,
            "average_precision_score": -1.0,
            "balanced_accuracy_score": 0.04,
            "cohen_kappa_score": 0.05898123324396776,
            "f1_score_macro": 0.029513888888888885,
            "f1_score_micro": 0.07692307692307693,
            "f1_score_weighted": 0.09188034188034187,
            "matthews_corrcoef": 0.060773538633557826,
            "precision_score": -1.0,
            "recall_score": -1.0,
            "roc_auc_score": -1.0,
            "coverage_error": -1.0,
            "label_ranking_average_precision_score": -1.0,
            "label_ranking_loss": -1.0,