{
    "id": 285,
    "framework": "autopytorch",
    "results": [
        {
            "seed": "2",
            "accuracy_score": 0.02564102564102564,
            "average_precision_score": -1.0,
            "balanced_accuracy_score": 0.030303030303030304,
            "cohen_kappa_score": 0.007367716008037539,
            "f1_score_macro": 0.0034013605442176874,
            "f1_score_micro": 0.02564102564102564,
            "f1_score_weighted": 0.0036630036630036634,
            "matthews_corrcoef": 0.008052095893947262,
            "precision_score": -1.0,
            "recall_score": -1.0,
            "roc_auc_score": -1.0,
            "coverage_error": -1.0,
            "label_ranking_average_precision_score": -1.0,
            "label_ranking_loss": -1.0,
            "training_time": 313.46631441731006,
            "test_time": 0.025129628367722034
        },
        {
            "seed": "3",
            "accuracy_score": 0.05128205128205128,
            "average_precision_score": -1.0,
            "balanced_accuracy_score": 0.013333333333333334,
            "cohen_kappa_score": 0.02958977807666452,
            "f1_score_macro": 0.008456659619450316,
            "f1_score_micro": 0.05128205128205128,
            "f1_score_weighted": 0.04662004662004661,
            "matthews_corrcoef": 0.03291238045246582,
            "precision_score": -1.0,
            "recall_score": -1.0,
            "roc_auc_score": -1.0,
            "coverage_error": -1.0,
            "label_ranking_average_precision_score": -1.0,
            "label_ranking_loss": -1.0,
            "training_time": 311.6485297176987,
            "test_time": 0.02464352361857891
        },
        {
            "seed": "5",
            "accuracy_score": 0.0,
            "average_precision_score": -1.0,
            "balanced_accuracy_score": 0.0,
            "cohen_kappa_score": -0.014676450967311405,
            "f1_score_macro": 0.0,
            "f1_score_micro": 0.0,
            "f1_score_weighted": 0.0,
            "matthews_corrcoef": -0.015226521533647258,
            "precision_score": -1.0,
            "recall_score": -1.0,
            "roc_auc_score": -1.0,
            "coverage_error": -1.0,
            "label_ranking_average_precision_score": -1.0,
            "label_ranking_loss": -1.0,
            "training_time": 308.981996874325,
            "test_time": 0.027997616678476334
        },
        {
            "seed": "7",
            "accuracy_score": 0.02564102564102564,
            "average_precision_score": -1.0,
            "balanced_accuracy_score": 0.03225806451612903,
            "cohen_kappa_score": 0.0013477088948788962,
            "f1_score_macro": 0.003289473684210526,
            "f1_score_micro": 0.02564102564102564,
            "f1_score_weighted": 0.003205128205128205,
            "matthews_corrcoef": 0.0014931045281494557,
            "precision_score": -1.0,
            "recall_score": -1.0,
            "roc_auc_score": -1.0,
            "coverage_error": -1.0,
            "label_ranking_average_precision_score": -1.0,
            "label_ranking_loss": -1.0,
            "training_time": 313.25916514452547,
            "test_time": 0.02526881918311119
        },
        {
            "seed": "11",
            "accuracy_score": 0.02564102564102564,
            "average_precision_score": -1.0,
            "balanced_accuracy_score": 0.011494252873563218,
            "cohen_kappa_score": 0.016589250165892522,
            "f1_score_macro": 0.01,
            "f1_score_micro": 0.02564102564102564,
            "f1_score_weighted": 0.030769230769230774,
            "matthews_corrcoef": 0.018991785170711373,
            "precision_score": -1.0,
            "recall_score": -1.0,
            "roc_auc_score": -1.0,
            "coverage_error": -1.0,
            "label_ranking_average_precision_score": -1.0,
            "label_ranking_loss": -1.0,
            "training_time": 317.0421022567898,
            "test_time": 0.0252963462844491
        },
        {
            "seed": "13",
            "accuracy_score": 0.0,
            "average_precision_score": -1.0,
            "balanced_accuracy_score": 0.0,
            "cohen_kappa_score": -0.012649800266311573,
            "f1_score_macro": 0.0,
            "f1_score_micro": 0.0,
            "f1_score_weighted": 0.0,
            "matthews_corrcoef": -0.013853843774851925,
            "precision_score": -1.0,
            "recall_score": -1.0,
            "roc_auc_score": -1.0,
            "coverage_error": -1.0,
            "label_ranking_average_precision_score": -1.0,
            "label_ranking_loss": -1.0,
            "training_time": 312.1416613534093,
            "test_time": 0.024960516020655632
        },
        {
            "seed": "17",
            "accuracy_score": 0.02564102564102564,
            "average_precision_score": -1.0,
            "balanced_accuracy_score": 0.037037037037037035,
            "cohen_kappa_score": 0.018543046357615833,
            "f1_score_macro": 0.012195121951219513,
            "f1_score_micro": 0.02564102564102564,
            "f1_score_weighted": 0.01282051282051282,
            "matthews_corrcoef": 0.020083086325840934,
            "precision_score": -1.0,
            "recall_score": -1.0,
            "roc_auc_score": -1.0,
            "coverage_error": -1.0,
            "label_ranking_average_precision_score": -1.0,
            "label_ranking_loss": -1.0,
            "training_time": 317.138571604155,
            "test_time": 0.028172098100185394
        },
        {
            "seed": "19",
            "accuracy_score": 0.02564102564102564,
            "average_precision_score": -1.0,
            "balanced_accuracy_score": 0.010416666666666666,
            "cohen_kappa_score": 0.01002004008016033,
            "f1_score_macro": 0.00425531914893617,
            "f1_score_micro": 0.02564102564102564,
            "f1_score_weighted": 0.015384615384615387,
            "matthews_corrcoef": 0.010661845254152492,
            "precision_score": -1.0,
            "recall_score": -1.0,
            "roc_auc_score": -1.0,
            "coverage_error": -1.0,
            "label_ranking_average_precision_score": -1.0,
            "label_ranking_loss": -1.0,
            "training_time": 323.7300206804648,
            "test_time": 0.02525449264794588
        },
        {
            "seed": "23",
            "accuracy_score": 0.02564102564102564,
            "average_precision_score": -1.0,
            "balanced_accuracy_score": 0.01282051282051282,
            "cohen_kappa_score": 0.015282392026578107,
            "f1_score_macro": 0.011111111111111112,
            "f1_score_micro": 0.02564102564102564,
            "f1_score_weighted": 0.030769230769230774,
            "matthews_corrcoef": 0.01727901639302722,
            "precision_score": -1.0,
            "recall_score": -1.0,
            "roc_auc_score": -1.0,
            "coverage_error": -1.0,
            "label_ranking_average_precision_score": -1.0,
            "label_ranking_loss": -1.0,
            "training_time": 314.89428651332855,
            "test_time": 0.025932712480425835
        },
        {
            "seed": "29",
            "accuracy_score": 0.0,
            "average_precision_score": -1.0,
            "balanced_accuracy_score": 0.0,
            "cohen_kappa_score": -0.02012072434607637,
            "f1_score_macro": 0.0,
            "f1_score_micro": 0.0,
            "f1_score_weighted": 0.0,
            "matthews_corrcoef": -0.02207255154105449,
            "precision_score": -1.0,
            "recall_score": -1.0,
            "roc_auc_score": -1.0,
            "coverage_error": -1.0,
            "label_ranking_average_precision_score": -1.0,
            "label_ranking_loss": -1.0,
            "training_time": 355.10172015987337,
            "test_time": 0.02523311134427786
        },
        {
            "seed": "31",
            "accuracy_score": 0.0,
            "average_precision_score": -1.0,