{
    "id": 285,
    "framework": "naive",
    "results": [
        {
            "seed": "2",
            "accuracy_score": 0.1794871794871795,
            "average_precision_score": -1.0,
            "balanced_accuracy_score": 0.07575757575757576,
            "cohen_kappa_score": 0.1357340720221606,
            "f1_score_macro": 0.05476529160739687,
            "f1_score_micro": 0.1794871794871795,
            "f1_score_weighted": 0.11875843454790824,
            "matthews_corrcoef": 0.15810915001172277,
            "precision_score": -1.0,
            "recall_score": -1.0,
            "roc_auc_score": -1.0,
            "coverage_error": -1.0,
            "label_ranking_average_precision_score": -1.0,
            "label_ranking_loss": -1.0,
            "training_time": 55.86000434309244,
            "test_time": 0.006320360116660595
        },
        {
            "seed": "3",
            "accuracy_score": 0.20512820512820512,
            "average_precision_score": -1.0,
            "balanced_accuracy_score": 0.115,
            "cohen_kappa_score": 0.18530997304582209,
            "f1_score_macro": 0.072953216374269,
            "f1_score_micro": 0.20512820512820512,
            "f1_score_weighted": 0.2005698005698006,
            "matthews_corrcoef": 0.20309017815991737,
            "precision_score": -1.0,
            "recall_score": -1.0,
            "roc_auc_score": -1.0,
            "coverage_error": -1.0,
            "label_ranking_average_precision_score": -1.0,
            "label_ranking_loss": -1.0,
            "training_time": 56.62487241998315,
            "test_time": 0.0037740329280495644
        },
        {
            "seed": "5",
            "accuracy_score": 0.1282051282051282,
            "average_precision_score": -1.0,
            "balanced_accuracy_score": 0.09090909090909091,
            "cohen_kappa_score": 0.08425414364640871,
            "f1_score_macro": 0.05743589743589744,
            "f1_score_micro": 0.1282051282051282,
            "f1_score_weighted": 0.06974358974358975,
            "matthews_corrcoef": 0.10056016774269369,
            "precision_score": -1.0,
            "recall_score": -1.0,
            "roc_auc_score": -1.0,
            "coverage_error": -1.0,
            "label_ranking_average_precision_score": -1.0,
            "label_ranking_loss": -1.0,
            "training_time": 56.00562642980367,
            "test_time": 0.003063781186938286
        },
        {
            "seed": "7",
            "accuracy_score": 0.3076923076923077,
            "average_precision_score": -1.0,
            "balanced_accuracy_score": 0.16129032258064516,
            "cohen_kappa_score": 0.25583038869257957,
            "f1_score_macro": 0.09455858898583355,
            "f1_score_micro": 0.3076923076923077,
            "f1_score_weighted": 0.18786242996769312,
            "matthews_corrcoef": 0.2756665193578159,
            "precision_score": -1.0,
            "recall_score": -1.0,
            "roc_auc_score": -1.0,
            "coverage_error": -1.0,
            "label_ranking_average_precision_score": -1.0,
            "label_ranking_loss": -1.0,
            "training_time": 176.79570639878511,
            "test_time": 0.013960960321128368
        },
        {
            "seed": "11",
            "accuracy_score": 0.23076923076923078,
            "average_precision_score": -1.0,
            "balanced_accuracy_score": 0.08045977011494251,
            "cohen_kappa_score": 0.18067226890756294,
            "f1_score_macro": 0.05873015873015872,
            "f1_score_micro": 0.23076923076923078,
            "f1_score_weighted": 0.1866096866096866,
            "matthews_corrcoef": 0.19188187116790675,
            "precision_score": -1.0,
            "recall_score": -1.0,
            "roc_auc_score": -1.0,
            "coverage_error": -1.0,
            "label_ranking_average_precision_score": -1.0,
            "label_ranking_loss": -1.0,
            "training_time": 55.53437051642686,
            "test_time": 0.0032659852877259254
        },
        {
            "seed": "13",
            "accuracy_score": 0.23076923076923078,
            "average_precision_score": -1.0,
            "balanced_accuracy_score": 0.13095238095238096,
            "cohen_kappa_score": 0.1914305459571527,
            "f1_score_macro": 0.0812925170068027,
            "f1_score_micro": 0.23076923076923078,
            "f1_score_weighted": 0.20054945054945053,
            "matthews_corrcoef": 0.2025949659569314,
            "precision_score": -1.0,
            "recall_score": -1.0,
            "roc_auc_score": -1.0,
            "coverage_error": -1.0,
            "label_ranking_average_precision_score": -1.0,
            "label_ranking_loss": -1.0,
            "training_time": 97.1267797825858,
            "test_time": 0.0037231240421533585
        },
        {
            "seed": "17",
            "accuracy_score": 0.15384615384615385,
            "average_precision_score": -1.0,
            "balanced_accuracy_score": 0.06481481481481481,
            "cohen_kappa_score": 0.11424638678596011,
            "f1_score_macro": 0.026890756302521007,
            "f1_score_micro": 0.15384615384615385,
            "f1_score_weighted": 0.10213316095669035,
            "matthews_corrcoef": 0.12068645768394831,
            "precision_score": -1.0,
            "recall_score": -1.0,
            "roc_auc_score": -1.0,
            "coverage_error": -1.0,
            "label_ranking_average_precision_score": -1.0,
            "label_ranking_loss": -1.0,
            "training_time": 59.252616443671286,
            "test_time": 0.006612601689994335
        }
    ]
}