{
    "id": 285,
    "framework": "autokeras",
    "results": [
        {
            "seed": "2",
            "accuracy_score": 0.07692307692307693,
            "average_precision_score": 0.14090909090909093,
            "balanced_accuracy_score": 0.01818181818181818,
            "cohen_kappa_score": 0.05135135135135116,
            "f1_score_macro": 0.010909090909090908,
            "f1_score_micro": 0.07692307692307693,
            "f1_score_weighted": 0.06993006993006992,
            "matthews_corrcoef": 0.05300602950347955,
            "precision_score": -1.0,
            "recall_score": -1.0,
            "roc_auc_score": -1.0,
            "coverage_error": -1.0,
            "label_ranking_average_precision_score": -1.0,
            "label_ranking_loss": -1.0,
            "training_time": 20.116133699193597,
            "test_time": 0.5764053743332624
        },
        {
            "seed": "3",
            "accuracy_score": 0.07692307692307693,
            "average_precision_score": 0.02631578947368421,
            "balanced_accuracy_score": 0.04666666666666666,
            "cohen_kappa_score": 0.05961152042866713,
            "f1_score_macro": 0.02127659574468085,
            "f1_score_micro": 0.07692307692307693,
            "f1_score_weighted": 0.07692307692307693,
            "matthews_corrcoef": 0.06295813270221176,
            "precision_score": -1.0,
            "recall_score": -1.0,
            "roc_auc_score": -1.0,
            "coverage_error": -1.0,
            "label_ranking_average_precision_score": -1.0,
            "label_ranking_loss": -1.0,
            "training_time": 18.578030611388385,
            "test_time": 0.5454484578222036
        },
        {
            "seed": "5",
            "accuracy_score": 0.07692307692307693,
            "average_precision_score": 0.02702702702702703,
            "balanced_accuracy_score": 0.0707070707070707,
            "cohen_kappa_score": 0.05771812080536909,
            "f1_score_macro": 0.02387706855791962,
            "f1_score_micro": 0.07692307692307693,
            "f1_score_weighted": 0.040170940170940174,
            "matthews_corrcoef": 0.060115817444777966,
            "precision_score": -1.0,
            "recall_score": -1.0,
            "roc_auc_score": -1.0,
            "coverage_error": -1.0,
            "label_ranking_average_precision_score": -1.0,
            "label_ranking_loss": -1.0,
            "training_time": 28.56463391147554,
            "test_time": 0.6391509110108018
        },
        {
            "seed": "7",
            "accuracy_score": 0.1794871794871795,
            "average_precision_score": 0.2,
            "balanced_accuracy_score": 0.0967741935483871,
            "cohen_kappa_score": 0.15332428765264583,
            "f1_score_macro": 0.06422764227642275,
            "f1_score_micro": 0.1794871794871795,
            "f1_score_weighted": 0.1769230769230769,
            "matthews_corrcoef": 0.15885709567741937,
            "precision_score": -1.0,
            "recall_score": -1.0,
            "roc_auc_score": -1.0,
            "coverage_error": -1.0,
            "label_ranking_average_precision_score": -1.0,
            "label_ranking_loss": -1.0,
            "training_time": 19.630385553464293,
            "test_time": 0.5389858493581414
        },
        {
            "seed": "11",
            "accuracy_score": 0.15384615384615385,
            "average_precision_score": 0.3333333333333333,
            "balanced_accuracy_score": 0.055172413793103454,
            "cohen_kappa_score": 0.11788896504455104,
            "f1_score_macro": 0.02717391304347826,
            "f1_score_micro": 0.15384615384615385,
            "f1_score_weighted": 0.12179487179487179,
            "matthews_corrcoef": 0.12062672109593749,
            "precision_score": -1.0,
            "recall_score": -1.0,
            "roc_auc_score": -1.0,
            "coverage_error": -1.0,
            "label_ranking_average_precision_score": -1.0,
            "label_ranking_loss": -1.0,
            "training_time": 26.97818968165666,
            "test_time": 0.6182285267859697
        },
        {
            "seed": "13",
            "accuracy_score": 0.1794871794871795,
            "average_precision_score": 1.0,
            "balanced_accuracy_score": 0.06547619047619048,
            "cohen_kappa_score": 0.1357340720221607,
            "f1_score_macro": 0.03968253968253969,
            "f1_score_micro": 0.1794871794871795,
            "f1_score_weighted": 0.1606837606837607,
            "matthews_corrcoef": 0.13903450877803955,
            "precision_score": -1.0,
            "recall_score": -1.0,
            "roc_auc_score": -1.0,
            "coverage_error": -1.0,
            "label_ranking_average_precision_score": -1.0,
            "label_ranking_loss": -1.0,
            "training_time": 22.741477578878403,
            "test_time": 0.6139961089938879
        },
        {
            "seed": "17",
            "accuracy_score": 0.20512820512820512,
            "average_precision_score": 0.14285714285714285,
            "balanced_accuracy_score": 0.08641975308641975,
            "cohen_kappa_score": 0.17021276595744683,
            "f1_score_macro": 0.049169435215946855,
            "f1_score_micro": 0.20512820512820512,
            "f1_score_weighted": 0.18754578754578757,
            "matthews_corrcoef": 0.17367781467236162,
            "precision_score": -1.0,
            "recall_score": -1.0,
            "roc_auc_score": -1.0,
            "coverage_error": -1.0,
            "label_ranking_average_precision_score": -1.0,
            "label_ranking_loss": -1.0,
            "training_time": 22.212321330793202,
            "test_time": 0.588477112352848
        },
        {
            "seed": "19",
            "accuracy_score": 0.1282051282051282,
            "average_precision_score": 0.14285714285714285,
            "balanced_accuracy_score": 0.07291666666666666,
            "cohen_kappa_score": 0.1070707070707071,
            "f1_score_macro": 0.04057337220602527,
            "f1_score_micro": 0.1282051282051282,
            "f1_score_weighted": 0.11477411477411478,
            "matthews_corrcoef": 0.11043200551048125,
            "precision_score": -1.0,
            "recall_score": -1.0,
            "roc_auc_score": -1.0,
            "coverage_error": -1.0,
            "label_ranking_average_precision_score": -1.0,
            "label_ranking_loss": -1.0,
            "training_time": 25.861537261866033,
            "test_time": 0.5736129423603415
        },
        {
            "seed": "23",
            "accuracy_score": 0.1282051282051282,
            "average_precision_score": 0.125,
            "balanced_accuracy_score": 0.048534798534798536,
            "cohen_kappa_score": 0.09426229508196726,
            "f1_score_macro": 0.030944055944055946,
            "f1_score_micro": 0.1282051282051282,
            "f1_score_weighted": 0.13925049309664694,
            "matthews_corrcoef": 0.09697823898473748,
            "precision_score": -1.0,
            "recall_score": -1.0,
            "roc_auc_score": -1.0,
            "coverage_error": -1.0,
            "label_ranking_average_precision_score": -1.0,
            "label_ranking_loss": -1.0,
            "training_time": 30.790183453820646,
            "test_time": 0.5861962074413896
        },
        {
            "seed": "29",
            "accuracy_score": 0.10256410256410256,
            "average_precision_score": 0.06666666666666667,
            "balanced_accuracy_score": 0.04666666666666666,
            "cohen_kappa_score": 0.07894736842105265,
            "f1_score_macro": 0.027437641723356013,
            "f1_score_micro": 0.10256410256410256,
            "f1_score_weighted": 0.10313390313390314,
            "matthews_corrcoef": 0.08096934285739647,
            "precision_score": -1.0,
            "recall_score": -1.0,
            "roc_auc_score": -1.0,
            "coverage_error": -1.0,