{
    "id": 181,
    "framework": "autopytorch",
    "results": [
        {
            "seed": "2",
            "accuracy_score": 0.6161616161616161,
            "average_precision_score": -1.0,
            "balanced_accuracy_score": 0.4921244712459883,
            "cohen_kappa_score": 0.4990679094540612,
            "f1_score_macro": 0.5076856486009866,
            "f1_score_micro": 0.6161616161616161,
            "f1_score_weighted": 0.6089453488915397,
            "matthews_corrcoef": 0.5020879550468125,
            "precision_score": -1.0,
            "recall_score": -1.0,
            "roc_auc_score": -1.0,
            "coverage_error": -1.0,
            "label_ranking_average_precision_score": -1.0,
            "label_ranking_loss": -1.0,
            "training_time": 319.6944176349789,
            "test_time": 1.6557721529970877
        },
        {
            "seed": "3",
            "accuracy_score": 0.5993265993265994,
            "average_precision_score": -1.0,
            "balanced_accuracy_score": 0.5349251134562352,
            "cohen_kappa_score": 0.4743988221822346,
            "f1_score_macro": 0.5624168834174041,
            "f1_score_micro": 0.5993265993265994,
            "f1_score_weighted": 0.5912009314105598,
            "matthews_corrcoef": 0.48032258555284435,
            "precision_score": -1.0,
            "recall_score": -1.0,
            "roc_auc_score": -1.0,
            "coverage_error": -1.0,
            "label_ranking_average_precision_score": -1.0,
            "label_ranking_loss": -1.0,
            "training_time": 305.5730601660325,
            "test_time": 1.2114195000031032
        },
        {
            "seed": "5",
            "accuracy_score": 0.5925925925925926,
            "average_precision_score": -1.0,
            "balanced_accuracy_score": 0.540958570787081,
            "cohen_kappa_score": 0.4705102326472279,
            "f1_score_macro": 0.5594133183332101,
            "f1_score_micro": 0.5925925925925926,
            "f1_score_weighted": 0.5826218377292287,
            "matthews_corrcoef": 0.4742930489824475,
            "precision_score": -1.0,
            "recall_score": -1.0,
            "roc_auc_score": -1.0,
            "coverage_error": -1.0,
            "label_ranking_average_precision_score": -1.0,
            "label_ranking_loss": -1.0,
            "training_time": 320.4034380509984,
            "test_time": 2.0290765190147795
        },
        {
            "seed": "7",
            "accuracy_score": 0.5723905723905723,
            "average_precision_score": -1.0,
            "balanced_accuracy_score": 0.3480610325347167,
            "cohen_kappa_score": 0.44082721814543024,
            "f1_score_macro": 0.3292244014373141,
            "f1_score_micro": 0.5723905723905723,
            "f1_score_weighted": 0.559753968465263,
            "matthews_corrcoef": 0.44154547158790514,
            "precision_score": -1.0,
            "recall_score": -1.0,
            "roc_auc_score": -1.0,
            "coverage_error": -1.0,
            "label_ranking_average_precision_score": -1.0,
            "label_ranking_loss": -1.0,
            "training_time": 318.32327717199223,
            "test_time": 5.3269998579635285
        },
        {
            "seed": "11",
            "accuracy_score": 0.6262626262626263,
            "average_precision_score": -1.0,
            "balanced_accuracy_score": 0.5735059863520939,
            "cohen_kappa_score": 0.5184276261010562,
            "f1_score_macro": 0.5691961142053936,
            "f1_score_micro": 0.6262626262626263,
            "f1_score_weighted": 0.6168527572635025,
            "matthews_corrcoef": 0.5213689999187365,
            "precision_score": -1.0,
            "recall_score": -1.0,
            "roc_auc_score": -1.0,
            "coverage_error": -1.0,
            "label_ranking_average_precision_score": -1.0,
            "label_ranking_loss": -1.0,
            "training_time": 313.2152221669676,
            "test_time": 2.7439788400079124
        },
        {
            "seed": "13",
            "accuracy_score": 0.6565656565656566,
            "average_precision_score": -1.0,
            "balanced_accuracy_score": 0.5372715979647442,
            "cohen_kappa_score": 0.5410625823751307,
            "f1_score_macro": 0.5494945908046058,
            "f1_score_micro": 0.6565656565656566,
            "f1_score_weighted": 0.6481042277160914,
            "matthews_corrcoef": 0.5420877810855066,
            "precision_score": -1.0,
            "recall_score": -1.0,
            "roc_auc_score": -1.0,
            "coverage_error": -1.0,
            "label_ranking_average_precision_score": -1.0,
            "label_ranking_loss": -1.0,
            "training_time": 312.9684803869459,
            "test_time": 2.7774559399695136
        },
        {
            "seed": "17",
            "accuracy_score": 0.622895622895623,
            "average_precision_score": -1.0,
            "balanced_accuracy_score": 0.5499962555388911,
            "cohen_kappa_score": 0.5112116848385106,
            "f1_score_macro": 0.5236311129569556,
            "f1_score_micro": 0.622895622895623,
            "f1_score_weighted": 0.6101447059227109,
            "matthews_corrcoef": 0.5120935390697693,
            "precision_score": -1.0,
            "recall_score": -1.0,
            "roc_auc_score": -1.0,
            "coverage_error": -1.0,
            "label_ranking_average_precision_score": -1.0,
            "label_ranking_loss": -1.0,
            "training_time": 309.0665121260099,
            "test_time": 1.5354087910382077
        },
        {
            "seed": "19",
            "accuracy_score": 0.6026936026936027,
            "average_precision_score": -1.0,
            "balanced_accuracy_score": 0.577700119474313,
            "cohen_kappa_score": 0.48039201150533006,
            "f1_score_macro": 0.5505826693575785,
            "f1_score_micro": 0.6026936026936027,
            "f1_score_weighted": 0.5919990936242723,
            "matthews_corrcoef": 0.482443953591884,
            "precision_score": -1.0,
            "recall_score": -1.0,
            "roc_auc_score": -1.0,
            "coverage_error": -1.0,
            "label_ranking_average_precision_score": -1.0,
            "label_ranking_loss": -1.0,
            "training_time": 317.8236179300002,
            "test_time": 4.183529906033073
        },
        {
            "seed": "23",
            "accuracy_score": 0.6127946127946128,
            "average_precision_score": -1.0,
            "balanced_accuracy_score": 0.5250242578141129,
            "cohen_kappa_score": 0.4764634651052284,
            "f1_score_macro": 0.5277184289846719,
            "f1_score_micro": 0.6127946127946128,
            "f1_score_weighted": 0.6068875630789151,
            "matthews_corrcoef": 0.4802950600620047,
            "precision_score": -1.0,
            "recall_score": -1.0,
            "roc_auc_score": -1.0,
            "coverage_error": -1.0,
            "label_ranking_average_precision_score": -1.0,
            "label_ranking_loss": -1.0,
            "training_time": 310.6281266210135,
            "test_time": 1.6573664830066264
        },
        {
            "seed": "29",
            "accuracy_score": 0.6127946127946128,
            "average_precision_score": -1.0,
            "balanced_accuracy_score": 0.5548393273393273,
            "cohen_kappa_score": 0.49677333804809054,
            "f1_score_macro": 0.5689304821929502,
            "f1_score_micro": 0.6127946127946128,
            "f1_score_weighted": 0.6064016046543085,
            "matthews_corrcoef": 0.5033560478725724,
            "precision_score": -1.0,
            "recall_score": -1.0,
            "roc_auc_score": -1.0,
            "coverage_error": -1.0,
            "label_ranking_average_precision_score": -1.0,
            "label_ranking_loss": -1.0,
            "training_time": 319.5344241540297,