{
    "id": 181,
    "framework": "naive",
    "results": [
        {
            "seed": "2",
            "accuracy_score": 0.6127946127946128,
            "average_precision_score": -1.0,
            "balanced_accuracy_score": 0.48957950589142535,
            "cohen_kappa_score": 0.4943071615759317,
            "f1_score_macro": 0.5156153462714358,
            "f1_score_micro": 0.6127946127946128,
            "f1_score_weighted": 0.6061128346787767,
            "matthews_corrcoef": 0.49506211133098094,
            "precision_score": -1.0,
            "recall_score": -1.0,
            "roc_auc_score": -1.0,
            "coverage_error": -1.0,
            "label_ranking_average_precision_score": -1.0,
            "label_ranking_loss": -1.0,
            "training_time": 287.3628082659998,
            "test_time": 0.007873335009207949
        },
        {
            "seed": "3",
            "accuracy_score": 0.5993265993265994,
            "average_precision_score": -1.0,
            "balanced_accuracy_score": 0.5299786794562786,
            "cohen_kappa_score": 0.4774991868957157,
            "f1_score_macro": 0.5524077178417172,
            "f1_score_micro": 0.5993265993265994,
            "f1_score_weighted": 0.5912479862970688,
            "matthews_corrcoef": 0.4795884605198638,
            "precision_score": -1.0,
            "recall_score": -1.0,
            "roc_auc_score": -1.0,
            "coverage_error": -1.0,
            "label_ranking_average_precision_score": -1.0,
            "label_ranking_loss": -1.0,
            "training_time": 288.9596051920089,
            "test_time": 0.0340443330060225
        },
        {
            "seed": "5",
            "accuracy_score": 0.5824915824915825,
            "average_precision_score": -1.0,
            "balanced_accuracy_score": 0.5355687526249119,
            "cohen_kappa_score": 0.45843565725041546,
            "f1_score_macro": 0.5490727141277877,
            "f1_score_micro": 0.5824915824915825,
            "f1_score_weighted": 0.5713359332551701,
            "matthews_corrcoef": 0.4600138891759166,
            "precision_score": -1.0,
            "recall_score": -1.0,
            "roc_auc_score": -1.0,
            "coverage_error": -1.0,
            "label_ranking_average_precision_score": -1.0,
            "label_ranking_loss": -1.0,
            "training_time": 288.8180364049913,
            "test_time": 0.03482977800013032
        },
        {
            "seed": "7",
            "accuracy_score": 0.5959595959595959,
            "average_precision_score": -1.0,
            "balanced_accuracy_score": 0.41115995115995113,
            "cohen_kappa_score": 0.4708790474635153,
            "f1_score_macro": 0.40264818171594785,
            "f1_score_micro": 0.5959595959595959,
            "f1_score_weighted": 0.5855811870301724,
            "matthews_corrcoef": 0.47149979162821093,
            "precision_score": -1.0,
            "recall_score": -1.0,
            "roc_auc_score": -1.0,
            "coverage_error": -1.0,
            "label_ranking_average_precision_score": -1.0,
            "label_ranking_loss": -1.0,
            "training_time": 124.67182616599894,
            "test_time": 0.03237528199679218
        }
    ]
}