{
    "id": 181,
    "framework": "mljar",
    "results": [
        {
            "seed": "2",
            "accuracy_score": 0.5824915824915825,
            "average_precision_score": -1.0,
            "balanced_accuracy_score": 0.4480030463602446,
            "cohen_kappa_score": 0.4531848552338531,
            "f1_score_macro": 0.47572328772019173,
            "f1_score_micro": 0.5824915824915825,
            "f1_score_weighted": 0.5762844470509354,
            "matthews_corrcoef": 0.4561888441796446,
            "precision_score": -1.0,
            "recall_score": -1.0,
            "roc_auc_score": -1.0,
            "coverage_error": -1.0,
            "label_ranking_average_precision_score": -1.0,
            "label_ranking_loss": -1.0,
            "training_time": 50.862075539989746,
            "test_time": 0.08746576299017761
        },
        {
            "seed": "3",
            "accuracy_score": 0.6195286195286195,
            "average_precision_score": -1.0,
            "balanced_accuracy_score": 0.5884058991813779,
            "cohen_kappa_score": 0.5046493092454836,
            "f1_score_macro": 0.5822382099246949,
            "f1_score_micro": 0.6195286195286195,
            "f1_score_weighted": 0.6150325921641293,
            "matthews_corrcoef": 0.5064163279718696,
            "precision_score": -1.0,
            "recall_score": -1.0,
            "roc_auc_score": -1.0,
            "coverage_error": -1.0,
            "label_ranking_average_precision_score": -1.0,
            "label_ranking_loss": -1.0,
            "training_time": 49.61952376499539,
            "test_time": 0.10256312999990769
        },
        {
            "seed": "5",
            "accuracy_score": 0.5622895622895623,
            "average_precision_score": -1.0,
            "balanced_accuracy_score": 0.5242187919087032,
            "cohen_kappa_score": 0.4356665740970812,
            "f1_score_macro": 0.5000586216557267,
            "f1_score_micro": 0.5622895622895623,
            "f1_score_weighted": 0.5501361546697978,
            "matthews_corrcoef": 0.4400261353166606,
            "precision_score": -1.0,
            "recall_score": -1.0,
            "roc_auc_score": -1.0,
            "coverage_error": -1.0,
            "label_ranking_average_precision_score": -1.0,
            "label_ranking_loss": -1.0,
            "training_time": 49.90100718199392,
            "test_time": 0.07229503800044768
        },
        {
            "seed": "7",
            "accuracy_score": 0.5993265993265994,
            "average_precision_score": -1.0,
            "balanced_accuracy_score": 0.44473748473748476,
            "cohen_kappa_score": 0.4767565807005596,
            "f1_score_macro": 0.4335674465566407,
            "f1_score_micro": 0.5993265993265994,
            "f1_score_weighted": 0.5915151955200623,
            "matthews_corrcoef": 0.4773320058029387,
            "precision_score": -1.0,
            "recall_score": -1.0,
            "roc_auc_score": -1.0,
            "coverage_error": -1.0,
            "label_ranking_average_precision_score": -1.0,
            "label_ranking_loss": -1.0,
            "training_time": 51.49184648999653,
            "test_time": 0.10317473699979018
        },
        {
            "seed": "11",
            "accuracy_score": 0.6060606060606061,
            "average_precision_score": -1.0,
            "balanced_accuracy_score": 0.5192235789446864,
            "cohen_kappa_score": 0.49419950219065223,
            "f1_score_macro": 0.524072389183951,
            "f1_score_micro": 0.6060606060606061,
            "f1_score_weighted": 0.5972971851636798,
            "matthews_corrcoef": 0.49759143287326885,
            "precision_score": -1.0,
            "recall_score": -1.0,
            "roc_auc_score": -1.0,
            "coverage_error": -1.0,
            "label_ranking_average_precision_score": -1.0,
            "label_ranking_loss": -1.0,
            "training_time": 49.38514167199901,
            "test_time": 0.11024656900553964
        },
        {
            "seed": "13",
            "accuracy_score": 0.6430976430976431,
            "average_precision_score": -1.0,
            "balanced_accuracy_score": 0.5275310797429177,
            "cohen_kappa_score": 0.523433242506812,
            "f1_score_macro": 0.5416476565090942,
            "f1_score_micro": 0.6430976430976431,
            "f1_score_weighted": 0.6364873871421285,
            "matthews_corrcoef": 0.5256025373058799,
            "precision_score": -1.0,
            "recall_score": -1.0,
            "roc_auc_score": -1.0,
            "coverage_error": -1.0,
            "label_ranking_average_precision_score": -1.0,
            "label_ranking_loss": -1.0,
            "training_time": 50.58397928701015,
            "test_time": 0.08989605000533629
        },
        {
            "seed": "17",
            "accuracy_score": 0.6026936026936027,
            "average_precision_score": -1.0,
            "balanced_accuracy_score": 0.5673402078828436,
            "cohen_kappa_score": 0.48788613846918205,
            "f1_score_macro": 0.4815963014315156,
            "f1_score_micro": 0.6026936026936027,
            "f1_score_weighted": 0.5930879482367094,
            "matthews_corrcoef": 0.48918743311610335,
            "precision_score": -1.0,
            "recall_score": -1.0,
            "roc_auc_score": -1.0,
            "coverage_error": -1.0,
            "label_ranking_average_precision_score": -1.0,
            "label_ranking_loss": -1.0,
            "training_time": 50.67676040000515,
            "test_time": 0.07190349500160664
        },
        {
            "seed": "19",
            "accuracy_score": 0.6296296296296297,
            "average_precision_score": -1.0,
            "balanced_accuracy_score": 0.6007556750298685,
            "cohen_kappa_score": 0.5145544510319617,
            "f1_score_macro": 0.5777280054327576,
            "f1_score_micro": 0.6296296296296297,
            "f1_score_weighted": 0.6187002109544011,
            "matthews_corrcoef": 0.5171374809763759,
            "precision_score": -1.0,
            "recall_score": -1.0,
            "roc_auc_score": -1.0,
            "coverage_error": -1.0,
            "label_ranking_average_precision_score": -1.0,
            "label_ranking_loss": -1.0,
            "training_time": 49.62718805699842,
            "test_time": 0.08642734898603521
        },
        {
            "seed": "23",
            "accuracy_score": 0.5858585858585859,
            "average_precision_score": -1.0,
            "balanced_accuracy_score": 0.5266344805264861,
            "cohen_kappa_score": 0.43899442541886136,
            "f1_score_macro": 0.5237839623856164,
            "f1_score_micro": 0.5858585858585859,
            "f1_score_weighted": 0.5790995273835818,
            "matthews_corrcoef": 0.44611410293450293,
            "precision_score": -1.0,
            "recall_score": -1.0,
            "roc_auc_score": -1.0,
            "coverage_error": -1.0,
            "label_ranking_average_precision_score": -1.0,
            "label_ranking_loss": -1.0,
            "training_time": 58.98129383000196,
            "test_time": 0.11457054498896468
        },
        {
            "seed": "29",
            "accuracy_score": 0.6296296296296297,
            "average_precision_score": -1.0,
            "balanced_accuracy_score": 0.5590788378288378,
            "cohen_kappa_score": 0.5186882154485319,
            "f1_score_macro": 0.5576774275087567,
            "f1_score_micro": 0.6296296296296297,
            "f1_score_weighted": 0.623698874419273,
            "matthews_corrcoef": 0.5228713210879989,
            "precision_score": -1.0,
            "recall_score": -1.0,
            "roc_auc_score": -1.0,
            "coverage_error": -1.0,
            "label_ranking_average_precision_score": -1.0,
            "label_ranking_loss": -1.0,
            "training_time": 56.19619200300076,