{"framework": "autokeras", "accuracy_score": 0.468013468013468, "average_precision_score": -1.0, "balanced_accuracy_score": 0.4959171275347746, "cohen_kappa_score": 0.31253021579571916, "f1_score_macro": 0.46607336147909095, "f1_score_micro": 0.468013468013468, "f1_score_weighted": 0.4669963802697739, "matthews_corrcoef": 0.3132743556732506, "precision_score": -1.0, "recall_score": -1.0, "roc_auc_score": -1.0, "coverage_error": -1.0, "label_ranking_average_precision_score": -1.0, "label_ranking_loss": -1.0, "training_time": "00:00:56", "test_time": "00:00:00"}