{"framework": "lightautoml", "accuracy_score": 0.22895622895622897, "average_precision_score": -1.0, "balanced_accuracy_score": 0.11711496564437739, "cohen_kappa_score": 0.03387880337509597, "f1_score_macro": 0.10723014020415951, "f1_score_micro": 0.22895622895622897, "f1_score_weighted": 0.21432313293977398, "matthews_corrcoef": 0.035783511984740245, "precision_score": -1.0, "recall_score": -1.0, "roc_auc_score": -1.0, "training_time": "00:01:06", "test_time": "00:00:00"}