{
    "id": 181,
    "framework": "gama",
    "results": [
        {
            "seed": "2",
            "accuracy_score": 0.5925925925925926,
            "average_precision_score": -1.0,
            "balanced_accuracy_score": 0.3943822225246374,
            "cohen_kappa_score": 0.46648554758829563,
            "f1_score_macro": 0.3864557019711785,
            "f1_score_micro": 0.5925925925925926,
            "f1_score_weighted": 0.5799977071114755,
            "matthews_corrcoef": 0.46747123283036596,
            "precision_score": -1.0,
            "recall_score": -1.0,
            "roc_auc_score": -1.0,
            "coverage_error": -1.0,
            "label_ranking_average_precision_score": -1.0,
            "label_ranking_loss": -1.0,
            "training_time": 269.1974812382832,
            "test_time": 0.004714330658316612
        },
        {
            "seed": "3",
            "accuracy_score": 0.6060606060606061,
            "average_precision_score": -1.0,
            "balanced_accuracy_score": 0.4524426883156362,
            "cohen_kappa_score": 0.4858474513575497,
            "f1_score_macro": 0.47631937241851335,
            "f1_score_micro": 0.6060606060606061,
            "f1_score_weighted": 0.5966580069009239,
            "matthews_corrcoef": 0.489697570564383,
            "precision_score": -1.0,
            "recall_score": -1.0,
            "roc_auc_score": -1.0,
            "coverage_error": -1.0,
            "label_ranking_average_precision_score": -1.0,
            "label_ranking_loss": -1.0,
            "training_time": 269.14644785784185,
            "test_time": 0.004900198429822922
        },
        {
            "seed": "5",
            "accuracy_score": 0.569023569023569,
            "average_precision_score": -1.0,
            "balanced_accuracy_score": 0.37611399169169346,
            "cohen_kappa_score": 0.4413191076624635,
            "f1_score_macro": 0.3627002601694241,
            "f1_score_micro": 0.569023569023569,
            "f1_score_weighted": 0.5553128405327458,
            "matthews_corrcoef": 0.4433048503825226,
            "precision_score": -1.0,
            "recall_score": -1.0,
            "roc_auc_score": -1.0,
            "coverage_error": -1.0,
            "label_ranking_average_precision_score": -1.0,
            "label_ranking_loss": -1.0,
            "training_time": 269.24675129633397,
            "test_time": 0.0050006452947855
        },
        {
            "seed": "7",
            "accuracy_score": 0.5858585858585859,
            "average_precision_score": -1.0,
            "balanced_accuracy_score": 0.397300740195477,
            "cohen_kappa_score": 0.45842290187241486,
            "f1_score_macro": 0.38059437171997984,
            "f1_score_micro": 0.5858585858585859,
            "f1_score_weighted": 0.5750557619983859,
            "matthews_corrcoef": 0.45895626399577544,
            "precision_score": -1.0,
            "recall_score": -1.0,
            "roc_auc_score": -1.0,
            "coverage_error": -1.0,
            "label_ranking_average_precision_score": -1.0,
            "label_ranking_loss": -1.0,
            "training_time": 269.2099122228101,
            "test_time": 0.004844821989536285
        },
        {
            "seed": "11",
            "accuracy_score": 0.6094276094276094,
            "average_precision_score": -1.0,
            "balanced_accuracy_score": 0.5062046255247833,
            "cohen_kappa_score": 0.4960726666374129,
            "f1_score_macro": 0.5295812108536959,
            "f1_score_micro": 0.6094276094276094,
            "f1_score_weighted": 0.6011470190246629,
            "matthews_corrcoef": 0.4985695573738051,
            "precision_score": -1.0,
            "recall_score": -1.0,
            "roc_auc_score": -1.0,
            "coverage_error": -1.0,
            "label_ranking_average_precision_score": -1.0,
            "label_ranking_loss": -1.0,
            "training_time": 275.06789376121014,
            "test_time": 0.01915689278393984
        },
        {
            "seed": "13",
            "accuracy_score": 0.6127946127946128,
            "average_precision_score": -1.0,
            "balanced_accuracy_score": 0.5165644062295153,
            "cohen_kappa_score": 0.48268027808490976,
            "f1_score_macro": 0.5147552601126599,
            "f1_score_micro": 0.6127946127946128,
            "f1_score_weighted": 0.6019169699989767,
            "matthews_corrcoef": 0.4844692934951441,
            "precision_score": -1.0,
            "recall_score": -1.0,
            "roc_auc_score": -1.0,
            "coverage_error": -1.0,
            "label_ranking_average_precision_score": -1.0,
            "label_ranking_loss": -1.0,
            "training_time": 270.10622512176633,
            "test_time": 0.0009485781192779541
        },
        {
            "seed": "17",
            "accuracy_score": 0.5993265993265994,
            "average_precision_score": -1.0,
            "balanced_accuracy_score": 0.5142131712674348,
            "cohen_kappa_score": 0.48402119800867194,
            "f1_score_macro": 0.4745637648998993,
            "f1_score_micro": 0.5993265993265994,
            "f1_score_weighted": 0.5868716724522682,
            "matthews_corrcoef": 0.48451574886420684,
            "precision_score": -1.0,
            "recall_score": -1.0,
            "roc_auc_score": -1.0,
            "coverage_error": -1.0,
            "label_ranking_average_precision_score": -1.0,
            "label_ranking_loss": -1.0,
            "training_time": 269.4849808458239,
            "test_time": 0.010030617006123066
        },
        {
            "seed": "19",
            "accuracy_score": 0.622895622895623,
            "average_precision_score": -1.0,
            "balanced_accuracy_score": 0.5440232974910395,
            "cohen_kappa_score": 0.5055738874520646,
            "f1_score_macro": 0.5583243146307931,
            "f1_score_micro": 0.622895622895623,
            "f1_score_weighted": 0.6145192835907646,
            "matthews_corrcoef": 0.5076599773938162,
            "precision_score": -1.0,
            "recall_score": -1.0,
            "roc_auc_score": -1.0,
            "coverage_error": -1.0,
            "label_ranking_average_precision_score": -1.0,
            "label_ranking_loss": -1.0,
            "training_time": 278.27163090743124,
            "test_time": 0.009609295055270195
        },
        {
            "seed": "23",
            "accuracy_score": 0.6094276094276094,
            "average_precision_score": -1.0,
            "balanced_accuracy_score": 0.5337512436916364,
            "cohen_kappa_score": 0.47229114971050457,
            "f1_score_macro": 0.5380339197602626,
            "f1_score_micro": 0.6094276094276094,
            "f1_score_weighted": 0.6001585568151483,
            "matthews_corrcoef": 0.4839067122452723,
            "precision_score": -1.0,
            "recall_score": -1.0,
            "roc_auc_score": -1.0,
            "coverage_error": -1.0,
            "label_ranking_average_precision_score": -1.0,
            "label_ranking_loss": -1.0,
            "training_time": 269.1580393128097,
            "test_time": 0.0050695594400167465
        },
        {
            "seed": "29",
            "accuracy_score": 0.6127946127946128,
            "average_precision_score": -1.0,
            "balanced_accuracy_score": 0.5481551781551781,
            "cohen_kappa_score": 0.4985170611381923,
            "f1_score_macro": 0.5319963617005916,
            "f1_score_micro": 0.6127946127946128,
            "f1_score_weighted": 0.6035219693070398,
            "matthews_corrcoef": 0.5088156239467788,
            "precision_score": -1.0,
            "recall_score": -1.0,
            "roc_auc_score": -1.0,
            "coverage_error": -1.0,
            "label_ranking_average_precision_score": -1.0,
            "label_ranking_loss": -1.0,
            "training_time": 272.4477128945291,