{"framework": "autopytorch", "accuracy_score": 0.6464646464646465, "average_precision_score": -1.0, "balanced_accuracy_score": 0.5886794033852857, "cohen_kappa_score": 0.5313838339819976, "f1_score_macro": 0.6132269176171614, "f1_score_micro": 0.6464646464646465, "f1_score_weighted": 0.6393154932992332, "matthews_corrcoef": 0.5333516502732896, "precision_score": -1.0, "recall_score": -1.0, "roc_auc_score": -1.0, "coverage_error": -1.0, "label_ranking_average_precision_score": -1.0, "label_ranking_loss": -1.0, "training_time": "00:10:40", "test_time": "00:02:32"}