{"framework": "autopytorch", "accuracy_score": 0.6464646464646465, "average_precision_score": -1.0, "balanced_accuracy_score": 0.6014108848667673, "cohen_kappa_score": 0.5325568846119255, "f1_score_macro": 0.6168655354862251, "f1_score_micro": 0.6464646464646465, "f1_score_weighted": 0.6382818883968311, "matthews_corrcoef": 0.5340475586251603, "precision_score": -1.0, "recall_score": -1.0, "roc_auc_score": -1.0, "training_time": "00:10:46", "test_time": "00:00:05"}