{"framework": "flaml", "accuracy_score": 0.6060606060606061, "average_precision_score": -1.0, "balanced_accuracy_score": 0.5839848332495391, "cohen_kappa_score": 0.4845126835781042, "f1_score_macro": 0.5609524438851106, "f1_score_micro": 0.6060606060606061, "f1_score_weighted": 0.5960918005851974, "matthews_corrcoef": 0.48538591432604744, "precision_score": -1.0, "recall_score": -1.0, "roc_auc_score": -1.0, "coverage_error": -1.0, "label_ranking_average_precision_score": -1.0, "label_ranking_loss": -1.0, "training_time": "00:10:00", "test_time": "00:00:00"}