{
    "id": 181,
    "framework": "flaml",
    "results": [
        {
            "seed": "2",
            "accuracy_score": 0.6161616161616161,
            "average_precision_score": -1.0,
            "balanced_accuracy_score": 0.558026911169326,
            "cohen_kappa_score": 0.4998966057132729,
            "f1_score_macro": 0.55814443511997,
            "f1_score_micro": 0.6161616161616161,
            "f1_score_weighted": 0.6085238870986384,
            "matthews_corrcoef": 0.5009745057570826,
            "precision_score": -1.0,
            "recall_score": -1.0,
            "roc_auc_score": -1.0,
            "coverage_error": -1.0,
            "label_ranking_average_precision_score": -1.0,
            "label_ranking_loss": -1.0,
            "training_time": 300.12563611002406,
            "test_time": 0.03373697301140055
        },
        {
            "seed": "3",
            "accuracy_score": 0.5892255892255892,
            "average_precision_score": -1.0,
            "balanced_accuracy_score": 0.5604949324691116,
            "cohen_kappa_score": 0.46664507772020736,
            "f1_score_macro": 0.5423712417204885,
            "f1_score_micro": 0.5892255892255892,
            "f1_score_weighted": 0.5815964091572554,
            "matthews_corrcoef": 0.46892864370206394,
            "precision_score": -1.0,
            "recall_score": -1.0,
            "roc_auc_score": -1.0,
            "coverage_error": -1.0,
            "label_ranking_average_precision_score": -1.0,
            "label_ranking_loss": -1.0,
            "training_time": 300.0399056680035,
            "test_time": 0.0329383909702301
        },
        {
            "seed": "5",
            "accuracy_score": 0.569023569023569,
            "average_precision_score": -1.0,
            "balanced_accuracy_score": 0.4896908721352727,
            "cohen_kappa_score": 0.44233533812527503,
            "f1_score_macro": 0.47583412694503285,
            "f1_score_micro": 0.569023569023569,
            "f1_score_weighted": 0.5542659462187236,
            "matthews_corrcoef": 0.4453830661999198,
            "precision_score": -1.0,
            "recall_score": -1.0,
            "roc_auc_score": -1.0,
            "coverage_error": -1.0,
            "label_ranking_average_precision_score": -1.0,
            "label_ranking_loss": -1.0,
            "training_time": 300.08785531600006,
            "test_time": 0.053301163017749786
        },
        {
            "seed": "7",
            "accuracy_score": 0.6026936026936027,
            "average_precision_score": -1.0,
            "balanced_accuracy_score": 0.4635705230442072,
            "cohen_kappa_score": 0.4818516492452356,
            "f1_score_macro": 0.4671866453803151,
            "f1_score_micro": 0.6026936026936027,
            "f1_score_weighted": 0.5960866766160074,
            "matthews_corrcoef": 0.48221753468368217,
            "precision_score": -1.0,
            "recall_score": -1.0,
            "roc_auc_score": -1.0,
            "coverage_error": -1.0,
            "label_ranking_average_precision_score": -1.0,
            "label_ranking_loss": -1.0,
            "training_time": 302.9336865260266,
            "test_time": 0.13984668703051284
        },
        {
            "seed": "11",
            "accuracy_score": 0.6127946127946128,
            "average_precision_score": -1.0,
            "balanced_accuracy_score": 0.5715973124580669,
            "cohen_kappa_score": 0.5036187652598536,
            "f1_score_macro": 0.5646519899311271,
            "f1_score_micro": 0.6127946127946128,
            "f1_score_weighted": 0.6041924250884925,
            "matthews_corrcoef": 0.5058734510486602,
            "precision_score": -1.0,
            "recall_score": -1.0,
            "roc_auc_score": -1.0,
            "coverage_error": -1.0,
            "label_ranking_average_precision_score": -1.0,
            "label_ranking_loss": -1.0,
            "training_time": 300.8729894850403,
            "test_time": 0.00667619303567335
        },
        {
            "seed": "13",
            "accuracy_score": 0.6632996632996633,
            "average_precision_score": -1.0,
            "balanced_accuracy_score": 0.5390590080854878,
            "cohen_kappa_score": 0.5516304347826086,
            "f1_score_macro": 0.5462188334483484,
            "f1_score_micro": 0.6632996632996633,
            "f1_score_weighted": 0.6523484840509534,
            "matthews_corrcoef": 0.5525384193004684,
            "precision_score": -1.0,
            "recall_score": -1.0,
            "roc_auc_score": -1.0,
            "coverage_error": -1.0,
            "label_ranking_average_precision_score": -1.0,
            "label_ranking_loss": -1.0,
            "training_time": 300.00194061599905,
            "test_time": 0.03431472601369023
        },
        {
            "seed": "17",
            "accuracy_score": 0.6094276094276094,
            "average_precision_score": -1.0,
            "balanced_accuracy_score": 0.5281400669385166,
            "cohen_kappa_score": 0.4957628979143799,
            "f1_score_macro": 0.4915135188721887,
            "f1_score_micro": 0.6094276094276094,
            "f1_score_weighted": 0.5976494706925881,
            "matthews_corrcoef": 0.496763111695359,
            "precision_score": -1.0,
            "recall_score": -1.0,
            "roc_auc_score": -1.0,
            "coverage_error": -1.0,
            "label_ranking_average_precision_score": -1.0,
            "label_ranking_loss": -1.0,
            "training_time": 300.98228122200817,
            "test_time": 0.21128817496355623
        },
        {
            "seed": "19",
            "accuracy_score": 0.6397306397306397,
            "average_precision_score": -1.0,
            "balanced_accuracy_score": 0.5974611708482676,
            "cohen_kappa_score": 0.5300632911392406,
            "f1_score_macro": 0.5694544914670701,
            "f1_score_micro": 0.6397306397306397,
            "f1_score_weighted": 0.6276725564985524,
            "matthews_corrcoef": 0.5318380639973792,
            "precision_score": -1.0,
            "recall_score": -1.0,
            "roc_auc_score": -1.0,
            "coverage_error": -1.0,
            "label_ranking_average_precision_score": -1.0,
            "label_ranking_loss": -1.0,
            "training_time": 300.4074502729927,
            "test_time": 0.08724316500592977
        },
        {
            "seed": "23",
            "accuracy_score": 0.5824915824915825,
            "average_precision_score": -1.0,
            "balanced_accuracy_score": 0.5237050622744872,
            "cohen_kappa_score": 0.43615653132463716,
            "f1_score_macro": 0.5188720618769769,
            "f1_score_micro": 0.5824915824915825,
            "f1_score_weighted": 0.5731824839558992,
            "matthews_corrcoef": 0.45021814299335217,
            "precision_score": -1.0,
            "recall_score": -1.0,
            "roc_auc_score": -1.0,
            "coverage_error": -1.0,
            "label_ranking_average_precision_score": -1.0,
            "label_ranking_loss": -1.0,
            "training_time": 300.28812152997125,
            "test_time": 0.07661716698203236
        },
        {
            "seed": "29",
            "accuracy_score": 0.5993265993265994,
            "average_precision_score": -1.0,
            "balanced_accuracy_score": 0.5497065434565435,
            "cohen_kappa_score": 0.48463063956370855,
            "f1_score_macro": 0.5295888849564558,
            "f1_score_micro": 0.5993265993265994,
            "f1_score_weighted": 0.5877337898446213,
            "matthews_corrcoef": 0.4925593691069032,
            "precision_score": -1.0,
            "recall_score": -1.0,
            "roc_auc_score": -1.0,
            "coverage_error": -1.0,
            "label_ranking_average_precision_score": -1.0,
            "label_ranking_loss": -1.0,
            "training_time": 300.1120790009736,