{
    "id": 181,
    "framework": "tpot",
    "results": [
        {
            "seed": "2",
            "accuracy_score": 0.6363636363636364,
            "average_precision_score": -1.0,
            "balanced_accuracy_score": 0.4930911413148255,
            "cohen_kappa_score": 0.524532329311316,
            "f1_score_macro": 0.5128581571976338,
            "f1_score_micro": 0.6363636363636364,
            "f1_score_weighted": 0.6285190040100082,
            "matthews_corrcoef": 0.5258013403648258,
            "precision_score": -1.0,
            "recall_score": -1.0,
            "roc_auc_score": -1.0,
            "coverage_error": -1.0,
            "label_ranking_average_precision_score": -1.0,
            "label_ranking_loss": -1.0,
            "training_time": 302.6560713869985,
            "test_time": 0.0073641950148157775
        },
        {
            "seed": "3",
            "accuracy_score": 0.6060606060606061,
            "average_precision_score": -1.0,
            "balanced_accuracy_score": 0.4142127141554296,
            "cohen_kappa_score": 0.4834859385219097,
            "f1_score_macro": 0.41724054353619167,
            "f1_score_micro": 0.6060606060606061,
            "f1_score_weighted": 0.5906040836027214,
            "matthews_corrcoef": 0.48781271183306324,
            "precision_score": -1.0,
            "recall_score": -1.0,
            "roc_auc_score": -1.0,
            "coverage_error": -1.0,
            "label_ranking_average_precision_score": -1.0,
            "label_ranking_loss": -1.0,
            "training_time": 309.2075812430121,
            "test_time": 0.007048628001939505
        },
        {
            "seed": "5",
            "accuracy_score": 0.5925925925925926,
            "average_precision_score": -1.0,
            "balanced_accuracy_score": 0.49100618525003475,
            "cohen_kappa_score": 0.47190301249081557,
            "f1_score_macro": 0.48157608264751117,
            "f1_score_micro": 0.5925925925925926,
            "f1_score_weighted": 0.5793471292749791,
            "matthews_corrcoef": 0.47375530373505215,
            "precision_score": -1.0,
            "recall_score": -1.0,
            "roc_auc_score": -1.0,
            "coverage_error": -1.0,
            "label_ranking_average_precision_score": -1.0,
            "label_ranking_loss": -1.0,
            "training_time": 300.8464785370161,
            "test_time": 0.007385603967122734
        },
        {
            "seed": "7",
            "accuracy_score": 0.5824915824915825,
            "average_precision_score": -1.0,
            "balanced_accuracy_score": 0.43664648217279795,
            "cohen_kappa_score": 0.4533877551020409,
            "f1_score_macro": 0.43910961590223685,
            "f1_score_micro": 0.5824915824915825,
            "f1_score_weighted": 0.5695409101977831,
            "matthews_corrcoef": 0.4544148271622192,
            "precision_score": -1.0,
            "recall_score": -1.0,
            "roc_auc_score": -1.0,
            "coverage_error": -1.0,
            "label_ranking_average_precision_score": -1.0,
            "label_ranking_loss": -1.0,
            "training_time": 305.3171550719999,
            "test_time": 0.008103505009785295
        },
        {
            "seed": "11",
            "accuracy_score": 0.6195286195286195,
            "average_precision_score": -1.0,
            "balanced_accuracy_score": 0.4842352317539584,
            "cohen_kappa_score": 0.5102657269185309,
            "f1_score_macro": 0.4636672986535947,
            "f1_score_micro": 0.6195286195286195,
            "f1_score_weighted": 0.6043215758851856,
            "matthews_corrcoef": 0.515177805933822,
            "precision_score": -1.0,
            "recall_score": -1.0,
            "roc_auc_score": -1.0,
            "coverage_error": -1.0,
            "label_ranking_average_precision_score": -1.0,
            "label_ranking_loss": -1.0,
            "training_time": 302.4070817140164,
            "test_time": 0.007592155016027391
        },
        {
            "seed": "13",
            "accuracy_score": 0.67003367003367,
            "average_precision_score": -1.0,
            "balanced_accuracy_score": 0.5297170110955157,
            "cohen_kappa_score": 0.5602858308280332,
            "f1_score_macro": 0.5277929650823757,
            "f1_score_micro": 0.67003367003367,
            "f1_score_weighted": 0.6579838836658671,
            "matthews_corrcoef": 0.5612663897819059,
            "precision_score": -1.0,
            "recall_score": -1.0,
            "roc_auc_score": -1.0,
            "coverage_error": -1.0,
            "label_ranking_average_precision_score": -1.0,
            "label_ranking_loss": -1.0,
            "training_time": 306.121002747037,
            "test_time": 0.0073791739996522665
        },
        {
            "seed": "17",
            "accuracy_score": 0.6026936026936027,
            "average_precision_score": -1.0,
            "balanced_accuracy_score": 0.5773911345616772,
            "cohen_kappa_score": 0.48710668813112845,
            "f1_score_macro": 0.5418748667856225,
            "f1_score_micro": 0.6026936026936027,
            "f1_score_weighted": 0.5918001673768379,
            "matthews_corrcoef": 0.48837085539913366,
            "precision_score": -1.0,
            "recall_score": -1.0,
            "roc_auc_score": -1.0,
            "coverage_error": -1.0,
            "label_ranking_average_precision_score": -1.0,
            "label_ranking_loss": -1.0,
            "training_time": 308.26222236000467,
            "test_time": 0.008494131965562701
        },
        {
            "seed": "19",
            "accuracy_score": 0.6296296296296297,
            "average_precision_score": -1.0,
            "balanced_accuracy_score": 0.606284348864994,
            "cohen_kappa_score": 0.5158708989063752,
            "f1_score_macro": 0.579898448293097,
            "f1_score_micro": 0.6296296296296297,
            "f1_score_weighted": 0.6194162155063663,
            "matthews_corrcoef": 0.517639328357837,
            "precision_score": -1.0,
            "recall_score": -1.0,
            "roc_auc_score": -1.0,
            "coverage_error": -1.0,
            "label_ranking_average_precision_score": -1.0,
            "label_ranking_loss": -1.0,
            "training_time": 304.0519357959856,
            "test_time": 0.007365526049397886
        },
        {
            "seed": "23",
            "accuracy_score": 0.6195286195286195,
            "average_precision_score": -1.0,
            "balanced_accuracy_score": 0.5207660707602269,
            "cohen_kappa_score": 0.4841848026558466,
            "f1_score_macro": 0.5398809055427767,
            "f1_score_micro": 0.6195286195286195,
            "f1_score_weighted": 0.6136637206475893,
            "matthews_corrcoef": 0.48814193213248586,
            "precision_score": -1.0,
            "recall_score": -1.0,
            "roc_auc_score": -1.0,
            "coverage_error": -1.0,
            "label_ranking_average_precision_score": -1.0,
            "label_ranking_loss": -1.0,
            "training_time": 308.0413000420085,
            "test_time": 0.00800194701878354
        },
        {
            "seed": "29",
            "accuracy_score": 0.6195286195286195,
            "average_precision_score": -1.0,
            "balanced_accuracy_score": 0.5794982101232101,
            "cohen_kappa_score": 0.5090909090909091,
            "f1_score_macro": 0.5723492408492409,
            "f1_score_micro": 0.6195286195286195,
            "f1_score_weighted": 0.6136332984817834,
            "matthews_corrcoef": 0.5135937786920101,
            "precision_score": -1.0,
            "recall_score": -1.0,
            "roc_auc_score": -1.0,
            "coverage_error": -1.0,
            "label_ranking_average_precision_score": -1.0,
            "label_ranking_loss": -1.0,
            "training_time": 300.41493346798234,