{"framework": "gama", "accuracy_score": 0.622895622895623, "average_precision_score": -1.0, "balanced_accuracy_score": 0.602800821183174, "cohen_kappa_score": 0.5061464457509354, "f1_score_macro": 0.5946269702991722, "f1_score_micro": 0.622895622895623, "f1_score_weighted": 0.6162452602009268, "matthews_corrcoef": 0.5072520447092675, "precision_score": -1.0, "recall_score": -1.0, "roc_auc_score": -1.0, "coverage_error": -1.0, "label_ranking_average_precision_score": -1.0, "label_ranking_loss": -1.0, "training_time": "00:09:00", "test_time": "00:00:00"}