{"framework": "autogluon", "accuracy_score": 0.6296296296296297, "average_precision_score": -1.0, "balanced_accuracy_score": 0.5347463130551365, "cohen_kappa_score": 0.5109501070311213, "f1_score_macro": 0.5509357024745856, "f1_score_micro": 0.6296296296296297, "f1_score_weighted": 0.6225308878055491, "matthews_corrcoef": 0.5125388101734838, "precision_score": -1.0, "recall_score": -1.0, "roc_auc_score": -1.0, "coverage_error": -1.0, "label_ranking_average_precision_score": -1.0, "label_ranking_loss": -1.0, "training_time": "00:00:12", "test_time": "00:00:00"}