{"framework": "tpot", "accuracy_score": 0.6060606060606061, "average_precision_score": -1.0, "balanced_accuracy_score": 0.5325247192894251, "cohen_kappa_score": 0.4850092626898852, "f1_score_macro": 0.5441138921465778, "f1_score_micro": 0.6060606060606061, "f1_score_weighted": 0.597864970431481, "matthews_corrcoef": 0.4858146316100904, "precision_score": -1.0, "recall_score": -1.0, "roc_auc_score": -1.0, "coverage_error": -1.0, "label_ranking_average_precision_score": -1.0, "label_ranking_loss": -1.0, "training_time": "00:10:01", "test_time": "00:00:00"}