{"framework": "autokeras", "accuracy_score": 0.468013468013468, "average_precision_score": -1.0, "balanced_accuracy_score": 0.5347452656276186, "cohen_kappa_score": 0.3191730141458107, "f1_score_macro": 0.5142004755537967, "f1_score_micro": 0.468013468013468, "f1_score_weighted": 0.4566854980567012, "matthews_corrcoef": 0.32568521805556805, "precision_score": -1.0, "recall_score": -1.0, "roc_auc_score": -1.0, "training_time": "00:01:00", "test_time": "00:00:00"}