{"framework": "evalml", "accuracy_score": 0.6094276094276094, "average_precision_score": -1.0, "balanced_accuracy_score": 0.5830337690631809, "cohen_kappa_score": 0.48638897999344044, "f1_score_macro": 0.5742926423630852, "f1_score_micro": 0.6094276094276094, "f1_score_weighted": 0.6011316233022814, "matthews_corrcoef": 0.48902223473252593, "precision_score": -1.0, "recall_score": -1.0, "roc_auc_score": -1.0, "coverage_error": -1.0, "label_ranking_average_precision_score": -1.0, "label_ranking_loss": -1.0, "training_time": "00:10:02", "test_time": "00:00:00"}