{"framework": "autosklearn", "accuracy_score": 0.6195286195286195, "average_precision_score": -1.0, "balanced_accuracy_score": 0.5879325875649405, "cohen_kappa_score": 0.5007438041117491, "f1_score_macro": 0.5843153292821418, "f1_score_micro": 0.6195286195286195, "f1_score_weighted": 0.6125508762636824, "matthews_corrcoef": 0.5019539495496598, "precision_score": -1.0, "recall_score": -1.0, "roc_auc_score": -1.0, "training_time": "00:13:22", "test_time": "00:00:00"}