{
    "id": 181,
    "framework": "pycaret",
    "results": [
        {
            "seed": "2",
            "accuracy_score": 0.6127946127946128,
            "average_precision_score": -1.0,
            "balanced_accuracy_score": 0.4909187916057111,
            "cohen_kappa_score": 0.49479336153595843,
            "f1_score_macro": 0.5167285301441994,
            "f1_score_micro": 0.6127946127946128,
            "f1_score_weighted": 0.6065320212257763,
            "matthews_corrcoef": 0.4953572303460582,
            "precision_score": -1.0,
            "recall_score": -1.0,
            "roc_auc_score": -1.0,
            "coverage_error": -1.0,
            "label_ranking_average_precision_score": -1.0,
            "label_ranking_loss": -1.0,
            "training_time": 19.20461385231465,
            "test_time": 0.10380512848496437
        },
        {
            "seed": "3",
            "accuracy_score": 0.5959595959595959,
            "average_precision_score": -1.0,
            "balanced_accuracy_score": 0.41452648307384965,
            "cohen_kappa_score": 0.471953062494444,
            "f1_score_macro": 0.44206991216668634,
            "f1_score_micro": 0.5959595959595959,
            "f1_score_weighted": 0.5854833710030842,
            "matthews_corrcoef": 0.4736204505139861,
            "precision_score": -1.0,
            "recall_score": -1.0,
            "roc_auc_score": -1.0,
            "coverage_error": -1.0,
            "label_ranking_average_precision_score": -1.0,
            "label_ranking_loss": -1.0,
            "training_time": 19.58612414356321,
            "test_time": 0.10376908350735903
        },
        {
            "seed": "5",
            "accuracy_score": 0.6026936026936027,
            "average_precision_score": -1.0,
            "balanced_accuracy_score": 0.49384550074093647,
            "cohen_kappa_score": 0.4838586156111929,
            "f1_score_macro": 0.4982248986026395,
            "f1_score_micro": 0.6026936026936027,
            "f1_score_weighted": 0.5924898922716132,
            "matthews_corrcoef": 0.48473075145320155,
            "precision_score": -1.0,
            "recall_score": -1.0,
            "roc_auc_score": -1.0,
            "coverage_error": -1.0,
            "label_ranking_average_precision_score": -1.0,
            "label_ranking_loss": -1.0,
            "training_time": 19.46177478507161,
            "test_time": 0.09836202766746283
        },
        {
            "seed": "7",
            "accuracy_score": 0.5824915824915825,
            "average_precision_score": -1.0,
            "balanced_accuracy_score": 0.45044759334233025,
            "cohen_kappa_score": 0.45398745718987676,
            "f1_score_macro": 0.45644168704570165,
            "f1_score_micro": 0.5824915824915825,
            "f1_score_weighted": 0.5736256665280413,
            "matthews_corrcoef": 0.4545979152042033,
            "precision_score": -1.0,
            "recall_score": -1.0,
            "roc_auc_score": -1.0,
            "coverage_error": -1.0,
            "label_ranking_average_precision_score": -1.0,
            "label_ranking_loss": -1.0,
            "training_time": 19.360050538554788,
            "test_time": 0.09882903099060059
        },
        {
            "seed": "11",
            "accuracy_score": 0.622895622895623,
            "average_precision_score": -1.0,
            "balanced_accuracy_score": 0.48899875545307586,
            "cohen_kappa_score": 0.5147483588621444,
            "f1_score_macro": 0.4761421793808765,
            "f1_score_micro": 0.622895622895623,
            "f1_score_weighted": 0.610370033390782,
            "matthews_corrcoef": 0.5181067082452442,
            "precision_score": -1.0,
            "recall_score": -1.0,
            "roc_auc_score": -1.0,
            "coverage_error": -1.0,
            "label_ranking_average_precision_score": -1.0,
            "label_ranking_loss": -1.0,
            "training_time": 18.529889502562582,
            "test_time": 0.09722011536359787
        },
        {
            "seed": "13",
            "accuracy_score": 0.6734006734006734,
            "average_precision_score": -1.0,
            "balanced_accuracy_score": 0.5370775944374075,
            "cohen_kappa_score": 0.5681133348324714,
            "f1_score_macro": 0.5473472059743518,
            "f1_score_micro": 0.6734006734006734,
            "f1_score_weighted": 0.6657536308766199,
            "matthews_corrcoef": 0.5688007538452798,
            "precision_score": -1.0,
            "recall_score": -1.0,
            "roc_auc_score": -1.0,
            "coverage_error": -1.0,
            "label_ranking_average_precision_score": -1.0,
            "label_ranking_loss": -1.0,
            "training_time": 19.843342140316963,
            "test_time": 0.10794601496309042
        },
        {
            "seed": "17",
            "accuracy_score": 0.6026936026936027,
            "average_precision_score": -1.0,
            "balanced_accuracy_score": 0.5102193872736509,
            "cohen_kappa_score": 0.4874592333679454,
            "f1_score_macro": 0.4810929371895192,
            "f1_score_micro": 0.6026936026936027,
            "f1_score_weighted": 0.5918003848517401,
            "matthews_corrcoef": 0.48804972399914986,
            "precision_score": -1.0,
            "recall_score": -1.0,
            "roc_auc_score": -1.0,
            "coverage_error": -1.0,
            "label_ranking_average_precision_score": -1.0,
            "label_ranking_loss": -1.0,
            "training_time": 20.11341819074005,
            "test_time": 0.10042086243629456
        },
        {
            "seed": "19",
            "accuracy_score": 0.6161616161616161,
            "average_precision_score": -1.0,
            "balanced_accuracy_score": 0.5862843488649941,
            "cohen_kappa_score": 0.4988751406074241,
            "f1_score_macro": 0.561966565105779,
            "f1_score_micro": 0.6161616161616161,
            "f1_score_weighted": 0.6049366738114365,
            "matthews_corrcoef": 0.5001914941320655,
            "precision_score": -1.0,
            "recall_score": -1.0,
            "roc_auc_score": -1.0,
            "coverage_error": -1.0,
            "label_ranking_average_precision_score": -1.0,
            "label_ranking_loss": -1.0,
            "training_time": 19.936535163782537,
            "test_time": 0.10852602403610945
        },
        {
            "seed": "23",
            "accuracy_score": 0.6026936026936027,
            "average_precision_score": -1.0,
            "balanced_accuracy_score": 0.5428745626267832,
            "cohen_kappa_score": 0.46261653581943085,
            "f1_score_macro": 0.5569450182232137,
            "f1_score_micro": 0.6026936026936027,
            "f1_score_weighted": 0.5966992906842532,
            "matthews_corrcoef": 0.4651954814307211,
            "precision_score": -1.0,
            "recall_score": -1.0,
            "roc_auc_score": -1.0,
            "coverage_error": -1.0,
            "label_ranking_average_precision_score": -1.0,
            "label_ranking_loss": -1.0,
            "training_time": 19.338094485923648,
            "test_time": 0.10221217107027769
        },
        {
            "seed": "29",
            "accuracy_score": 0.6195286195286195,
            "average_precision_score": -1.0,
            "balanced_accuracy_score": 0.5416762404262403,
            "cohen_kappa_score": 0.5086884597929995,
            "f1_score_macro": 0.5258193669265507,
            "f1_score_micro": 0.6195286195286195,
            "f1_score_weighted": 0.6097444426626228,
            "matthews_corrcoef": 0.513617857342817,
            "precision_score": -1.0,
            "recall_score": -1.0,
            "roc_auc_score": -1.0,
            "coverage_error": -1.0,
            "label_ranking_average_precision_score": -1.0,
            "label_ranking_loss": -1.0,
            "training_time": 19.811059934087098,