{"framework": "h2o", "accuracy_score": 0.2053872053872054, "average_precision_score": -1.0, "balanced_accuracy_score": 0.07464596949891068, "cohen_kappa_score": -0.1322144507083205, "f1_score_macro": 0.058728679418334595, "f1_score_micro": 0.2053872053872054, "f1_score_weighted": 0.16099485065002309, "matthews_corrcoef": -0.14418403246402156, "precision_score": -1.0, "recall_score": -1.0, "roc_auc_score": -1.0, "training_time": "00:10:06", "test_time": "00:00:00"}