{
    "id": 181,
    "framework": "lightwood",
    "results": [
        {
            "seed": "2",
            "accuracy_score": 0.39057239057239057,
            "average_precision_score": -1.0,
            "balanced_accuracy_score": 0.20434146735617326,
            "cohen_kappa_score": 0.20992063492063495,
            "f1_score_macro": 0.1474753412963978,
            "f1_score_micro": 0.39057239057239057,
            "f1_score_weighted": 0.36863055147218315,
            "matthews_corrcoef": 0.21412451477113678,
            "precision_score": -1.0,
            "recall_score": -1.0,
            "roc_auc_score": -1.0,
            "coverage_error": -1.0,
            "label_ranking_average_precision_score": -1.0,
            "label_ranking_loss": -1.0,
            "training_time": 2.664302707000388,
            "test_time": 0.06170937099977891
        },
        {
            "seed": "3",
            "accuracy_score": 0.3468013468013468,
            "average_precision_score": -1.0,
            "balanced_accuracy_score": 0.2029036110568258,
            "cohen_kappa_score": 0.15902091573861887,
            "f1_score_macro": 0.15346921389856277,
            "f1_score_micro": 0.3468013468013468,
            "f1_score_weighted": 0.26925396994589085,
            "matthews_corrcoef": 0.18204281157150776,
            "precision_score": -1.0,
            "recall_score": -1.0,
            "roc_auc_score": -1.0,
            "coverage_error": -1.0,
            "label_ranking_average_precision_score": -1.0,
            "label_ranking_loss": -1.0,
            "training_time": 1.8875102629999674,
            "test_time": 0.06529329200020584
        },
        {
            "seed": "5",
            "accuracy_score": 0.3434343434343434,
            "average_precision_score": -1.0,
            "balanced_accuracy_score": 0.1911377012500608,
            "cohen_kappa_score": 0.14288885600118395,
            "f1_score_macro": 0.16106996985248306,
            "f1_score_micro": 0.3434343434343434,
            "f1_score_weighted": 0.30838345462265543,
            "matthews_corrcoef": 0.15066042156348292,
            "precision_score": -1.0,
            "recall_score": -1.0,
            "roc_auc_score": -1.0,
            "coverage_error": -1.0,
            "label_ranking_average_precision_score": -1.0,
            "label_ranking_loss": -1.0,
            "training_time": 2.1433297739999944,
            "test_time": 0.09880007799984014
        },
        {
            "seed": "7",
            "accuracy_score": 0.36363636363636365,
            "average_precision_score": -1.0,
            "balanced_accuracy_score": 0.2242496100390837,
            "cohen_kappa_score": 0.1850018148820327,
            "f1_score_macro": 0.19297265774797348,
            "f1_score_micro": 0.36363636363636365,
            "f1_score_weighted": 0.326024983319546,
            "matthews_corrcoef": 0.20621677310878841,
            "precision_score": -1.0,
            "recall_score": -1.0,
            "roc_auc_score": -1.0,
            "coverage_error": -1.0,
            "label_ranking_average_precision_score": -1.0,
            "label_ranking_loss": -1.0,
            "training_time": 4.999299887000234,
            "test_time": 0.06719789499993567
        },
        {
            "seed": "11",
            "accuracy_score": 0.3468013468013468,
            "average_precision_score": -1.0,
            "balanced_accuracy_score": 0.16930269454848107,
            "cohen_kappa_score": 0.1668401874023947,
            "f1_score_macro": 0.14688189270129068,
            "f1_score_micro": 0.3468013468013468,
            "f1_score_weighted": 0.33480392722310226,
            "matthews_corrcoef": 0.1702405297854575,
            "precision_score": -1.0,
            "recall_score": -1.0,
            "roc_auc_score": -1.0,
            "coverage_error": -1.0,
            "label_ranking_average_precision_score": -1.0,
            "label_ranking_loss": -1.0,
            "training_time": 1.8170606500002577,
            "test_time": 0.06993168799999694
        },
        {
            "seed": "13",
            "accuracy_score": 0.2996632996632997,
            "average_precision_score": -1.0,
            "balanced_accuracy_score": 0.15935188037991774,
            "cohen_kappa_score": 0.1188326415336558,
            "f1_score_macro": 0.12657179958049522,
            "f1_score_micro": 0.2996632996632997,
            "f1_score_weighted": 0.23542685037985872,
            "matthews_corrcoef": 0.1370998300977588,
            "precision_score": -1.0,
            "recall_score": -1.0,
            "roc_auc_score": -1.0,
            "coverage_error": -1.0,
            "label_ranking_average_precision_score": -1.0,
            "label_ranking_loss": -1.0,
            "training_time": 1.5148583380000673,
            "test_time": 0.07064450699999725
        },
        {
            "seed": "17",
            "accuracy_score": 0.3569023569023569,
            "average_precision_score": -1.0,
            "balanced_accuracy_score": 0.2578689197681446,
            "cohen_kappa_score": 0.18067190478941586,
            "f1_score_macro": 0.21518962157073915,
            "f1_score_micro": 0.35690235690235694,
            "f1_score_weighted": 0.3255403324633904,
            "matthews_corrcoef": 0.19339291689789373,
            "precision_score": -1.0,
            "recall_score": -1.0,
            "roc_auc_score": -1.0,
            "coverage_error": -1.0,
            "label_ranking_average_precision_score": -1.0,
            "label_ranking_loss": -1.0,
            "training_time": 2.8320840609999323,
            "test_time": 0.07044729600011124
        },
        {
            "seed": "19",
            "accuracy_score": 0.3400673400673401,
            "average_precision_score": -1.0,
            "balanced_accuracy_score": 0.2111111111111111,
            "cohen_kappa_score": 0.16206762534007002,
            "f1_score_macro": 0.16654169360051713,
            "f1_score_micro": 0.3400673400673401,
            "f1_score_weighted": 0.266888841006488,
            "matthews_corrcoef": 0.18744951561168904,
            "precision_score": -1.0,
            "recall_score": -1.0,
            "roc_auc_score": -1.0,
            "coverage_error": -1.0,
            "label_ranking_average_precision_score": -1.0,
            "label_ranking_loss": -1.0,
            "training_time": 2.115925808999691,
            "test_time": 0.0781983339998078
        },
        {
            "seed": "23",
            "accuracy_score": 0.39730639730639733,
            "average_precision_score": -1.0,
            "balanced_accuracy_score": 0.26013042612504983,
            "cohen_kappa_score": 0.17696690095055279,
            "f1_score_macro": 0.22209684725158385,
            "f1_score_micro": 0.39730639730639733,
            "f1_score_weighted": 0.383501026364244,
            "matthews_corrcoef": 0.1786930954003452,
            "precision_score": -1.0,
            "recall_score": -1.0,
            "roc_auc_score": -1.0,
            "coverage_error": -1.0,
            "label_ranking_average_precision_score": -1.0,
            "label_ranking_loss": -1.0,
            "training_time": 1.714379800000188,
            "test_time": 0.06080763499994646
        },
        {
            "seed": "29",
            "accuracy_score": 0.38047138047138046,
            "average_precision_score": -1.0,
            "balanced_accuracy_score": 0.18679924242424242,
            "cohen_kappa_score": 0.1790156841535966,
            "f1_score_macro": 0.15173104155206657,
            "f1_score_micro": 0.38047138047138046,
            "f1_score_weighted": 0.3357244017804569,
            "matthews_corrcoef": 0.19206886491219435,
            "precision_score": -1.0,
            "recall_score": -1.0,
            "roc_auc_score": -1.0,
            "coverage_error": -1.0,
            "label_ranking_average_precision_score": -1.0,
            "label_ranking_loss": -1.0,
            "training_time": 1.644578668000122,