{"framework": "gama", "accuracy_score": 0.6127946127946128, "average_precision_score": -1.0, "balanced_accuracy_score": 0.6009898190045249, "cohen_kappa_score": 0.4926470588235293, "f1_score_macro": 0.6014739853147909, "f1_score_micro": 0.6127946127946128, "f1_score_weighted": 0.6040963846235454, "matthews_corrcoef": 0.4933927361955795, "precision_score": -1.0, "recall_score": -1.0, "roc_auc_score": -1.0, "training_time": "00:08:59", "test_time": "00:00:00"}