{"framework": "h2o", "accuracy_score": 0.21885521885521886, "average_precision_score": -1.0, "balanced_accuracy_score": 0.08093472431707727, "cohen_kappa_score": -0.11343804537521818, "f1_score_macro": 0.06716881002595289, "f1_score_micro": 0.21885521885521886, "f1_score_weighted": 0.17683514177020673, "matthews_corrcoef": -0.12380755700838048, "precision_score": -1.0, "recall_score": -1.0, "roc_auc_score": -1.0, "coverage_error": -1.0, "label_ranking_average_precision_score": -1.0, "label_ranking_loss": -1.0, "training_time": "00:10:05", "test_time": "00:00:00"}