{
    "id": 181,
    "framework": "autosklearn",
    "results": [
        {
            "seed": "2",
            "accuracy_score": 0.6060606060606061,
            "average_precision_score": -1.0,
            "balanced_accuracy_score": 0.4633012182605836,
            "cohen_kappa_score": 0.4848031075791722,
            "f1_score_macro": 0.49121892415946683,
            "f1_score_micro": 0.6060606060606061,
            "f1_score_weighted": 0.6002257029640277,
            "matthews_corrcoef": 0.4856482910667961,
            "precision_score": -1.0,
            "recall_score": -1.0,
            "roc_auc_score": -1.0,
            "coverage_error": -1.0,
            "label_ranking_average_precision_score": -1.0,
            "label_ranking_loss": -1.0,
            "training_time": 301.38157337601297,
            "test_time": 3.6045184390386567
        },
        {
            "seed": "3",
            "accuracy_score": 0.6127946127946128,
            "average_precision_score": -1.0,
            "balanced_accuracy_score": 0.5556179429135996,
            "cohen_kappa_score": 0.4958522760819507,
            "f1_score_macro": 0.5750344631893928,
            "f1_score_micro": 0.6127946127946128,
            "f1_score_weighted": 0.6050486637341098,
            "matthews_corrcoef": 0.4982586687095187,
            "precision_score": -1.0,
            "recall_score": -1.0,
            "roc_auc_score": -1.0,
            "coverage_error": -1.0,
            "label_ranking_average_precision_score": -1.0,
            "label_ranking_loss": -1.0,
            "training_time": 305.6006328659714,
            "test_time": 2.930681478988845
        },
        {
            "seed": "5",
            "accuracy_score": 0.5791245791245792,
            "average_precision_score": -1.0,
            "balanced_accuracy_score": 0.5371709898002934,
            "cohen_kappa_score": 0.4591346153846154,
            "f1_score_macro": 0.5115090263587299,
            "f1_score_micro": 0.5791245791245792,
            "f1_score_weighted": 0.5717853818723542,
            "matthews_corrcoef": 0.45986722070294694,
            "precision_score": -1.0,
            "recall_score": -1.0,
            "roc_auc_score": -1.0,
            "coverage_error": -1.0,
            "label_ranking_average_precision_score": -1.0,
            "label_ranking_loss": -1.0,
            "training_time": 300.91063698596554,
            "test_time": 4.007768404029775
        },
        {
            "seed": "7",
            "accuracy_score": 0.6094276094276094,
            "average_precision_score": -1.0,
            "balanced_accuracy_score": 0.4590361100887416,
            "cohen_kappa_score": 0.48786252619999704,
            "f1_score_macro": 0.4702352357710633,
            "f1_score_micro": 0.6094276094276094,
            "f1_score_weighted": 0.6000864403982459,
            "matthews_corrcoef": 0.4886036101562789,
            "precision_score": -1.0,
            "recall_score": -1.0,
            "roc_auc_score": -1.0,
            "coverage_error": -1.0,
            "label_ranking_average_precision_score": -1.0,
            "label_ranking_loss": -1.0,
            "training_time": 305.5932842839975,
            "test_time": 6.052192079951055
        },
        {
            "seed": "11",
            "accuracy_score": 0.6296296296296297,
            "average_precision_score": -1.0,
            "balanced_accuracy_score": 0.5450377008897608,
            "cohen_kappa_score": 0.524855289566305,
            "f1_score_macro": 0.542823077617972,
            "f1_score_micro": 0.6296296296296297,
            "f1_score_weighted": 0.6193885679222391,
            "matthews_corrcoef": 0.5284840413651956,
            "precision_score": -1.0,
            "recall_score": -1.0,
            "roc_auc_score": -1.0,
            "coverage_error": -1.0,
            "label_ranking_average_precision_score": -1.0,
            "label_ranking_loss": -1.0,
            "training_time": 307.81169595499523,
            "test_time": 3.5019422940094955
        },
        {
            "seed": "13",
            "accuracy_score": 0.6666666666666666,
            "average_precision_score": -1.0,
            "balanced_accuracy_score": 0.5383710125688318,
            "cohen_kappa_score": 0.5577631717478605,
            "f1_score_macro": 0.5442630257119899,
            "f1_score_micro": 0.6666666666666666,
            "f1_score_weighted": 0.6589361019040931,
            "matthews_corrcoef": 0.5586771926518496,
            "precision_score": -1.0,
            "recall_score": -1.0,
            "roc_auc_score": -1.0,
            "coverage_error": -1.0,
            "label_ranking_average_precision_score": -1.0,
            "label_ranking_loss": -1.0,
            "training_time": 303.7848500040127,
            "test_time": 2.3507351519656368
        },
        {
            "seed": "17",
            "accuracy_score": 0.6094276094276094,
            "average_precision_score": -1.0,
            "balanced_accuracy_score": 0.5118437706422202,
            "cohen_kappa_score": 0.4947053474524068,
            "f1_score_macro": 0.48444556466338706,
            "f1_score_micro": 0.6094276094276094,
            "f1_score_weighted": 0.5985884263133611,
            "matthews_corrcoef": 0.49569363109610265,
            "precision_score": -1.0,
            "recall_score": -1.0,
            "roc_auc_score": -1.0,
            "coverage_error": -1.0,
            "label_ranking_average_precision_score": -1.0,
            "label_ranking_loss": -1.0,
            "training_time": 304.741566945042,
            "test_time": 3.1747365799965337
        },
        {
            "seed": "19",
            "accuracy_score": 0.6195286195286195,
            "average_precision_score": -1.0,
            "balanced_accuracy_score": 0.5304778972520907,
            "cohen_kappa_score": 0.5017592303923752,
            "f1_score_macro": 0.5256410240659862,
            "f1_score_micro": 0.6195286195286195,
            "f1_score_weighted": 0.6089398418905773,
            "matthews_corrcoef": 0.5036182297769152,
            "precision_score": -1.0,
            "recall_score": -1.0,
            "roc_auc_score": -1.0,
            "coverage_error": -1.0,
            "label_ranking_average_precision_score": -1.0,
            "label_ranking_loss": -1.0,
            "training_time": 301.82752461195923,
            "test_time": 2.160247879975941
        },
        {
            "seed": "23",
            "accuracy_score": 0.6094276094276094,
            "average_precision_score": -1.0,
            "balanced_accuracy_score": 0.5333721425060836,
            "cohen_kappa_score": 0.47205663760209626,
            "f1_score_macro": 0.5255442910401146,
            "f1_score_micro": 0.6094276094276094,
            "f1_score_weighted": 0.601407008474903,
            "matthews_corrcoef": 0.47949475813612175,
            "precision_score": -1.0,
            "recall_score": -1.0,
            "roc_auc_score": -1.0,
            "coverage_error": -1.0,
            "label_ranking_average_precision_score": -1.0,
            "label_ranking_loss": -1.0,
            "training_time": 301.4327603590209,
            "test_time": 2.0085908899782225
        },
        {
            "seed": "29",
            "accuracy_score": 0.632996632996633,
            "average_precision_score": -1.0,
            "balanced_accuracy_score": 0.5915086996336997,
            "cohen_kappa_score": 0.5278150525087515,
            "f1_score_macro": 0.582945674747608,
            "f1_score_micro": 0.632996632996633,
            "f1_score_weighted": 0.6259521221050898,
            "matthews_corrcoef": 0.5335095671988156,
            "precision_score": -1.0,
            "recall_score": -1.0,
            "roc_auc_score": -1.0,
            "coverage_error": -1.0,
            "label_ranking_average_precision_score": -1.0,
            "label_ranking_loss": -1.0,
            "training_time": 306.0167769899708,