{"framework": "flaml", "accuracy_score": 0.622895622895623, "average_precision_score": -1.0, "balanced_accuracy_score": 0.5900714345567286, "cohen_kappa_score": 0.5053386075008179, "f1_score_macro": 0.5661345410940156, "f1_score_micro": 0.622895622895623, "f1_score_weighted": 0.6141133893260137, "matthews_corrcoef": 0.5065196128191966, "precision_score": -1.0, "recall_score": -1.0, "roc_auc_score": -1.0, "training_time": "00:10:00", "test_time": "00:00:00"}