{"framework": "autokeras", "accuracy_score": 0.9250814332247557, "average_precision_score": 0.9022223745839092, "balanced_accuracy_score": 0.9193683905548312, "cohen_kappa_score": 0.845355857467203, "f1_score_macro": 0.9226281282530483, "f1_score_micro": 0.9250814332247557, "f1_score_weighted": 0.9247373721616503, "matthews_corrcoef": 0.8464812410428023, "precision_score": 0.9169675090252708, "recall_score": 0.9566854990583804, "roc_auc_score": 0.9193683905548312, "training_time": "00:00:25", "test_time": "00:00:01"}