{"framework": "tpot", "accuracy_score": 0.9565689467969598, "average_precision_score": 0.9413045737955061, "balanced_accuracy_score": 0.9531435607706794, "cohen_kappa_score": 0.9106272106665114, "f1_score_macro": 0.955302978830792, "f1_score_micro": 0.9565689467969598, "f1_score_weighted": 0.9564546013032414, "matthews_corrcoef": 0.9110730477530441, "precision_score": 0.9504587155963303, "recall_score": 0.975517890772128, "roc_auc_score": 0.9531435607706795, "training_time": "00:05:01", "test_time": "00:00:00"}