{"framework": "gama", "accuracy_score": 0.9543973941368078, "average_precision_score": 0.9361320549479619, "balanced_accuracy_score": 0.949898594813849, "cohen_kappa_score": 0.9059655775962661, "f1_score_macro": 0.9529599182799883, "f1_score_micro": 0.9543973941368078, "f1_score_weighted": 0.9542188257073893, "matthews_corrcoef": 0.9068752196641968, "precision_score": 0.9437386569872959, "recall_score": 0.9792843691148776, "roc_auc_score": 0.9498985948138491, "training_time": "00:04:29", "test_time": "00:00:00"}