{"framework": "h2o", "accuracy_score": 0.9153094462540716, "average_precision_score": 0.8866999069431944, "balanced_accuracy_score": 0.9071490656236418, "cohen_kappa_score": 0.8244016191481873, "f1_score_macro": 0.9120615194782302, "f1_score_micro": 0.9153094462540716, "f1_score_weighted": 0.9146488509776294, "matthews_corrcoef": 0.827122512814933, "precision_score": 0.8994708994708994, "recall_score": 0.96045197740113, "roc_auc_score": 0.9071490656236418, "training_time": "00:05:05", "test_time": "00:00:00"}