{"framework": "autosklearn", "accuracy_score": 0.9619978284473398, "average_precision_score": 0.9480241865788809, "balanced_accuracy_score": 0.958872953788208, "cohen_kappa_score": 0.9218255498403044, "f1_score_macro": 0.9609047633485946, "f1_score_micro": 0.9619978284473398, "f1_score_weighted": 0.961905556718225, "matthews_corrcoef": 0.9222143923649092, "precision_score": 0.9558823529411765, "recall_score": 0.9792843691148776, "roc_auc_score": 0.958872953788208, "training_time": "00:05:49", "test_time": "00:00:01"}