{"id": 1462, "framework": "vowpal", "results": [{"seed": "2", "accuracy_score": 0.9309090909090909, "average_precision_score": 0.8870896010464356, "balanced_accuracy_score": 0.9318181818181819, "cohen_kappa_score": 0.861878453038674, "f1_score_macro": 0.9308944702350249, "f1_score_micro": 0.9309090909090909, "f1_score_weighted": 0.9309346770887064, "matthews_corrcoef": 0.8629965313481374, "precision_score": 0.9064748201438849, "recall_score": 0.9545454545454546, "roc_auc_score": 0.9318181818181819, "coverage_error": -1.0, "label_ranking_average_precision_score": -1.0, "label_ranking_loss": -1.0, "training_time": 0.01566455799911637, "test_time": 0.0037869279985898174}, {"seed": "3", "accuracy_score": 0.96, "average_precision_score": 0.9111094218128158, "balanced_accuracy_score": 0.9638684913217623, "cohen_kappa_score": 0.9168476318755325, "f1_score_macro": 0.9583957969439821, "f1_score_micro": 0.96, "f1_score_weighted": 0.9602079522480023, "matthews_corrcoef": 0.9181339261037713, "precision_score": 0.9210526315789473, "recall_score": 0.9813084112149533, "roc_auc_score": 0.9638684913217622, "coverage_error": -1.0, "label_ranking_average_precision_score": -1.0, "label_ranking_loss": -1.0, "training_time": 0.013411742002062965, "test_time": 0.0038516280037583783}, {"seed": "5", "accuracy_score": 0.9636363636363636, "average_precision_score": 0.9472905354679889, "balanced_accuracy_score": 0.9623058097467546, "cohen_kappa_score": 0.9266823077743415, "f1_score_macro": 0.9633333333333333, "f1_score_micro": 0.9636363636363636, "f1_score_weighted": 0.9635878787878789, "matthews_corrcoef": 0.9270810742933354, "precision_score": 0.975609756097561, "recall_score": 0.9448818897637795, "roc_auc_score": 0.9623058097467546, "coverage_error": -1.0, "label_ranking_average_precision_score": -1.0, "label_ranking_loss": -1.0, "training_time": 0.014404039997316431, "test_time": 0.0036358509969431907}, {"seed": "7", "accuracy_score": 0.9563636363636364, "average_precision_score": 0.9247484882267492, "balanced_accuracy_score": 0.9542626852753435, "cohen_kappa_score": 0.9105448631065329, "f1_score_macro": 0.955270006506181, "f1_score_micro": 0.9563636363636364, "f1_score_weighted": 0.9563127698586384, "matthews_corrcoef": 0.9106460797267362, "precision_score": 0.9565217391304348, "recall_score": 0.9401709401709402, "roc_auc_score": 0.9542626852753435, "coverage_error": -1.0, "label_ranking_average_precision_score": -1.0, "label_ranking_loss": -1.0, "training_time": 0.013590768998255953, "test_time": 0.003847639003652148}, {"seed": "11", "accuracy_score": 0.9309090909090909, "average_precision_score": 0.8695998595998596, "balanced_accuracy_score": 0.9289716545814106, "cohen_kappa_score": 0.856696195935383, "f1_score_macro": 0.9283471153714293, "f1_score_micro": 0.9309090909090909, "f1_score_weighted": 0.9309583596694305, "matthews_corrcoef": 0.85672056414426, "precision_score": 0.9107142857142857, "recall_score": 0.918918918918919, "roc_auc_score": 0.9289716545814106, "coverage_error": -1.0, "label_ranking_average_precision_score": -1.0, "label_ranking_loss": -1.0, "training_time": 0.014406323003640864, "test_time": 0.0037201199957053177}, {"seed": "13", "accuracy_score": 0.9454545454545454, "average_precision_score": 0.9048622589531681, "balanced_accuracy_score": 0.9450268817204301, "cohen_kappa_score": 0.8892171344165436, "f1_score_macro": 0.9446078233895984, "f1_score_micro": 0.9454545454545454, "f1_score_weighted": 0.9454794490446911, "matthews_corrcoef": 0.8892413870143903, "precision_score": 0.9338842975206612, "recall_score": 0.9416666666666667, "roc_auc_score": 0.94502688172043, "coverage_error": -1.0, "label_ranking_average_precision_score": -1.0, "label_ranking_loss": -1.0, "training_time": 0.0131119249999756, "test_time": 0.0035357919987291098}, {"seed": "17", "accuracy_score": 0.9345454545454546, "average_precision_score": 0.8779782818807209, "balanced_accuracy_score": 0.9363842908146706, "cohen_kappa_score": 0.8669998387876834, "f1_score_macro": 0.9334677419354838, "f1_score_micro": 0.9345454545454546, "f1_score_weighted": 0.9347302052785922, "matthews_corrcoef": 0.867853118876653, "precision_score": 0.9024390243902439, "recall_score": 0.9487179487179487, "roc_auc_score": 0.9363842908146706, "coverage_error": -1.0, "label_ranking_average_precision_score": -1.0, "label_ranking_loss": -1.0, "training_time": 0.013280983999720775, "test_time": 0.0035793819988612086}, {"seed": "19", "accuracy_score": 0.9490909090909091, "average_precision_score": 0.9350653692437834, "balanced_accuracy_score": 0.9490108960118481, "cohen_kappa_score": 0.8981643125429826, "f1_score_macro": 0.9490579019794643, "f1_score_micro": 0.9490909090909091, "f1_score_weighted": 0.9490626172810992, "matthews_corrcoef": 0.8990209423834676, "precision_score": 0.9694656488549618, "recall_score": 0.927007299270073, "roc_auc_score": 0.949010896011848, "coverage_error": -1.0, "label_ranking_average_precision_score": -1.0, "label_ranking_loss": -1.0, "training_time": 0.012958897998032626, "test_time": 0.003564770995581057}, {"seed": "23", "accuracy_score": 0.9563636363636364, "average_precision_score": 0.937059901338971, "balanced_accuracy_score": 0.9552936179250292, "cohen_kappa_score": 0.9122340425531915, "f1_score_macro": 0.9561076824856352, "f1_score_micro": 0.9563636363636364, "f1_score_weighted": 0.956314883244017, "matthews_corrcoef": 0.9126246718800598, "precision_score": 0.968, "recall_score": 0.937984496124031, "roc_auc_score": 0.9552936179250291, "coverage_error": -1.0, "label_ranking_average_precision_score": -1.0, "label_ranking_loss": -1.0, "training_time": 0.012693689001025632, "test_time": 0.0035316419962327927}, {"seed": "29", "accuracy_score": 0.9381818181818182, "average_precision_score": 0.8992996217957698, "balanced_accuracy_score": 0.9359504132231405, "cohen_kappa_score": 0.8742231429416987, "f1_score_macro": 0.9371039567329038, "f1_score_micro": 0.9381818181818182, "f1_score_weighted": 0.9380919963944088, "matthews_corrcoef": 0.874438569355704, "precision_score": 0.940677966101695, "recall_score": 0.9173553719008265, "roc_auc_score": 0.9359504132231405, "coverage_error": -1.0, "label_ranking_average_precision_score": -1.0, "label_ranking_loss": -1.0, "training_time": 0.013721948998863809, "test_time": 0.003864648002490867}, {"seed": "31", "accuracy_score": 0.9454545454545454, "average_precision_score": 0.9141029164757979, "balanced_accuracy_score": 0.9406509770052899, "cohen_kappa_score": 0.8878436064058294, "f1_score_macro": 0.9438844223156349, "f1_score_micro": 0.9454545454545454, "f1_score_weighted": 0.9452156136725374, "matthews_corrcoef": 0.8890622073902852, "precision_score": 0.963963963963964, "recall_score": 0.9067796610169492, "roc_auc_score": 0.9406509770052899, "coverage_error": -1.0, "label_ranking_average_precision_score": -1.0, "label_ranking_loss": -1.0, "training_time": 0.015128242994251195, "test_time": 0.003579361997253727}, {"seed": "37", "accuracy_score": 0.9818181818181818, "average_precision_score": 0.9781818181818182, "balanced_accuracy_score": 0.98, "cohen_kappa_score": 0.9632107023411371, "f1_score_macro": 0.9815991970558715, "f1_score_micro": 0.9818181818181818, "f1_score_weighted": 0.9817816843577967, "matthews_corrcoef": 0.9638631946829985, "precision_score": 1.0, "recall_score": 0.96, "roc_auc_score": 0.98, "coverage_error": -1.0, "label_ranking_average_precision_score": -1.0, "label_ranking_loss": -1.0, "training_time": 0.0134422910050489, "test_time": 0.0035155929945176467}, {"seed": "41", "accuracy_score": 0.9745454545454545, "average_precision_score": 0.959989774005522, "balanced_accuracy_score": 0.9741168333688018, "cohen_kappa_score": 0.9487636741103511, "f1_score_macro": 0.9743814961206265, "f1_score_micro": 0.9745454545454545, "f1_score_weighted": 0.9745380018897806, "matthews_corrcoef": 0.9487890900038529, "precision_score": 0.9761904761904762, "recall_score": 0.968503937007874, "roc_auc_score": 0.974116833368802, "coverage_error": -1.0,