{"framework": "autosklearn", "accuracy_score": 0.18801652892561985, "average_precision_score": 0.3841133414202006, "balanced_accuracy_score": -1.0, "cohen_kappa_score": -1.0, "f1_score_macro": 0.39540346166979007, "f1_score_micro": 0.6394520547945205, "f1_score_weighted": 0.5899508888389972, "matthews_corrcoef": -1.0, "precision_score": -1.0, "recall_score": -1.0, "roc_auc_score": 0.5900086971235056, "coverage_error": 11.380165289256198, "label_ranking_average_precision_score": 0.6214423728628279, "label_ranking_loss": 0.4530825509758509, "training_time": "00:18:22", "test_time": "00:00:02"}