{"framework": "autokeras", "accuracy_score": 0.008264462809917356, "average_precision_score": 0.331949540782253, "balanced_accuracy_score": -1.0, "cohen_kappa_score": -1.0, "f1_score_macro": 0.1723937938899008, "f1_score_micro": 0.24528301886792453, "f1_score_weighted": 0.2267776309101938, "matthews_corrcoef": -1.0, "precision_score": -1.0, "recall_score": -1.0, "roc_auc_score": 0.5321848180457109, "coverage_error": 13.892561983471074, "label_ranking_average_precision_score": 0.4237841073068348, "label_ranking_loss": 0.8341851961170144, "training_time": "00:01:21", "test_time": "00:00:00"}