{"framework": "autokeras", "accuracy_score": 0.006198347107438017, "average_precision_score": 0.32394473769082355, "balanced_accuracy_score": -1.0, "cohen_kappa_score": -1.0, "f1_score_macro": 0.15654832272477445, "f1_score_micro": 0.21226415094339623, "f1_score_weighted": 0.19811427477702429, "matthews_corrcoef": -1.0, "precision_score": -1.0, "recall_score": -1.0, "roc_auc_score": 0.5235956514048128, "coverage_error": 13.919421487603305, "label_ranking_average_precision_score": 0.4090818903318902, "label_ranking_loss": 0.8550857601993966, "training_time": "00:01:16", "test_time": "00:00:00"}