{"framework": "autogluon", "accuracy_score": 0.956140350877193, "average_precision_score": 0.9488818878181369, "balanced_accuracy_score": 0.9510317720275139, "cohen_kappa_score": 0.9062191510365252, "f1_score_macro": 0.9531057178116, "f1_score_micro": 0.956140350877193, "f1_score_weighted": 0.9560357083576897, "matthews_corrcoef": 0.9063785942932301, "precision_score": 0.9583333333333334, "recall_score": 0.971830985915493, "roc_auc_score": 0.9510317720275139, "training_time": "00:00:08", "test_time": "00:00:00"}