{"framework": "h2o", "accuracy_score": 0.7807017543859649, "average_precision_score": 0.8232960984296585, "balanced_accuracy_score": 0.7964297412381265, "cohen_kappa_score": 0.5595054095826892, "f1_score_macro": 0.7768381489311722, "f1_score_micro": 0.7807017543859649, "f1_score_weighted": 0.7840502124467853, "matthews_corrcoef": 0.5747872982265628, "precision_score": 0.896551724137931, "recall_score": 0.7323943661971831, "roc_auc_score": 0.7964297412381264, "training_time": "00:05:04", "test_time": "00:00:00"}