{"framework": "gama", "accuracy_score": 0.9649122807017544, "average_precision_score": 0.9619993248346019, "balanced_accuracy_score": 0.9626596790042581, "cohen_kappa_score": 0.9253193580085162, "f1_score_macro": 0.9626596790042581, "f1_score_micro": 0.9649122807017544, "f1_score_weighted": 0.9649122807017544, "matthews_corrcoef": 0.9253193580085162, "precision_score": 0.971830985915493, "recall_score": 0.971830985915493, "roc_auc_score": 0.9626596790042582, "training_time": "00:04:29", "test_time": "00:00:00"}