{"framework": "evalml", "accuracy_score": 0.9912280701754386, "average_precision_score": 0.9861111111111112, "balanced_accuracy_score": 0.9883720930232558, "cohen_kappa_score": 0.981243830207305, "f1_score_macro": 0.99062114356232, "f1_score_micro": 0.9912280701754386, "f1_score_weighted": 0.991207141671538, "matthews_corrcoef": 0.9814164735593364, "precision_score": 0.9861111111111112, "recall_score": 1.0, "roc_auc_score": 0.9883720930232558, "training_time": "00:05:01", "test_time": "00:00:00"}