{"framework": "autosklearn", "accuracy_score": 0.7931034482758621, "average_precision_score": 0.7777413793103448, "balanced_accuracy_score": 0.6819444444444445, "cohen_kappa_score": 0.42950819672131146, "f1_score_macro": 0.7025641025641026, "f1_score_micro": 0.7931034482758621, "f1_score_weighted": 0.7648099027409373, "matthews_corrcoef": 0.4882081750874541, "precision_score": 0.78, "recall_score": 0.975, "roc_auc_score": 0.6819444444444445, "training_time": "00:04:55", "test_time": "00:00:00"}