{"framework": "evalml", "accuracy_score": 0.6896551724137931, "average_precision_score": 0.6896551724137931, "balanced_accuracy_score": 0.5, "cohen_kappa_score": 0.0, "f1_score_macro": 0.40816326530612246, "f1_score_micro": 0.6896551724137931, "f1_score_weighted": 0.5629838142153413, "matthews_corrcoef": 0.0, "precision_score": 0.6896551724137931, "recall_score": 1.0, "roc_auc_score": 0.5, "training_time": "00:05:02", "test_time": "00:00:00"}