{"framework": "h2o", "accuracy_score": 0.7413793103448276, "average_precision_score": 0.7272727272727273, "balanced_accuracy_score": 0.5833333333333334, "cohen_kappa_score": 0.21621621621621634, "f1_score_macro": 0.5639097744360902, "f1_score_micro": 0.7413793103448276, "f1_score_weighted": 0.6694322011926368, "matthews_corrcoef": 0.3481553119113957, "precision_score": 0.7272727272727273, "recall_score": 1.0, "roc_auc_score": 0.5833333333333333, "training_time": "00:04:59", "test_time": "00:00:00"}