{"framework": "gama", "accuracy_score": 0.7413793103448276, "average_precision_score": 0.7346942094990241, "balanced_accuracy_score": 0.5986111111111111, "cohen_kappa_score": 0.24610051993067583, "f1_score_macro": 0.5932678821879384, "f1_score_micro": 0.7413793103448276, "f1_score_weighted": 0.6863664941722687, "matthews_corrcoef": 0.32508666801189734, "precision_score": 0.7358490566037735, "recall_score": 0.975, "roc_auc_score": 0.5986111111111111, "training_time": "00:04:29", "test_time": "00:00:00"}