{"framework": "autokeras", "accuracy_score": 0.8448275862068966, "average_precision_score": 0.847654370489174, "balanced_accuracy_score": 0.7958333333333334, "cohen_kappa_score": 0.6200873362445415, "f1_score_macro": 0.809419496166484, "f1_score_micro": 0.8448275862068967, "f1_score_weighted": 0.8405786154020471, "matthews_corrcoef": 0.6251201434911928, "precision_score": 0.8604651162790697, "recall_score": 0.925, "roc_auc_score": 0.7958333333333334, "training_time": "00:00:06", "test_time": "00:00:00"}