{"framework": "flaml", "accuracy_score": 0.7758620689655172, "average_precision_score": 0.7547169811320755, "balanced_accuracy_score": 0.6388888888888888, "cohen_kappa_score": 0.34662045060658575, "f1_score_macro": 0.6474988312295465, "f1_score_micro": 0.7758620689655173, "f1_score_weighted": 0.7281842949492996, "matthews_corrcoef": 0.4578685464956301, "precision_score": 0.7547169811320755, "recall_score": 1.0, "roc_auc_score": 0.6388888888888888, "training_time": "00:04:59", "test_time": "00:00:00"}