{"framework": "autogluon", "accuracy_score": 0.7857142857142857, "average_precision_score": 0.818452380952381, "balanced_accuracy_score": 0.71875, "cohen_kappa_score": 0.4545454545454546, "f1_score_macro": 0.7268292682926829, "f1_score_micro": 0.7857142857142857, "f1_score_weighted": 0.7811846689895471, "matthews_corrcoef": 0.45643546458763845, "precision_score": 0.8333333333333334, "recall_score": 0.875, "roc_auc_score": 0.71875, "training_time": "00:00:08", "test_time": "00:00:00"}