{
    "id": 41470,
    "framework": "pycaret",
    "results": [
        {
            "seed": "2",
            "accuracy_score": 0.7025,
            "average_precision_score": -1.0,
            "balanced_accuracy_score": 0.30947179048830237,
            "cohen_kappa_score": 0.6067935500925192,
            "f1_score_macro": 0.3123080966607301,
            "f1_score_micro": 0.7025,
            "f1_score_weighted": 0.668647749165643,
            "matthews_corrcoef": 0.6117053430128092,
            "precision_score": -1.0,
            "recall_score": -1.0,
            "roc_auc_score": -1.0,
            "coverage_error": -1.0,
            "label_ranking_average_precision_score": -1.0,
            "label_ranking_loss": -1.0,
            "training_time": 540.4421755075455,
            "test_time": 0.12479230016469955
        },
        {
            "seed": "3",
            "accuracy_score": 0.73,
            "average_precision_score": -1.0,
            "balanced_accuracy_score": 0.3130026531103392,
            "cohen_kappa_score": 0.6534296028880866,
            "f1_score_macro": 0.27078451248872754,
            "f1_score_micro": 0.7299999999999999,
            "f1_score_weighted": 0.7094876508562551,
            "matthews_corrcoef": 0.6557477999156303,
            "precision_score": -1.0,
            "recall_score": -1.0,
            "roc_auc_score": -1.0,
            "coverage_error": -1.0,
            "label_ranking_average_precision_score": -1.0,
            "label_ranking_loss": -1.0,
            "training_time": 540.777358901687,
            "test_time": 0.20510661136358976
        },
        {
            "seed": "5",
            "accuracy_score": 0.7175,
            "average_precision_score": -1.0,
            "balanced_accuracy_score": 0.2682937457527779,
            "cohen_kappa_score": 0.6294352987472946,
            "f1_score_macro": 0.2675702330898062,
            "f1_score_micro": 0.7175,
            "f1_score_weighted": 0.6971903332455139,
            "matthews_corrcoef": 0.6364212429387907,
            "precision_score": -1.0,
            "recall_score": -1.0,
            "roc_auc_score": -1.0,
            "coverage_error": -1.0,
            "label_ranking_average_precision_score": -1.0,
            "label_ranking_loss": -1.0,
            "training_time": 517.291572522372,
            "test_time": 0.128166776150465
        },
        {
            "seed": "7",
            "accuracy_score": 0.7675,
            "average_precision_score": -1.0,
            "balanced_accuracy_score": 0.3387863333163986,
            "cohen_kappa_score": 0.6848419126368227,
            "f1_score_macro": 0.3488570578618503,
            "f1_score_micro": 0.7675,
            "f1_score_weighted": 0.7402030713135959,
            "matthews_corrcoef": 0.6888774783471688,
            "precision_score": -1.0,
            "recall_score": -1.0,
            "roc_auc_score": -1.0,
            "coverage_error": -1.0,
            "label_ranking_average_precision_score": -1.0,
            "label_ranking_loss": -1.0,
            "training_time": 539.2122768405825,
            "test_time": 0.12678330205380917
        },
        {
            "seed": "11",
            "accuracy_score": 0.7475,
            "average_precision_score": -1.0,
            "balanced_accuracy_score": 0.2903130103190553,
            "cohen_kappa_score": 0.668876886131351,
            "f1_score_macro": 0.27581923127129243,
            "f1_score_micro": 0.7475,
            "f1_score_weighted": 0.716031577793892,
            "matthews_corrcoef": 0.6722963068380545,
            "precision_score": -1.0,
            "recall_score": -1.0,
            "roc_auc_score": -1.0,
            "coverage_error": -1.0,
            "label_ranking_average_precision_score": -1.0,
            "label_ranking_loss": -1.0,
            "training_time": 510.94964023772627,
            "test_time": 0.19510792661458254
        },
        {
            "seed": "13",
            "accuracy_score": 0.7425,
            "average_precision_score": -1.0,
            "balanced_accuracy_score": 0.29356467887250476,
            "cohen_kappa_score": 0.6471152528436344,
            "f1_score_macro": 0.3024134834179255,
            "f1_score_micro": 0.7425,
            "f1_score_weighted": 0.7080762576998291,
            "matthews_corrcoef": 0.6516233216053373,
            "precision_score": -1.0,
            "recall_score": -1.0,
            "roc_auc_score": -1.0,
            "coverage_error": -1.0,
            "label_ranking_average_precision_score": -1.0,
            "label_ranking_loss": -1.0,
            "training_time": 526.0983575554565,
            "test_time": 0.12217806093394756
        },
        {
            "seed": "17",
            "accuracy_score": 0.76,
            "average_precision_score": -1.0,
            "balanced_accuracy_score": 0.28412605315620765,
            "cohen_kappa_score": 0.6745293813515506,
            "f1_score_macro": 0.29746874850890365,
            "f1_score_micro": 0.76,
            "f1_score_weighted": 0.7266901974166603,
            "matthews_corrcoef": 0.6798156490919175,
            "precision_score": -1.0,
            "recall_score": -1.0,
            "roc_auc_score": -1.0,
            "coverage_error": -1.0,
            "label_ranking_average_precision_score": -1.0,
            "label_ranking_loss": -1.0,
            "training_time": 529.5459765940905,
            "test_time": 0.12394636310636997
        },
        {
            "seed": "19",
            "accuracy_score": 0.7825,
            "average_precision_score": -1.0,
            "balanced_accuracy_score": 0.36790917424699715,
            "cohen_kappa_score": 0.7032944546756701,
            "f1_score_macro": 0.3906400282205228,
            "f1_score_micro": 0.7825,
            "f1_score_weighted": 0.7519251279905517,
            "matthews_corrcoef": 0.7078886602468144,
            "precision_score": -1.0,
            "recall_score": -1.0,
            "roc_auc_score": -1.0,
            "coverage_error": -1.0,
            "label_ranking_average_precision_score": -1.0,
            "label_ranking_loss": -1.0,
            "training_time": 536.2772047342733,
            "test_time": 0.13073188159614801
        },
        {
            "seed": "23",
            "accuracy_score": 0.73,
            "average_precision_score": -1.0,
            "balanced_accuracy_score": 0.2612824529873163,
            "cohen_kappa_score": 0.6298549408367677,
            "f1_score_macro": 0.2628390971323658,
            "f1_score_micro": 0.7299999999999999,
            "f1_score_weighted": 0.6911781931177029,
            "matthews_corrcoef": 0.6360546913723248,
            "precision_score": -1.0,
            "recall_score": -1.0,
            "roc_auc_score": -1.0,
            "coverage_error": -1.0,
            "label_ranking_average_precision_score": -1.0,
            "label_ranking_loss": -1.0,
            "training_time": 515.1230438128114,
            "test_time": 0.1259872503578663
        },
        {
            "seed": "29",
            "accuracy_score": 0.745,
            "average_precision_score": -1.0,
            "balanced_accuracy_score": 0.2405616498440725,
            "cohen_kappa_score": 0.6638738538345568,
            "f1_score_macro": 0.24670265533480662,
            "f1_score_micro": 0.745,
            "f1_score_weighted": 0.7147408484246935,
            "matthews_corrcoef": 0.6676191475582601,
            "precision_score": -1.0,
            "recall_score": -1.0,
            "roc_auc_score": -1.0,
            "coverage_error": -1.0,
            "label_ranking_average_precision_score": -1.0,
            "label_ranking_loss": -1.0,
            "training_time": 480.9321837956086,
            "test_time": 0.12339900434017181
        },
        {
            "seed": "31",
            "accuracy_score": 0.7525,
            "average_precision_score": -1.0,
            "balanced_accuracy_score": 0.28266862048117253,