{"id": 41470, "framework": "lightautoml", "results": [{"seed": "3", "accuracy_score": 0.6925, "average_precision_score": -1.0, "balanced_accuracy_score": 0.26299191318844034, "cohen_kappa_score": 0.6027067620601108, "f1_score_macro": 0.269856183201498, "f1_score_micro": 0.6925, "f1_score_weighted": 0.6625609202424233, "matthews_corrcoef": 0.6070101962999274, "precision_score": -1.0, "recall_score": -1.0, "roc_auc_score": -1.0, "coverage_error": -1.0, "label_ranking_average_precision_score": -1.0, "label_ranking_loss": -1.0, "training_time": 205.6897765640024, "test_time": 0.40267517100437544}, {"seed": "23", "accuracy_score": 0.0175, "average_precision_score": -1.0, "balanced_accuracy_score": 0.018158134280888773, "cohen_kappa_score": -0.05889247391500563, "f1_score_macro": 0.00982425499667046, "f1_score_micro": 0.0175, "f1_score_weighted": 0.01208819559493675, "matthews_corrcoef": -0.0740907982203329, "precision_score": -1.0, "recall_score": -1.0, "roc_auc_score": -1.0, "coverage_error": -1.0, "label_ranking_average_precision_score": -1.0, "label_ranking_loss": -1.0, "training_time": 240.7777091760072, "test_time": 0.4902765579900006}]}