{
    "id": 41470,
    "framework": "mljar",
    "results": [
        {
            "seed": "2",
            "accuracy_score": 0.6625,
            "average_precision_score": -1.0,
            "balanced_accuracy_score": 0.3208283862011932,
            "cohen_kappa_score": 0.5667870036101084,
            "f1_score_macro": 0.26278227469896087,
            "f1_score_micro": 0.6625,
            "f1_score_weighted": 0.6537971949849835,
            "matthews_corrcoef": 0.5673129599517754,
            "precision_score": -1.0,
            "recall_score": -1.0,
            "roc_auc_score": -1.0,
            "coverage_error": -1.0,
            "label_ranking_average_precision_score": -1.0,
            "label_ranking_loss": -1.0,
            "training_time": 182.59152670100048,
            "test_time": 0.20197265900060302
        },
        {
            "seed": "3",
            "accuracy_score": 0.675,
            "average_precision_score": -1.0,
            "balanced_accuracy_score": 0.2941145075591165,
            "cohen_kappa_score": 0.5869606659464955,
            "f1_score_macro": 0.28842195735502413,
            "f1_score_micro": 0.675,
            "f1_score_weighted": 0.6618909383546141,
            "matthews_corrcoef": 0.5880808385070332,
            "precision_score": -1.0,
            "recall_score": -1.0,
            "roc_auc_score": -1.0,
            "coverage_error": -1.0,
            "label_ranking_average_precision_score": -1.0,
            "label_ranking_loss": -1.0,
            "training_time": 186.97807191099855,
            "test_time": 0.16861534500094422
        },
        {
            "seed": "5",
            "accuracy_score": 0.7025,
            "average_precision_score": -1.0,
            "balanced_accuracy_score": 0.3003827500630902,
            "cohen_kappa_score": 0.6189957817390122,
            "f1_score_macro": 0.2820353751903817,
            "f1_score_micro": 0.7025,
            "f1_score_weighted": 0.7021051527121651,
            "matthews_corrcoef": 0.6223200989436772,
            "precision_score": -1.0,
            "recall_score": -1.0,
            "roc_auc_score": -1.0,
            "coverage_error": -1.0,
            "label_ranking_average_precision_score": -1.0,
            "label_ranking_loss": -1.0,
            "training_time": 171.1517842129997,
            "test_time": 0.15864361900094082
        },
        {
            "seed": "7",
            "accuracy_score": 0.705,
            "average_precision_score": -1.0,
            "balanced_accuracy_score": 0.29839175657129396,
            "cohen_kappa_score": 0.6080124904494568,
            "f1_score_macro": 0.24929357631819465,
            "f1_score_micro": 0.705,
            "f1_score_weighted": 0.6980134673415916,
            "matthews_corrcoef": 0.6088216030620058,
            "precision_score": -1.0,
            "recall_score": -1.0,
            "roc_auc_score": -1.0,
            "coverage_error": -1.0,
            "label_ranking_average_precision_score": -1.0,
            "label_ranking_loss": -1.0,
            "training_time": 191.39255870700072,
            "test_time": 0.15526805800072907
        },
        {
            "seed": "11",
            "accuracy_score": 0.7075,
            "average_precision_score": -1.0,
            "balanced_accuracy_score": 0.2753121021984044,
            "cohen_kappa_score": 0.6194348444805855,
            "f1_score_macro": 0.25725821637660556,
            "f1_score_micro": 0.7075,
            "f1_score_weighted": 0.6877202682760424,
            "matthews_corrcoef": 0.621134123116893,
            "precision_score": -1.0,
            "recall_score": -1.0,
            "roc_auc_score": -1.0,
            "coverage_error": -1.0,
            "label_ranking_average_precision_score": -1.0,
            "label_ranking_loss": -1.0,
            "training_time": 165.9463821499994,
            "test_time": 0.17501485499997216
        },
        {
            "seed": "13",
            "accuracy_score": 0.7125,
            "average_precision_score": -1.0,
            "balanced_accuracy_score": 0.3075651208278098,
            "cohen_kappa_score": 0.6184757275916696,
            "f1_score_macro": 0.2999270956789613,
            "f1_score_micro": 0.7125,
            "f1_score_weighted": 0.6978354024945346,
            "matthews_corrcoef": 0.6200540036985254,
            "precision_score": -1.0,
            "recall_score": -1.0,
            "roc_auc_score": -1.0,
            "coverage_error": -1.0,
            "label_ranking_average_precision_score": -1.0,
            "label_ranking_loss": -1.0,
            "training_time": 175.07376923599986,
            "test_time": 0.17424156699962623
        },
        {
            "seed": "17",
            "accuracy_score": 0.6925,
            "average_precision_score": -1.0,
            "balanced_accuracy_score": 0.2924559518375872,
            "cohen_kappa_score": 0.5992245157296232,
            "f1_score_macro": 0.2532781449960529,
            "f1_score_micro": 0.6925,
            "f1_score_weighted": 0.6933913164516747,
            "matthews_corrcoef": 0.599635174060446,
            "precision_score": -1.0,
            "recall_score": -1.0,
            "roc_auc_score": -1.0,
            "coverage_error": -1.0,
            "label_ranking_average_precision_score": -1.0,
            "label_ranking_loss": -1.0,
            "training_time": 179.06631124999876,
            "test_time": 0.131528788999276
        },
        {
            "seed": "19",
            "accuracy_score": 0.7275,
            "average_precision_score": -1.0,
            "balanced_accuracy_score": 0.3592869222546756,
            "cohen_kappa_score": 0.6376480365676294,
            "f1_score_macro": 0.3154135944258496,
            "f1_score_micro": 0.7275000000000001,
            "f1_score_weighted": 0.717487294115187,
            "matthews_corrcoef": 0.6386518763270276,
            "precision_score": -1.0,
            "recall_score": -1.0,
            "roc_auc_score": -1.0,
            "coverage_error": -1.0,
            "label_ranking_average_precision_score": -1.0,
            "label_ranking_loss": -1.0,
            "training_time": 166.6156809160002,
            "test_time": 0.19966541599933407
        },
        {
            "seed": "23",
            "accuracy_score": 0.7075,
            "average_precision_score": -1.0,
            "balanced_accuracy_score": 0.27119158083486006,
            "cohen_kappa_score": 0.6096324038469558,
            "f1_score_macro": 0.25011160902952695,
            "f1_score_micro": 0.7075,
            "f1_score_weighted": 0.6914715250680732,
            "matthews_corrcoef": 0.61100504155022,
            "precision_score": -1.0,
            "recall_score": -1.0,
            "roc_auc_score": -1.0,
            "coverage_error": -1.0,
            "label_ranking_average_precision_score": -1.0,
            "label_ranking_loss": -1.0,
            "training_time": 177.92600847500034,
            "test_time": 0.17875664100029098
        },
        {
            "seed": "29",
            "accuracy_score": 0.725,
            "average_precision_score": -1.0,
            "balanced_accuracy_score": 0.2413741100047881,
            "cohen_kappa_score": 0.6448605674159571,
            "f1_score_macro": 0.24293148864963457,
            "f1_score_micro": 0.7250000000000001,
            "f1_score_weighted": 0.7104926884797653,
            "matthews_corrcoef": 0.6460894053714759,
            "precision_score": -1.0,
            "recall_score": -1.0,
            "roc_auc_score": -1.0,
            "coverage_error": -1.0,
            "label_ranking_average_precision_score": -1.0,
            "label_ranking_loss": -1.0,
            "training_time": 149.76714918400103,
            "test_time": 0.14846522100015136
        },
        {
            "seed": "31",
            "accuracy_score": 0.7,
            "average_precision_score": -1.0,
            "balanced_accuracy_score": 0.30201299272309223,