{"framework": "h2o", "accuracy_score": 0.64, "average_precision_score": 0.5586410439953747, "balanced_accuracy_score": 0.6169397744200894, "cohen_kappa_score": 0.24410694949607126, "f1_score_macro": 0.5900405065578461, "f1_score_micro": 0.64, "f1_score_weighted": 0.6009691457483173, "matthews_corrcoef": 0.29776308971659055, "precision_score": 0.7692307692307693, "recall_score": 0.31496062992125984, "roc_auc_score": 0.6169397744200893, "training_time": "00:10:05", "test_time": "00:00:00"}