{
    "id": 1462,
    "framework": "lightwood",
    "results": [
        {
            "seed": "2",
            "accuracy_score": 0.9963636363636363,
            "average_precision_score": 0.9924812030075187,
            "balanced_accuracy_score": 0.9965034965034965,
            "cohen_kappa_score": 0.9927177395863676,
            "f1_score_macro": 0.9963588215822576,
            "f1_score_micro": 0.9963636363636363,
            "f1_score_weighted": 0.9963641178417745,
            "matthews_corrcoef": 0.9927440631977907,
            "precision_score": 0.9924812030075187,
            "recall_score": 1.0,
            "roc_auc_score": 0.9965034965034966,
            "coverage_error": -1.0,
            "label_ranking_average_precision_score": -1.0,
            "label_ranking_loss": -1.0,
            "training_time": 2.403532587999962,
            "test_time": 0.12796810600002573
        },
        {
            "seed": "3",
            "accuracy_score": 0.9890909090909091,
            "average_precision_score": 0.9727272727272728,
            "balanced_accuracy_score": 0.9910714285714286,
            "cohen_kappa_score": 0.9771689497716896,
            "f1_score_macro": 0.9885830530991822,
            "f1_score_micro": 0.9890909090909091,
            "f1_score_weighted": 0.9891171775042742,
            "matthews_corrcoef": 0.9774237273860006,
            "precision_score": 0.9727272727272728,
            "recall_score": 1.0,
            "roc_auc_score": 0.9910714285714285,
            "coverage_error": -1.0,
            "label_ranking_average_precision_score": -1.0,
            "label_ranking_loss": -1.0,
            "training_time": 2.876198965000185,
            "test_time": 0.06826202499996725
        },
        {
            "seed": "5",
            "accuracy_score": 0.9854545454545455,
            "average_precision_score": 0.9726896505801468,
            "balanced_accuracy_score": 0.9859278569908492,
            "cohen_kappa_score": 0.9707711112292077,
            "f1_score_macro": 0.9853847789115646,
            "f1_score_micro": 0.9854545454545455,
            "f1_score_weighted": 0.9854618893011751,
            "matthews_corrcoef": 0.9708747974489447,
            "precision_score": 0.9767441860465116,
            "recall_score": 0.9921259842519685,
            "roc_auc_score": 0.9859278569908492,
            "coverage_error": -1.0,
            "label_ranking_average_precision_score": -1.0,
            "label_ranking_loss": -1.0,
            "training_time": 24.536849537999842,
            "test_time": 0.0682713859996511
        },
        {
            "seed": "7",
            "accuracy_score": 1.0,
            "average_precision_score": 1.0,
            "balanced_accuracy_score": 1.0,
            "cohen_kappa_score": 1.0,
            "f1_score_macro": 1.0,
            "f1_score_micro": 1.0,
            "f1_score_weighted": 1.0,
            "matthews_corrcoef": 1.0,
            "precision_score": 1.0,
            "recall_score": 1.0,
            "roc_auc_score": 1.0,
            "coverage_error": -1.0,
            "label_ranking_average_precision_score": -1.0,
            "label_ranking_loss": -1.0,
            "training_time": 15.078181663999658,
            "test_time": 0.18308006600000226
        },
        {
            "seed": "11",
            "accuracy_score": 1.0,
            "average_precision_score": 1.0,
            "balanced_accuracy_score": 1.0,
            "cohen_kappa_score": 1.0,
            "f1_score_macro": 1.0,
            "f1_score_micro": 1.0,
            "f1_score_weighted": 1.0,
            "matthews_corrcoef": 1.0,
            "precision_score": 1.0,
            "recall_score": 1.0,
            "roc_auc_score": 1.0,
            "coverage_error": -1.0,
            "label_ranking_average_precision_score": -1.0,
            "label_ranking_loss": -1.0,
            "training_time": 18.26702018199967,
            "test_time": 0.15685823399962828
        },
        {
            "seed": "13",
            "accuracy_score": 1.0,
            "average_precision_score": 1.0,
            "balanced_accuracy_score": 1.0,
            "cohen_kappa_score": 1.0,
            "f1_score_macro": 1.0,
            "f1_score_micro": 1.0,
            "f1_score_weighted": 1.0,
            "matthews_corrcoef": 1.0,
            "precision_score": 1.0,
            "recall_score": 1.0,
            "roc_auc_score": 1.0,
            "coverage_error": -1.0,
            "label_ranking_average_precision_score": -1.0,
            "label_ranking_loss": -1.0,
            "training_time": 19.26605937400018,
            "test_time": 0.13917276399979528
        },
        {
            "seed": "17",
            "accuracy_score": 1.0,
            "average_precision_score": 1.0,
            "balanced_accuracy_score": 1.0,
            "cohen_kappa_score": 1.0,
            "f1_score_macro": 1.0,
            "f1_score_micro": 1.0,
            "f1_score_weighted": 1.0,
            "matthews_corrcoef": 1.0,
            "precision_score": 1.0,
            "recall_score": 1.0,
            "roc_auc_score": 1.0,
            "coverage_error": -1.0,
            "label_ranking_average_precision_score": -1.0,
            "label_ranking_loss": -1.0,
            "training_time": 7.073800465000204,
            "test_time": 0.03893720099995335
        },
        {
            "seed": "19",
            "accuracy_score": 1.0,
            "average_precision_score": 1.0,
            "balanced_accuracy_score": 1.0,
            "cohen_kappa_score": 1.0,
            "f1_score_macro": 1.0,
            "f1_score_micro": 1.0,
            "f1_score_weighted": 1.0,
            "matthews_corrcoef": 1.0,
            "precision_score": 1.0,
            "recall_score": 1.0,
            "roc_auc_score": 1.0,
            "coverage_error": -1.0,
            "label_ranking_average_precision_score": -1.0,
            "label_ranking_loss": -1.0,
            "training_time": 6.4689383589998215,
            "test_time": 0.1489494550000927
        },
        {
            "seed": "23",
            "accuracy_score": 1.0,
            "average_precision_score": 1.0,
            "balanced_accuracy_score": 1.0,
            "cohen_kappa_score": 1.0,
            "f1_score_macro": 1.0,
            "f1_score_micro": 1.0,
            "f1_score_weighted": 1.0,
            "matthews_corrcoef": 1.0,
            "precision_score": 1.0,
            "recall_score": 1.0,
            "roc_auc_score": 1.0,
            "coverage_error": -1.0,
            "label_ranking_average_precision_score": -1.0,
            "label_ranking_loss": -1.0,
            "training_time": 23.40615066700002,
            "test_time": 0.1911861419998786
        },
        {
            "seed": "29",
            "accuracy_score": 1.0,
            "average_precision_score": 1.0,
            "balanced_accuracy_score": 1.0,
            "cohen_kappa_score": 1.0,
            "f1_score_macro": 1.0,
            "f1_score_micro": 1.0,
            "f1_score_weighted": 1.0,
            "matthews_corrcoef": 1.0,
            "precision_score": 1.0,
            "recall_score": 1.0,
            "roc_auc_score": 1.0,
            "coverage_error": -1.0,
            "label_ranking_average_precision_score": -1.0,
            "label_ranking_loss": -1.0,
            "training_time": 14.622826009000164,
            "test_time": 0.13186727100037388
        },
        {
            "seed": "31",
            "accuracy_score": 1.0,
            "average_precision_score": 1.0,
            "balanced_accuracy_score": 1.0,
            "cohen_kappa_score": 1.0,
            "f1_score_macro": 1.0,
            "f1_score_micro": 1.0,
            "f1_score_weighted": 1.0,
            "matthews_corrcoef": 1.0,
            "precision_score": 1.0,
            "recall_score": 1.0,
            "roc_auc_score": 1.0,
            "coverage_error": -1.0,
            "label_ranking_average_precision_score": -1.0,
            "label_ranking_loss": -1.0,