{
    "id": 1462,
    "framework": "h2o",
    "results": [
        {
            "seed": "2",
            "accuracy_score": 0.7927272727272727,
            "average_precision_score": 0.7493255131964809,
            "balanced_accuracy_score": 0.7867132867132867,
            "cohen_kappa_score": 0.5800176834659594,
            "f1_score_macro": 0.7856410256410257,
            "f1_score_micro": 0.7927272727272727,
            "f1_score_weighted": 0.7872,
            "matthews_corrcoef": 0.6055578396993875,
            "precision_score": 0.9032258064516129,
            "recall_score": 0.6363636363636364,
            "roc_auc_score": 0.7867132867132867,
            "coverage_error": -1.0,
            "label_ranking_average_precision_score": -1.0,
            "label_ranking_loss": -1.0,
            "training_time": 305.4591305570211,
            "test_time": 0.27204895799513906
        },
        {
            "seed": "3",
            "accuracy_score": 0.7563636363636363,
            "average_precision_score": 0.5957075122646422,
            "balanced_accuracy_score": 0.7055796617712505,
            "cohen_kappa_score": 0.44514710753756737,
            "f1_score_macro": 0.7138486387426424,
            "f1_score_micro": 0.7563636363636363,
            "f1_score_weighted": 0.7383148166188748,
            "matthews_corrcoef": 0.47970144435448875,
            "precision_score": 0.8225806451612904,
            "recall_score": 0.4766355140186916,
            "roc_auc_score": 0.7055796617712505,
            "coverage_error": -1.0,
            "label_ranking_average_precision_score": -1.0,
            "label_ranking_loss": -1.0,
            "training_time": 305.1447365739732,
            "test_time": 0.268137913022656
        },
        {
            "seed": "5",
            "accuracy_score": 0.4618181818181818,
            "average_precision_score": 0.4618181818181818,
            "balanced_accuracy_score": 0.5,
            "cohen_kappa_score": 0.0,
            "f1_score_macro": 0.3159203980099502,
            "f1_score_micro": 0.4618181818181818,
            "f1_score_weighted": 0.2917955676164631,
            "matthews_corrcoef": 0.0,
            "precision_score": 0.4618181818181818,
            "recall_score": 1.0,
            "roc_auc_score": 0.5,
            "coverage_error": -1.0,
            "label_ranking_average_precision_score": -1.0,
            "label_ranking_loss": -1.0,
            "training_time": 305.2637703009532,
            "test_time": 0.05801345000509173
        },
        {
            "seed": "7",
            "accuracy_score": 0.7054545454545454,
            "average_precision_score": 0.5742513042513042,
            "balanced_accuracy_score": 0.6959861516823542,
            "cohen_kappa_score": 0.39415780455299587,
            "f1_score_macro": 0.696975880504428,
            "f1_score_micro": 0.7054545454545454,
            "f1_score_weighted": 0.7045329514382284,
            "matthews_corrcoef": 0.3944337256966651,
            "precision_score": 0.6607142857142857,
            "recall_score": 0.6324786324786325,
            "roc_auc_score": 0.6959861516823542,
            "coverage_error": -1.0,
            "label_ranking_average_precision_score": -1.0,
            "label_ranking_loss": -1.0,
            "training_time": 305.81413629098097,
            "test_time": 0.27173707098700106
        },
        {
            "seed": "11",
            "accuracy_score": 0.7963636363636364,
            "average_precision_score": 0.6684337813749578,
            "balanced_accuracy_score": 0.7695836079982421,
            "cohen_kappa_score": 0.560376819868684,
            "f1_score_macro": 0.778046811945117,
            "f1_score_micro": 0.7963636363636364,
            "f1_score_weighted": 0.790335314403111,
            "matthews_corrcoef": 0.5724276814277385,
            "precision_score": 0.8235294117647058,
            "recall_score": 0.6306306306306306,
            "roc_auc_score": 0.7695836079982422,
            "coverage_error": -1.0,
            "label_ranking_average_precision_score": -1.0,
            "label_ranking_loss": -1.0,
            "training_time": 305.71006169496104,
            "test_time": 0.2729203989729285
        },
        {
            "seed": "13",
            "accuracy_score": 0.43636363636363634,
            "average_precision_score": 0.43636363636363634,
            "balanced_accuracy_score": 0.5,
            "cohen_kappa_score": 0.0,
            "f1_score_macro": 0.3037974683544304,
            "f1_score_micro": 0.43636363636363634,
            "f1_score_weighted": 0.26513233601841196,
            "matthews_corrcoef": 0.0,
            "precision_score": 0.43636363636363634,
            "recall_score": 1.0,
            "roc_auc_score": 0.5,
            "coverage_error": -1.0,
            "label_ranking_average_precision_score": -1.0,
            "label_ranking_loss": -1.0,
            "training_time": 305.2968245749944,
            "test_time": 0.06284211302408949
        },
        {
            "seed": "17",
            "accuracy_score": 0.7054545454545454,
            "average_precision_score": 0.5887010573967095,
            "balanced_accuracy_score": 0.6593908904035486,
            "cohen_kappa_score": 0.34602624702739193,
            "f1_score_macro": 0.6468825795405906,
            "f1_score_micro": 0.7054545454545454,
            "f1_score_weighted": 0.6683241027769491,
            "matthews_corrcoef": 0.4222973048672483,
            "precision_score": 0.8913043478260869,
            "recall_score": 0.3504273504273504,
            "roc_auc_score": 0.6593908904035487,
            "coverage_error": -1.0,
            "label_ranking_average_precision_score": -1.0,
            "label_ranking_loss": -1.0,
            "training_time": 301.3687986879959,
            "test_time": 0.05631462298333645
        },
        {
            "seed": "19",
            "accuracy_score": 0.8036363636363636,
            "average_precision_score": 0.7889409860212779,
            "balanced_accuracy_score": 0.8030254945519941,
            "cohen_kappa_score": 0.6067891754488164,
            "f1_score_macro": 0.7977280156914024,
            "f1_score_micro": 0.8036363636363636,
            "f1_score_weighted": 0.7978537252221463,
            "matthews_corrcoef": 0.6439903853389984,
            "precision_score": 0.9560439560439561,
            "recall_score": 0.635036496350365,
            "roc_auc_score": 0.803025494551994,
            "coverage_error": -1.0,
            "label_ranking_average_precision_score": -1.0,
            "label_ranking_loss": -1.0,
            "training_time": 305.81323929002974,
            "test_time": 0.26997481303988025
        },
        {
            "seed": "23",
            "accuracy_score": 0.7345454545454545,
            "average_precision_score": 0.6818488579364093,
            "balanced_accuracy_score": 0.7197621323139004,
            "cohen_kappa_score": 0.451966913270181,
            "f1_score_macro": 0.711321378754979,
            "f1_score_micro": 0.7345454545454546,
            "f1_score_weighted": 0.7163830362990571,
            "matthews_corrcoef": 0.5084104984259273,
            "precision_score": 0.9117647058823529,
            "recall_score": 0.4806201550387597,
            "roc_auc_score": 0.7197621323139004,
            "coverage_error": -1.0,
            "label_ranking_average_precision_score": -1.0,
            "label_ranking_loss": -1.0,
            "training_time": 305.83826874394435,
            "test_time": 0.06592673301929608
        },
        {
            "seed": "29",
            "accuracy_score": 0.7854545454545454,
            "average_precision_score": 0.6866245341111652,
            "balanced_accuracy_score": 0.7739079102715466,
            "cohen_kappa_score": 0.5571900330231162,
            "f1_score_macro": 0.7774989372060175,
            "f1_score_micro": 0.7854545454545454,
            "f1_score_weighted": 0.7825476885945064,