{
    "id": 1462,
    "framework": "flaml",
    "results": [
        {
            "seed": "2",
            "accuracy_score": 0.9963636363636363,
            "average_precision_score": 0.9924812030075187,
            "balanced_accuracy_score": 0.9965034965034965,
            "cohen_kappa_score": 0.9927177395863676,
            "f1_score_macro": 0.9963588215822576,
            "f1_score_micro": 0.9963636363636363,
            "f1_score_weighted": 0.9963641178417745,
            "matthews_corrcoef": 0.9927440631977907,
            "precision_score": 0.9924812030075187,
            "recall_score": 1.0,
            "roc_auc_score": 0.9965034965034966,
            "coverage_error": -1.0,
            "label_ranking_average_precision_score": -1.0,
            "label_ranking_loss": -1.0,
            "training_time": 299.97141191601986,
            "test_time": 0.019880312989698723
        },
        {
            "seed": "3",
            "accuracy_score": 0.9927272727272727,
            "average_precision_score": 0.981651376146789,
            "balanced_accuracy_score": 0.9940476190476191,
            "cohen_kappa_score": 0.9847535621223041,
            "f1_score_macro": 0.9923763583943225,
            "f1_score_micro": 0.9927272727272727,
            "f1_score_weighted": 0.9927391681283898,
            "matthews_corrcoef": 0.9848680369675319,
            "precision_score": 0.981651376146789,
            "recall_score": 1.0,
            "roc_auc_score": 0.9940476190476191,
            "coverage_error": -1.0,
            "label_ranking_average_precision_score": -1.0,
            "label_ranking_loss": -1.0,
            "training_time": 300.0103234949929,
            "test_time": 0.01889305200893432
        },
        {
            "seed": "5",
            "accuracy_score": 1.0,
            "average_precision_score": 1.0,
            "balanced_accuracy_score": 1.0,
            "cohen_kappa_score": 1.0,
            "f1_score_macro": 1.0,
            "f1_score_micro": 1.0,
            "f1_score_weighted": 1.0,
            "matthews_corrcoef": 1.0,
            "precision_score": 1.0,
            "recall_score": 1.0,
            "roc_auc_score": 1.0,
            "coverage_error": -1.0,
            "label_ranking_average_precision_score": -1.0,
            "label_ranking_loss": -1.0,
            "training_time": 300.00313847500365,
            "test_time": 0.02028911601519212
        },
        {
            "seed": "7",
            "accuracy_score": 0.9963636363636363,
            "average_precision_score": 0.9915254237288136,
            "balanced_accuracy_score": 0.9968354430379747,
            "cohen_kappa_score": 0.9925701780455516,
            "f1_score_macro": 0.9962850388382303,
            "f1_score_micro": 0.9963636363636363,
            "f1_score_weighted": 0.9963656013017715,
            "matthews_corrcoef": 0.9925975752355238,
            "precision_score": 0.9915254237288136,
            "recall_score": 1.0,
            "roc_auc_score": 0.9968354430379747,
            "coverage_error": -1.0,
            "label_ranking_average_precision_score": -1.0,
            "label_ranking_loss": -1.0,
            "training_time": 300.0341841359914,
            "test_time": 0.004452510009286925
        },
        {
            "seed": "11",
            "accuracy_score": 0.9927272727272727,
            "average_precision_score": 0.9823008849557522,
            "balanced_accuracy_score": 0.9939024390243902,
            "cohen_kappa_score": 0.9849372843292984,
            "f1_score_macro": 0.9924682296231376,
            "f1_score_micro": 0.9927272727272727,
            "f1_score_weighted": 0.992737431280376,
            "matthews_corrcoef": 0.9850490372925227,
            "precision_score": 0.9823008849557522,
            "recall_score": 1.0,
            "roc_auc_score": 0.9939024390243902,
            "coverage_error": -1.0,
            "label_ranking_average_precision_score": -1.0,
            "label_ranking_loss": -1.0,
            "training_time": 299.9920703340031,
            "test_time": 0.017405388003680855
        },
        {
            "seed": "13",
            "accuracy_score": 0.9854545454545455,
            "average_precision_score": 0.9742171717171717,
            "balanced_accuracy_score": 0.9852150537634408,
            "cohen_kappa_score": 0.9704301075268817,
            "f1_score_macro": 0.9852150537634408,
            "f1_score_micro": 0.9854545454545455,
            "f1_score_weighted": 0.9854545454545455,
            "matthews_corrcoef": 0.9704301075268817,
            "precision_score": 0.9833333333333333,
            "recall_score": 0.9833333333333333,
            "roc_auc_score": 0.9852150537634409,
            "coverage_error": -1.0,
            "label_ranking_average_precision_score": -1.0,
            "label_ranking_loss": -1.0,
            "training_time": 299.951747515006,
            "test_time": 0.003932874999009073
        },
        {
            "seed": "17",
            "accuracy_score": 0.9963636363636363,
            "average_precision_score": 0.9915254237288136,
            "balanced_accuracy_score": 0.9968354430379747,
            "cohen_kappa_score": 0.9925701780455516,
            "f1_score_macro": 0.9962850388382303,
            "f1_score_micro": 0.9963636363636363,
            "f1_score_weighted": 0.9963656013017715,
            "matthews_corrcoef": 0.9925975752355238,
            "precision_score": 0.9915254237288136,
            "recall_score": 1.0,
            "roc_auc_score": 0.9968354430379747,
            "coverage_error": -1.0,
            "label_ranking_average_precision_score": -1.0,
            "label_ranking_loss": -1.0,
            "training_time": 299.95822693401715,
            "test_time": 0.004112011985853314
        },
        {
            "seed": "19",
            "accuracy_score": 1.0,
            "average_precision_score": 1.0,
            "balanced_accuracy_score": 1.0,
            "cohen_kappa_score": 1.0,
            "f1_score_macro": 1.0,
            "f1_score_micro": 1.0,
            "f1_score_weighted": 1.0,
            "matthews_corrcoef": 1.0,
            "precision_score": 1.0,
            "recall_score": 1.0,
            "roc_auc_score": 1.0,
            "coverage_error": -1.0,
            "label_ranking_average_precision_score": -1.0,
            "label_ranking_loss": -1.0,
            "training_time": 300.1523970559938,
            "test_time": 0.0046460160228889436
        },
        {
            "seed": "23",
            "accuracy_score": 1.0,
            "average_precision_score": 1.0,
            "balanced_accuracy_score": 1.0,
            "cohen_kappa_score": 1.0,
            "f1_score_macro": 1.0,
            "f1_score_micro": 1.0,
            "f1_score_weighted": 1.0,
            "matthews_corrcoef": 1.0,
            "precision_score": 1.0,
            "recall_score": 1.0,
            "roc_auc_score": 1.0,
            "coverage_error": -1.0,
            "label_ranking_average_precision_score": -1.0,
            "label_ranking_loss": -1.0,
            "training_time": 300.0487149209948,
            "test_time": 0.02115112799219787
        },
        {
            "seed": "29",
            "accuracy_score": 0.9963636363636363,
            "average_precision_score": 0.9918032786885246,
            "balanced_accuracy_score": 0.9967532467532467,
            "cohen_kappa_score": 0.9926275434974934,
            "f1_score_macro": 0.9963137223361618,
            "f1_score_micro": 0.9963636363636363,
            "f1_score_weighted": 0.996365196176995,
            "matthews_corrcoef": 0.9926545207966765,
            "precision_score": 0.9918032786885246,
            "recall_score": 1.0,
            "roc_auc_score": 0.9967532467532468,
            "coverage_error": -1.0,
            "label_ranking_average_precision_score": -1.0,
            "label_ranking_loss": -1.0,
            "training_time": 299.9766534770024,