{"framework": "lightautoml", "accuracy_score": 0.5381818181818182, "average_precision_score": 0.4618181818181818, "balanced_accuracy_score": 0.5, "cohen_kappa_score": 0.0, "f1_score_macro": 0.3498817966903074, "f1_score_micro": 0.5381818181818182, "f1_score_weighted": 0.3766000429830218, "matthews_corrcoef": 0.0, "precision_score": 0.0, "recall_score": 0.0, "roc_auc_score": 0.5, "training_time": "00:00:15", "test_time": "00:00:00"}