{
    "id": 1462,
    "framework": "evalml",
    "results": [
        {
            "seed": "2",
            "accuracy_score": 0.9018181818181819,
            "average_precision_score": 0.8317100945763367,
            "balanced_accuracy_score": 0.9053030303030303,
            "cohen_kappa_score": 0.8047439976858548,
            "f1_score_macro": 0.9015630593007995,
            "f1_score_micro": 0.9018181818181819,
            "f1_score_weighted": 0.9013626058942846,
            "matthews_corrcoef": 0.8182273666936732,
            "precision_score": 0.8343949044585988,
            "recall_score": 0.9924242424242424,
            "roc_auc_score": 0.9053030303030303,
            "coverage_error": -1.0,
            "label_ranking_average_precision_score": -1.0,
            "label_ranking_loss": -1.0,
            "training_time": 300.96530955299386,
            "test_time": 0.052859732997603714
        },
        {
            "seed": "3",
            "accuracy_score": 0.9418181818181818,
            "average_precision_score": 0.8699186991869918,
            "balanced_accuracy_score": 0.9523809523809523,
            "cohen_kappa_score": 0.8808492201039861,
            "f1_score_macro": 0.9402173913043479,
            "f1_score_micro": 0.9418181818181818,
            "f1_score_weighted": 0.9423873517786561,
            "matthews_corrcoef": 0.8871692619023842,
            "precision_score": 0.8699186991869918,
            "recall_score": 1.0,
            "roc_auc_score": 0.9523809523809523,
            "coverage_error": -1.0,
            "label_ranking_average_precision_score": -1.0,
            "label_ranking_loss": -1.0,
            "training_time": 306.3416311200126,
            "test_time": 0.3848049899970647
        },
        {
            "seed": "5",
            "accuracy_score": 0.9272727272727272,
            "average_precision_score": 0.8715669239840769,
            "balanced_accuracy_score": 0.9301979144498829,
            "cohen_kappa_score": 0.8546665257372371,
            "f1_score_macro": 0.9271947474319603,
            "f1_score_micro": 0.9272727272727272,
            "f1_score_weighted": 0.9273767003937502,
            "matthews_corrcoef": 0.8579345548653614,
            "precision_score": 0.8848920863309353,
            "recall_score": 0.968503937007874,
            "roc_auc_score": 0.930197914449883,
            "coverage_error": -1.0,
            "label_ranking_average_precision_score": -1.0,
            "label_ranking_loss": -1.0,
            "training_time": 307.56068900600076,
            "test_time": 0.2941800080006942
        },
        {
            "seed": "7",
            "accuracy_score": 0.9272727272727272,
            "average_precision_score": 0.8605667889388819,
            "balanced_accuracy_score": 0.9322730715135779,
            "cohen_kappa_score": 0.8531923980354473,
            "f1_score_macro": 0.9264548566538298,
            "f1_score_micro": 0.9272727272727272,
            "f1_score_weighted": 0.9276111564943401,
            "matthews_corrcoef": 0.8565216973084058,
            "precision_score": 0.875968992248062,
            "recall_score": 0.9658119658119658,
            "roc_auc_score": 0.9322730715135779,
            "coverage_error": -1.0,
            "label_ranking_average_precision_score": -1.0,
            "label_ranking_loss": -1.0,
            "training_time": 302.617754248,
            "test_time": 0.1272774139943067
        },
        {
            "seed": "11",
            "accuracy_score": 0.9127272727272727,
            "average_precision_score": 0.8372574344255761,
            "balanced_accuracy_score": 0.9108163041089871,
            "cohen_kappa_score": 0.8192474119515802,
            "f1_score_macro": 0.9096187554776511,
            "f1_score_micro": 0.9127272727272727,
            "f1_score_weighted": 0.9128491753645128,
            "matthews_corrcoef": 0.8193403654089791,
            "precision_score": 0.8849557522123894,
            "recall_score": 0.9009009009009009,
            "roc_auc_score": 0.9108163041089872,
            "coverage_error": -1.0,
            "label_ranking_average_precision_score": -1.0,
            "label_ranking_loss": -1.0,
            "training_time": 301.57501199800754,
            "test_time": 0.08418020099634305
        },
        {
            "seed": "13",
            "accuracy_score": 0.9127272727272727,
            "average_precision_score": 0.8604665071770335,
            "balanced_accuracy_score": 0.9084677419354839,
            "cohen_kappa_score": 0.8215733982157339,
            "f1_score_macro": 0.9107432651736449,
            "f1_score_micro": 0.9127272727272727,
            "f1_score_weighted": 0.9124369301584491,
            "matthews_corrcoef": 0.8223919841819292,
            "precision_score": 0.9210526315789473,
            "recall_score": 0.875,
            "roc_auc_score": 0.9084677419354839,
            "coverage_error": -1.0,
            "label_ranking_average_precision_score": -1.0,
            "label_ranking_loss": -1.0,
            "training_time": 303.922791746998,
            "test_time": 0.16806621401337907
        },
        {
            "seed": "17",
            "accuracy_score": 0.9236363636363636,
            "average_precision_score": 0.8478260869565217,
            "balanced_accuracy_score": 0.9335443037974683,
            "cohen_kappa_score": 0.847355483308223,
            "f1_score_macro": 0.9232303090727816,
            "f1_score_micro": 0.9236363636363636,
            "f1_score_weighted": 0.9240627209281247,
            "matthews_corrcoef": 0.8574032547301149,
            "precision_score": 0.8478260869565217,
            "recall_score": 1.0,
            "roc_auc_score": 0.9335443037974683,
            "coverage_error": -1.0,
            "label_ranking_average_precision_score": -1.0,
            "label_ranking_loss": -1.0,
            "training_time": 304.16863663101685,
            "test_time": 0.3528768480173312
        },
        {
            "seed": "19",
            "accuracy_score": 0.9381818181818182,
            "average_precision_score": 0.8964881005756917,
            "balanced_accuracy_score": 0.9383264572093515,
            "cohen_kappa_score": 0.8763979589138884,
            "f1_score_macro": 0.938099966898378,
            "f1_score_micro": 0.9381818181818182,
            "f1_score_weighted": 0.9380917817700339,
            "matthews_corrcoef": 0.8792143941144415,
            "precision_score": 0.9054054054054054,
            "recall_score": 0.9781021897810219,
            "roc_auc_score": 0.9383264572093515,
            "coverage_error": -1.0,
            "label_ranking_average_precision_score": -1.0,
            "label_ranking_loss": -1.0,
            "training_time": 302.80942335902364,
            "test_time": 0.31285384300281294
        },
        {
            "seed": "23",
            "accuracy_score": 0.9418181818181818,
            "average_precision_score": 0.903615698866617,
            "balanced_accuracy_score": 0.9424976107040459,
            "cohen_kappa_score": 0.8834004663981344,
            "f1_score_macro": 0.9416878710771841,
            "f1_score_micro": 0.9418181818181818,
            "f1_score_weighted": 0.9418582774307965,
            "matthews_corrcoef": 0.8837760253777022,
            "precision_score": 0.924812030075188,
            "recall_score": 0.9534883720930233,
            "roc_auc_score": 0.9424976107040458,
            "coverage_error": -1.0,
            "label_ranking_average_precision_score": -1.0,
            "label_ranking_loss": -1.0,
            "training_time": 304.20002882601693,
            "test_time": 0.11596266398555599
        },
        {
            "seed": "29",
            "accuracy_score": 0.9272727272727272,
            "average_precision_score": 0.8615286239971045,
            "balanced_accuracy_score": 0.9332939787485242,
            "cohen_kappa_score": 0.8544819557625145,
            "f1_score_macro": 0.9269937347350536,