{"framework": "evalml", "accuracy_score": 0.9745454545454545, "average_precision_score": 0.970336435218325, "balanced_accuracy_score": 0.9724409448818898, "cohen_kappa_score": 0.9485912671918815, "f1_score_macro": 0.9742788043986584, "f1_score_micro": 0.9745454545454545, "f1_score_weighted": 0.9744787920087554, "matthews_corrcoef": 0.9498472532042238, "precision_score": 1.0, "recall_score": 0.9448818897637795, "roc_auc_score": 0.9724409448818898, "training_time": "00:10:00", "test_time": "00:00:00"}