{"framework": "h2o", "accuracy_score": 0.8327272727272728, "average_precision_score": 0.7702318051365075, "balanced_accuracy_score": 0.8261598212385615, "cohen_kappa_score": 0.6596900893145378, "f1_score_macro": 0.8289245915828194, "f1_score_micro": 0.8327272727272728, "f1_score_weighted": 0.8308723063153443, "matthews_corrcoef": 0.6670319622418427, "precision_score": 0.8785046728971962, "recall_score": 0.7401574803149606, "roc_auc_score": 0.8261598212385615, "coverage_error": -1.0, "label_ranking_average_precision_score": -1.0, "label_ranking_loss": -1.0, "training_time": "00:10:05", "test_time": "00:00:00"}